--
-- PostgreSQL database dump
--

-- Dumped from database version 14.4
-- Dumped by pg_dump version 14.5

SET statement_timeout = 0;
SET lock_timeout = 0;
SET idle_in_transaction_session_timeout = 0;
SET client_encoding = 'UTF8';
SET standard_conforming_strings = on;
SELECT pg_catalog.set_config('search_path', '', false);
SET check_function_bodies = false;
SET xmloption = content;
SET client_min_messages = warning;
SET row_security = off;

--
-- Name: amcheck; Type: EXTENSION; Schema: -; Owner: -
--

CREATE EXTENSION IF NOT EXISTS amcheck WITH SCHEMA pg_catalog;


--
-- Name: EXTENSION amcheck; Type: COMMENT; Schema: -; Owner: 
--

COMMENT ON EXTENSION amcheck IS 'functions for verifying relation integrity';


--
-- Name: acquire_task_lock_fn(text); Type: FUNCTION; Schema: public; Owner: dev_service_user
--

CREATE FUNCTION public.acquire_task_lock_fn(param_task_code text) RETURNS boolean
    LANGUAGE plpgsql
    AS $$ 

DECLARE
	var_lock_count integer; 

BEGIN

	SELECT COUNT(1)
	INTO var_lock_count
	FROM public.task_lock tl
	WHERE tl.task_code = param_task_code;
	
	IF var_lock_count = 0 THEN
	
		INSERT INTO public.task_lock (task_code, creation_date) 
		VALUES (param_task_code, now());
	
		RAISE NOTICE 'Task is free. Creating new task lock...';
		RETURN true;
	ELSE
	
		RAISE NOTICE 'Task is occupied. Aborting...';
		RETURN false;	
	END IF;
END 
$$;


ALTER FUNCTION public.acquire_task_lock_fn(param_task_code text) OWNER TO dev_service_user;

--
-- Name: create_daily_tip_fn(text, text); Type: FUNCTION; Schema: public; Owner: dev_service_user
--

CREATE FUNCTION public.create_daily_tip_fn(p_descriotion text, p_video_path text) RETURNS integer
    LANGUAGE plpgsql
    AS $$ 

DECLARE
	"v_new_daily_tip_id" integer; 
	"v_new_storage_file_id" integer; 

BEGIN

	-- insert video storage file
	INSERT INTO public."storage_file" 
	(
		"file_path"
	)
	VALUES 
	(
		"p_video_path"
	)
	RETURNING "id" INTO "v_new_storage_file_id";
	
	-- 	insert new daily tip
	INSERT INTO public."daily_tip" 
	(
		"description",
		"video_file_id"
	)
	VALUES 
	(
		"p_descriotion",
		"v_new_storage_file_id"
	)
	RETURNING "id" INTO "v_new_daily_tip_id";
	
	RETURN "v_new_daily_tip_id";
	
END 
$$;


ALTER FUNCTION public.create_daily_tip_fn(p_descriotion text, p_video_path text) OWNER TO dev_service_user;

--
-- Name: exam_pretest_module_integrity_trigger_function(); Type: FUNCTION; Schema: public; Owner: dev_service_user
--

CREATE FUNCTION public.exam_pretest_module_integrity_trigger_function() RETURNS trigger
    LANGUAGE plpgsql
    AS $$
DECLARE
  var_data record;
BEGIN
	
	-- query related exam
	SELECT 
		e.is_pretest is_pretest_exam,
		m.is_pretest_module is_pretest_module
	FROM public.exam e
	
	LEFT JOIN public.module_version mv
	ON mv.id = NEW.module_version_id
	
	LEFT JOIN public.module m
	ON m.id = mv.module_id

	WHERE e.id = NEW.exam_id
	INTO var_data;
	
	IF (var_data.is_pretest_exam = true AND var_data.is_pretest_module = false) 
	OR (var_data.is_pretest_exam = false AND var_data.is_pretest_module = true) 
	THEN RAISE EXCEPTION 'When creating module/exam <-> pretest module/exam relation both entities must be pretest!';
	END IF;
	
	return NEW;
END
$$;


ALTER FUNCTION public.exam_pretest_module_integrity_trigger_function() OWNER TO dev_service_user;

--
-- Name: get_user_session_first_activity_id(integer, integer); Type: FUNCTION; Schema: public; Owner: dev_service_user
--

CREATE FUNCTION public.get_user_session_first_activity_id(param_user_id integer, param_session_activity_id integer) RETURNS integer
    LANGUAGE plpgsql
    AS $$ 

DECLARE
	var_current_activity_date timestamptz;
	var_current_session_start_date timestamptz;
	var_session_first_activity_id integer;

BEGIN

	-- get current activity
	SELECT "creation_date"
	FROM "user_session_activity" 
	WHERE "id" = param_session_activity_id
	INTO var_current_activity_date;
	
	RAISE NOTICE '%', var_current_activity_date;
	
	-- get current session start date 
	SELECT "us"."session_start_date"
	FROM "user_session_view" AS "us" 
	WHERE "us"."user_id" = param_user_id
		AND "us"."session_start_date" <= var_current_activity_date
		AND "us"."session_end_date" >= var_current_activity_date
	INTO var_current_session_start_date;
	
	RAISE NOTICE '%', var_current_session_start_date;
	
	-- get current session first activity
	SELECT 
		"id"
	FROM "user_session_activity"
	WHERE "creation_date" = var_current_session_start_date
	INTO var_session_first_activity_id;
	
	RETURN var_session_first_activity_id;
	
END 
$$;


ALTER FUNCTION public.get_user_session_first_activity_id(param_user_id integer, param_session_activity_id integer) OWNER TO dev_service_user;

--
-- Name: permission_assignment_bridge_trigger_function(); Type: FUNCTION; Schema: public; Owner: dev_service_user
--

CREATE FUNCTION public.permission_assignment_bridge_trigger_function() RETURNS trigger
    LANGUAGE plpgsql
    AS $$
DECLARE
  var_permission record;
BEGIN
	
	SELECT * FROM public.permission pe
	WHERE pe.id = NEW.permission_id
	INTO var_permission;

	-- company scope check 
	IF var_permission.scope = 'COMPANY' AND NEW.context_company_id IS NULL
	THEN RAISE EXCEPTION 
		'Trying to assign a [%] scoped permission without specifying a [%] context. This is not allowed. PermissionId: % AssigneeUserId: % AssigneeCompanyId: % ', 
		var_permission.scope, var_permission.scope, NEW.permission_id, NEW.assignee_user_id, NEW.assignee_company_id;
	END IF;
	
	-- course scope check 
	IF var_permission.scope = 'COURSE' AND NEW.context_course_id IS NULL
	THEN RAISE EXCEPTION 
		'Trying to assign a [%] scoped permission without specifying a [%] context. This is not allowed. PermissionId: % AssigneeUserId: % AssigneeCompanyId: % ', 
		var_permission.scope, var_permission.scope, NEW.permission_id, NEW.assignee_user_id, NEW.assignee_company_id;
	END IF;
	
	return NEW;
END
$$;


ALTER FUNCTION public.permission_assignment_bridge_trigger_function() OWNER TO dev_service_user;

--
-- Name: permission_assignment_validity_check_trigger_function(); Type: FUNCTION; Schema: public; Owner: dev_service_user
--

CREATE FUNCTION public.permission_assignment_validity_check_trigger_function() RETURNS trigger
    LANGUAGE plpgsql
    AS $$
DECLARE
  var_permission record;
BEGIN
	
	SELECT * FROM public.permission pe
	WHERE pe.id = NEW.permission_id
	INTO var_permission;

	-- company scope check 
	IF var_permission.scope = 'COMPANY' AND NEW.context_company_id IS NULL
	THEN RAISE EXCEPTION 
		'Trying to assign a [%] scoped permission without specifying a [%] context. This is not allowed. PermissionId: % AssigneeUserId: % AssigneeCompanyId: % ', 
		var_permission.scope, var_permission.scope, NEW.permission_id, NEW.assignee_user_id, NEW.assignee_company_id;
	END IF;
	
	-- course scope check 
	IF var_permission.scope = 'COURSE' AND NEW.context_course_id IS NULL
	THEN RAISE EXCEPTION 
		'Trying to assign a [%] scoped permission without specifying a [%] context. This is not allowed. PermissionId: % AssigneeUserId: % AssigneeCompanyId: % ', 
		var_permission.scope, var_permission.scope, NEW.permission_id, NEW.assignee_user_id, NEW.assignee_company_id;
	END IF;
	
	return NEW;
END
$$;


ALTER FUNCTION public.permission_assignment_validity_check_trigger_function() OWNER TO dev_service_user;

--
-- Name: prequiz_completion_trigger_function(); Type: FUNCTION; Schema: public; Owner: dev_service_user
--

CREATE FUNCTION public.prequiz_completion_trigger_function() RETURNS trigger
    LANGUAGE plpgsql
    AS $$
DECLARE
  var_user_course_bridge record;
BEGIN

    -- check prequiz
    SELECT *
    FROM public.user_course_bridge ucb
    WHERE ucb.user_id = NEW.user_id
    AND ucb.course_id = NEW.course_id
    INTO var_user_course_bridge;

	IF (var_user_course_bridge.stage_name IN ('prequiz', 'assigned'))
	    THEN RAISE EXCEPTION 'Trying to create a prequiz completion row, but user_course_bridge stage is still not set to the next one, set that first!';
	END IF;
	
	return NEW;
END
$$;


ALTER FUNCTION public.prequiz_completion_trigger_function() OWNER TO dev_service_user;

--
-- Name: role_assignment_validity_check_trigger_function(); Type: FUNCTION; Schema: public; Owner: dev_service_user
--

CREATE FUNCTION public.role_assignment_validity_check_trigger_function() RETURNS trigger
    LANGUAGE plpgsql
    AS $$
DECLARE
  var_role record;
BEGIN
	
	SELECT *
	FROM public.role r
	WHERE r.id = NEW.role_id
	INTO var_role;
	
	IF NEW.context_company_id IS NULL
	THEN RAISE EXCEPTION 'Trying to assign a role without specifying a company context. This is not allowed.';
	END IF;
	
	return NEW;
END
$$;


ALTER FUNCTION public.role_assignment_validity_check_trigger_function() OWNER TO dev_service_user;

--
-- Name: role_permission_bridge_validity_trigger_function(); Type: FUNCTION; Schema: public; Owner: dev_service_user
--

CREATE FUNCTION public.role_permission_bridge_validity_trigger_function() RETURNS trigger
    LANGUAGE plpgsql
    AS $$
DECLARE
  var_permission record;
  var_role record;
BEGIN
	
	SELECT * FROM public.permission pe
	WHERE pe.id = NEW.permission_id
	INTO var_permission;
	
	SELECT * FROM public.role ro
	WHERE ro.id = NEW.role_id
	INTO var_role;

	-- company scope check 
	IF var_permission.scope != 'COMPANY'
	THEN RAISE EXCEPTION 
		'Trying to assign a [%] scoped permission to a [COMPANY] scoped role. This is not allowed.
		PermissionId: % PermissionCode: % RoleId: % RoleName: %', 
		var_permission.scope, var_permission.id, var_permission.code, NEW.role_id, var_role.name;
	END IF;
	
	return NEW;
END
$$;


ALTER FUNCTION public.role_permission_bridge_validity_trigger_function() OWNER TO dev_service_user;

--
-- Name: save_user_session_activity(integer, text, integer, integer); Type: FUNCTION; Schema: public; Owner: dev_service_user
--

CREATE FUNCTION public.save_user_session_activity(param_user_id integer, param_activity_type text, param_video_version_id integer, param_exam_version_id integer) RETURNS integer
    LANGUAGE plpgsql
    AS $$ 

DECLARE
	var_previous_streak_id integer;
	var_previous_streak_end_date timestamptz;
	var_is_previous_streak_out_of_date boolean;
	
	var_previous_session_end_date timestamptz;
	var_previous_session_id integer;
	var_is_previous_session_out_of_date boolean;
	
	var_now timestamptz := now();

BEGIN
	
	-- STREAK
	
	-- get previous streak 
	SELECT id, end_date 
	FROM activity_streak
	WHERE user_id = param_user_id
		AND is_finalized = false
	INTO var_previous_streak_id, var_previous_streak_end_date;

	-- inspect if prev streak is out of date
	var_is_previous_streak_out_of_date := date_trunc('day', var_previous_streak_end_date) < date_trunc('day', var_now) - INTERVAL '1 day';
	
	-- if there's a previous streak and it's out of date
	-- set it to finalized!
	IF var_previous_streak_id IS NOT NULL 
		AND var_is_previous_streak_out_of_date THEN

		UPDATE activity_streak 
		SET is_finalized = true
		WHERE id = var_previous_streak_id;
	END IF;
		
	-- if there's a previous streak and it's not out of date
	-- set end date to now()
	IF var_previous_streak_id IS NOT NULL 
		AND NOT var_is_previous_streak_out_of_date THEN

		UPDATE activity_streak 
		SET end_date = var_now
		WHERE id = var_previous_streak_id;
	END IF;
	
	-- if there's no previous streak or it's out of date
	-- insert a new streak!
	IF var_previous_streak_id IS NULL 
		OR var_is_previous_streak_out_of_date THEN
		
		INSERT INTO activity_streak (start_date, end_date, user_id, is_finalized)
		VALUES (var_now, var_now, param_user_id, false)
		RETURNING id
		INTO var_previous_streak_id;
  	END IF;
	
	-- SESSION

	-- get previous session 
	SELECT id, end_date 
	FROM activity_session
	WHERE user_id = param_user_id
		AND is_finalized = false
	INTO var_previous_session_id, var_previous_session_end_date;
	
	-- inspect if prev session is out of date
	var_is_previous_session_out_of_date := var_previous_session_end_date < var_now - INTERVAL '5 min';
		
	-- if there's a previous session and it's out of date
	-- set it to finalized!
	IF var_previous_session_id IS NOT NULL 
		AND var_is_previous_session_out_of_date THEN

		UPDATE activity_session 
		SET is_finalized = true
		WHERE id = var_previous_session_id;
	END IF;
		
	-- if there's a previous session and it's not out of date
	-- set end date to now()
	IF var_previous_session_id IS NOT NULL 
		AND NOT var_is_previous_session_out_of_date THEN

		UPDATE activity_session 
		SET end_date = var_now
		WHERE id = var_previous_session_id;
	END IF;
	
	-- if there's no previous session or it's out of date
	-- insert a new session!
	IF var_previous_session_id IS NULL 
		OR var_is_previous_session_out_of_date THEN
		
		INSERT INTO activity_session (start_date, end_date, user_id, is_finalized, activity_streak_id)
		VALUES (var_now, var_now, param_user_id, false, var_previous_streak_id)
		RETURNING id
		INTO var_previous_session_id;
  	END IF;
	
	-- ACTIVITY
	
	-- insert a session activity linked to the newly inserted session 
	-- or linked to the previous one that's still not out of date
	INSERT INTO user_session_activity 
	(
		creation_date,
		type,
		activity_session_id,
		video_version_id,
		exam_version_id
	)
	VALUES 
	(
		DEFAULT,
		param_activity_type,
		var_previous_session_id,
		param_video_version_id,
		param_exam_version_id
	);
	
	RETURN var_previous_session_id;
END 
$$;


ALTER FUNCTION public.save_user_session_activity(param_user_id integer, param_activity_type text, param_video_version_id integer, param_exam_version_id integer) OWNER TO dev_service_user;

--
-- Name: set_user_as_god_trigger(); Type: FUNCTION; Schema: public; Owner: dev_service_user
--

CREATE FUNCTION public.set_user_as_god_trigger() RETURNS trigger
    LANGUAGE plpgsql
    AS $$
BEGIN
NEW.is_god = true;
RETURN NEW;
END;
$$;


ALTER FUNCTION public.set_user_as_god_trigger() OWNER TO dev_service_user;

--
-- Name: ucb_stage_trigger_function(); Type: FUNCTION; Schema: public; Owner: dev_service_user
--

CREATE FUNCTION public.ucb_stage_trigger_function() RETURNS trigger
    LANGUAGE plpgsql
    AS $$
DECLARE
  var_pretest_comp record;
  var_course_data record;
  var_is_prequiz_completed boolean;
  var_new_order_num int;
  var_old_order_num int;
BEGIN

	-- create temp table
	CREATE TEMP TABLE var_stage_order_rows AS
	SELECT vals.order_num, vals.stage_name
	FROM (VALUES 
		(1, 'assigned'), 
		(2, 'prequiz'), 
		(3, 'pretest'), 
		(4, 'pretest_results'), 
		(5, 'watch')
	) as vals (order_num, stage_name);
	
	-- get new stage name order num
	SELECT vsor.order_num 
	FROM var_stage_order_rows vsor
	WHERE  vsor.stage_name = NEW.stage_name
	INTO var_new_order_num;
	
	-- get old stage name order num
	SELECT vsor.order_num
	FROM public.user_course_bridge ucb
	LEFT JOIN var_stage_order_rows vsor
	ON vsor.stage_name = ucb.stage_name
	WHERE ucb.user_id = NEW.user_id
	AND ucb.course_id = NEW.course_id
	INTO var_old_order_num;
	
	-- drop temp table
	DROP TABLE var_stage_order_rows;
	
	-- check order 
	IF(var_new_order_num < var_old_order_num)
		THEN RAISE EXCEPTION 'Trying to set stage to "%" which is lower order than the current stage. This is not allowed, users are only allowed to progress forward, not backward.', NEW.stage_name;
	END IF;

	-- get course data
	SELECT cd.*
	FROM public.latest_course_version_view lcvv
	LEFT JOIN public.course_version cv
	ON cv.id = lcvv.version_id
	LEFT JOIN public.course_data cd
	ON cd.id = cv.course_data_id
	WHERE lcvv.course_id = NEW.course_id
	INTO var_course_data;

    -- check prequiz
    SELECT COUNT(*) = 3
    FROM public.prequiz_user_answer pua
    WHERE pua.user_id = NEW.user_id
    AND pua.course_id = NEW.course_id
    GROUP BY pua.user_id, pua.course_id
    INTO var_is_prequiz_completed;

	IF (var_is_prequiz_completed IS DISTINCT FROM true AND
		var_course_data.is_prequiz_required = true AND
        (NEW.stage_name = 'pretest' OR 
        NEW.stage_name = 'pretest_results' OR
        NEW.stage_name = 'watch' OR 
        NEW.stage_name = 'finished'))
	    THEN RAISE EXCEPTION 'Trying to set stage to "%", but "prequiz" is not yet completed!', NEW.stage_name;
	END IF;

    -- check pretest
	SELECT
	    u.id user_id,
        co.id course_id,
        prv.user_id IS NOT NULL is_completed_pretest
    FROM public.course co
    CROSS JOIN public.user u
    LEFT JOIN public.pretest_result_view prv
    ON prv.user_id = u.id
    AND prv.course_id = co.id
    WHERE co.id = NEW.course_id 
    AND u.id = NEW.user_id 
	INTO var_pretest_comp;

	IF (var_pretest_comp.is_completed_pretest = false AND 
		var_course_data.is_pretest_required = true AND
        (NEW.stage_name = 'pretest_results' OR
        NEW.stage_name = 'watch' OR 
        NEW.stage_name = 'finished'))
	    THEN RAISE EXCEPTION 'Trying to set stage to "%", but "pretest" is not yet completed!', NEW.stage_name;
	END IF;

    -- check startDate
	IF (NEW.start_date IS NULL AND 
        (NEW.stage_name = 'pretest_results' OR
        NEW.stage_name = 'watch' OR 
        NEW.stage_name = 'finished'))
	    THEN RAISE EXCEPTION 'Trying to set stage to "%", but "start_date" is not yet set!', NEW.stage_name;
	END IF;
	
	return NEW;
END
$$;


ALTER FUNCTION public.ucb_stage_trigger_function() OWNER TO dev_service_user;

SET default_tablespace = '';

SET default_table_access_method = heap;

--
-- Name: activation_code; Type: TABLE; Schema: public; Owner: dev_service_user
--

CREATE TABLE public.activation_code (
    id integer NOT NULL,
    code character varying NOT NULL,
    is_used boolean NOT NULL,
    company_id integer NOT NULL
);


ALTER TABLE public.activation_code OWNER TO dev_service_user;

--
-- Name: activation_code_id_seq; Type: SEQUENCE; Schema: public; Owner: dev_service_user
--

CREATE SEQUENCE public.activation_code_id_seq
    AS integer
    START WITH 1
    INCREMENT BY 1
    NO MINVALUE
    NO MAXVALUE
    CACHE 1;


ALTER TABLE public.activation_code_id_seq OWNER TO dev_service_user;

--
-- Name: activation_code_id_seq; Type: SEQUENCE OWNED BY; Schema: public; Owner: dev_service_user
--

ALTER SEQUENCE public.activation_code_id_seq OWNED BY public.activation_code.id;


--
-- Name: activity; Type: TABLE; Schema: public; Owner: dev_service_user
--

CREATE TABLE public.activity (
    id integer NOT NULL,
    name character varying NOT NULL
);


ALTER TABLE public.activity OWNER TO dev_service_user;

--
-- Name: activity_id_seq; Type: SEQUENCE; Schema: public; Owner: dev_service_user
--

CREATE SEQUENCE public.activity_id_seq
    AS integer
    START WITH 1
    INCREMENT BY 1
    NO MINVALUE
    NO MAXVALUE
    CACHE 1;


ALTER TABLE public.activity_id_seq OWNER TO dev_service_user;

--
-- Name: activity_id_seq; Type: SEQUENCE OWNED BY; Schema: public; Owner: dev_service_user
--

ALTER SEQUENCE public.activity_id_seq OWNED BY public.activity.id;


--
-- Name: activity_session; Type: TABLE; Schema: public; Owner: dev_service_user
--

CREATE TABLE public.activity_session (
    id integer NOT NULL,
    start_date timestamp with time zone NOT NULL,
    end_date timestamp with time zone NOT NULL,
    is_finalized boolean NOT NULL,
    user_id integer NOT NULL,
    activity_streak_id integer
);


ALTER TABLE public.activity_session OWNER TO dev_service_user;

--
-- Name: activity_session_id_seq; Type: SEQUENCE; Schema: public; Owner: dev_service_user
--

CREATE SEQUENCE public.activity_session_id_seq
    AS integer
    START WITH 1
    INCREMENT BY 1
    NO MINVALUE
    NO MAXVALUE
    CACHE 1;


ALTER TABLE public.activity_session_id_seq OWNER TO dev_service_user;

--
-- Name: activity_session_id_seq; Type: SEQUENCE OWNED BY; Schema: public; Owner: dev_service_user
--

ALTER SEQUENCE public.activity_session_id_seq OWNED BY public.activity_session.id;


--
-- Name: activity_streak; Type: TABLE; Schema: public; Owner: dev_service_user
--

CREATE TABLE public.activity_streak (
    id integer NOT NULL,
    start_date timestamp with time zone NOT NULL,
    end_date timestamp with time zone NOT NULL,
    is_finalized boolean NOT NULL,
    user_id integer NOT NULL
);


ALTER TABLE public.activity_streak OWNER TO dev_service_user;

--
-- Name: activity_streak_id_seq; Type: SEQUENCE; Schema: public; Owner: dev_service_user
--

CREATE SEQUENCE public.activity_streak_id_seq
    AS integer
    START WITH 1
    INCREMENT BY 1
    NO MINVALUE
    NO MAXVALUE
    CACHE 1;


ALTER TABLE public.activity_streak_id_seq OWNER TO dev_service_user;

--
-- Name: activity_streak_id_seq; Type: SEQUENCE OWNED BY; Schema: public; Owner: dev_service_user
--

ALTER SEQUENCE public.activity_streak_id_seq OWNED BY public.activity_streak.id;


--
-- Name: activity_streak_view; Type: VIEW; Schema: public; Owner: dev_service_user
--

CREATE VIEW public.activity_streak_view AS
 SELECT ast.id,
    ast.start_date,
    ast.end_date,
    ast.is_finalized,
    ast.user_id,
    ((EXTRACT(epoch FROM (ast.end_date - ast.start_date)) / (86400)::numeric))::integer AS length_days
   FROM public.activity_streak ast;


ALTER TABLE public.activity_streak_view OWNER TO dev_service_user;

--
-- Name: answer_session; Type: TABLE; Schema: public; Owner: dev_service_user
--

CREATE TABLE public.answer_session (
    id integer NOT NULL,
    start_date timestamp with time zone NOT NULL,
    is_practise boolean NOT NULL,
    exam_version_id integer,
    video_version_id integer,
    user_id integer
);


ALTER TABLE public.answer_session OWNER TO dev_service_user;

--
-- Name: course_version; Type: TABLE; Schema: public; Owner: dev_service_user
--

CREATE TABLE public.course_version (
    id integer NOT NULL,
    course_id integer NOT NULL,
    course_data_id integer NOT NULL
);


ALTER TABLE public.course_version OWNER TO dev_service_user;

--
-- Name: exam; Type: TABLE; Schema: public; Owner: dev_service_user
--

CREATE TABLE public.exam (
    id integer NOT NULL,
    is_pretest boolean NOT NULL,
    is_signup boolean NOT NULL
);


ALTER TABLE public.exam OWNER TO dev_service_user;

--
-- Name: exam_completion_id_seq; Type: SEQUENCE; Schema: public; Owner: dev_service_user
--

CREATE SEQUENCE public.exam_completion_id_seq
    START WITH 1
    INCREMENT BY 1
    NO MINVALUE
    NO MAXVALUE
    CACHE 1;


ALTER TABLE public.exam_completion_id_seq OWNER TO dev_service_user;

--
-- Name: exam_completion; Type: TABLE; Schema: public; Owner: dev_service_user
--

CREATE TABLE public.exam_completion (
    id integer DEFAULT nextval('public.exam_completion_id_seq'::regclass) NOT NULL,
    completion_date timestamp with time zone NOT NULL,
    answer_session_id integer NOT NULL
);


ALTER TABLE public.exam_completion OWNER TO dev_service_user;

--
-- Name: exam_version; Type: TABLE; Schema: public; Owner: dev_service_user
--

CREATE TABLE public.exam_version (
    id integer NOT NULL,
    exam_data_id integer NOT NULL,
    module_version_id integer NOT NULL,
    exam_id integer NOT NULL
);


ALTER TABLE public.exam_version OWNER TO dev_service_user;

--
-- Name: module_version; Type: TABLE; Schema: public; Owner: dev_service_user
--

CREATE TABLE public.module_version (
    id integer NOT NULL,
    course_version_id integer,
    module_id integer NOT NULL,
    module_data_id integer NOT NULL
);


ALTER TABLE public.module_version OWNER TO dev_service_user;

--
-- Name: video_completion_id_seq; Type: SEQUENCE; Schema: public; Owner: dev_service_user
--

CREATE SEQUENCE public.video_completion_id_seq
    START WITH 1
    INCREMENT BY 1
    NO MINVALUE
    NO MAXVALUE
    CACHE 1;


ALTER TABLE public.video_completion_id_seq OWNER TO dev_service_user;

--
-- Name: video_completion; Type: TABLE; Schema: public; Owner: dev_service_user
--

CREATE TABLE public.video_completion (
    id integer DEFAULT nextval('public.video_completion_id_seq'::regclass) NOT NULL,
    completion_date timestamp with time zone NOT NULL,
    video_version_id integer NOT NULL,
    user_id integer NOT NULL
);


ALTER TABLE public.video_completion OWNER TO dev_service_user;

--
-- Name: video_version; Type: TABLE; Schema: public; Owner: dev_service_user
--

CREATE TABLE public.video_version (
    id integer NOT NULL,
    module_version_id integer NOT NULL,
    video_id integer NOT NULL,
    video_data_id integer NOT NULL
);


ALTER TABLE public.video_version OWNER TO dev_service_user;

--
-- Name: course_item_completion_view; Type: VIEW; Schema: public; Owner: dev_service_user
--

CREATE VIEW public.course_item_completion_view AS
 WITH course_item_completion_cte AS (
         SELECT ase.exam_version_id,
            NULL::integer AS video_version_id,
            ase.user_id,
            ase.id AS answer_session_id,
            ec.completion_date
           FROM (public.exam_completion ec
             LEFT JOIN public.answer_session ase ON ((ase.id = ec.answer_session_id)))
        UNION ALL
         SELECT NULL::integer AS exam_version_id,
            vc.video_version_id,
            vc.user_id,
            NULL::integer AS answer_session_id,
            vc.completion_date
           FROM public.video_completion vc
        )
 SELECT cice.user_id,
    cice.video_version_id,
    vv.video_id,
    cice.exam_version_id,
    ev.exam_id,
    cice.answer_session_id,
    cice.completion_date,
    cv.id AS course_version_id,
    cv.course_id,
    mv.module_id,
    ex.is_pretest
   FROM (((((course_item_completion_cte cice
     LEFT JOIN public.video_version vv ON ((vv.id = cice.video_version_id)))
     LEFT JOIN public.exam_version ev ON ((ev.id = cice.exam_version_id)))
     LEFT JOIN public.exam ex ON ((ex.id = ev.exam_id)))
     LEFT JOIN public.module_version mv ON (((mv.id = vv.module_version_id) OR (mv.id = ev.module_version_id))))
     LEFT JOIN public.course_version cv ON ((cv.id = mv.course_version_id)));


ALTER TABLE public.course_item_completion_view OWNER TO dev_service_user;

--
-- Name: exam_data; Type: TABLE; Schema: public; Owner: dev_service_user
--

CREATE TABLE public.exam_data (
    id integer NOT NULL,
    title character varying NOT NULL,
    is_final boolean NOT NULL,
    subtitle text,
    description text,
    thumbnail_url text,
    order_index integer,
    retake_limit integer,
    acceptance_threshold integer
);


ALTER TABLE public.exam_data OWNER TO dev_service_user;

--
-- Name: given_answer; Type: TABLE; Schema: public; Owner: dev_service_user
--

CREATE TABLE public.given_answer (
    id integer NOT NULL,
    deletion_date timestamp without time zone,
    creation_date timestamp with time zone DEFAULT now() NOT NULL,
    elapsed_seconds double precision NOT NULL,
    is_practise_answer boolean DEFAULT false NOT NULL,
    score integer NOT NULL,
    state character varying NOT NULL,
    question_version_id integer NOT NULL,
    answer_session_id integer NOT NULL,
    given_answer_streak_id integer
);


ALTER TABLE public.given_answer OWNER TO dev_service_user;

--
-- Name: question_data; Type: TABLE; Schema: public; Owner: dev_service_user
--

CREATE TABLE public.question_data (
    id integer NOT NULL,
    deletion_date timestamp without time zone,
    question_text character varying NOT NULL,
    max_score integer NOT NULL,
    image_url text,
    order_index integer,
    show_up_time_seconds double precision,
    type_id integer DEFAULT 1 NOT NULL,
    module_id integer NOT NULL
);


ALTER TABLE public.question_data OWNER TO dev_service_user;

--
-- Name: question_version; Type: TABLE; Schema: public; Owner: dev_service_user
--

CREATE TABLE public.question_version (
    id integer NOT NULL,
    video_version_id integer,
    exam_version_id integer,
    question_id integer NOT NULL,
    question_data_id integer NOT NULL,
    personality_trait_category_id integer
);


ALTER TABLE public.question_version OWNER TO dev_service_user;

--
-- Name: exam_score_view; Type: VIEW; Schema: public; Owner: dev_service_user
--

CREATE VIEW public.exam_score_view AS
 WITH flat_cte AS (
         SELECT ase.user_id,
            ev.id AS exam_version_id,
            ase.id AS answer_session_id,
            qv.id AS question_version_id,
            ga.score,
            qd.max_score AS question_max_score,
            ed.title
           FROM (((((public.exam_version ev
             LEFT JOIN public.exam_data ed ON ((ed.id = ev.exam_data_id)))
             JOIN public.answer_session ase ON ((ase.exam_version_id = ev.id)))
             LEFT JOIN public.question_version qv ON ((qv.exam_version_id = ev.id)))
             LEFT JOIN public.question_data qd ON ((qd.id = qv.question_data_id)))
             LEFT JOIN public.given_answer ga ON (((ga.question_version_id = qv.id) AND (ga.answer_session_id = ase.id))))
          ORDER BY ase.user_id, ev.id, ase.id, qv.id
        ), grouped_cte AS (
         SELECT flat.user_id,
            flat.exam_version_id,
            flat.answer_session_id,
            (count(*))::integer AS question_count,
            (COALESCE(sum(flat.score), (0)::bigint))::integer AS exam_score,
            (COALESCE(sum(flat.question_max_score), (0)::bigint))::integer AS exam_max_score,
            (COALESCE(sum(
                CASE
                    WHEN (flat.score IS NOT NULL) THEN 1
                    ELSE 0
                END), (0)::bigint))::integer AS answered_question_count
           FROM flat_cte flat
          GROUP BY flat.exam_version_id, flat.answer_session_id, flat.user_id
          ORDER BY flat.user_id, flat.exam_version_id, flat.answer_session_id
        )
 SELECT grouped.user_id,
    grouped.exam_version_id,
    grouped.answer_session_id,
    grouped.question_count,
    grouped.exam_score,
    grouped.exam_max_score,
    grouped.answered_question_count,
    (round((((grouped.exam_score)::numeric / (grouped.exam_max_score)::numeric) * (100)::numeric), 1))::integer AS score_percentage
   FROM grouped_cte grouped;


ALTER TABLE public.exam_score_view OWNER TO dev_service_user;

--
-- Name: answer_session_view; Type: VIEW; Schema: public; Owner: dev_service_user
--

CREATE VIEW public.answer_session_view AS
 WITH answer_stats AS (
         SELECT ase_1.user_id,
            ase_1.id AS answer_session_id,
            (count(ga.id))::integer AS given_answer_count,
            (sum((((ga.state)::text = 'CORRECT'::text))::integer))::integer AS correct_given_answer_count,
            ( SELECT count(*) AS count
                   FROM (public.question_version qv
                     LEFT JOIN public.given_answer ga_1 ON ((ga_1.question_version_id = qv.id)))
                  WHERE (ga_1.answer_session_id = ase_1.id)) AS answered_question_count
           FROM (public.given_answer ga
             LEFT JOIN public.answer_session ase_1 ON ((ase_1.id = ga.answer_session_id)))
          GROUP BY ase_1.user_id, ase_1.id
        )
 SELECT ase.id AS answer_session_id,
    ase.user_id,
    ase.exam_version_id,
    ase.video_version_id,
    ase.start_date,
    esv.exam_score AS answer_session_acquired_points,
    esv.score_percentage AS answer_session_success_rate,
    (esv.score_percentage > COALESCE(ed.acceptance_threshold, 60)) AS is_successful,
    ast.answered_question_count,
    ast.correct_given_answer_count,
    ast.given_answer_count,
    (cic.completion_date IS NOT NULL) AS is_completed,
    cic.completion_date AS end_date,
        CASE
            WHEN ase.is_practise THEN 'practise'::text
            WHEN (e.id = 0) THEN 'signup'::text
            WHEN e.is_pretest THEN 'pretest'::text
            WHEN (ase.video_version_id IS NOT NULL) THEN 'video'::text
            WHEN (ase.exam_version_id IS NOT NULL) THEN 'exam'::text
            ELSE NULL::text
        END AS answer_session_type
   FROM ((((((public.answer_session ase
     LEFT JOIN answer_stats ast ON (((ast.user_id = ase.user_id) AND (ast.answer_session_id = ase.id))))
     LEFT JOIN public.exam_score_view esv ON ((esv.answer_session_id = ase.id)))
     LEFT JOIN public.exam_version ev ON ((ev.id = ase.exam_version_id)))
     LEFT JOIN public.exam_data ed ON ((ed.id = ev.exam_data_id)))
     LEFT JOIN public.exam e ON ((ev.exam_id = e.id)))
     LEFT JOIN public.course_item_completion_view cic ON ((cic.answer_session_id = ase.id)));


ALTER TABLE public.answer_session_view OWNER TO dev_service_user;

--
-- Name: answer_session_group_view; Type: VIEW; Schema: public; Owner: dev_service_user
--

CREATE VIEW public.answer_session_group_view AS
 SELECT asv.user_id,
    cv.course_id,
    mv.module_id,
    asv.answer_session_type,
    asv.start_date,
    avg(asv.answer_session_success_rate) AS answer_session_success_rate
   FROM ((((public.answer_session_view asv
     LEFT JOIN public.video_version vv ON ((vv.id = asv.video_version_id)))
     LEFT JOIN public.exam_version ev ON ((ev.id = asv.exam_version_id)))
     LEFT JOIN public.module_version mv ON (((mv.id = vv.module_version_id) OR (mv.id = ev.module_version_id))))
     LEFT JOIN public.course_version cv ON ((cv.id = mv.course_version_id)))
  WHERE (asv.answer_session_type <> 'pretest'::text)
  GROUP BY asv.user_id, cv.course_id, mv.module_id, asv.answer_session_type, asv.start_date;


ALTER TABLE public.answer_session_group_view OWNER TO dev_service_user;

--
-- Name: comment; Type: TABLE; Schema: public; Owner: dev_service_user
--

CREATE TABLE public.comment (
    id integer NOT NULL,
    deletion_date timestamp without time zone,
    creation_date timestamp with time zone DEFAULT now() NOT NULL,
    text character varying NOT NULL,
    is_question boolean DEFAULT false NOT NULL,
    is_anonymous boolean DEFAULT false NOT NULL,
    parent_comment_id integer,
    user_id integer NOT NULL,
    video_version_id integer NOT NULL,
    video_id integer
);


ALTER TABLE public.comment OWNER TO dev_service_user;

--
-- Name: company; Type: TABLE; Schema: public; Owner: dev_service_user
--

CREATE TABLE public.company (
    id integer NOT NULL,
    deletion_date timestamp without time zone,
    name character varying NOT NULL,
    domain character varying NOT NULL,
    legal_name character varying,
    primary_color character varying,
    secondary_color character varying,
    backdrop_color character varying,
    is_custom_domain_company boolean NOT NULL,
    logo_file_id integer,
    cover_file_id integer,
    is_survey_required boolean NOT NULL
);


ALTER TABLE public.company OWNER TO dev_service_user;

--
-- Name: course; Type: TABLE; Schema: public; Owner: dev_service_user
--

CREATE TABLE public.course (
    id integer NOT NULL,
    deletion_date timestamp without time zone
);


ALTER TABLE public.course OWNER TO dev_service_user;

--
-- Name: user; Type: TABLE; Schema: public; Owner: dev_service_user
--

CREATE TABLE public."user" (
    id integer NOT NULL,
    deletion_date timestamp without time zone,
    creation_date timestamp with time zone DEFAULT now() NOT NULL,
    is_god boolean DEFAULT false NOT NULL,
    is_invitation_accepted boolean NOT NULL,
    registration_type text NOT NULL,
    is_trusted boolean NOT NULL,
    email character varying NOT NULL,
    username character varying,
    first_name character varying NOT NULL,
    last_name character varying NOT NULL,
    phone_number text,
    user_description text,
    linked_in_url text,
    password text,
    refresh_token text,
    reset_password_token text,
    invitation_token text,
    avatar_file_id integer,
    company_id integer NOT NULL,
    department_id integer,
    is_survey_required boolean NOT NULL
);


ALTER TABLE public."user" OWNER TO dev_service_user;

--
-- Name: correct_answer_rates_split_view; Type: VIEW; Schema: public; Owner: dev_service_user
--

CREATE VIEW public.correct_answer_rates_split_view AS
 SELECT u.id AS user_id,
    co.id AS course_id,
    mv.module_id,
    asgv.start_date,
        CASE
            WHEN (asgv.answer_session_type = 'exam'::text) THEN asgv.answer_session_success_rate
            ELSE NULL::numeric
        END AS exam_correct_answer_rate,
        CASE
            WHEN (asgv.answer_session_type = 'practise'::text) THEN asgv.answer_session_success_rate
            ELSE NULL::numeric
        END AS practise_correct_answer_rate,
        CASE
            WHEN (asgv.answer_session_type = 'video'::text) THEN asgv.answer_session_success_rate
            ELSE NULL::numeric
        END AS video_correct_answer_rate
   FROM ((((public."user" u
     CROSS JOIN public.course co)
     LEFT JOIN public.course_version cv ON ((cv.course_id = co.id)))
     LEFT JOIN public.module_version mv ON ((mv.course_version_id = cv.id)))
     LEFT JOIN public.answer_session_group_view asgv ON (((asgv.user_id = u.id) AND (asgv.course_id = co.id))))
  ORDER BY u.id;


ALTER TABLE public.correct_answer_rates_split_view OWNER TO dev_service_user;

--
-- Name: user_performance_answer_group_view; Type: VIEW; Schema: public; Owner: dev_service_user
--

CREATE VIEW public.user_performance_answer_group_view AS
 SELECT carsv.user_id,
    carsv.course_id,
    (avg(carsv.exam_correct_answer_rate))::double precision AS exam_correct_answer_rate,
    (avg(carsv.practise_correct_answer_rate))::double precision AS practise_correct_answer_rate,
    (avg(carsv.video_correct_answer_rate))::double precision AS video_correct_answer_rate
   FROM public.correct_answer_rates_split_view carsv
  GROUP BY carsv.user_id, carsv.course_id;


ALTER TABLE public.user_performance_answer_group_view OWNER TO dev_service_user;

--
-- Name: user_performance_view; Type: VIEW; Schema: public; Owner: dev_service_user
--

CREATE VIEW public.user_performance_view AS
 SELECT u.id AS user_id,
    upagv.course_id,
    (((COALESCE((upagv.exam_correct_answer_rate * (2.5)::double precision), (0)::double precision) + COALESCE((upagv.video_correct_answer_rate * (1.5)::double precision), (0)::double precision)) + COALESCE(upagv.practise_correct_answer_rate, (0)::double precision)) / (5)::double precision) AS performance_percentage
   FROM (public."user" u
     LEFT JOIN public.user_performance_answer_group_view upagv ON ((upagv.user_id = u.id)));


ALTER TABLE public.user_performance_view OWNER TO dev_service_user;

--
-- Name: video_rating; Type: TABLE; Schema: public; Owner: dev_service_user
--

CREATE TABLE public.video_rating (
    id integer NOT NULL,
    experience integer,
    difficulty integer,
    video_version_id integer NOT NULL,
    user_id integer NOT NULL
);


ALTER TABLE public.video_rating OWNER TO dev_service_user;

--
-- Name: admin_home_page_overview_view; Type: VIEW; Schema: public; Owner: dev_service_user
--

CREATE VIEW public.admin_home_page_overview_view AS
 WITH latest_course_activity_cte AS (
         SELECT cic.user_id,
            cv.course_id,
            max(cic.completion_date) AS latest_course_item_completion_date
           FROM ((((public.course_item_completion_view cic
             LEFT JOIN public.video_version vv ON ((vv.id = cic.video_version_id)))
             LEFT JOIN public.exam_version ev ON ((ev.id = cic.exam_version_id)))
             LEFT JOIN public.module_version mv ON (((mv.id = vv.module_version_id) OR (mv.id = ev.module_version_id))))
             LEFT JOIN public.course_version cv ON ((cv.id = mv.course_version_id)))
          GROUP BY cic.user_id, cv.course_id
        ), is_final_exam_completed_cte AS (
         SELECT cv.course_id,
            cic.user_id,
            (count(*) > 0) AS is_final_exam_completed
           FROM ((((public.course_item_completion_view cic
             LEFT JOIN public.exam_version ev ON ((ev.id = cic.exam_version_id)))
             LEFT JOIN public.exam_data ed ON ((ed.id = ev.exam_data_id)))
             LEFT JOIN public.module_version mv ON ((mv.id = ev.module_version_id)))
             LEFT JOIN public.course_version cv ON ((cv.id = mv.course_version_id)))
          WHERE (ed.is_final IS TRUE)
          GROUP BY cv.course_id, cic.user_id
        ), active_user_count_cte AS (
         SELECT lcac.course_id,
            u.company_id,
            count(*) AS active_user_count
           FROM ((latest_course_activity_cte lcac
             LEFT JOIN is_final_exam_completed_cte ifecc ON (((ifecc.user_id = lcac.user_id) AND (ifecc.course_id = lcac.course_id) AND (ifecc.is_final_exam_completed IS NOT TRUE))))
             LEFT JOIN public."user" u ON ((u.id = lcac.user_id)))
          WHERE (lcac.latest_course_item_completion_date > (CURRENT_DATE - 14))
          GROUP BY lcac.course_id, u.company_id
        ), suspended_user_count_cte AS (
         SELECT lcac.course_id,
            u.company_id,
            count(*) AS suspended_user_count
           FROM ((latest_course_activity_cte lcac
             LEFT JOIN is_final_exam_completed_cte ifecc ON (((ifecc.user_id = lcac.user_id) AND (ifecc.course_id = lcac.course_id) AND (ifecc.is_final_exam_completed IS NOT TRUE))))
             LEFT JOIN public."user" u ON ((u.id = lcac.user_id)))
          WHERE (lcac.latest_course_item_completion_date < (CURRENT_DATE - 14))
          GROUP BY lcac.course_id, u.company_id
        ), completed_user_count_cte AS (
         SELECT lcac.course_id,
            u.company_id,
            count(*) AS completed_user_count
           FROM ((latest_course_activity_cte lcac
             JOIN is_final_exam_completed_cte ifecc ON (((ifecc.user_id = lcac.user_id) AND (ifecc.course_id = lcac.course_id) AND (ifecc.is_final_exam_completed IS TRUE))))
             LEFT JOIN public."user" u ON ((u.id = lcac.user_id)))
          GROUP BY lcac.course_id, u.company_id
        ), course_avg_performance_cte AS (
         SELECT upv.course_id,
            u.company_id,
            avg(upv.performance_percentage) AS avg_performance_percentage
           FROM (public.user_performance_view upv
             LEFT JOIN public."user" u ON ((u.id = upv.user_id)))
          WHERE (upv.performance_percentage <> (0)::double precision)
          GROUP BY upv.course_id, u.company_id
        ), course_difficulty_count_cte AS (
         SELECT cv.course_id,
            u.company_id,
            count(*) AS difficult_videos_count
           FROM ((((public.video_rating vr
             LEFT JOIN public.video_version vv ON ((vv.id = vr.video_version_id)))
             LEFT JOIN public.module_version mv ON ((mv.id = vv.module_version_id)))
             LEFT JOIN public.course_version cv ON ((cv.id = mv.course_version_id)))
             LEFT JOIN public."user" u ON ((vr.user_id = u.id)))
          WHERE (vr.difficulty > 4)
          GROUP BY cv.course_id, u.company_id
        ), questions_to_be_answered_count_cte AS (
         SELECT u.company_id,
            cv.course_id,
            count(*) AS questions_to_be_answered_count
           FROM ((((public.comment com
             LEFT JOIN public."user" u ON ((com.user_id = u.id)))
             LEFT JOIN public.video_version vv ON ((vv.id = com.video_version_id)))
             LEFT JOIN public.module_version mv ON ((mv.id = vv.module_version_id)))
             LEFT JOIN public.course_version cv ON ((cv.id = mv.course_version_id)))
          WHERE ((NOT (com.id IN ( SELECT comp_1.id
                   FROM (public.comment comp_1
                     JOIN public.comment comc ON ((comc.parent_comment_id = comp_1.id)))))) AND (com.parent_comment_id IS NULL))
          GROUP BY u.company_id, cv.course_id
        )
 SELECT co.id AS course_id,
    comp.id AS company_id,
    COALESCE(aucc.active_user_count, (0)::bigint) AS active_users_count,
    COALESCE(succ.suspended_user_count, (0)::bigint) AS suspended_users_count,
    COALESCE(cucc.completed_user_count, (0)::bigint) AS completed_users_count,
    capc.avg_performance_percentage AS avg_course_performance_percentage,
    COALESCE(cdcc.difficult_videos_count, (0)::bigint) AS difficult_videos_count,
    COALESCE(qtbacc.questions_to_be_answered_count, (0)::bigint) AS questions_waiting_to_be_answered
   FROM (((((((public.course co
     CROSS JOIN public.company comp)
     LEFT JOIN active_user_count_cte aucc ON (((aucc.course_id = co.id) AND (aucc.company_id = comp.id))))
     LEFT JOIN suspended_user_count_cte succ ON (((succ.course_id = co.id) AND (succ.company_id = comp.id))))
     LEFT JOIN completed_user_count_cte cucc ON (((cucc.course_id = co.id) AND (cucc.company_id = comp.id))))
     LEFT JOIN course_avg_performance_cte capc ON (((capc.course_id = co.id) AND (capc.company_id = comp.id))))
     LEFT JOIN course_difficulty_count_cte cdcc ON (((cdcc.course_id = co.id) AND (cdcc.company_id = comp.id))))
     LEFT JOIN questions_to_be_answered_count_cte qtbacc ON (((qtbacc.course_id = co.id) AND (qtbacc.company_id = comp.id))));


ALTER TABLE public.admin_home_page_overview_view OWNER TO dev_service_user;

--
-- Name: answer_session_evaluation_view; Type: VIEW; Schema: public; Owner: dev_service_user
--

CREATE VIEW public.answer_session_evaluation_view AS
 WITH non_practise_answer_sessions AS (
         SELECT ase_1.answer_session_id,
            ase_1.user_id,
            ase_1.exam_version_id,
            ase_1.video_version_id,
            ase_1.start_date,
            ase_1.answer_session_acquired_points,
            ase_1.answer_session_success_rate,
            ase_1.is_successful,
            ase_1.answered_question_count,
            ase_1.correct_given_answer_count,
            ase_1.given_answer_count,
            ase_1.is_completed,
            ase_1.end_date,
            ase_1.answer_session_type
           FROM public.answer_session_view ase_1
          WHERE (ase_1.answer_session_type <> 'practise'::text)
        ), total_question_count AS (
         SELECT ev.id AS exam_version_id,
            NULL::integer AS video_version_id,
            count(qv.id) AS question_count
           FROM (public.exam_version ev
             LEFT JOIN public.question_version qv ON ((qv.exam_version_id = ev.id)))
          GROUP BY ev.id
        UNION ALL
         SELECT NULL::integer AS exam_version_id,
            vv.id AS video_version_id,
            count(qv.id) AS question_count
           FROM (public.video_version vv
             LEFT JOIN public.question_version qv ON ((qv.video_version_id = vv.id)))
          GROUP BY vv.id
        ), ga_count AS (
         SELECT ga.answer_session_id,
            count(1) AS answered_count,
            COALESCE((sum((((ga.state)::text = 'CORRECT'::text))::integer))::integer, 0) AS correct_count
           FROM public.given_answer ga
          GROUP BY ga.answer_session_id
        )
 SELECT ase.answer_session_id,
    u.id AS user_id,
    ase.video_version_id,
    ase.exam_version_id,
    tqc.question_count,
    COALESCE(gac.answered_count, (0)::bigint) AS answered_question_count,
    COALESCE(((tqc.question_count = gac.answered_count) AND (gac.answered_count > 0)), false) AS is_completed,
    COALESCE(gac.correct_count, 0) AS correct_answer_count,
    ase.is_successful,
    ase.answer_session_success_rate AS correct_answer_rate
   FROM (((non_practise_answer_sessions ase
     LEFT JOIN public."user" u ON ((u.id = ase.user_id)))
     LEFT JOIN total_question_count tqc ON (((tqc.exam_version_id = ase.exam_version_id) OR (tqc.video_version_id = ase.video_version_id))))
     LEFT JOIN ga_count gac ON ((gac.answer_session_id = ase.answer_session_id)));


ALTER TABLE public.answer_session_evaluation_view OWNER TO dev_service_user;

--
-- Name: permission_assignment_bridge; Type: TABLE; Schema: public; Owner: dev_service_user
--

CREATE TABLE public.permission_assignment_bridge (
    id integer NOT NULL,
    permission_id integer NOT NULL,
    assignee_user_id integer,
    assignee_company_id integer,
    assignee_group_id integer,
    context_company_id integer,
    context_course_id integer,
    CONSTRAINT permission_assignment_bridge_check CHECK ((((context_company_id IS NULL) AND (context_course_id IS NOT NULL)) OR ((context_company_id IS NOT NULL) AND (context_course_id IS NULL)) OR ((context_company_id IS NULL) AND (context_course_id IS NULL))))
);


ALTER TABLE public.permission_assignment_bridge OWNER TO dev_service_user;

--
-- Name: role; Type: TABLE; Schema: public; Owner: dev_service_user
--

CREATE TABLE public.role (
    id integer NOT NULL,
    deletion_date timestamp without time zone,
    name character varying NOT NULL,
    is_custom boolean NOT NULL,
    company_id integer,
    CONSTRAINT role_constraint CHECK (((is_custom = false) OR (company_id IS NOT NULL)))
);


ALTER TABLE public.role OWNER TO dev_service_user;

--
-- Name: role_assignment_bridge; Type: TABLE; Schema: public; Owner: dev_service_user
--

CREATE TABLE public.role_assignment_bridge (
    id integer NOT NULL,
    role_id integer NOT NULL,
    assignee_user_id integer,
    assignee_company_id integer,
    context_company_id integer
);


ALTER TABLE public.role_assignment_bridge OWNER TO dev_service_user;

--
-- Name: role_permission_bridge; Type: TABLE; Schema: public; Owner: dev_service_user
--

CREATE TABLE public.role_permission_bridge (
    id integer NOT NULL,
    role_id integer NOT NULL,
    permission_id integer NOT NULL
);


ALTER TABLE public.role_permission_bridge OWNER TO dev_service_user;

--
-- Name: company_permission_view; Type: VIEW; Schema: public; Owner: dev_service_user
--

CREATE VIEW public.company_permission_view AS
 SELECT co.id AS assignee_company_id,
    rab.context_company_id,
    NULL::integer AS context_course_id,
    rpb.role_id,
    rpb.permission_id
   FROM (((public.company co
     JOIN public.role_assignment_bridge rab ON ((rab.assignee_company_id = co.id)))
     LEFT JOIN public.role r ON ((r.id = rab.role_id)))
     LEFT JOIN public.role_permission_bridge rpb ON ((rpb.role_id = r.id)))
UNION
 SELECT co.id AS assignee_company_id,
    pab.context_company_id,
    pab.context_course_id,
    NULL::integer AS role_id,
    pab.permission_id
   FROM (public.company co
     JOIN public.permission_assignment_bridge pab ON ((pab.assignee_company_id = co.id)))
  ORDER BY 1, 2, 5;


ALTER TABLE public.company_permission_view OWNER TO dev_service_user;

--
-- Name: course_access_bridge; Type: TABLE; Schema: public; Owner: dev_service_user
--

CREATE TABLE public.course_access_bridge (
    id integer NOT NULL,
    course_id integer NOT NULL,
    user_id integer,
    company_id integer
);


ALTER TABLE public.course_access_bridge OWNER TO dev_service_user;

--
-- Name: course_completion; Type: TABLE; Schema: public; Owner: dev_service_user
--

CREATE TABLE public.course_completion (
    id integer NOT NULL,
    course_version_id integer NOT NULL,
    user_id integer NOT NULL
);


ALTER TABLE public.course_completion OWNER TO dev_service_user;

--
-- Name: course_completion_view; Type: VIEW; Schema: public; Owner: dev_service_user
--

CREATE VIEW public.course_completion_view AS
 SELECT cv.course_id,
    cc.user_id
   FROM (public.course_completion cc
     LEFT JOIN public.course_version cv ON ((cv.id = cc.course_version_id)))
  GROUP BY cv.course_id, cc.user_id;


ALTER TABLE public.course_completion_view OWNER TO dev_service_user;

--
-- Name: course_data; Type: TABLE; Schema: public; Owner: dev_service_user
--

CREATE TABLE public.course_data (
    id integer NOT NULL,
    modification_date timestamp with time zone DEFAULT now() NOT NULL,
    title character varying NOT NULL,
    short_description character varying NOT NULL,
    description character varying NOT NULL,
    difficulty double precision NOT NULL,
    benchmark double precision NOT NULL,
    previously_completed_count integer NOT NULL,
    language character varying NOT NULL,
    technical_requirements character varying NOT NULL,
    requirements_description character varying NOT NULL,
    is_featured boolean NOT NULL,
    skill_benefits character varying NOT NULL,
    human_skill_benefits character varying NOT NULL,
    human_skill_benefits_description character varying NOT NULL,
    visibility text DEFAULT 'public'::text NOT NULL,
    category_id integer NOT NULL,
    sub_category_id integer NOT NULL,
    teacher_id integer NOT NULL,
    cover_file_id integer,
    is_prequiz_required boolean NOT NULL,
    is_pretest_required boolean NOT NULL
);


ALTER TABLE public.course_data OWNER TO dev_service_user;

--
-- Name: latest_course_version_view; Type: VIEW; Schema: public; Owner: dev_service_user
--

CREATE VIEW public.latest_course_version_view AS
 SELECT max(cv.id) AS version_id,
    cv.course_id
   FROM public.course_version cv
  GROUP BY cv.course_id;


ALTER TABLE public.latest_course_version_view OWNER TO dev_service_user;

--
-- Name: module; Type: TABLE; Schema: public; Owner: dev_service_user
--

CREATE TABLE public.module (
    id integer NOT NULL,
    is_pretest_module boolean NOT NULL
);


ALTER TABLE public.module OWNER TO dev_service_user;

--
-- Name: module_data; Type: TABLE; Schema: public; Owner: dev_service_user
--

CREATE TABLE public.module_data (
    id integer NOT NULL,
    name character varying NOT NULL,
    description character varying NOT NULL,
    order_index integer NOT NULL,
    image_file_id integer
);


ALTER TABLE public.module_data OWNER TO dev_service_user;

--
-- Name: video; Type: TABLE; Schema: public; Owner: dev_service_user
--

CREATE TABLE public.video (
    id integer NOT NULL
);


ALTER TABLE public.video OWNER TO dev_service_user;

--
-- Name: video_data; Type: TABLE; Schema: public; Owner: dev_service_user
--

CREATE TABLE public.video_data (
    id integer NOT NULL,
    title character varying NOT NULL,
    order_index integer NOT NULL,
    subtitle text,
    description text,
    video_file_id integer,
    thumbnail_file_id integer,
    video_file_length_seconds double precision,
    CONSTRAINT video_data_check CHECK ((((video_file_id IS NULL) AND (video_file_length_seconds IS NULL)) OR ((video_file_id IS NOT NULL) AND (video_file_length_seconds IS NOT NULL))))
);


ALTER TABLE public.video_data OWNER TO dev_service_user;

--
-- Name: course_item_view; Type: VIEW; Schema: public; Owner: dev_service_user
--

CREATE VIEW public.course_item_view AS
 WITH exam_item AS (
         SELECT mv_1.course_version_id,
            NULL::integer AS video_version_id,
            NULL::integer AS video_id,
            ev.id AS exam_version_id,
            e.id AS exam_id,
            mv_1.id AS module_version_id,
            ed.order_index AS item_order_index,
            ed.title AS item_title,
            ed.subtitle AS item_subtitle,
                CASE
                    WHEN e.is_signup THEN 'signup'::text
                    WHEN e.is_pretest THEN 'pretest'::text
                    WHEN ed.is_final THEN 'final'::text
                    ELSE 'exam'::text
                END AS item_type,
            ('exam_version@'::text || ev.id) AS version_code
           FROM (((public.exam_version ev
             LEFT JOIN public.module_version mv_1 ON ((mv_1.id = ev.module_version_id)))
             LEFT JOIN public.exam e ON ((e.id = ev.exam_id)))
             LEFT JOIN public.exam_data ed ON ((ed.id = ev.exam_data_id)))
        ), video_item AS (
         SELECT mv_1.course_version_id,
            vv.id AS video_version_id,
            v.id AS video_id,
            NULL::integer AS exam_version_id,
            NULL::integer AS exam_id,
            mv_1.id AS module_version_id,
            vd.order_index AS item_order_index,
            vd.title AS item_title,
            vd.subtitle AS item_subtitle,
            'video'::text AS item_type,
            ('video_version@'::text || vv.id) AS version_code
           FROM (((public.video_version vv
             LEFT JOIN public.module_version mv_1 ON ((mv_1.id = vv.module_version_id)))
             LEFT JOIN public.video_data vd ON ((vd.id = vv.video_data_id)))
             LEFT JOIN public.video v ON ((v.id = vv.video_id)))
        ), items_combined AS (
         SELECT video_item.course_version_id,
            video_item.video_version_id,
            video_item.video_id,
            video_item.exam_version_id,
            video_item.exam_id,
            video_item.module_version_id,
            video_item.item_order_index,
            video_item.item_title,
            video_item.item_subtitle,
            video_item.item_type,
            video_item.version_code
           FROM video_item
        UNION ALL
         SELECT exam_item.course_version_id,
            exam_item.video_version_id,
            exam_item.video_id,
            exam_item.exam_version_id,
            exam_item.exam_id,
            exam_item.module_version_id,
            exam_item.item_order_index,
            exam_item.item_title,
            exam_item.item_subtitle,
            exam_item.item_type,
            exam_item.version_code
           FROM exam_item
        )
 SELECT cv.id AS course_version_id,
    md.name AS module_name,
    md.order_index AS module_order_index,
    mv.id AS module_version_id,
    mo.id AS module_id,
    ic.video_version_id,
    ic.video_id,
    ic.exam_version_id,
    ic.exam_id,
    ic.item_order_index,
    ic.item_title,
    ic.item_subtitle,
    ic.item_type,
    ic.version_code
   FROM (((((public.latest_course_version_view lcvv
     LEFT JOIN public.course_version cv ON ((cv.id = lcvv.version_id)))
     LEFT JOIN public.module_version mv ON ((mv.course_version_id = cv.id)))
     LEFT JOIN public.module_data md ON ((md.id = mv.module_data_id)))
     LEFT JOIN public.module mo ON ((mo.id = mv.module_id)))
     JOIN items_combined ic ON (((ic.course_version_id = cv.id) AND (ic.module_version_id = mv.id))))
  ORDER BY cv.id, md.order_index, ic.item_order_index;


ALTER TABLE public.course_item_view OWNER TO dev_service_user;

--
-- Name: course_item_count_view; Type: VIEW; Schema: public; Owner: dev_service_user
--

CREATE VIEW public.course_item_count_view AS
 SELECT co.id AS course_id,
    (count(*))::integer AS item_count
   FROM ((public.course co
     LEFT JOIN public.course_version cv ON ((cv.course_id = co.id)))
     LEFT JOIN public.course_item_view civ ON (((civ.course_version_id = cv.id) AND (civ.item_type <> 'pretest'::text))))
  GROUP BY co.id
  ORDER BY co.id;


ALTER TABLE public.course_item_count_view OWNER TO dev_service_user;

--
-- Name: course_length_estimation_view; Type: VIEW; Schema: public; Owner: dev_service_user
--

CREATE VIEW public.course_length_estimation_view AS
 SELECT sq.course_id,
    sq.total_video_seconds,
    sq.total_exam_seconds,
    (sq.total_video_seconds + sq.total_exam_seconds) AS total_length_seconds
   FROM ( SELECT cv.id AS course_id,
            ( SELECT (COALESCE(sum(vd.video_file_length_seconds), (0)::double precision))::integer AS "coalesce"
                   FROM ((public.video_version vv
                     LEFT JOIN public.module_version mv ON (((mv.course_version_id = cv.id) AND (mv.id = vv.module_version_id))))
                     LEFT JOIN public.video_data vd ON ((vd.id = vv.video_data_id)))
                  WHERE (mv.course_version_id = cv.id)) AS total_video_seconds,
            ( SELECT ((count(1))::integer * 20) AS total_exam_seconds
                   FROM ((public.exam_version ev
                     LEFT JOIN public.exam e ON ((e.id = ev.exam_id)))
                     LEFT JOIN public.module_version mv ON (((mv.course_version_id = cv.id) AND (mv.id = ev.module_version_id))))
                  WHERE ((e.is_pretest = false) AND (e.is_signup = false) AND (mv.course_version_id = cv.id))) AS total_exam_seconds
           FROM public.course_version cv) sq;


ALTER TABLE public.course_length_estimation_view OWNER TO dev_service_user;

--
-- Name: course_questions_success_view; Type: VIEW; Schema: public; Owner: dev_service_user
--

CREATE VIEW public.course_questions_success_view AS
 SELECT sq.user_id,
    sq.course_id,
    (count(sq.latest_given_answer_id))::integer AS total_answer_count,
    (sum((((ga.state)::text = 'CORRECT'::text))::integer))::integer AS correct_answer_count
   FROM (( SELECT u.id AS user_id,
            c.id AS course_id,
            vv.id AS video_version_id,
            qv.id AS question_version_id,
            max(ga_1.id) AS latest_given_answer_id
           FROM (((((((public.course c
             LEFT JOIN public.course_version cv ON ((cv.course_id = c.id)))
             LEFT JOIN public."user" u ON (true))
             LEFT JOIN public.module_version mv ON ((mv.course_version_id = cv.id)))
             LEFT JOIN public.video_version vv ON ((vv.module_version_id = mv.id)))
             LEFT JOIN public.question_version qv ON ((qv.video_version_id = vv.id)))
             LEFT JOIN public.answer_session ase ON (((ase.user_id = u.id) AND (ase.video_version_id = vv.id))))
             LEFT JOIN public.given_answer ga_1 ON (((ga_1.question_version_id = qv.id) AND (ga_1.answer_session_id = ase.id))))
          GROUP BY u.id, vv.id, qv.id, c.id) sq
     LEFT JOIN public.given_answer ga ON ((ga.id = sq.latest_given_answer_id)))
  GROUP BY sq.user_id, sq.course_id
  ORDER BY sq.user_id, sq.course_id;


ALTER TABLE public.course_questions_success_view OWNER TO dev_service_user;

--
-- Name: video_playback_sample; Type: TABLE; Schema: public; Owner: dev_service_user
--

CREATE TABLE public.video_playback_sample (
    id integer NOT NULL,
    creation_date timestamp with time zone DEFAULT now() NOT NULL,
    from_seconds double precision NOT NULL,
    to_seconds double precision NOT NULL,
    video_version_id integer NOT NULL,
    user_id integer NOT NULL,
    video_playback_session_id integer NOT NULL
);


ALTER TABLE public.video_playback_sample OWNER TO dev_service_user;

--
-- Name: course_spent_time_view; Type: VIEW; Schema: public; Owner: dev_service_user
--

CREATE VIEW public.course_spent_time_view AS
 WITH exam_elapsed_time_cte AS (
         SELECT asev.user_id,
            cv.course_id,
            EXTRACT(epoch FROM sum((cicv.completion_date - asev.start_date))) AS exam_elapsed_time
           FROM ((((public.exam_version ev
             LEFT JOIN public.module_version mv ON ((mv.id = ev.module_version_id)))
             LEFT JOIN public.course_version cv ON ((cv.id = mv.course_version_id)))
             JOIN public.answer_session_view asev ON (((asev.exam_version_id = ev.id) AND (asev.start_date IS NOT NULL))))
             JOIN public.course_item_completion_view cicv ON ((cicv.answer_session_id = asev.answer_session_id)))
          WHERE ((asev.answer_session_type = 'exam'::text) AND (cicv.completion_date IS NOT NULL))
          GROUP BY asev.user_id, cv.course_id
        ), video_watch_elapsed_time_cte AS (
         SELECT vps.user_id,
            cv.course_id,
            sum((vps.to_seconds - vps.from_seconds)) AS video_elapsed_time
           FROM (((public.video_playback_sample vps
             LEFT JOIN public.video_version vv ON ((vv.id = vps.video_version_id)))
             LEFT JOIN public.module_version mv ON ((mv.id = vv.module_version_id)))
             LEFT JOIN public.course_version cv ON ((cv.id = mv.course_version_id)))
          GROUP BY cv.course_id, vps.user_id
        ), video_question_elapsed_time_cte AS (
         SELECT asv.user_id,
            cv.course_id,
            sum(ga.elapsed_seconds) AS video_question_elapsed_time
           FROM (((((public.given_answer ga
             LEFT JOIN public.answer_session_view asv ON ((asv.answer_session_id = ga.answer_session_id)))
             LEFT JOIN public.question_version qv ON ((qv.id = ga.question_version_id)))
             LEFT JOIN public.video_version vv ON ((vv.id = qv.video_version_id)))
             LEFT JOIN public.module_version mv ON ((mv.id = vv.module_version_id)))
             LEFT JOIN public.course_version cv ON ((cv.id = mv.course_version_id)))
          WHERE (ga.is_practise_answer IS NOT TRUE)
          GROUP BY asv.user_id, cv.course_id
        ), practise_question_elapsed_time_cte AS (
         SELECT asv.user_id,
            cv.course_id,
            ((count(ga.id) * 15))::integer AS practise_question_elapsed_time
           FROM (((((public.given_answer ga
             LEFT JOIN public.answer_session_view asv ON ((asv.answer_session_id = ga.answer_session_id)))
             LEFT JOIN public.question_version qv ON ((qv.id = ga.question_version_id)))
             LEFT JOIN public.video_version vv ON ((vv.id = qv.video_version_id)))
             LEFT JOIN public.module_version mv ON ((mv.id = vv.module_version_id)))
             LEFT JOIN public.course_version cv ON ((cv.id = mv.course_version_id)))
          WHERE (ga.is_practise_answer IS TRUE)
          GROUP BY asv.user_id, cv.course_id
        ), spent_time_sum_view_cte AS (
         SELECT eetc_1.user_id,
            eetc_1.course_id,
            sum(eetc_1.exam_elapsed_time) AS total_exam_session_elapsed_time,
            sum(vwetc_1.video_elapsed_time) AS total_video_watch_elapsed_time,
            sum(vqetc_1.video_question_elapsed_time) AS total_video_question_elapsed_time,
            sum(pqetc_1.practise_question_elapsed_time) AS total_practise_question_elapsed_time
           FROM (((exam_elapsed_time_cte eetc_1
             LEFT JOIN video_watch_elapsed_time_cte vwetc_1 ON (((vwetc_1.user_id = eetc_1.user_id) AND (vwetc_1.course_id = eetc_1.course_id))))
             LEFT JOIN video_question_elapsed_time_cte vqetc_1 ON (((vqetc_1.user_id = eetc_1.user_id) AND (vqetc_1.course_id = eetc_1.course_id))))
             LEFT JOIN practise_question_elapsed_time_cte pqetc_1 ON (((pqetc_1.user_id = eetc_1.user_id) AND (pqetc_1.course_id = eetc_1.course_id))))
          GROUP BY eetc_1.user_id, eetc_1.course_id
        )
 SELECT u.id AS user_id,
    co.id AS course_id,
    stsvc.total_exam_session_elapsed_time,
    stsvc.total_video_watch_elapsed_time,
    stsvc.total_video_question_elapsed_time,
    stsvc.total_practise_question_elapsed_time,
    ((((COALESCE(eetc.exam_elapsed_time, (0)::numeric))::double precision + COALESCE(vwetc.video_elapsed_time, (0)::double precision)) + COALESCE(vqetc.video_question_elapsed_time, (0)::double precision)) + (COALESCE(pqetc.practise_question_elapsed_time, 0))::double precision) AS total_spent_seconds
   FROM ((((((public."user" u
     CROSS JOIN public.course co)
     LEFT JOIN exam_elapsed_time_cte eetc ON (((eetc.user_id = u.id) AND (eetc.course_id = co.id))))
     LEFT JOIN video_watch_elapsed_time_cte vwetc ON (((vwetc.user_id = u.id) AND (vwetc.course_id = co.id))))
     LEFT JOIN video_question_elapsed_time_cte vqetc ON (((vqetc.user_id = u.id) AND (vqetc.course_id = co.id))))
     LEFT JOIN practise_question_elapsed_time_cte pqetc ON (((pqetc.user_id = u.id) AND (pqetc.course_id = co.id))))
     LEFT JOIN spent_time_sum_view_cte stsvc ON (((stsvc.user_id = u.id) AND (stsvc.course_id = co.id))))
  ORDER BY u.id, co.id;


ALTER TABLE public.course_spent_time_view OWNER TO dev_service_user;

--
-- Name: user_course_bridge; Type: TABLE; Schema: public; Owner: dev_service_user
--

CREATE TABLE public.user_course_bridge (
    id integer NOT NULL,
    creation_date timestamp with time zone DEFAULT now() NOT NULL,
    start_date timestamp with time zone,
    course_mode text DEFAULT 'beginner'::text NOT NULL,
    is_current boolean NOT NULL,
    current_item_code text,
    stage_name text NOT NULL,
    tempomat_mode text NOT NULL,
    previsioned_completion_date timestamp with time zone,
    required_completion_date timestamp with time zone,
    user_id integer NOT NULL,
    course_id integer NOT NULL
);


ALTER TABLE public.user_course_bridge OWNER TO dev_service_user;

--
-- Name: course_state_view; Type: VIEW; Schema: public; Owner: dev_service_user
--

CREATE VIEW public.course_state_view AS
 WITH sq AS (
         SELECT ucb.id,
            ucb.creation_date,
            ucb.start_date,
            ucb.course_mode,
            ucb.is_current,
            ucb.current_item_code,
            ucb.stage_name,
            ucb.tempomat_mode,
            ucb.previsioned_completion_date,
            ucb.required_completion_date,
            ucb.user_id,
            ucb.course_id,
            (ucb.id IS NOT NULL) AS has_bridge,
            (ccv.user_id IS NOT NULL) AS is_completed
           FROM (((public.course co
             CROSS JOIN public."user" u)
             LEFT JOIN public.course_completion_view ccv ON (((ccv.course_id = co.id) AND (ccv.user_id = u.id))))
             JOIN public.user_course_bridge ucb ON (((ucb.user_id = u.id) AND (ucb.course_id = co.id))))
        )
 SELECT sq.id,
    sq.creation_date,
    sq.start_date,
    sq.course_mode,
    sq.is_current,
    sq.current_item_code,
    sq.stage_name,
    sq.tempomat_mode,
    sq.previsioned_completion_date,
    sq.required_completion_date,
    sq.user_id,
    sq.course_id,
    sq.has_bridge,
    sq.is_completed,
    ((sq.has_bridge = true) AND (sq.is_completed = false)) AS in_progress
   FROM sq
  ORDER BY sq.user_id, sq.course_id;


ALTER TABLE public.course_state_view OWNER TO dev_service_user;

--
-- Name: permission; Type: TABLE; Schema: public; Owner: dev_service_user
--

CREATE TABLE public.permission (
    id integer NOT NULL,
    code text NOT NULL,
    scope text NOT NULL
);


ALTER TABLE public.permission OWNER TO dev_service_user;

--
-- Name: prequiz_answer; Type: TABLE; Schema: public; Owner: dev_service_user
--

CREATE TABLE public.prequiz_answer (
    id integer NOT NULL,
    text character varying NOT NULL,
    value double precision,
    question_id integer NOT NULL
);


ALTER TABLE public.prequiz_answer OWNER TO dev_service_user;

--
-- Name: prequiz_user_answer; Type: TABLE; Schema: public; Owner: dev_service_user
--

CREATE TABLE public.prequiz_user_answer (
    id integer NOT NULL,
    value integer,
    question_id integer NOT NULL,
    answer_id integer,
    user_id integer NOT NULL,
    course_id integer NOT NULL
);


ALTER TABLE public.prequiz_user_answer OWNER TO dev_service_user;

--
-- Name: signup_completed_view; Type: VIEW; Schema: public; Owner: dev_service_user
--

CREATE VIEW public.signup_completed_view AS
 SELECT u.id AS user_id,
    asev.is_completed AS is_signup_complete
   FROM ((public."user" u
     LEFT JOIN public.answer_session_view asv ON (((asv.user_id = u.id) AND (asv.answer_session_type = 'signup'::text))))
     LEFT JOIN public.answer_session_evaluation_view asev ON ((asev.answer_session_id = asv.answer_session_id)))
  ORDER BY u.id;


ALTER TABLE public.signup_completed_view OWNER TO dev_service_user;

--
-- Name: storage_file; Type: TABLE; Schema: public; Owner: dev_service_user
--

CREATE TABLE public.storage_file (
    id integer NOT NULL,
    file_path character varying NOT NULL
);


ALTER TABLE public.storage_file OWNER TO dev_service_user;

--
-- Name: tempomat_adjustment_value; Type: TABLE; Schema: public; Owner: dev_service_user
--

CREATE TABLE public.tempomat_adjustment_value (
    id integer NOT NULL,
    min_value integer NOT NULL,
    max_value integer NOT NULL,
    tempomat_mode text NOT NULL,
    prequiz_answer_id integer NOT NULL
);


ALTER TABLE public.tempomat_adjustment_value OWNER TO dev_service_user;

--
-- Name: user_course_bridge_view; Type: VIEW; Schema: public; Owner: dev_service_user
--

CREATE VIEW public.user_course_bridge_view AS
 SELECT ucb.id,
    ucb.user_id,
    ucb.course_id,
    ucb.creation_date,
    ucb.course_mode,
    ucb.is_current,
    ucb.current_item_code,
    ucb.stage_name AS current_stage_name,
    ucb.tempomat_mode,
    (ucb.start_date)::date AS start_date,
    (ucb.previsioned_completion_date)::date AS previsioned_completion_date,
    ((ucb.previsioned_completion_date)::date - (ucb.start_date)::date) AS previsioned_length_days,
    (ucb.required_completion_date)::date AS required_completion_date,
    ((ucb.required_completion_date)::date - CURRENT_DATE) AS required_length_days
   FROM public.user_course_bridge ucb;


ALTER TABLE public.user_course_bridge_view OWNER TO dev_service_user;

--
-- Name: user_course_completion_current_view; Type: VIEW; Schema: public; Owner: dev_service_user
--

CREATE VIEW public.user_course_completion_current_view AS
 SELECT sq.user_id,
    sq.course_id,
    sq.start_date,
    sq.required_completion_date,
    sq.previsioned_length_days,
    sq.required_length_days,
    sq.days_elapsed_since_start,
    sq.total_item_count,
    (sq.start_date + ('1 day'::interval day * (sq.previsioned_length_days)::double precision)) AS previsioned_completion_date,
    GREATEST(0, (sq.previsioned_length_days - sq.days_elapsed_since_start)) AS remaining_days,
    ceil(((sq.total_item_count)::numeric / (sq.previsioned_length_days)::numeric)) AS previsioned_items_per_day,
    ceil((((sq.total_item_count)::numeric / (sq.previsioned_length_days)::numeric) * (sq.days_elapsed_since_start)::numeric)) AS previsioned_items_completed_by_now,
    ceil(((100.0 / (sq.previsioned_length_days)::numeric) * (sq.days_elapsed_since_start)::numeric)) AS previsioned_percent_completed_by_now,
    GREATEST(0, (sq.required_length_days - COALESCE(sq.days_elapsed_since_start, 0))) AS required_remaining_days,
    ceil(((sq.total_item_count)::numeric / (sq.required_length_days)::numeric)) AS required_items_per_day,
    ceil((((sq.total_item_count)::numeric / (sq.required_length_days)::numeric) * (COALESCE(sq.days_elapsed_since_start, 1))::numeric)) AS required_items_completed_by_now,
    ceil(((100.0 / (sq.required_length_days)::numeric) * (COALESCE(sq.days_elapsed_since_start, 1))::numeric)) AS required_percent_completed_by_now
   FROM ( SELECT ucbv.user_id,
            ucbv.course_id,
            ucbv.start_date,
            ucbv.required_completion_date,
            ucbv.previsioned_length_days,
            ucbv.required_length_days,
            ((now())::date - ucbv.start_date) AS days_elapsed_since_start,
            cicv.item_count AS total_item_count
           FROM (public.user_course_bridge_view ucbv
             LEFT JOIN public.course_item_count_view cicv ON ((cicv.course_id = ucbv.course_id)))
          ORDER BY ucbv.user_id, ucbv.course_id) sq;


ALTER TABLE public.user_course_completion_current_view OWNER TO dev_service_user;

--
-- Name: user_prequiz_answers_view; Type: VIEW; Schema: public; Owner: dev_service_user
--

CREATE VIEW public.user_prequiz_answers_view AS
 WITH prequiz_question_answers_cte AS (
         SELECT pua.user_id,
            pua.course_id,
            pua.question_id,
            pua.value AS raw_value,
            pa.value AS answer_value,
            pa.id AS answer_id
           FROM (public.prequiz_user_answer pua
             LEFT JOIN public.prequiz_answer pa ON ((pa.id = pua.answer_id)))
          ORDER BY pua.user_id, pua.course_id, pua.question_id
        )
 SELECT ucb.user_id,
    ucb.course_id,
    ( SELECT pqa.raw_value
           FROM prequiz_question_answers_cte pqa
          WHERE ((pqa.user_id = ucb.user_id) AND (pqa.course_id = ucb.course_id) AND (pqa.question_id = 1))) AS experience,
    ( SELECT pqa.answer_id
           FROM prequiz_question_answers_cte pqa
          WHERE ((pqa.user_id = ucb.user_id) AND (pqa.course_id = ucb.course_id) AND (pqa.question_id = 2))) AS planned_usage_answer_id,
    ( SELECT round((((pqa.raw_value * 60) / 7))::double precision) AS round
           FROM prequiz_question_answers_cte pqa
          WHERE ((pqa.user_id = ucb.user_id) AND (pqa.course_id = ucb.course_id) AND (pqa.question_id = 3))) AS estimated_minutes_per_day
   FROM public.user_course_bridge ucb
  ORDER BY ucb.user_id, ucb.course_id;


ALTER TABLE public.user_prequiz_answers_view OWNER TO dev_service_user;

--
-- Name: user_course_completion_original_estimation_view; Type: VIEW; Schema: public; Owner: dev_service_user
--

CREATE VIEW public.user_course_completion_original_estimation_view AS
 SELECT sq.user_id,
    sq.course_id,
    sq.total_item_count,
    sq.start_date,
    sq.estimated_minutes_per_day,
    sq.course_duration_minutes,
    sq.previsioned_duration_days,
    (date_trunc('days'::text, sq.start_date) + ('1 day'::interval day * sq.previsioned_duration_days)) AS previsioned_completion_date,
    ceil(((sq.total_item_count)::double precision / sq.previsioned_duration_days)) AS previsioned_items_per_day
   FROM ( SELECT ucb.user_id,
            ucb.course_id,
            cicv.item_count AS total_item_count,
            date_trunc('days'::text, ucb.creation_date) AS start_date,
            upav.estimated_minutes_per_day,
            ceil(((clev.total_length_seconds)::numeric / 60.0)) AS course_duration_minutes,
            ceil(((((clev.total_length_seconds)::numeric / 60.0))::double precision / upav.estimated_minutes_per_day)) AS previsioned_duration_days
           FROM (((public.user_course_bridge ucb
             LEFT JOIN public.user_prequiz_answers_view upav ON (((upav.user_id = ucb.user_id) AND (upav.course_id = ucb.course_id))))
             LEFT JOIN public.course_length_estimation_view clev ON ((clev.course_id = ucb.course_id)))
             LEFT JOIN public.course_item_count_view cicv ON ((cicv.course_id = ucb.course_id)))
          ORDER BY ucb.user_id, ucb.course_id) sq;


ALTER TABLE public.user_course_completion_original_estimation_view OWNER TO dev_service_user;

--
-- Name: user_course_progress_actual_view; Type: VIEW; Schema: public; Owner: dev_service_user
--

CREATE VIEW public.user_course_progress_actual_view AS
 SELECT sq.user_id,
    sq.course_id,
    sq.days_elapsed_since_start,
    sq.total_completed_item_count,
    sq.total_item_count,
    ((NULLIF(sq.total_completed_item_count, 0))::double precision / NULLIF((sq.days_elapsed_since_start)::double precision, (0)::double precision)) AS avg_completed_items_per_day,
    round((((NULLIF(sq.total_completed_item_count, 0))::double precision / NULLIF((sq.total_item_count)::double precision, (0)::double precision)) * (100)::double precision)) AS completed_percentage,
    (sq.total_item_count - sq.total_completed_item_count) AS remaining_item_count
   FROM ( SELECT ucb.user_id,
            ucb.course_id,
            (((now())::date - (ucb.start_date)::date) + 1) AS days_elapsed_since_start,
            (count(*))::integer AS total_completed_item_count,
            coicv.item_count AS total_item_count
           FROM ((public.user_course_bridge ucb
             LEFT JOIN public.course_item_completion_view cicv ON (((cicv.user_id = ucb.user_id) AND (cicv.course_id = ucb.course_id))))
             LEFT JOIN public.course_item_count_view coicv ON ((ucb.course_id = coicv.course_id)))
          GROUP BY ucb.user_id, ucb.course_id, ucb.start_date, coicv.item_count) sq;


ALTER TABLE public.user_course_progress_actual_view OWNER TO dev_service_user;

--
-- Name: user_course_progress_view; Type: VIEW; Schema: public; Owner: dev_service_user
--

CREATE VIEW public.user_course_progress_view AS
 SELECT sq.user_id,
    sq.course_id,
    sq.previsioned_percent_completed_by_now,
    sq.required_percent_completed_by_now,
    sq.completed_percentage,
    sq.remaining_item_count,
    sq.previsioned_length_days,
    sq.total_item_count,
    sq.remaining_days,
        CASE
            WHEN ((ucb.required_completion_date IS NOT NULL) AND (ucb.start_date IS NOT NULL)) THEN ((sq.required_percent_completed_by_now)::double precision - sq.completed_percentage)
            WHEN ((ucb.required_completion_date IS NULL) AND (ucb.start_date IS NOT NULL)) THEN ((sq.previsioned_percent_completed_by_now)::double precision - sq.completed_percentage)
            ELSE NULL::double precision
        END AS lag_behind_percentage,
    ucb.tempomat_mode
   FROM (( SELECT ucccv.user_id,
            ucccv.course_id,
            ucccv.previsioned_percent_completed_by_now,
            ucccv.required_percent_completed_by_now,
            COALESCE(ucpa.completed_percentage, (0)::double precision) AS completed_percentage,
            ucpa.remaining_item_count,
            ucccv.previsioned_length_days,
            ucccv.total_item_count,
            ucccv.remaining_days
           FROM (public.user_course_completion_current_view ucccv
             LEFT JOIN public.user_course_progress_actual_view ucpa ON (((ucpa.course_id = ucccv.course_id) AND (ucpa.user_id = ucccv.user_id))))) sq
     LEFT JOIN public.user_course_bridge ucb ON (((ucb.course_id = sq.course_id) AND (ucb.user_id = sq.user_id))));


ALTER TABLE public.user_course_progress_view OWNER TO dev_service_user;

--
-- Name: tempomat_calculation_data_view; Type: VIEW; Schema: public; Owner: dev_service_user
--

CREATE VIEW public.tempomat_calculation_data_view AS
 SELECT ucb.user_id,
    ucb.course_id,
    ucb.required_completion_date,
    ucb.start_date,
    ucb.tempomat_mode,
    uccoev.previsioned_completion_date AS original_previsioned_completion_date,
    ucpa.total_item_count,
    ucpa.total_completed_item_count,
        CASE
            WHEN (ucb.tempomat_mode = 'light'::text) THEN (1)::numeric
            ELSE
            CASE
                WHEN (ucb.tempomat_mode = 'strict'::text) THEN (0)::numeric
                ELSE (((tav.min_value + (((tav.max_value - tav.min_value) / 10) * upav.experience)))::numeric * 0.01)
            END
        END AS tempomat_adjustment_value
   FROM (((((public.user_course_bridge ucb
     LEFT JOIN public.user_course_progress_view ucpv ON (((ucpv.course_id = ucb.course_id) AND (ucpv.user_id = ucb.user_id))))
     LEFT JOIN public.user_course_progress_actual_view ucpa ON (((ucpa.course_id = ucb.course_id) AND (ucpa.user_id = ucb.user_id))))
     LEFT JOIN public.user_course_completion_original_estimation_view uccoev ON (((uccoev.course_id = ucb.course_id) AND (uccoev.user_id = ucb.user_id))))
     LEFT JOIN public.user_prequiz_answers_view upav ON (((upav.user_id = ucb.user_id) AND (upav.course_id = ucb.course_id))))
     LEFT JOIN public.tempomat_adjustment_value tav ON (((tav.prequiz_answer_id = upav.planned_usage_answer_id) AND (tav.tempomat_mode = ucb.tempomat_mode))));


ALTER TABLE public.tempomat_calculation_data_view OWNER TO dev_service_user;

--
-- Name: user_permission_view; Type: VIEW; Schema: public; Owner: dev_service_user
--

CREATE VIEW public.user_permission_view AS
 WITH user_assigned_permissions AS (
         SELECT u.id AS assignee_user_id,
            pab.context_company_id,
            pab.context_course_id,
            NULL::integer AS role_id,
            pab.permission_id,
            pab.id AS assignment_bridge_id
           FROM (public."user" u
             JOIN public.permission_assignment_bridge pab ON ((pab.assignee_user_id = u.id)))
        ), role_inherited_permissions AS (
         SELECT u.id AS assignee_user_id,
            rab.context_company_id,
            NULL::integer AS context_course_id,
            rpb.role_id,
            rpb.permission_id,
            NULL::integer AS assignment_bridge_id
           FROM ((public."user" u
             JOIN public.role_assignment_bridge rab ON ((rab.assignee_user_id = u.id)))
             LEFT JOIN public.role_permission_bridge rpb ON ((rpb.role_id = rab.role_id)))
        ), company_inherited_permissions AS (
         SELECT u.id AS assignee_user_id,
            cpv.context_company_id,
            cpv.context_course_id,
            cpv.role_id,
            cpv.permission_id,
            NULL::integer AS assignment_bridge_id
           FROM (public.company_permission_view cpv
             JOIN public."user" u ON ((u.company_id = cpv.assignee_company_id)))
        ), inherited_or_assigned_permissions AS (
         SELECT uap.assignee_user_id,
            uap.context_company_id,
            uap.context_course_id,
            uap.role_id,
            uap.permission_id,
            uap.assignment_bridge_id
           FROM user_assigned_permissions uap
        UNION
         SELECT rip.assignee_user_id,
            rip.context_company_id,
            rip.context_course_id,
            rip.role_id,
            rip.permission_id,
            rip.assignment_bridge_id
           FROM role_inherited_permissions rip
        UNION
         SELECT cip.assignee_user_id,
            cip.context_company_id,
            cip.context_course_id,
            cip.role_id,
            cip.permission_id,
            cip.assignment_bridge_id
           FROM company_inherited_permissions cip
        ), watch_course_permissions AS (
         SELECT cab.user_id AS assignee_user_id,
            cab.course_id AS context_course_id,
            pe.id AS permission_id
           FROM (public.course_access_bridge cab
             LEFT JOIN public.permission pe ON ((pe.code = 'WATCH_COURSE'::text)))
        ), survey_permissions AS (
         SELECT u.id AS assignee_user_id,
            pe.id AS permission_id,
            u.company_id AS context_company_id
           FROM ((public."user" u
             LEFT JOIN public.signup_completed_view scv ON ((scv.user_id = u.id)))
             LEFT JOIN public.permission pe ON ((pe.code = 'BYPASS_SURVEY'::text)))
          WHERE ((u.is_survey_required = false) OR scv.is_signup_complete)
        ), user_god_permissions AS (
         SELECT u.id AS assignee_user_id,
            co.id AS context_company_id,
            cour.id AS context_course_id,
            comm.id AS context_comment_id,
            pe.id AS permission_id
           FROM ((((public.permission pe
             LEFT JOIN public.company co ON ((pe.scope = 'COMPANY'::text)))
             LEFT JOIN public.course cour ON ((pe.scope = 'COURSE'::text)))
             LEFT JOIN public.comment comm ON ((pe.scope = 'COMMENT'::text)))
             JOIN public."user" u ON ((u.is_god = true)))
          ORDER BY u.id, co.id, cour.id, pe.id
        ), comment_permissions AS (
         SELECT co.user_id AS assignee_user_id,
            co.id AS context_comment_id,
            pe.id AS permission_id
           FROM (public.comment co
             LEFT JOIN public.permission pe ON (((pe.code = 'EDIT_COMMENT'::text) OR (pe.code = 'DELETE_COMMENT'::text))))
        ), all_permissions AS (
         SELECT cp.assignee_user_id,
            NULL::integer AS context_company_id,
            NULL::integer AS context_course_id,
            cp.context_comment_id,
            NULL::integer AS role_id,
            cp.permission_id,
            NULL::integer AS assignment_bridge_id
           FROM comment_permissions cp
        UNION
         SELECT ioa.assignee_user_id,
            ioa.context_company_id,
            ioa.context_course_id,
            NULL::integer AS context_comment_id,
            ioa.role_id,
            ioa.permission_id,
            ioa.assignment_bridge_id
           FROM inherited_or_assigned_permissions ioa
        UNION
         SELECT ugp.assignee_user_id,
            ugp.context_company_id,
            ugp.context_course_id,
            ugp.context_comment_id,
            NULL::integer AS role_id,
            ugp.permission_id,
            NULL::integer AS assignment_bridge_id
           FROM user_god_permissions ugp
        UNION
         SELECT wcp.assignee_user_id,
            NULL::integer AS context_company_id,
            wcp.context_course_id,
            NULL::integer AS context_comment_id,
            NULL::integer AS role_id,
            wcp.permission_id,
            NULL::integer AS assignment_bridge_id
           FROM watch_course_permissions wcp
        UNION
         SELECT supe.assignee_user_id,
            supe.context_company_id,
            NULL::integer AS context_course_id,
            NULL::integer AS context_comment_id,
            NULL::integer AS role_id,
            supe.permission_id,
            NULL::integer AS assignment_bridge_id
           FROM survey_permissions supe
        ), v AS (
         SELECT u.id AS assignee_user_id,
            co.id AS context_company_id,
            co.name AS context_company_name,
            ap.context_course_id,
            cd.title AS context_course_name,
            ap.context_comment_id,
            pe.id AS permission_id,
            pe.code AS permission_code,
            pe.scope AS permission_scope,
            parent_ro.id AS parent_role_id,
            parent_ro.name AS parent_role_name,
            ap.assignment_bridge_id
           FROM (((((((public."user" u
             JOIN all_permissions ap ON ((ap.assignee_user_id = u.id)))
             JOIN public.permission pe ON ((pe.id = ap.permission_id)))
             LEFT JOIN public.company co ON ((co.id = ap.context_company_id)))
             LEFT JOIN public.latest_course_version_view lcv ON ((lcv.course_id = ap.context_course_id)))
             LEFT JOIN public.course_version cv ON ((cv.id = lcv.version_id)))
             LEFT JOIN public.course_data cd ON ((cd.id = cv.course_data_id)))
             LEFT JOIN public.role parent_ro ON ((parent_ro.id = ap.role_id)))
          ORDER BY u.id, ap.context_company_id, ap.context_course_id, pe.id
        )
 SELECT v.assignee_user_id,
    v.context_company_id,
    v.context_company_name,
    v.context_course_id,
    v.context_course_name,
    v.context_comment_id,
    v.permission_id,
    v.permission_code,
    v.permission_scope,
    v.parent_role_id,
    v.parent_role_name,
    v.assignment_bridge_id
   FROM v;


ALTER TABLE public.user_permission_view OWNER TO dev_service_user;

--
-- Name: user_practise_recommendation_view; Type: VIEW; Schema: public; Owner: dev_service_user
--

CREATE VIEW public.user_practise_recommendation_view AS
 WITH latest_given_answer_ids AS (
         SELECT max(ga.id) AS given_answer_id,
            ga.question_version_id,
            ase.user_id
           FROM (public.given_answer ga
             LEFT JOIN public.answer_session ase ON ((ase.id = ga.answer_session_id)))
          GROUP BY ga.question_version_id, ase.user_id
        ), answer_counts AS (
         SELECT vv_1.id AS video_version_id,
            count(ga.id) AS total_given_answer_count,
            sum((((ga.state)::text = 'CORRECT'::text))::integer) AS total_correct_answer_count
           FROM ((public.video_version vv_1
             LEFT JOIN public.question_version qv ON ((qv.video_version_id = vv_1.id)))
             LEFT JOIN public.given_answer ga ON ((ga.question_version_id = qv.id)))
          GROUP BY vv_1.id, ga.question_version_id
        ), video_is_recommended AS (
         SELECT vv_1.id AS video_version_id,
            ase.user_id,
            (sum((((ga.state)::text = 'CORRECT'::text))::integer) <> count(ga.id)) AS is_recommended
           FROM ((((public.video_version vv_1
             LEFT JOIN public.question_version qv ON ((qv.video_version_id = vv_1.id)))
             LEFT JOIN latest_given_answer_ids lgai ON ((lgai.question_version_id = qv.id)))
             LEFT JOIN public.given_answer ga ON ((ga.id = lgai.given_answer_id)))
             LEFT JOIN public.answer_session ase ON ((ase.id = ga.answer_session_id)))
          GROUP BY vv_1.id, ase.user_id
        )
 SELECT vv.id AS video_version_id,
    vv.video_id,
    vir.user_id,
    cv.id AS course_version_id,
    (ac.total_given_answer_count)::integer AS total_given_answer_count,
    (ac.total_correct_answer_count)::integer AS total_correct_answer_count,
    vir.is_recommended AS is_recommended_for_practise
   FROM ((((public.video_version vv
     LEFT JOIN public.module_version mv ON ((mv.id = vv.module_version_id)))
     LEFT JOIN public.course_version cv ON ((cv.id = mv.course_version_id)))
     LEFT JOIN video_is_recommended vir ON ((vir.video_version_id = vv.id)))
     LEFT JOIN answer_counts ac ON ((ac.video_version_id = vv.id)));


ALTER TABLE public.user_practise_recommendation_view OWNER TO dev_service_user;

--
-- Name: admin_user_courses_view; Type: VIEW; Schema: public; Owner: dev_service_user
--

CREATE VIEW public.admin_user_courses_view AS
 WITH question_answer_cte AS (
         SELECT asv.user_id,
            cv_1.course_id,
            sum(asv.answered_question_count) AS answered_question_count,
            sum(
                CASE
                    WHEN (asv.answer_session_type = 'practise'::text) THEN asv.answered_question_count
                    ELSE (0)::bigint
                END) AS practise_quesiton_answer_count,
            sum(
                CASE
                    WHEN (asv.answer_session_type = 'video'::text) THEN asv.answered_question_count
                    ELSE (0)::bigint
                END) AS video_quesiton_answer_count
           FROM ((((public.given_answer ga
             LEFT JOIN public.answer_session_view asv ON ((asv.answer_session_id = ga.answer_session_id)))
             LEFT JOIN public.video_version vv ON ((vv.id = asv.video_version_id)))
             LEFT JOIN public.module_version mv ON ((mv.id = vv.module_version_id)))
             JOIN public.course_version cv_1 ON ((cv_1.id = mv.course_version_id)))
          GROUP BY asv.user_id, cv_1.course_id
          ORDER BY asv.user_id, cv_1.course_id
        ), avg_performance_cte AS (
         SELECT upv_1.course_id,
            avg(upv_1.performance_percentage) AS avg_performance
           FROM public.user_performance_view upv_1
          WHERE (upv_1.performance_percentage <> (0)::double precision)
          GROUP BY upv_1.course_id
        ), completed_video_count AS (
         SELECT cicv.user_id,
            cicv.course_id,
            count(cicv.video_version_id) AS completed_video_count
           FROM public.course_item_completion_view cicv
          GROUP BY cicv.user_id, cicv.course_id
        ), is_final_exam_completed_cte AS (
         SELECT cv_1.course_id,
            cic.user_id,
            (count(*) > 0) AS is_final_exam_completed
           FROM ((((public.course_item_completion_view cic
             LEFT JOIN public.exam_version ev ON ((ev.id = cic.exam_version_id)))
             LEFT JOIN public.exam_data ed ON ((ed.id = ev.exam_data_id)))
             LEFT JOIN public.module_version mv ON ((mv.id = ev.module_version_id)))
             LEFT JOIN public.course_version cv_1 ON ((cv_1.id = mv.course_version_id)))
          WHERE (ed.is_final IS TRUE)
          GROUP BY cv_1.course_id, cic.user_id
        ), correct_answer_rate_cte AS (
         SELECT cqsv.course_id,
            cqsv.user_id,
                CASE
                    WHEN (cqsv.total_answer_count > 0) THEN ((((cqsv.correct_answer_count)::double precision / (cqsv.total_answer_count)::double precision) * (100)::double precision))::integer
                    ELSE 0
                END AS correct_answer_rate
           FROM public.course_questions_success_view cqsv
        ), completed_exam_count_cte AS (
         SELECT cv_1.course_id,
            cic.user_id,
            (count(*))::integer AS completed_exam_count
           FROM ((((public.course_item_completion_view cic
             LEFT JOIN public.exam_version ev ON ((ev.id = cic.exam_version_id)))
             LEFT JOIN public.exam ex ON ((ex.id = ev.exam_id)))
             LEFT JOIN public.module_version mv ON ((mv.id = ev.module_version_id)))
             LEFT JOIN public.course_version cv_1 ON ((cv_1.id = mv.course_version_id)))
          WHERE ((ex.is_pretest = false) AND (ex.is_signup = false))
          GROUP BY cv_1.course_id, cic.user_id
        ), recommended_videos_for_practise_cte AS (
         SELECT cv_1.course_id,
            uprv.user_id,
            (count(uprv.total_given_answer_count))::integer AS recommended_videos_for_practise_count
           FROM ((public.user_practise_recommendation_view uprv
             LEFT JOIN public.course_version cv_1 ON ((cv_1.id = uprv.course_version_id)))
             LEFT JOIN public.course_state_view cosv_1 ON (((cosv_1.course_id = cv_1.course_id) AND (cosv_1.user_id = uprv.user_id))))
          WHERE ((uprv.total_given_answer_count = 3) AND (uprv.is_recommended_for_practise IS TRUE) AND (cosv_1.in_progress IS TRUE))
          GROUP BY cv_1.course_id, uprv.user_id
        )
 SELECT u.id AS user_id,
    co.id AS course_id,
    (upev.assignee_user_id IS NOT NULL) AS is_accessible,
    (ucb.id IS NOT NULL) AS is_assigned,
    cv.id AS course_version_id,
    cd.title,
    sf.file_path AS cover_file_path,
    cosv.start_date,
    ucpav.completed_percentage AS course_progress_percentage,
    cvc.completed_video_count,
    cstv.total_spent_seconds,
    COALESCE(qac.video_quesiton_answer_count, (0)::numeric) AS answered_video_question_count,
    COALESCE(qac.practise_quesiton_answer_count, (0)::numeric) AS answered_practise_question_count,
    tcdv.required_completion_date,
    tcdv.tempomat_adjustment_value,
    tcdv.tempomat_mode,
    tcdv.original_previsioned_completion_date,
    tcdv.total_item_count,
    tcdv.total_completed_item_count,
    (upv.performance_percentage - apc.avg_performance) AS difference_from_average_performance_percentage,
    upv.performance_percentage,
    apc.avg_performance,
    ifecc.is_final_exam_completed,
    carc.correct_answer_rate,
    cecc.completed_exam_count,
    rvfpc.recommended_videos_for_practise_count,
    ((ucb.stage_name <> 'assigned'::text) AND (ucb.stage_name IS NOT NULL)) AS is_tempomat_ready
   FROM ((((((((((((((((((((public."user" u
     JOIN public.course_access_bridge cab ON ((cab.company_id = u.company_id)))
     LEFT JOIN public.course co ON ((co.id = cab.course_id)))
     LEFT JOIN public.user_permission_view upev ON (((upev.assignee_user_id = u.id) AND (upev.context_course_id = co.id) AND (upev.permission_code = 'WATCH_COURSE'::text))))
     LEFT JOIN public.user_course_bridge ucb ON (((ucb.course_id = co.id) AND (ucb.user_id = u.id))))
     LEFT JOIN public.latest_course_version_view lcvv ON ((lcvv.course_id = co.id)))
     LEFT JOIN public.course_version cv ON ((cv.id = lcvv.version_id)))
     LEFT JOIN public.course_data cd ON ((cd.id = cv.course_data_id)))
     LEFT JOIN public.user_course_progress_actual_view ucpav ON (((ucpav.user_id = u.id) AND (ucpav.course_id = co.id))))
     LEFT JOIN public.course_state_view cosv ON (((cosv.course_id = co.id) AND (cosv.user_id = u.id))))
     LEFT JOIN public.course_spent_time_view cstv ON (((cstv.user_id = u.id) AND (cstv.course_id = co.id))))
     LEFT JOIN public.tempomat_calculation_data_view tcdv ON (((tcdv.user_id = u.id) AND (tcdv.course_id = co.id))))
     LEFT JOIN public.storage_file sf ON ((sf.id = cd.cover_file_id)))
     LEFT JOIN question_answer_cte qac ON (((qac.course_id = co.id) AND (qac.user_id = u.id))))
     LEFT JOIN public.user_performance_view upv ON (((upv.user_id = u.id) AND (upv.course_id = co.id))))
     LEFT JOIN completed_video_count cvc ON (((cvc.user_id = u.id) AND (cvc.course_id = co.id))))
     LEFT JOIN avg_performance_cte apc ON ((apc.course_id = co.id)))
     LEFT JOIN is_final_exam_completed_cte ifecc ON (((ifecc.course_id = co.id) AND (ifecc.user_id = u.id))))
     LEFT JOIN correct_answer_rate_cte carc ON (((carc.course_id = co.id) AND (carc.user_id = u.id))))
     LEFT JOIN completed_exam_count_cte cecc ON (((cecc.course_id = co.id) AND (cecc.user_id = u.id))))
     LEFT JOIN recommended_videos_for_practise_cte rvfpc ON (((rvfpc.course_id = co.id) AND (rvfpc.user_id = u.id))))
  ORDER BY u.id, (ucb.id IS NULL), co.id;


ALTER TABLE public.admin_user_courses_view OWNER TO dev_service_user;

--
-- Name: answer; Type: TABLE; Schema: public; Owner: dev_service_user
--

CREATE TABLE public.answer (
    id integer NOT NULL
);


ALTER TABLE public.answer OWNER TO dev_service_user;

--
-- Name: answer_data; Type: TABLE; Schema: public; Owner: dev_service_user
--

CREATE TABLE public.answer_data (
    id integer NOT NULL,
    text character varying NOT NULL,
    is_correct boolean NOT NULL
);


ALTER TABLE public.answer_data OWNER TO dev_service_user;

--
-- Name: answer_data_id_seq; Type: SEQUENCE; Schema: public; Owner: dev_service_user
--

CREATE SEQUENCE public.answer_data_id_seq
    AS integer
    START WITH 1
    INCREMENT BY 1
    NO MINVALUE
    NO MAXVALUE
    CACHE 1;


ALTER TABLE public.answer_data_id_seq OWNER TO dev_service_user;

--
-- Name: answer_data_id_seq; Type: SEQUENCE OWNED BY; Schema: public; Owner: dev_service_user
--

ALTER SEQUENCE public.answer_data_id_seq OWNED BY public.answer_data.id;


--
-- Name: answer_given_answer_bridge; Type: TABLE; Schema: public; Owner: dev_service_user
--

CREATE TABLE public.answer_given_answer_bridge (
    id integer NOT NULL,
    deletion_date timestamp without time zone,
    given_answer_id integer NOT NULL,
    answer_version_id integer NOT NULL
);


ALTER TABLE public.answer_given_answer_bridge OWNER TO dev_service_user;

--
-- Name: answer_given_answer_bridge_id_seq; Type: SEQUENCE; Schema: public; Owner: dev_service_user
--

CREATE SEQUENCE public.answer_given_answer_bridge_id_seq
    AS integer
    START WITH 1
    INCREMENT BY 1
    NO MINVALUE
    NO MAXVALUE
    CACHE 1;


ALTER TABLE public.answer_given_answer_bridge_id_seq OWNER TO dev_service_user;

--
-- Name: answer_given_answer_bridge_id_seq; Type: SEQUENCE OWNED BY; Schema: public; Owner: dev_service_user
--

ALTER SEQUENCE public.answer_given_answer_bridge_id_seq OWNED BY public.answer_given_answer_bridge.id;


--
-- Name: answer_id_seq; Type: SEQUENCE; Schema: public; Owner: dev_service_user
--

CREATE SEQUENCE public.answer_id_seq
    AS integer
    START WITH 1
    INCREMENT BY 1
    NO MINVALUE
    NO MAXVALUE
    CACHE 1;


ALTER TABLE public.answer_id_seq OWNER TO dev_service_user;

--
-- Name: answer_id_seq; Type: SEQUENCE OWNED BY; Schema: public; Owner: dev_service_user
--

ALTER SEQUENCE public.answer_id_seq OWNED BY public.answer.id;


--
-- Name: answer_session_id_seq; Type: SEQUENCE; Schema: public; Owner: dev_service_user
--

CREATE SEQUENCE public.answer_session_id_seq
    AS integer
    START WITH 1
    INCREMENT BY 1
    NO MINVALUE
    NO MAXVALUE
    CACHE 1;


ALTER TABLE public.answer_session_id_seq OWNER TO dev_service_user;

--
-- Name: answer_session_id_seq; Type: SEQUENCE OWNED BY; Schema: public; Owner: dev_service_user
--

ALTER SEQUENCE public.answer_session_id_seq OWNED BY public.answer_session.id;


--
-- Name: answer_version; Type: TABLE; Schema: public; Owner: dev_service_user
--

CREATE TABLE public.answer_version (
    id integer NOT NULL,
    question_version_id integer NOT NULL,
    answer_id integer NOT NULL,
    answer_data_id integer NOT NULL
);


ALTER TABLE public.answer_version OWNER TO dev_service_user;

--
-- Name: answer_version_id_seq; Type: SEQUENCE; Schema: public; Owner: dev_service_user
--

CREATE SEQUENCE public.answer_version_id_seq
    AS integer
    START WITH 1
    INCREMENT BY 1
    NO MINVALUE
    NO MAXVALUE
    CACHE 1;


ALTER TABLE public.answer_version_id_seq OWNER TO dev_service_user;

--
-- Name: answer_version_id_seq; Type: SEQUENCE OWNED BY; Schema: public; Owner: dev_service_user
--

ALTER SEQUENCE public.answer_version_id_seq OWNED BY public.answer_version.id;


--
-- Name: assignable_permission_view; Type: VIEW; Schema: public; Owner: dev_service_user
--

CREATE VIEW public.assignable_permission_view AS
 WITH permissions AS (
         SELECT upv.assignee_user_id,
            upv.context_company_id,
            pe.id AS permission_id,
            pe.code AS permission_code,
            pe.scope AS permission_scope
           FROM (public.permission pe
             JOIN public.user_permission_view upv ON ((((upv.permission_code = 'ASSIGN_COMPANY_PERMISSIONS'::text) AND (pe.scope = 'COMPANY'::text)) OR ((upv.permission_code = 'ASSIGN_GLOBAL_PERMISSIONS'::text) AND (pe.scope = 'USER'::text)) OR ((upv.permission_code = 'ASSIGN_COURSE_PERMISSIONS'::text) AND (pe.scope = 'COURSE'::text)))))
        )
 SELECT permissions.assignee_user_id,
    permissions.context_company_id,
    permissions.permission_id,
    permissions.permission_code,
    permissions.permission_scope
   FROM permissions
  ORDER BY permissions.assignee_user_id, permissions.permission_scope, permissions.context_company_id, permissions.permission_id;


ALTER TABLE public.assignable_permission_view OWNER TO dev_service_user;

--
-- Name: user_role_view; Type: VIEW; Schema: public; Owner: dev_service_user
--

CREATE VIEW public.user_role_view AS
 WITH god_roles AS (
         SELECT u_1.id AS assignee_user_id,
            NULL::integer AS assignment_bridge_id,
            co_1.id AS context_company_id,
            ro_1.id AS role_id,
            false AS is_inherited
           FROM ((public.company co_1
             LEFT JOIN public.role ro_1 ON (((ro_1.is_custom = false) OR (ro_1.company_id = co_1.id))))
             JOIN public."user" u_1 ON (u_1.is_god))
        ), assigned_roles AS (
         SELECT u_1.id AS assignee_user_id,
            rab.id AS assignment_bridge_id,
            rab.context_company_id,
            rab.role_id,
            false AS is_inherited
           FROM (public."user" u_1
             JOIN public.role_assignment_bridge rab ON ((rab.assignee_user_id = u_1.id)))
        ), comp_inherited_roles AS (
         SELECT u_1.id AS assignee_user_id,
            rab.id AS assignment_bridge_id,
            rab.context_company_id,
            rab.role_id,
            true AS is_inherited
           FROM (public."user" u_1
             JOIN public.role_assignment_bridge rab ON ((rab.assignee_company_id = u_1.company_id)))
        ), all_roles AS (
         SELECT god_roles.assignee_user_id,
            god_roles.assignment_bridge_id,
            god_roles.context_company_id,
            god_roles.role_id,
            god_roles.is_inherited
           FROM god_roles
        UNION
         SELECT assigned_roles.assignee_user_id,
            assigned_roles.assignment_bridge_id,
            assigned_roles.context_company_id,
            assigned_roles.role_id,
            assigned_roles.is_inherited
           FROM assigned_roles
        UNION
         SELECT comp_inherited_roles.assignee_user_id,
            comp_inherited_roles.assignment_bridge_id,
            comp_inherited_roles.context_company_id,
            comp_inherited_roles.role_id,
            comp_inherited_roles.is_inherited
           FROM comp_inherited_roles
        )
 SELECT all_roles.assignment_bridge_id,
    co.id AS context_company_id,
    co.name AS context_company_name,
    ro.id AS role_id,
    ro.name AS role_name,
    u.id AS assignee_user_id,
    all_roles.is_inherited,
    pe.id AS permission_id,
    pe.code AS permission_code
   FROM (((((all_roles
     LEFT JOIN public.company co ON ((co.id = all_roles.context_company_id)))
     LEFT JOIN public.role ro ON ((ro.id = all_roles.role_id)))
     LEFT JOIN public."user" u ON ((u.id = all_roles.assignee_user_id)))
     LEFT JOIN public.role_permission_bridge rpb ON ((rpb.role_id = all_roles.role_id)))
     LEFT JOIN public.permission pe ON ((pe.id = rpb.permission_id)))
  ORDER BY u.id, co.id, ro.id;


ALTER TABLE public.user_role_view OWNER TO dev_service_user;

--
-- Name: assignable_role_view; Type: VIEW; Schema: public; Owner: dev_service_user
--

CREATE VIEW public.assignable_role_view AS
 WITH assignable_role_ids AS (
         SELECT u.id AS assigner_user_id,
            upv.context_company_id,
            ro.id AS role_id,
            ro.name AS role_name
           FROM ((public."user" u
             LEFT JOIN public.user_permission_view upv ON (((upv.assignee_user_id = u.id) AND ((upv.permission_code = 'ASSIGN_PREDEFINED_ROLES'::text) OR (upv.permission_code = 'ASSIGN_CUSTOM_ROLES'::text)))))
             JOIN public.role ro ON ((((ro.is_custom = false) AND (upv.permission_code = 'ASSIGN_PREDEFINED_ROLES'::text)) OR ((ro.company_id = upv.context_company_id) AND (upv.permission_code = 'ASSIGN_CUSTOM_ROLES'::text)))))
          ORDER BY u.id, upv.context_company_id, ro.id
        ), roles AS (
         SELECT assigner_u.id AS assigner_user_id,
            assignee_u.id AS assignee_user_id,
            co.id AS context_company_id,
            co.name AS context_company_name,
            ro.id AS role_id,
            ro.name AS role_name,
            ro.is_custom,
                CASE
                    WHEN ro.is_custom THEN co.id
                    ELSE NULL::integer
                END AS owner_company_id,
                CASE
                    WHEN ro.is_custom THEN co.name
                    ELSE NULL::character varying
                END AS owner_company_name,
            (urv.role_id IS NOT NULL) AS is_assigned,
                CASE
                    WHEN assignee_u.is_god THEN false
                    ELSE (ari.role_id IS NOT NULL)
                END AS can_assign
           FROM (((((public."user" assigner_u
             CROSS JOIN public."user" assignee_u)
             CROSS JOIN public.company co)
             LEFT JOIN public.role ro ON (((ro.is_custom = false) OR (ro.company_id = co.id))))
             LEFT JOIN public.user_role_view urv ON (((urv.assignee_user_id = assignee_u.id) AND (urv.role_id = ro.id) AND ((urv.context_company_id IS NULL) OR (urv.context_company_id = co.id)))))
             LEFT JOIN assignable_role_ids ari ON (((ari.assigner_user_id = assigner_u.id) AND (ari.role_id = ro.id) AND (ari.context_company_id = co.id))))
          ORDER BY assigner_u.id, assignee_u.id, co.id, ro.id
        ), perm_join AS (
         SELECT ro.assigner_user_id,
            ro.assignee_user_id,
            ro.context_company_id,
            ro.context_company_name,
            ro.role_id,
            ro.role_name,
            ro.is_custom,
            ro.owner_company_id,
            ro.owner_company_name,
            ro.is_assigned,
            ro.can_assign,
            pe.id AS permission_id,
            pe.code AS permission_code
           FROM ((roles ro
             LEFT JOIN public.role_permission_bridge rpb ON ((rpb.role_id = ro.role_id)))
             LEFT JOIN public.permission pe ON ((pe.id = rpb.permission_id)))
          ORDER BY ro.assigner_user_id, ro.assignee_user_id, ro.context_company_id, ro.role_id, rpb.permission_id
        )
 SELECT perm_join.assigner_user_id,
    perm_join.assignee_user_id,
    perm_join.context_company_id,
    perm_join.context_company_name,
    perm_join.role_id,
    perm_join.role_name,
    perm_join.is_custom,
    perm_join.owner_company_id,
    perm_join.owner_company_name,
    perm_join.is_assigned,
    perm_join.can_assign,
    perm_join.permission_id,
    perm_join.permission_code
   FROM perm_join;


ALTER TABLE public.assignable_role_view OWNER TO dev_service_user;

--
-- Name: course_category; Type: TABLE; Schema: public; Owner: dev_service_user
--

CREATE TABLE public.course_category (
    id integer NOT NULL,
    name character varying NOT NULL,
    parent_category_id integer
);


ALTER TABLE public.course_category OWNER TO dev_service_user;

--
-- Name: course_video_count_view; Type: VIEW; Schema: public; Owner: dev_service_user
--

CREATE VIEW public.course_video_count_view AS
 SELECT (count(vv.id))::integer AS video_count,
    mv.course_version_id
   FROM (public.video_version vv
     LEFT JOIN public.module_version mv ON ((mv.id = vv.module_version_id)))
  GROUP BY mv.course_version_id;


ALTER TABLE public.course_video_count_view OWNER TO dev_service_user;

--
-- Name: course_video_length_view; Type: VIEW; Schema: public; Owner: dev_service_user
--

CREATE VIEW public.course_video_length_view AS
 SELECT mv.course_version_id,
    (COALESCE(sum(vd.video_file_length_seconds), (0)::double precision))::integer AS sum_length_seconds
   FROM (((public.video v
     LEFT JOIN public.video_version vv ON ((vv.video_id = v.id)))
     LEFT JOIN public.video_data vd ON ((vd.id = vv.video_data_id)))
     LEFT JOIN public.module_version mv ON ((mv.id = vv.module_version_id)))
  WHERE (mv.course_version_id IS NOT NULL)
  GROUP BY mv.course_version_id;


ALTER TABLE public.course_video_length_view OWNER TO dev_service_user;

--
-- Name: latest_answer_session_view; Type: VIEW; Schema: public; Owner: dev_service_user
--

CREATE VIEW public.latest_answer_session_view AS
 SELECT ase.user_id,
    ase.exam_version_id,
    ase.video_version_id,
    max(ase.id) AS answer_session_id
   FROM public.answer_session ase
  WHERE ((ase.exam_version_id IS NOT NULL) OR (ase.video_version_id IS NOT NULL))
  GROUP BY ase.user_id, ase.exam_version_id, ase.video_version_id;


ALTER TABLE public.latest_answer_session_view OWNER TO dev_service_user;

--
-- Name: latest_exam_view; Type: VIEW; Schema: public; Owner: dev_service_user
--

CREATE VIEW public.latest_exam_view AS
 SELECT ev.exam_id,
    max(ev.id) AS exam_version_id,
    cv.course_id,
    ex.is_pretest
   FROM (((public.exam_version ev
     LEFT JOIN public.exam ex ON ((ex.id = ev.exam_id)))
     LEFT JOIN public.module_version mv ON ((mv.id = ev.module_version_id)))
     LEFT JOIN public.course_version cv ON ((cv.id = mv.course_version_id)))
  GROUP BY ev.exam_id, cv.course_id, ex.is_pretest;


ALTER TABLE public.latest_exam_view OWNER TO dev_service_user;

--
-- Name: available_course_view; Type: VIEW; Schema: public; Owner: dev_service_user
--

CREATE VIEW public.available_course_view AS
 WITH assigned_courses AS (
         SELECT u_1.id AS user_id,
            co_1.id AS course_id
           FROM ((public."user" u_1
             JOIN public.user_permission_view upv ON (((upv.assignee_user_id = u_1.id) AND (upv.permission_code = 'WATCH_COURSE'::text))))
             JOIN public.course co_1 ON ((co_1.id = upv.context_course_id)))
        ), completed_videos AS (
         SELECT cicv.user_id,
            cicv.course_version_id,
            count(*) AS completed_video_count
           FROM public.course_item_completion_view cicv
          WHERE (cicv.video_version_id IS NOT NULL)
          GROUP BY cicv.course_version_id, cicv.user_id
        ), final_exam_score_percentage AS (
         SELECT lasv.user_id,
            lev.course_id,
            max(esv.exam_score) AS final_exam_score_percentage
           FROM ((((public.latest_answer_session_view lasv
             JOIN public.latest_exam_view lev ON ((lev.exam_version_id = lasv.exam_version_id)))
             JOIN public.exam_version ev ON ((ev.id = lev.exam_version_id)))
             JOIN public.exam_data ed ON (((ed.id = ev.exam_data_id) AND (ed.is_final = true))))
             LEFT JOIN public.exam_score_view esv ON ((esv.exam_version_id = ev.id)))
          GROUP BY lasv.user_id, lev.course_id
        )
 SELECT u.id AS user_id,
    co.id AS course_id,
    cd.title,
    true AS can_view,
    sf.file_path,
    cosv.is_completed,
    cosv.in_progress AS is_started,
    csc.id AS sub_category_id,
    cd.is_featured,
    false AS is_recommended,
    cc.id AS category_id,
    cc.name AS category_name,
    csc.name AS sub_category_name,
    ucb.current_item_code,
    ucb.stage_name,
    ucb.required_completion_date,
    cov.completed_video_count,
    fesp.final_exam_score_percentage,
    teacher.id AS teacher_id,
    teacher.first_name AS teacher_first_name,
    teacher.last_name AS teacher_last_name,
    cvlv.sum_length_seconds AS total_video_sum_length_seconds,
    cvcv.video_count AS total_video_count,
    cd.difficulty,
    cd.benchmark
   FROM (((((((((((((((assigned_courses ac
     LEFT JOIN public.course co ON ((co.id = ac.course_id)))
     LEFT JOIN public.latest_course_version_view lcv ON ((lcv.course_id = co.id)))
     LEFT JOIN public.course_version cv ON ((cv.id = lcv.version_id)))
     LEFT JOIN public.course_data cd ON ((cd.id = cv.course_data_id)))
     LEFT JOIN public."user" u ON ((u.id = ac.user_id)))
     LEFT JOIN public.course_video_length_view cvlv ON ((cvlv.course_version_id = cv.id)))
     LEFT JOIN public.course_video_count_view cvcv ON ((cvcv.course_version_id = cv.id)))
     LEFT JOIN public.course_state_view cosv ON (((cosv.course_id = co.id) AND (cosv.user_id = u.id))))
     LEFT JOIN public.storage_file sf ON ((sf.id = cd.cover_file_id)))
     LEFT JOIN public.user_course_bridge ucb ON (((ucb.user_id = u.id) AND (ucb.course_id = co.id))))
     LEFT JOIN public.course_category cc ON ((cc.id = cd.category_id)))
     LEFT JOIN public.course_category csc ON ((csc.id = cd.sub_category_id)))
     LEFT JOIN public."user" teacher ON ((teacher.id = cd.teacher_id)))
     LEFT JOIN completed_videos cov ON (((cov.user_id = u.id) AND (cov.course_version_id = cv.id))))
     LEFT JOIN final_exam_score_percentage fesp ON (((fesp.user_id = u.id) AND (fesp.course_id = co.id))))
  WHERE (co.deletion_date IS NULL)
  ORDER BY u.id, co.id;


ALTER TABLE public.available_course_view OWNER TO dev_service_user;

--
-- Name: coin_transaction; Type: TABLE; Schema: public; Owner: dev_service_user
--

CREATE TABLE public.coin_transaction (
    id integer NOT NULL,
    creation_date timestamp with time zone DEFAULT now() NOT NULL,
    amount integer NOT NULL,
    is_gifted boolean DEFAULT false NOT NULL,
    user_id integer NOT NULL,
    activity_session_id integer,
    video_id integer,
    given_answer_id integer,
    given_answer_streak_id integer,
    activity_streak_id integer,
    shop_item_id integer,
    CONSTRAINT coin_transaction_valid_relation_enforce_constraint CHECK (((activity_session_id IS NOT NULL) OR (video_id IS NOT NULL) OR (given_answer_id IS NOT NULL) OR (given_answer_streak_id IS NOT NULL) OR (activity_streak_id IS NOT NULL) OR (shop_item_id IS NOT NULL) OR is_gifted))
);


ALTER TABLE public.coin_transaction OWNER TO dev_service_user;

--
-- Name: coin_acquire_per_course_view; Type: VIEW; Schema: public; Owner: dev_service_user
--

CREATE VIEW public.coin_acquire_per_course_view AS
 SELECT ct.id,
    ct.user_id,
    co.id AS course_id,
    (sum(ct.amount))::integer AS amount
   FROM (((((((public.course co
     LEFT JOIN public.course_version cv ON ((cv.course_id = co.id)))
     LEFT JOIN public.module_version mv ON ((mv.course_version_id = cv.id)))
     LEFT JOIN public.video_version vv ON ((vv.module_version_id = mv.id)))
     LEFT JOIN public.exam_version ev ON ((ev.module_version_id = mv.id)))
     LEFT JOIN public.question_version qv ON (((qv.video_version_id = vv.id) AND (qv.exam_version_id = ev.id))))
     LEFT JOIN public.given_answer ga ON ((ga.question_version_id = qv.id)))
     LEFT JOIN public.coin_transaction ct ON ((ct.given_answer_id = ga.id)))
  GROUP BY co.id, ct.user_id, ct.id;


ALTER TABLE public.coin_acquire_per_course_view OWNER TO dev_service_user;

--
-- Name: coin_balance_view; Type: VIEW; Schema: public; Owner: dev_service_user
--

CREATE VIEW public.coin_balance_view AS
 SELECT u.id AS user_id,
        CASE
            WHEN (sum(ca.amount) IS NULL) THEN (0)::bigint
            ELSE sum(ca.amount)
        END AS coin_balance
   FROM (public."user" u
     LEFT JOIN public.coin_transaction ca ON ((ca.user_id = u.id)))
  GROUP BY u.id;


ALTER TABLE public.coin_balance_view OWNER TO dev_service_user;

--
-- Name: coin_transaction_id_seq; Type: SEQUENCE; Schema: public; Owner: dev_service_user
--

CREATE SEQUENCE public.coin_transaction_id_seq
    AS integer
    START WITH 1
    INCREMENT BY 1
    NO MINVALUE
    NO MAXVALUE
    CACHE 1;


ALTER TABLE public.coin_transaction_id_seq OWNER TO dev_service_user;

--
-- Name: coin_transaction_id_seq; Type: SEQUENCE OWNED BY; Schema: public; Owner: dev_service_user
--

ALTER SEQUENCE public.coin_transaction_id_seq OWNED BY public.coin_transaction.id;


--
-- Name: shop_item; Type: TABLE; Schema: public; Owner: dev_service_user
--

CREATE TABLE public.shop_item (
    id integer NOT NULL,
    name text,
    purchase_limit integer,
    details_url text,
    coin_price integer NOT NULL,
    currency_price integer NOT NULL,
    shop_item_category_id integer NOT NULL,
    cover_file_id integer,
    course_id integer,
    discount_codes_id integer
);


ALTER TABLE public.shop_item OWNER TO dev_service_user;

--
-- Name: shop_item_category; Type: TABLE; Schema: public; Owner: dev_service_user
--

CREATE TABLE public.shop_item_category (
    id integer NOT NULL,
    name character varying NOT NULL,
    shop_items_id integer
);


ALTER TABLE public.shop_item_category OWNER TO dev_service_user;

--
-- Name: shop_item_stateful_view; Type: VIEW; Schema: public; Owner: dev_service_user
--

CREATE VIEW public.shop_item_stateful_view AS
 SELECT sq.id,
    sq.user_id,
    sq.purchase_count,
    sq.course_id,
    sq.name,
    sq.purchase_limit,
    sq.coin_price,
    sq.currency_price,
    sq.shop_item_category_id,
    sq.shop_item_category_name,
    sq.details_url,
    sq.cover_file_path,
        CASE
            WHEN (sq.course_id IS NULL) THEN (sq.purchase_count < sq.purchase_limit)
            ELSE (sq.purchase_count = 0)
        END AS can_purchase
   FROM ( SELECT si.id,
            u.id AS user_id,
            ( SELECT (count(ct.id))::integer AS count
                   FROM public.coin_transaction ct
                  WHERE ((ct.shop_item_id = si.id) AND (ct.user_id = u.id))) AS purchase_count,
            si.course_id,
                CASE
                    WHEN (cv.id IS NULL) THEN (si.name)::character varying
                    ELSE cd.title
                END AS name,
            si.purchase_limit,
            si.coin_price,
            si.currency_price,
            sic.id AS shop_item_category_id,
            sic.name AS shop_item_category_name,
            si.details_url,
                CASE
                    WHEN (cv.id IS NULL) THEN sisf.file_path
                    ELSE cosf.file_path
                END AS cover_file_path
           FROM ((((((public.shop_item si
             LEFT JOIN public."user" u ON ((1 = 1)))
             LEFT JOIN public.course_version cv ON ((cv.id = si.course_id)))
             LEFT JOIN public.course_data cd ON ((cd.id = cv.course_data_id)))
             LEFT JOIN public.shop_item_category sic ON ((sic.id = si.shop_item_category_id)))
             LEFT JOIN public.storage_file sisf ON ((sisf.id = si.cover_file_id)))
             LEFT JOIN public.storage_file cosf ON ((cosf.id = cd.cover_file_id)))
          ORDER BY u.id, si.id) sq;


ALTER TABLE public.shop_item_stateful_view OWNER TO dev_service_user;

--
-- Name: coin_transaction_view; Type: VIEW; Schema: public; Owner: dev_service_user
--

CREATE VIEW public.coin_transaction_view AS
 SELECT ca.id,
    ca.user_id,
    ca.creation_date,
    ca.amount,
    vd.title AS video_title,
    qd.question_text,
    sisv.name AS shop_item_name,
        CASE
            WHEN (ca.activity_session_id IS NOT NULL) THEN 'activity'::text
            ELSE
            CASE
                WHEN (ca.video_id IS NOT NULL) THEN 'video_watched'::text
                ELSE
                CASE
                    WHEN (ca.given_answer_id IS NOT NULL) THEN 'correct_answer'::text
                    ELSE
                    CASE
                        WHEN (ca.given_answer_streak_id IS NOT NULL) THEN 'answer_streak'::text
                        ELSE
                        CASE
                            WHEN (ca.activity_streak_id IS NOT NULL) THEN 'activity_streak'::text
                            ELSE
                            CASE
                                WHEN (ca.shop_item_id IS NOT NULL) THEN 'shop_item_purchase'::text
                                ELSE
                                CASE
                                    WHEN ca.is_gifted THEN 'gifted'::text
                                    ELSE 'unknown'::text
                                END
                            END
                        END
                    END
                END
            END
        END AS reason
   FROM (((((((public.coin_transaction ca
     LEFT JOIN public.video v ON ((v.id = ca.video_id)))
     LEFT JOIN public.video_version vv ON ((vv.video_id = v.id)))
     LEFT JOIN public.video_data vd ON ((vd.id = vv.video_data_id)))
     LEFT JOIN public.given_answer ga ON ((ga.id = ca.given_answer_id)))
     LEFT JOIN public.question_version qv ON ((qv.id = ga.question_version_id)))
     LEFT JOIN public.question_data qd ON ((qd.id = qv.question_data_id)))
     LEFT JOIN public.shop_item_stateful_view sisv ON (((sisv.id = ca.shop_item_id) AND (sisv.user_id = ca.user_id))))
  ORDER BY ca.creation_date DESC;


ALTER TABLE public.coin_transaction_view OWNER TO dev_service_user;

--
-- Name: comment_id_seq; Type: SEQUENCE; Schema: public; Owner: dev_service_user
--

CREATE SEQUENCE public.comment_id_seq
    AS integer
    START WITH 1
    INCREMENT BY 1
    NO MINVALUE
    NO MAXVALUE
    CACHE 1;


ALTER TABLE public.comment_id_seq OWNER TO dev_service_user;

--
-- Name: comment_id_seq; Type: SEQUENCE OWNED BY; Schema: public; Owner: dev_service_user
--

ALTER SEQUENCE public.comment_id_seq OWNED BY public.comment.id;


--
-- Name: like; Type: TABLE; Schema: public; Owner: dev_service_user
--

CREATE TABLE public."like" (
    id integer NOT NULL,
    deletion_date timestamp without time zone,
    creation_date timestamp with time zone DEFAULT now() NOT NULL,
    user_id integer NOT NULL,
    comment_id integer NOT NULL
);


ALTER TABLE public."like" OWNER TO dev_service_user;

--
-- Name: comment_list_view; Type: VIEW; Schema: public; Owner: dev_service_user
--

CREATE VIEW public.comment_list_view AS
 SELECT
        CASE
            WHEN (co.is_anonymous IS NOT TRUE) THEN concat(all_user.last_name, ' ', all_user.first_name)
            ELSE NULL::text
        END AS full_name,
    sf.file_path AS avatar_url,
    co.id,
    co.text AS comment_text,
    co.creation_date,
    vv.video_id,
    co.parent_comment_id,
    co.is_anonymous,
    co.is_question,
    all_user.id AS user_id,
    owner_user.id AS current_user_id,
    ((l.deletion_date IS NULL) AND (l.user_id IS NOT NULL)) AS is_like,
    (( SELECT count(1) AS count
           FROM public."like" l_1
          WHERE ((l_1.comment_id = co.id) AND (l_1.deletion_date IS NULL))))::integer AS comment_like_count,
        CASE
            WHEN (co.parent_comment_id IS NULL) THEN co.id
            ELSE co.parent_comment_id
        END AS thread_id
   FROM (((((public.comment co
     LEFT JOIN public."user" all_user ON ((all_user.id = co.user_id)))
     LEFT JOIN public.storage_file sf ON ((all_user.avatar_file_id = sf.id)))
     LEFT JOIN public.video_version vv ON ((vv.id = co.video_version_id)))
     CROSS JOIN public."user" owner_user)
     LEFT JOIN public."like" l ON (((l.comment_id = co.id) AND (l.user_id = owner_user.id) AND (l.deletion_date IS NULL))))
  ORDER BY
        CASE
            WHEN (co.parent_comment_id IS NULL) THEN co.id
            ELSE co.parent_comment_id
        END, co.creation_date, co.parent_comment_id DESC;


ALTER TABLE public.comment_list_view OWNER TO dev_service_user;

--
-- Name: company_associated_courses_view; Type: VIEW; Schema: public; Owner: dev_service_user
--

CREATE VIEW public.company_associated_courses_view AS
 SELECT com.id AS company_id,
    co.id AS course_id,
    (co.deletion_date IS NOT NULL) AS is_deleted,
    cv.id AS course_version_id,
    (cab.id IS NOT NULL) AS is_assigned,
    (pab.id IS NOT NULL) AS is_default,
    cover_file.file_path AS cover_file_path,
    cd.title
   FROM ((((((((public.company com
     CROSS JOIN public.course co)
     LEFT JOIN public.latest_course_version_view lcvv ON ((lcvv.course_id = co.id)))
     LEFT JOIN public.course_version cv ON ((cv.id = lcvv.version_id)))
     LEFT JOIN public.course_access_bridge cab ON (((cab.course_id = co.id) AND (cab.company_id = com.id))))
     LEFT JOIN public.course_data cd ON ((cd.id = cv.course_data_id)))
     LEFT JOIN public.storage_file cover_file ON ((cover_file.id = cd.cover_file_id)))
     LEFT JOIN public.permission pe ON ((pe.code = 'WATCH_COURSE'::text)))
     LEFT JOIN public.permission_assignment_bridge pab ON (((pab.assignee_company_id = com.id) AND (pab.permission_id = pe.id) AND (pab.context_course_id = co.id))))
  ORDER BY com.id, (cab.id IS NOT NULL) DESC, co.id;


ALTER TABLE public.company_associated_courses_view OWNER TO dev_service_user;

--
-- Name: company_id_seq; Type: SEQUENCE; Schema: public; Owner: dev_service_user
--

CREATE SEQUENCE public.company_id_seq
    AS integer
    START WITH 1
    INCREMENT BY 1
    NO MINVALUE
    NO MAXVALUE
    CACHE 1;


ALTER TABLE public.company_id_seq OWNER TO dev_service_user;

--
-- Name: company_id_seq; Type: SEQUENCE OWNED BY; Schema: public; Owner: dev_service_user
--

ALTER SEQUENCE public.company_id_seq OWNED BY public.company.id;


--
-- Name: company_owner_bridge; Type: TABLE; Schema: public; Owner: dev_service_user
--

CREATE TABLE public.company_owner_bridge (
    id integer NOT NULL,
    user_id integer NOT NULL,
    company_id integer NOT NULL
);


ALTER TABLE public.company_owner_bridge OWNER TO dev_service_user;

--
-- Name: company_owner_bridge_id_seq; Type: SEQUENCE; Schema: public; Owner: dev_service_user
--

CREATE SEQUENCE public.company_owner_bridge_id_seq
    AS integer
    START WITH 1
    INCREMENT BY 1
    NO MINVALUE
    NO MAXVALUE
    CACHE 1;


ALTER TABLE public.company_owner_bridge_id_seq OWNER TO dev_service_user;

--
-- Name: company_owner_bridge_id_seq; Type: SEQUENCE OWNED BY; Schema: public; Owner: dev_service_user
--

ALTER SEQUENCE public.company_owner_bridge_id_seq OWNED BY public.company_owner_bridge.id;


--
-- Name: company_view; Type: VIEW; Schema: public; Owner: dev_service_user
--

CREATE VIEW public.company_view AS
 SELECT u.id AS user_id,
    co.id AS company_id,
    (co.deletion_date IS NOT NULL) AS is_deleted,
    co.name AS company_name,
    (upv.assignee_user_id IS NOT NULL) AS can_manage,
    co.is_survey_required
   FROM ((public.company co
     CROSS JOIN public."user" u)
     LEFT JOIN public.user_permission_view upv ON (((upv.context_company_id = co.id) AND (upv.assignee_user_id = u.id) AND (upv.permission_code = 'MANAGE_COMPANY'::text))));


ALTER TABLE public.company_view OWNER TO dev_service_user;

--
-- Name: connection_test_table; Type: TABLE; Schema: public; Owner: dev_service_user
--

CREATE TABLE public.connection_test_table (
    "columnA" integer
);


ALTER TABLE public.connection_test_table OWNER TO dev_service_user;

--
-- Name: constant_value; Type: TABLE; Schema: public; Owner: dev_service_user
--

CREATE TABLE public.constant_value (
    id integer NOT NULL,
    key character varying NOT NULL,
    value double precision NOT NULL
);


ALTER TABLE public.constant_value OWNER TO dev_service_user;

--
-- Name: constant_value_id_seq; Type: SEQUENCE; Schema: public; Owner: dev_service_user
--

CREATE SEQUENCE public.constant_value_id_seq
    AS integer
    START WITH 1
    INCREMENT BY 1
    NO MINVALUE
    NO MAXVALUE
    CACHE 1;


ALTER TABLE public.constant_value_id_seq OWNER TO dev_service_user;

--
-- Name: constant_value_id_seq; Type: SEQUENCE OWNED BY; Schema: public; Owner: dev_service_user
--

ALTER SEQUENCE public.constant_value_id_seq OWNED BY public.constant_value.id;


--
-- Name: constant_values_view; Type: VIEW; Schema: public; Owner: dev_service_user
--

CREATE VIEW public.constant_values_view AS
 SELECT 2.0 AS incorrect_answer_value_multiplier,
    4.0 AS question_max_score;


ALTER TABLE public.constant_values_view OWNER TO dev_service_user;

--
-- Name: course_access_bridge_id_seq; Type: SEQUENCE; Schema: public; Owner: dev_service_user
--

CREATE SEQUENCE public.course_access_bridge_id_seq
    AS integer
    START WITH 1
    INCREMENT BY 1
    NO MINVALUE
    NO MAXVALUE
    CACHE 1;


ALTER TABLE public.course_access_bridge_id_seq OWNER TO dev_service_user;

--
-- Name: course_access_bridge_id_seq; Type: SEQUENCE OWNED BY; Schema: public; Owner: dev_service_user
--

ALTER SEQUENCE public.course_access_bridge_id_seq OWNED BY public.course_access_bridge.id;


--
-- Name: course_admin_short_view; Type: VIEW; Schema: public; Owner: dev_service_user
--

CREATE VIEW public.course_admin_short_view AS
 WITH exam_count AS (
         SELECT count(ev.id) AS exam_count,
            mv.course_version_id
           FROM (public.exam_version ev
             LEFT JOIN public.module_version mv ON ((mv.id = ev.module_version_id)))
          GROUP BY mv.course_version_id
        )
 SELECT lcvv.course_id,
    cd.title,
    (co.deletion_date IS NOT NULL) AS is_deleted,
    cc.id AS category_id,
    cc.name AS category_name,
    scc.id AS sub_category_id,
    scc.name AS sub_category_name,
    u.id AS teacher_id,
    u.first_name AS teacher_first_name,
    u.last_name AS teacher_last_name,
    sf.file_path AS cover_file_path,
    cvcv.video_count,
    ec.exam_count
   FROM (((((((((public.latest_course_version_view lcvv
     LEFT JOIN public.course_version cv ON ((cv.id = lcvv.version_id)))
     LEFT JOIN public.course co ON ((co.id = cv.course_id)))
     LEFT JOIN public.course_data cd ON ((cd.id = cv.course_data_id)))
     LEFT JOIN public.storage_file sf ON ((sf.id = cd.cover_file_id)))
     LEFT JOIN public."user" u ON ((u.id = cd.teacher_id)))
     LEFT JOIN public.course_category cc ON ((cc.id = cd.category_id)))
     LEFT JOIN public.course_category scc ON ((scc.id = cd.sub_category_id)))
     LEFT JOIN public.course_video_count_view cvcv ON ((cvcv.course_version_id = lcvv.version_id)))
     LEFT JOIN exam_count ec ON ((ec.course_version_id = lcvv.version_id)))
  ORDER BY lcvv.course_id;


ALTER TABLE public.course_admin_short_view OWNER TO dev_service_user;

--
-- Name: course_admin_content_view; Type: VIEW; Schema: public; Owner: dev_service_user
--

CREATE VIEW public.course_admin_content_view AS
 WITH question_version_answer_counts AS (
         SELECT qv.id AS question_version_id,
            count(av.id) AS answer_count,
            COALESCE(sum((ad.is_correct)::integer), (0)::bigint) AS correct_answer_count
           FROM ((public.question_version qv
             LEFT JOIN public.answer_version av ON ((av.question_version_id = qv.id)))
             LEFT JOIN public.answer_data ad ON ((ad.id = av.answer_data_id)))
          GROUP BY qv.id, qv.video_version_id, qv.exam_version_id
        ), questions AS (
         SELECT qv.id AS question_version_id,
            qd.question_text,
            qv.video_version_id,
            qv.exam_version_id,
            qvac.answer_count,
            qvac.correct_answer_count,
            (qvac.answer_count = 0) AS issue_answers_missing,
            (qvac.correct_answer_count = 0) AS issue_correct_answers_missing
           FROM ((((public.question_version qv
             LEFT JOIN public.question_data qd ON ((qd.id = qv.question_data_id)))
             LEFT JOIN public.answer_version av ON ((av.question_version_id = qv.id)))
             LEFT JOIN public.answer_data ad ON ((ad.id = av.answer_data_id)))
             LEFT JOIN question_version_answer_counts qvac ON ((qvac.question_version_id = qv.id)))
        ), items AS (
         SELECT sq.video_version_id,
            sq.exam_version_id,
            sq.question_count,
            (sq.question_count = 0) AS issue_questions_missing,
            sq.question_issues
           FROM ( SELECT civ_1.video_version_id,
                    civ_1.exam_version_id,
                    count(qs.question_version_id) AS question_count,
                    string_agg(((qs.question_text)::text ||
                        CASE
                            WHEN qs.issue_answers_missing THEN ': ans_miss'::text
                            ELSE ': corr_ans_miss'::text
                        END), chr(10)) FILTER (WHERE (qs.issue_answers_missing OR qs.issue_correct_answers_missing)) AS question_issues,
                    COALESCE(sum((qs.issue_answers_missing)::integer), (0)::bigint) AS missing_answers_issues_count,
                    COALESCE(sum((qs.issue_correct_answers_missing)::integer), (0)::bigint) AS missing_correct_answers_count
                   FROM (public.course_item_view civ_1
                     LEFT JOIN questions qs ON (((qs.video_version_id = civ_1.video_version_id) OR (qs.exam_version_id = civ_1.exam_version_id))))
                  GROUP BY civ_1.video_version_id, civ_1.exam_version_id) sq
          ORDER BY sq.question_count DESC
        )
 SELECT casv.course_id,
    lcvv.version_id AS course_version_id,
    civ.module_name,
    civ.module_order_index,
    civ.module_version_id,
    civ.video_version_id,
    civ.exam_version_id,
    civ.item_order_index,
    civ.item_title,
    civ.item_subtitle,
    civ.item_type,
    civ.version_code,
    concat_ws(chr(10),
        CASE
            WHEN it.issue_questions_missing THEN 'questions_missing'::text
            ELSE NULL::text
        END, it.question_issues) AS errors,
    concat_ws(chr(10),
        CASE
            WHEN ((civ.item_type = 'video'::text) AND (vd.video_file_length_seconds > (480)::double precision)) THEN 'video_too_long'::text
            ELSE NULL::text
        END) AS warnings,
    vd.video_file_length_seconds AS video_length
   FROM (((((public.course_admin_short_view casv
     LEFT JOIN public.latest_course_version_view lcvv ON ((lcvv.course_id = casv.course_id)))
     LEFT JOIN public.course_item_view civ ON ((civ.course_version_id = lcvv.version_id)))
     LEFT JOIN items it ON (((it.video_version_id = civ.video_version_id) OR (it.exam_version_id = civ.exam_version_id))))
     LEFT JOIN public.video_version vv ON ((vv.id = it.video_version_id)))
     LEFT JOIN public.video_data vd ON ((vd.id = vv.video_data_id)))
  ORDER BY casv.course_id, civ.module_order_index, civ.item_order_index;


ALTER TABLE public.course_admin_content_view OWNER TO dev_service_user;

--
-- Name: course_admin_detailed_view; Type: VIEW; Schema: public; Owner: dev_service_user
--

CREATE VIEW public.course_admin_detailed_view AS
 SELECT lcvv.course_id,
    cd.title,
    cd.short_description,
    cd.description,
    cd.difficulty,
    cd.benchmark,
    cd.previously_completed_count,
    cd.language AS language_name,
    cd.technical_requirements,
    cd.skill_benefits,
    cd.visibility,
    cd.human_skill_benefits,
    cd.human_skill_benefits_description,
    cd.requirements_description AS technical_requirements_description,
    cd.is_prequiz_required,
    cd.is_pretest_required,
    cc.id AS category_id,
    cc.name AS category_name,
    scc.id AS sub_category_id,
    scc.name AS sub_category_name,
    tea.id AS teacher_id,
    tea.first_name AS teacher_first_name,
    tea.last_name AS teacher_last_name,
    sf.file_path AS cover_file_path
   FROM ((((((public.latest_course_version_view lcvv
     LEFT JOIN public.course_version cv ON ((cv.id = lcvv.version_id)))
     LEFT JOIN public.course_data cd ON ((cd.id = cv.course_data_id)))
     LEFT JOIN public.storage_file sf ON ((sf.id = cd.cover_file_id)))
     LEFT JOIN public."user" tea ON ((tea.id = cd.teacher_id)))
     LEFT JOIN public.course_category cc ON ((cc.id = cd.category_id)))
     LEFT JOIN public.course_category scc ON ((scc.id = cd.sub_category_id)))
  ORDER BY lcvv.course_id;


ALTER TABLE public.course_admin_detailed_view OWNER TO dev_service_user;

--
-- Name: exam_highest_score_answer_session_view; Type: VIEW; Schema: public; Owner: dev_service_user
--

CREATE VIEW public.exam_highest_score_answer_session_view AS
 SELECT rns.user_id,
    rns.exam_id,
    rns.exam_version_id,
    rns.answer_session_id,
    rns.exam_score,
    rns.is_highest_score
   FROM ( SELECT esv.user_id,
            ev.exam_id,
            ev.id AS exam_version_id,
            esv.answer_session_id,
            esv.exam_score,
            (row_number() OVER (PARTITION BY esv.user_id, ev.exam_id ORDER BY esv.exam_score DESC) = 1) AS is_highest_score
           FROM (public.exam_score_view esv
             LEFT JOIN public.exam_version ev ON ((ev.id = esv.exam_version_id)))) rns
  WHERE rns.is_highest_score;


ALTER TABLE public.exam_highest_score_answer_session_view OWNER TO dev_service_user;

--
-- Name: playlist_view; Type: VIEW; Schema: public; Owner: dev_service_user
--

CREATE VIEW public.playlist_view AS
 WITH all_items_cte AS (
         SELECT cv.course_id,
            cv.id AS course_version_id,
            mv.module_id,
            uni.video_version_id,
            uni.exam_version_id
           FROM ((( SELECT vv.module_version_id,
                    vv.id AS video_version_id,
                    NULL::integer AS exam_version_id
                   FROM public.video_version vv
                UNION
                 SELECT ev.module_version_id,
                    NULL::integer AS video_version_id,
                    ev.id AS exam_version_id
                   FROM public.exam_version ev) uni
             LEFT JOIN public.module_version mv ON ((mv.id = uni.module_version_id)))
             LEFT JOIN public.course_version cv ON ((cv.id = mv.course_version_id)))
          ORDER BY cv.course_id, cv.id
        ), latest_items_cte AS (
         SELECT aic.course_id,
            aic.course_version_id,
            aic.module_id,
            aic.video_version_id,
            aic.exam_version_id
           FROM (all_items_cte aic
             JOIN public.latest_course_version_view lcvi ON ((lcvi.version_id = aic.course_version_id)))
        ), latest_items_with_codes_cte AS (
         SELECT lcvi.course_id,
            civ.course_version_id,
            civ.module_name,
            civ.module_order_index,
            civ.module_version_id,
            civ.module_id,
            civ.video_version_id,
            civ.video_id,
            civ.exam_version_id,
            civ.exam_id,
            civ.item_order_index,
            civ.item_title,
            civ.item_subtitle,
            civ.item_type,
            civ.version_code,
            ( SELECT encode(((lic.module_id || '@module'::text))::bytea, 'base64'::text) AS encode) AS module_code,
                CASE
                    WHEN (civ.video_id IS NULL) THEN ( SELECT encode(((civ.exam_id || '@exam'::text))::bytea, 'base64'::text) AS encode)
                    ELSE ( SELECT encode(((civ.video_id || '@video'::text))::bytea, 'base64'::text) AS encode)
                END AS playlist_item_code
           FROM ((latest_items_cte lic
             JOIN public.latest_course_version_view lcvi ON ((lcvi.version_id = lic.course_version_id)))
             JOIN public.course_item_view civ ON ((((civ.exam_version_id = lic.exam_version_id) OR (civ.video_version_id = lic.video_version_id)) AND (civ.item_type <> 'pretest'::text))))
        )
 SELECT latest_items_with_codes_cte.course_id,
    latest_items_with_codes_cte.course_version_id,
    latest_items_with_codes_cte.module_name,
    latest_items_with_codes_cte.module_order_index,
    latest_items_with_codes_cte.module_version_id,
    latest_items_with_codes_cte.module_id,
    latest_items_with_codes_cte.video_version_id,
    latest_items_with_codes_cte.video_id,
    latest_items_with_codes_cte.exam_version_id,
    latest_items_with_codes_cte.exam_id,
    latest_items_with_codes_cte.item_order_index,
    latest_items_with_codes_cte.item_title,
    latest_items_with_codes_cte.item_subtitle,
    latest_items_with_codes_cte.item_type,
    latest_items_with_codes_cte.version_code,
    latest_items_with_codes_cte.module_code,
    latest_items_with_codes_cte.playlist_item_code
   FROM latest_items_with_codes_cte
  ORDER BY latest_items_with_codes_cte.course_id, latest_items_with_codes_cte.module_order_index, latest_items_with_codes_cte.item_order_index;


ALTER TABLE public.playlist_view OWNER TO dev_service_user;

--
-- Name: user_playlist_view; Type: VIEW; Schema: public; Owner: dev_service_user
--

CREATE VIEW public.user_playlist_view AS
 WITH items_with_user AS (
         SELECT ucb.user_id,
            ucb.course_id,
            civ.module_order_index,
            civ.item_order_index,
            civ.video_version_id,
            civ.exam_version_id,
            civ.item_title,
            civ.course_version_id,
            civ.video_id,
            civ.exam_id,
            civ.module_version_id,
            civ.module_id,
            civ.module_name,
            civ.module_code,
            civ.item_type,
            civ.item_subtitle,
            civ.playlist_item_code,
            (ucb.current_item_code = civ.module_code) AS module_is_current,
            esv.score_percentage,
            (uprv.is_recommended_for_practise IS TRUE) AS is_recommended_for_practise,
                CASE
                    WHEN (ucb.current_item_code = civ.playlist_item_code) THEN 'current'::text
                    WHEN ((vc.completion_date IS NOT NULL) OR (ec.completion_date IS NOT NULL)) THEN 'completed'::text
                    WHEN (ucb.course_mode = 'advanced'::text) THEN 'available'::text
                    WHEN ((civ.item_order_index = 0) AND (civ.module_order_index = 1)) THEN 'available'::text
                    WHEN (lag(vc.completion_date, 1) OVER (PARTITION BY civ.course_version_id ORDER BY civ.module_order_index, civ.item_order_index) IS NOT NULL) THEN 'available'::text
                    ELSE 'locked'::text
                END AS item_state
           FROM (((((((public.playlist_view civ
             LEFT JOIN public.course_version cv ON ((cv.id = civ.course_version_id)))
             JOIN public.user_course_bridge ucb ON ((ucb.course_id = cv.course_id)))
             LEFT JOIN public.exam_highest_score_answer_session_view ehsasv ON (((ehsasv.exam_id = civ.exam_id) AND (ehsasv.user_id = ucb.user_id))))
             LEFT JOIN public.exam_score_view esv ON ((esv.answer_session_id = ehsasv.answer_session_id)))
             LEFT JOIN public.video_completion vc ON (((vc.video_version_id = civ.video_version_id) AND (vc.user_id = ucb.user_id))))
             LEFT JOIN public.exam_completion ec ON ((ec.answer_session_id = ehsasv.answer_session_id)))
             LEFT JOIN public.user_practise_recommendation_view uprv ON (((uprv.video_version_id = civ.video_version_id) AND (uprv.user_id = ucb.user_id))))
        )
 SELECT items_with_user.user_id,
    items_with_user.course_id,
    items_with_user.module_order_index,
    items_with_user.item_order_index,
    items_with_user.video_version_id,
    items_with_user.exam_version_id,
    items_with_user.item_title,
    items_with_user.course_version_id,
    items_with_user.video_id,
    items_with_user.exam_id,
    items_with_user.module_version_id,
    items_with_user.module_id,
    items_with_user.module_name,
    items_with_user.module_code,
    items_with_user.item_type,
    items_with_user.item_subtitle,
    items_with_user.playlist_item_code,
    items_with_user.module_is_current,
    items_with_user.score_percentage,
    items_with_user.is_recommended_for_practise,
    items_with_user.item_state
   FROM items_with_user
  ORDER BY items_with_user.user_id, items_with_user.course_id, items_with_user.module_order_index, items_with_user.item_order_index;


ALTER TABLE public.user_playlist_view OWNER TO dev_service_user;

--
-- Name: course_all_items_completed_view; Type: VIEW; Schema: public; Owner: dev_service_user
--

CREATE VIEW public.course_all_items_completed_view AS
 SELECT sq.course_id,
    sq.course_version_id,
    sq.user_id
   FROM ( SELECT cipv.course_id,
            cipv.course_version_id,
            cipv.user_id,
            count(cipv.course_id) AS all_item_count,
            sum(
                CASE
                    WHEN (cipv.item_state = 'completed'::text) THEN 1
                    ELSE 0
                END) AS completed_count
           FROM public.user_playlist_view cipv
          GROUP BY cipv.course_id, cipv.user_id, cipv.course_version_id) sq
  WHERE (sq.completed_count = sq.all_item_count);


ALTER TABLE public.course_all_items_completed_view OWNER TO dev_service_user;

--
-- Name: course_category_id_seq; Type: SEQUENCE; Schema: public; Owner: dev_service_user
--

CREATE SEQUENCE public.course_category_id_seq
    AS integer
    START WITH 1
    INCREMENT BY 1
    NO MINVALUE
    NO MAXVALUE
    CACHE 1;


ALTER TABLE public.course_category_id_seq OWNER TO dev_service_user;

--
-- Name: course_category_id_seq; Type: SEQUENCE OWNED BY; Schema: public; Owner: dev_service_user
--

ALTER SEQUENCE public.course_category_id_seq OWNED BY public.course_category.id;


--
-- Name: course_completion_id_seq; Type: SEQUENCE; Schema: public; Owner: dev_service_user
--

CREATE SEQUENCE public.course_completion_id_seq
    AS integer
    START WITH 1
    INCREMENT BY 1
    NO MINVALUE
    NO MAXVALUE
    CACHE 1;


ALTER TABLE public.course_completion_id_seq OWNER TO dev_service_user;

--
-- Name: course_completion_id_seq; Type: SEQUENCE OWNED BY; Schema: public; Owner: dev_service_user
--

ALTER SEQUENCE public.course_completion_id_seq OWNED BY public.course_completion.id;


--
-- Name: course_data_id_seq; Type: SEQUENCE; Schema: public; Owner: dev_service_user
--

CREATE SEQUENCE public.course_data_id_seq
    AS integer
    START WITH 1
    INCREMENT BY 1
    NO MINVALUE
    NO MAXVALUE
    CACHE 1;


ALTER TABLE public.course_data_id_seq OWNER TO dev_service_user;

--
-- Name: course_data_id_seq; Type: SEQUENCE OWNED BY; Schema: public; Owner: dev_service_user
--

ALTER SEQUENCE public.course_data_id_seq OWNED BY public.course_data.id;


--
-- Name: teacher_info; Type: TABLE; Schema: public; Owner: dev_service_user
--

CREATE TABLE public.teacher_info (
    id integer NOT NULL,
    skills character varying NOT NULL,
    course_count integer NOT NULL,
    video_count integer NOT NULL,
    student_count integer NOT NULL,
    rating double precision NOT NULL,
    description character varying NOT NULL,
    badges character varying NOT NULL,
    user_id integer NOT NULL
);


ALTER TABLE public.teacher_info OWNER TO dev_service_user;

--
-- Name: course_details_view; Type: VIEW; Schema: public; Owner: dev_service_user
--

CREATE VIEW public.course_details_view AS
 SELECT co.id AS course_id,
    u.id AS user_id,
    cd.title,
    cd.short_description,
    cd.description,
    cd.difficulty,
    cd.benchmark,
    cd.previously_completed_count,
    cd.language AS language_name,
    cd.technical_requirements,
    cd.skill_benefits,
    cd.visibility,
    cd.human_skill_benefits,
    cd.human_skill_benefits_description,
    cd.modification_date,
    ucb.current_item_code,
    ucb.stage_name,
    cc.id AS category_id,
    cc.name AS category_name,
    scc.id AS sub_category_id,
    scc.name AS sub_category_name,
    tuser.id AS teacher_id,
    tuser.first_name AS teacher_first_name,
    tuser.last_name AS teacher_last_name,
    tinfo.skills AS teacher_skills,
    tinfo.course_count AS teacher_course_count,
    tinfo.student_count AS teacher_student_count,
    tinfo.video_count AS teacher_video_count,
    tinfo.rating AS teacher_rating,
    tinfo.description AS teacher_description,
    tinfo.badges AS teacher_badges,
    tavatarsf.file_path AS teacher_avatar_file_path,
    sf.file_path AS cover_file_path,
    ( SELECT cvcv.video_count
           FROM public.course_video_count_view cvcv
          WHERE (cvcv.course_version_id = cv.id)) AS total_video_count,
    ( SELECT cvlv.sum_length_seconds
           FROM public.course_video_length_view cvlv
          WHERE (cvlv.course_version_id = cv.id)) AS total_video_sum_length_seconds,
    ( SELECT (COALESCE(count(mo.id), (0)::bigint))::integer AS "coalesce"
           FROM (((public.module mo
             LEFT JOIN public.module_version mv ON ((mv.id = mo.id)))
             LEFT JOIN public.course_version cv_1 ON ((cv_1.id = mv.course_version_id)))
             LEFT JOIN public.course lco ON ((lco.id = cv_1.course_id)))
          WHERE (lco.id = co.id)) AS total_module_count,
    ( SELECT (COALESCE(count(qv.id), (0)::bigint))::integer AS "coalesce"
           FROM (((((public.video v
             LEFT JOIN public.video_version vv ON ((vv.video_id = v.id)))
             LEFT JOIN public.module_version mv ON ((mv.id = vv.module_version_id)))
             LEFT JOIN public.course_version cv_1 ON ((cv_1.id = mv.course_version_id)))
             LEFT JOIN public.course lco ON ((lco.id = cv_1.course_id)))
             LEFT JOIN public.question_version qv ON ((qv.video_version_id = vv.id)))
          WHERE (lco.id = co.id)) AS total_video_question_count,
    true AS can_start_course
   FROM (((((((((((public.course co
     LEFT JOIN public.latest_course_version_view lcvv ON ((lcvv.course_id = co.id)))
     LEFT JOIN public.course_version cv ON ((cv.id = lcvv.version_id)))
     LEFT JOIN public.course_data cd ON ((cd.id = cv.course_data_id)))
     CROSS JOIN public."user" u)
     LEFT JOIN public.storage_file sf ON ((sf.id = cd.cover_file_id)))
     LEFT JOIN public."user" tuser ON ((tuser.id = cd.teacher_id)))
     LEFT JOIN public.storage_file tavatarsf ON ((tavatarsf.id = tuser.avatar_file_id)))
     LEFT JOIN public.teacher_info tinfo ON ((tinfo.user_id = tuser.id)))
     LEFT JOIN public.course_category cc ON ((cc.id = cd.category_id)))
     LEFT JOIN public.user_course_bridge ucb ON (((ucb.user_id = u.id) AND (ucb.course_id = cv.course_id))))
     LEFT JOIN public.course_category scc ON ((scc.id = cd.sub_category_id)))
  ORDER BY u.id, co.id;


ALTER TABLE public.course_details_view OWNER TO dev_service_user;

--
-- Name: course_id_seq; Type: SEQUENCE; Schema: public; Owner: dev_service_user
--

CREATE SEQUENCE public.course_id_seq
    AS integer
    START WITH 1
    INCREMENT BY 1
    NO MINVALUE
    NO MAXVALUE
    CACHE 1;


ALTER TABLE public.course_id_seq OWNER TO dev_service_user;

--
-- Name: course_id_seq; Type: SEQUENCE OWNED BY; Schema: public; Owner: dev_service_user
--

ALTER SEQUENCE public.course_id_seq OWNED BY public.course.id;


--
-- Name: course_item_completion; Type: TABLE; Schema: public; Owner: dev_service_user
--

CREATE TABLE public.course_item_completion (
    id integer NOT NULL,
    completion_date timestamp with time zone NOT NULL,
    exam_version_id integer,
    video_version_id integer,
    user_id integer NOT NULL,
    answer_session_id integer,
    CONSTRAINT course_item_completion_check CHECK (((((exam_version_id IS NOT NULL) AND (answer_session_id IS NOT NULL)) OR ((video_version_id IS NOT NULL) AND (answer_session_id IS NULL))) AND (((video_version_id IS NULL) AND (exam_version_id IS NOT NULL)) OR ((video_version_id IS NOT NULL) AND (exam_version_id IS NULL)))))
);


ALTER TABLE public.course_item_completion OWNER TO dev_service_user;

--
-- Name: course_item_completion_id_seq; Type: SEQUENCE; Schema: public; Owner: dev_service_user
--

CREATE SEQUENCE public.course_item_completion_id_seq
    AS integer
    START WITH 1
    INCREMENT BY 1
    NO MINVALUE
    NO MAXVALUE
    CACHE 1;


ALTER TABLE public.course_item_completion_id_seq OWNER TO dev_service_user;

--
-- Name: course_item_completion_id_seq; Type: SEQUENCE OWNED BY; Schema: public; Owner: dev_service_user
--

ALTER SEQUENCE public.course_item_completion_id_seq OWNED BY public.course_item_completion.id;


--
-- Name: course_item_edit_view; Type: VIEW; Schema: public; Owner: dev_service_user
--

CREATE VIEW public.course_item_edit_view AS
 SELECT civ.exam_version_id,
    civ.video_version_id,
        CASE
            WHEN (civ.item_type = 'video'::text) THEN vd.title
            ELSE ed.title
        END AS title,
    vd.subtitle,
    vd.video_file_length_seconds AS video_length_seconds,
    sf.file_path AS video_file_path,
    qv.id AS question_version_id,
    qd.question_text,
    qd.show_up_time_seconds AS question_show_up_time_seconds,
    av.id AS answer_version_id,
    ad.text AS answer_text,
    ad.is_correct AS answer_is_correct,
    qd.module_id
   FROM (((((((((public.course_item_view civ
     LEFT JOIN public.question_version qv ON (((qv.exam_version_id = civ.exam_version_id) OR (qv.video_version_id = civ.video_version_id))))
     LEFT JOIN public.question_data qd ON ((qd.id = qv.question_data_id)))
     LEFT JOIN public.answer_version av ON ((av.question_version_id = qv.id)))
     LEFT JOIN public.answer_data ad ON ((ad.id = av.answer_data_id)))
     LEFT JOIN public.video_version vv ON ((vv.id = civ.video_version_id)))
     LEFT JOIN public.video_data vd ON ((vd.id = vv.video_data_id)))
     LEFT JOIN public.exam_version ev ON ((ev.id = civ.exam_version_id)))
     LEFT JOIN public.video_data ed ON ((ed.id = ev.exam_data_id)))
     LEFT JOIN public.storage_file sf ON ((sf.id = vd.video_file_id)))
  ORDER BY civ.video_version_id, civ.exam_version_id, qv.id;


ALTER TABLE public.course_item_edit_view OWNER TO dev_service_user;

--
-- Name: course_learning_stats_view; Type: VIEW; Schema: public; Owner: dev_service_user
--

CREATE VIEW public.course_learning_stats_view AS
 WITH video_question_count AS (
         SELECT (count(qv.id))::integer AS video_question_count,
            cv_1.id AS course_version_id
           FROM ((((public.video v
             LEFT JOIN public.video_version vv ON ((vv.video_id = v.id)))
             LEFT JOIN public.question_version qv ON ((qv.video_version_id = vv.id)))
             LEFT JOIN public.module_version mv ON ((mv.id = vv.module_version_id)))
             LEFT JOIN public.course_version cv_1 ON ((cv_1.id = mv.course_version_id)))
          GROUP BY cv_1.id
        ), exam_avg_score_percentage AS (
         SELECT ase.user_id,
            cv_1.course_id,
            round(avg(esv.score_percentage)) AS avg_exam_score_percentage
           FROM ((((public.answer_session ase
             LEFT JOIN public.exam_version ev ON ((ev.id = ase.exam_version_id)))
             LEFT JOIN public.module_version mv ON ((mv.id = ev.module_version_id)))
             LEFT JOIN public.course_version cv_1 ON ((cv_1.id = mv.course_version_id)))
             LEFT JOIN public.exam_score_view esv ON ((esv.exam_version_id = ev.id)))
          GROUP BY ase.user_id, cv_1.course_id
        ), final_exam_score_percentage AS (
         SELECT lasv.user_id,
            lev.course_id,
            max(esv.exam_score) AS max_exam_score
           FROM ((((public.latest_answer_session_view lasv
             JOIN public.latest_exam_view lev ON ((lev.exam_version_id = lasv.exam_version_id)))
             JOIN public.exam_version ev ON ((ev.id = lev.exam_version_id)))
             JOIN public.exam_data ed ON (((ed.id = ev.exam_data_id) AND (ed.is_final = true))))
             LEFT JOIN public.exam_score_view esv ON ((esv.exam_version_id = ev.id)))
          GROUP BY lasv.user_id, lev.course_id
        ), answered_video_question AS (
         SELECT asv.user_id,
            cv_1.course_id,
            count(ga.id) AS answered_video_question_count
           FROM ((((public.given_answer ga
             LEFT JOIN public.answer_session_view asv ON ((asv.answer_session_id = ga.answer_session_id)))
             LEFT JOIN public.video_version vv ON ((vv.id = asv.answer_session_id)))
             LEFT JOIN public.module_version mv ON ((mv.id = vv.module_version_id)))
             LEFT JOIN public.course_version cv_1 ON ((cv_1.id = mv.course_version_id)))
          WHERE (asv.answer_session_type = 'video'::text)
          GROUP BY asv.user_id, cv_1.course_id
        ), completed_video_count AS (
         SELECT cicv.user_id,
            cicv.course_id,
            count(*) AS completed_video_count
           FROM public.course_item_completion_view cicv
          WHERE (cicv.video_version_id IS NOT NULL)
          GROUP BY cicv.user_id, cicv.course_id
        )
 SELECT u.id AS user_id,
    co.id AS course_id,
    cd.title,
    true AS can_view,
    (cc.id IS NOT NULL) AS is_completed,
    (ucb.start_date IS NOT NULL) AS is_started,
    ucb.current_item_code,
        CASE
            WHEN (ucb.current_item_code IS NULL) THEN NULL::text
            ELSE ucb.current_item_code
        END AS continue_item_code,
    sf.file_path,
    ccat.name AS category_name,
    csc.name AS sub_category_name,
    teacher.id AS teacher_id,
    teacher.first_name AS teacher_first_name,
    teacher.last_name AS teacher_last_name,
    cstv.total_spent_seconds,
    ucpav.total_item_count AS total_course_item_count,
    ucpav.total_completed_item_count AS completed_course_item_count,
    COALESCE(cvc.completed_video_count, (0)::bigint) AS completed_video_count,
    cvcv.video_count AS total_video_count,
    vqc.video_question_count AS total_video_question_count,
    COALESCE(avq.answered_video_question_count, (0)::bigint) AS answered_video_question_count,
    easp.avg_exam_score_percentage,
    fesp.max_exam_score AS final_exam_score_percentage,
        CASE
            WHEN (cqsv.total_answer_count > 0) THEN ((((cqsv.correct_answer_count)::double precision / (cqsv.total_answer_count)::double precision) * (100)::double precision))::integer
            ELSE 0
        END AS question_success_rate
   FROM (((((((((((((((((((public."user" u
     JOIN public.user_course_bridge ucb ON ((ucb.user_id = u.id)))
     JOIN public.course co ON ((co.id = ucb.course_id)))
     LEFT JOIN public.latest_course_version_view lcvv ON ((lcvv.course_id = co.id)))
     LEFT JOIN public.course_version cv ON ((cv.id = lcvv.version_id)))
     LEFT JOIN public.course_data cd ON ((cd.id = cv.course_data_id)))
     LEFT JOIN public.course_completion cc ON (((cc.user_id = u.id) AND (cc.course_version_id = cv.id))))
     LEFT JOIN public.course_video_count_view cvcv ON ((cvcv.course_version_id = cv.id)))
     LEFT JOIN public.storage_file sf ON ((sf.id = cd.cover_file_id)))
     LEFT JOIN public.course_category ccat ON ((cc.id = cd.category_id)))
     LEFT JOIN public.course_category csc ON ((csc.id = cd.sub_category_id)))
     LEFT JOIN public."user" teacher ON ((teacher.id = cd.teacher_id)))
     LEFT JOIN public.course_spent_time_view cstv ON (((cstv.user_id = u.id) AND (cstv.course_id = co.id))))
     LEFT JOIN public.user_course_progress_actual_view ucpav ON (((ucpav.user_id = u.id) AND (ucpav.course_id = co.id))))
     LEFT JOIN final_exam_score_percentage fesp ON (((fesp.user_id = u.id) AND (fesp.course_id = co.id))))
     LEFT JOIN public.course_questions_success_view cqsv ON (((cqsv.user_id = u.id) AND (cqsv.course_id = co.id))))
     LEFT JOIN exam_avg_score_percentage easp ON (((easp.user_id = u.id) AND (easp.course_id = co.id))))
     LEFT JOIN answered_video_question avq ON (((avq.user_id = u.id) AND (avq.course_id = co.id))))
     LEFT JOIN video_question_count vqc ON ((vqc.course_version_id = cv.id)))
     LEFT JOIN completed_video_count cvc ON (((cvc.user_id = u.id) AND (cvc.course_id = co.id))));


ALTER TABLE public.course_learning_stats_view OWNER TO dev_service_user;

--
-- Name: course_module_overview_view; Type: VIEW; Schema: public; Owner: dev_service_user
--

CREATE VIEW public.course_module_overview_view AS
 SELECT co.id AS course_id,
    mo.id AS module_id,
    md.name AS module_name,
    vd.title AS video_title,
    vd.video_file_length_seconds AS video_length_seconds
   FROM ((((((public.course co
     LEFT JOIN public.course_version cv ON ((cv.course_id = co.id)))
     LEFT JOIN public.module_version mv ON ((mv.course_version_id = cv.id)))
     LEFT JOIN public.module_data md ON ((md.id = mv.module_data_id)))
     LEFT JOIN public.module mo ON ((mo.id = mv.module_id)))
     LEFT JOIN public.video_version vv ON ((vv.module_version_id = mv.id)))
     LEFT JOIN public.video_data vd ON ((vd.id = vv.video_data_id)))
  WHERE (md.order_index <> 0)
  ORDER BY co.id, md.order_index, vd.order_index;


ALTER TABLE public.course_module_overview_view OWNER TO dev_service_user;

--
-- Name: course_overview_view; Type: VIEW; Schema: public; Owner: dev_service_user
--

CREATE VIEW public.course_overview_view AS
 WITH episto_coin_sum_cte AS (
         SELECT coapcv.user_id,
            coapcv.course_id,
            sum(coapcv.amount) AS episto_coin_amount
           FROM public.coin_acquire_per_course_view coapcv
          GROUP BY coapcv.user_id, coapcv.course_id
        )
 SELECT clsv.user_id,
    clsv.course_id,
    clsv.total_spent_seconds,
    clsv.completed_video_count,
    clsv.answered_video_question_count,
    clsv.question_success_rate,
    clsv.avg_exam_score_percentage AS exam_success_rate_average,
    clsv.final_exam_score_percentage AS final_exam_success_rate,
    COALESCE(ecsc.episto_coin_amount) AS coins_acquired
   FROM (public.course_learning_stats_view clsv
     LEFT JOIN episto_coin_sum_cte ecsc ON (((ecsc.course_id = clsv.course_id) AND (ecsc.user_id = clsv.user_id))));


ALTER TABLE public.course_overview_view OWNER TO dev_service_user;

--
-- Name: course_progress_view; Type: VIEW; Schema: public; Owner: dev_service_user
--

CREATE VIEW public.course_progress_view AS
 SELECT u.id AS user_id,
    co.id AS course_id,
    cd.title AS course_title,
    ucpav.total_item_count AS total_course_item_count,
    ucpav.total_completed_item_count AS completed_course_item_count,
    ((((ucpav.total_completed_item_count)::double precision / (ucpav.total_item_count)::double precision) * (100)::double precision))::integer AS progress_percentage,
    ucb.current_item_code,
    ucb.stage_name AS current_stage_name
   FROM (((((((public."user" u
     CROSS JOIN public.course co)
     LEFT JOIN public.latest_course_version_view lcvv ON ((lcvv.course_id = co.id)))
     LEFT JOIN public.course_version cv ON ((cv.id = lcvv.version_id)))
     LEFT JOIN public.course_data cd ON ((cd.id = cv.course_data_id)))
     LEFT JOIN public.user_course_progress_actual_view ucpav ON (((ucpav.course_id = co.id) AND (ucpav.user_id = u.id))))
     LEFT JOIN public.user_course_bridge ucb ON (((ucb.user_id = u.id) AND (ucb.course_id = co.id))))
     LEFT JOIN public.course_completion cc ON (((cc.user_id = u.id) AND (cc.course_version_id = cv.id))))
  WHERE ((ucb.id IS NOT NULL) AND (cc.id IS NULL));


ALTER TABLE public.course_progress_view OWNER TO dev_service_user;

--
-- Name: course_rating_group; Type: TABLE; Schema: public; Owner: dev_service_user
--

CREATE TABLE public.course_rating_group (
    id integer NOT NULL,
    name character varying NOT NULL
);


ALTER TABLE public.course_rating_group OWNER TO dev_service_user;

--
-- Name: course_rating_group_id_seq; Type: SEQUENCE; Schema: public; Owner: dev_service_user
--

CREATE SEQUENCE public.course_rating_group_id_seq
    AS integer
    START WITH 1
    INCREMENT BY 1
    NO MINVALUE
    NO MAXVALUE
    CACHE 1;


ALTER TABLE public.course_rating_group_id_seq OWNER TO dev_service_user;

--
-- Name: course_rating_group_id_seq; Type: SEQUENCE OWNED BY; Schema: public; Owner: dev_service_user
--

ALTER SEQUENCE public.course_rating_group_id_seq OWNED BY public.course_rating_group.id;


--
-- Name: course_rating_question; Type: TABLE; Schema: public; Owner: dev_service_user
--

CREATE TABLE public.course_rating_question (
    id integer NOT NULL,
    text character varying NOT NULL,
    type text NOT NULL,
    course_rating_group_id integer NOT NULL
);


ALTER TABLE public.course_rating_question OWNER TO dev_service_user;

--
-- Name: course_rating_question_id_seq; Type: SEQUENCE; Schema: public; Owner: dev_service_user
--

CREATE SEQUENCE public.course_rating_question_id_seq
    AS integer
    START WITH 1
    INCREMENT BY 1
    NO MINVALUE
    NO MAXVALUE
    CACHE 1;


ALTER TABLE public.course_rating_question_id_seq OWNER TO dev_service_user;

--
-- Name: course_rating_question_id_seq; Type: SEQUENCE OWNED BY; Schema: public; Owner: dev_service_user
--

ALTER SEQUENCE public.course_rating_question_id_seq OWNED BY public.course_rating_question.id;


--
-- Name: course_rating_question_user_answer; Type: TABLE; Schema: public; Owner: dev_service_user
--

CREATE TABLE public.course_rating_question_user_answer (
    id integer NOT NULL,
    text text,
    value integer,
    course_rating_question_id integer NOT NULL,
    user_id integer NOT NULL,
    course_id integer NOT NULL
);


ALTER TABLE public.course_rating_question_user_answer OWNER TO dev_service_user;

--
-- Name: course_rating_question_user_answer_id_seq; Type: SEQUENCE; Schema: public; Owner: dev_service_user
--

CREATE SEQUENCE public.course_rating_question_user_answer_id_seq
    AS integer
    START WITH 1
    INCREMENT BY 1
    NO MINVALUE
    NO MAXVALUE
    CACHE 1;


ALTER TABLE public.course_rating_question_user_answer_id_seq OWNER TO dev_service_user;

--
-- Name: course_rating_question_user_answer_id_seq; Type: SEQUENCE OWNED BY; Schema: public; Owner: dev_service_user
--

ALTER SEQUENCE public.course_rating_question_user_answer_id_seq OWNED BY public.course_rating_question_user_answer.id;


--
-- Name: course_rating_question_view; Type: VIEW; Schema: public; Owner: dev_service_user
--

CREATE VIEW public.course_rating_question_view AS
 SELECT u.id AS user_id,
    co.id AS course_id,
    crg.id AS group_id,
    crg.name AS group_name,
    crq.id AS question_id,
    crq.text AS question_text,
    crq.type AS question_type,
    crqua.value AS answer_value,
    crqua.text AS answer_text
   FROM ((((public.course_rating_group crg
     LEFT JOIN public.course_rating_question crq ON ((crq.course_rating_group_id = crg.id)))
     CROSS JOIN public."user" u)
     CROSS JOIN public.course co)
     LEFT JOIN public.course_rating_question_user_answer crqua ON (((crqua.user_id = u.id) AND (crqua.course_id = co.id) AND (crqua.course_rating_question_id = crq.id))))
  ORDER BY u.id, co.id, crg.id, crq.id;


ALTER TABLE public.course_rating_question_view OWNER TO dev_service_user;

--
-- Name: course_shop_item_list_view; Type: VIEW; Schema: public; Owner: dev_service_user
--

CREATE VIEW public.course_shop_item_list_view AS
 SELECT cv.course_id,
    cd.title,
    sf.file_path AS cover_file_path
   FROM ((public.course_version cv
     LEFT JOIN public.course_data cd ON ((cd.id = cv.course_data_id)))
     LEFT JOIN public.storage_file sf ON ((sf.id = cd.cover_file_id)))
  WHERE (cd.visibility = 'private'::text);


ALTER TABLE public.course_shop_item_list_view OWNER TO dev_service_user;

--
-- Name: course_version_id_seq; Type: SEQUENCE; Schema: public; Owner: dev_service_user
--

CREATE SEQUENCE public.course_version_id_seq
    AS integer
    START WITH 1
    INCREMENT BY 1
    NO MINVALUE
    NO MAXVALUE
    CACHE 1;


ALTER TABLE public.course_version_id_seq OWNER TO dev_service_user;

--
-- Name: course_version_id_seq; Type: SEQUENCE OWNED BY; Schema: public; Owner: dev_service_user
--

ALTER SEQUENCE public.course_version_id_seq OWNED BY public.course_version.id;


--
-- Name: courses_progress_list_view; Type: VIEW; Schema: public; Owner: dev_service_user
--

CREATE VIEW public.courses_progress_list_view AS
 SELECT acv.user_id,
    acv.course_id,
    acv.title,
    acv.can_view,
    acv.file_path,
    acv.is_completed,
    acv.is_started,
    acv.sub_category_id,
    acv.is_featured,
    acv.is_recommended,
    acv.category_id,
    acv.category_name,
    acv.sub_category_name,
    acv.current_item_code,
    acv.stage_name,
    acv.required_completion_date,
    acv.completed_video_count,
    acv.final_exam_score_percentage,
    acv.teacher_id,
    acv.teacher_first_name,
    acv.teacher_last_name,
    acv.total_video_sum_length_seconds,
    acv.total_video_count,
    acv.difficulty,
    acv.benchmark
   FROM public.available_course_view acv
  WHERE ((acv.is_completed = true) OR (acv.is_started = true));


ALTER TABLE public.courses_progress_list_view OWNER TO dev_service_user;

--
-- Name: daily_tip; Type: TABLE; Schema: public; Owner: dev_service_user
--

CREATE TABLE public.daily_tip (
    id integer NOT NULL,
    description character varying NOT NULL,
    is_live boolean NOT NULL,
    is_max boolean NOT NULL,
    personality_trait_category_id integer NOT NULL,
    video_file_id integer
);


ALTER TABLE public.daily_tip OWNER TO dev_service_user;

--
-- Name: daily_tip_id_seq; Type: SEQUENCE; Schema: public; Owner: dev_service_user
--

CREATE SEQUENCE public.daily_tip_id_seq
    AS integer
    START WITH 1
    INCREMENT BY 1
    NO MINVALUE
    NO MAXVALUE
    CACHE 1;


ALTER TABLE public.daily_tip_id_seq OWNER TO dev_service_user;

--
-- Name: daily_tip_id_seq; Type: SEQUENCE OWNED BY; Schema: public; Owner: dev_service_user
--

ALTER SEQUENCE public.daily_tip_id_seq OWNED BY public.daily_tip.id;


--
-- Name: daily_tip_occurrence; Type: TABLE; Schema: public; Owner: dev_service_user
--

CREATE TABLE public.daily_tip_occurrence (
    id integer NOT NULL,
    creation_date timestamp with time zone DEFAULT now() NOT NULL,
    daily_tip_id integer NOT NULL,
    user_id integer NOT NULL
);


ALTER TABLE public.daily_tip_occurrence OWNER TO dev_service_user;

--
-- Name: daily_tip_occurrence_id_seq; Type: SEQUENCE; Schema: public; Owner: dev_service_user
--

CREATE SEQUENCE public.daily_tip_occurrence_id_seq
    AS integer
    START WITH 1
    INCREMENT BY 1
    NO MINVALUE
    NO MAXVALUE
    CACHE 1;


ALTER TABLE public.daily_tip_occurrence_id_seq OWNER TO dev_service_user;

--
-- Name: daily_tip_occurrence_id_seq; Type: SEQUENCE OWNED BY; Schema: public; Owner: dev_service_user
--

ALTER SEQUENCE public.daily_tip_occurrence_id_seq OWNED BY public.daily_tip_occurrence.id;


--
-- Name: personality_trait_view; Type: VIEW; Schema: public; Owner: dev_service_user
--

CREATE VIEW public.personality_trait_view AS
SELECT
    NULL::integer AS user_id,
    NULL::integer AS trait_category_id,
    NULL::character varying AS trait_category_title,
    NULL::integer AS max_score,
    NULL::integer AS min_score,
    NULL::character varying AS active_label,
    NULL::character varying AS active_description,
    NULL::character varying AS min_label,
    NULL::character varying AS max_label,
    NULL::character varying AS min_description,
    NULL::character varying AS max_description;


ALTER TABLE public.personality_trait_view OWNER TO dev_service_user;

--
-- Name: daily_tip_view; Type: VIEW; Schema: public; Owner: dev_service_user
--

CREATE VIEW public.daily_tip_view AS
 WITH user_trait_choices AS (
         SELECT ptv.user_id,
            ptv.trait_category_id,
            (ptv.max_score > ptv.min_score) AS is_max
           FROM public.personality_trait_view ptv
        )
 SELECT dt.id AS daily_tip_id,
    u.id AS user_id,
    dt.description,
    dt.personality_trait_category_id,
    sf.file_path AS video_file_path,
    latest_occurance.latest_creation_date AS last_occurrence_date,
    (latest_occurance.latest_creation_date IS NULL) AS is_new,
    (NOT ((latest_occurance.latest_creation_date)::date IS DISTINCT FROM (now())::date)) AS is_current_tip,
    dt.is_max AS tip_is_max,
    utc.is_max AS user_choice_in_category_is_max
   FROM ((((public.daily_tip dt
     CROSS JOIN public."user" u)
     LEFT JOIN ( SELECT dto.user_id,
            dto.daily_tip_id,
            max(dto.creation_date) AS latest_creation_date
           FROM public.daily_tip_occurrence dto
          GROUP BY dto.daily_tip_id, dto.user_id) latest_occurance ON (((latest_occurance.user_id = u.id) AND (latest_occurance.daily_tip_id = dt.id))))
     LEFT JOIN public.storage_file sf ON ((sf.id = dt.video_file_id)))
     LEFT JOIN user_trait_choices utc ON (((utc.user_id = u.id) AND (utc.trait_category_id = dt.personality_trait_category_id))))
  WHERE (dt.is_max = utc.is_max)
  ORDER BY u.id, latest_occurance.latest_creation_date NULLS FIRST, dt.id;


ALTER TABLE public.daily_tip_view OWNER TO dev_service_user;

--
-- Name: department; Type: TABLE; Schema: public; Owner: dev_service_user
--

CREATE TABLE public.department (
    id integer NOT NULL,
    name character varying NOT NULL
);


ALTER TABLE public.department OWNER TO dev_service_user;

--
-- Name: discount_code; Type: TABLE; Schema: public; Owner: dev_service_user
--

CREATE TABLE public.discount_code (
    id integer NOT NULL,
    code character varying NOT NULL,
    user_id integer,
    shop_item_id integer NOT NULL
);


ALTER TABLE public.discount_code OWNER TO dev_service_user;

--
-- Name: discount_code_id_seq; Type: SEQUENCE; Schema: public; Owner: dev_service_user
--

CREATE SEQUENCE public.discount_code_id_seq
    AS integer
    START WITH 1
    INCREMENT BY 1
    NO MINVALUE
    NO MAXVALUE
    CACHE 1;


ALTER TABLE public.discount_code_id_seq OWNER TO dev_service_user;

--
-- Name: discount_code_id_seq; Type: SEQUENCE OWNED BY; Schema: public; Owner: dev_service_user
--

ALTER SEQUENCE public.discount_code_id_seq OWNED BY public.discount_code.id;


--
-- Name: event; Type: TABLE; Schema: public; Owner: dev_service_user
--

CREATE TABLE public.event (
    id integer NOT NULL,
    creation_date timestamp with time zone DEFAULT now() NOT NULL,
    type text NOT NULL,
    is_fulfilled boolean NOT NULL,
    data character varying NOT NULL,
    user_id integer NOT NULL
);


ALTER TABLE public.event OWNER TO dev_service_user;

--
-- Name: event_id_seq; Type: SEQUENCE; Schema: public; Owner: dev_service_user
--

CREATE SEQUENCE public.event_id_seq
    AS integer
    START WITH 1
    INCREMENT BY 1
    NO MINVALUE
    NO MAXVALUE
    CACHE 1;


ALTER TABLE public.event_id_seq OWNER TO dev_service_user;

--
-- Name: event_id_seq; Type: SEQUENCE OWNED BY; Schema: public; Owner: dev_service_user
--

ALTER SEQUENCE public.event_id_seq OWNED BY public.event.id;


--
-- Name: exam_completed_view; Type: VIEW; Schema: public; Owner: dev_service_user
--

CREATE VIEW public.exam_completed_view AS
 SELECT u.id AS user_id,
    ev.id AS exam_version_id,
    mv.course_version_id,
    ed.is_final AS is_final_exam,
    ed.order_index,
    sum((asv.is_completed)::integer) AS completed_session_count,
    (sum((asv.is_completed)::integer) > 0) AS has_completed_session,
    sum((asv.is_successful)::integer) AS successful_session_count,
    (sum((asv.is_successful)::integer) > 0) AS has_successful_session,
    (sum((asv.is_successful)::integer) = 1) AS single_successful_session
   FROM ((((public.exam_version ev
     LEFT JOIN public.exam_data ed ON ((ed.id = ev.exam_data_id)))
     CROSS JOIN public."user" u)
     LEFT JOIN public.answer_session_evaluation_view asv ON (((asv.exam_version_id = ev.id) AND (asv.user_id = u.id))))
     LEFT JOIN public.module_version mv ON ((mv.id = ev.module_version_id)))
  GROUP BY ev.id, u.id, mv.course_version_id, ed.order_index, ed.is_final
  ORDER BY u.id, ev.id;


ALTER TABLE public.exam_completed_view OWNER TO dev_service_user;

--
-- Name: exam_data_id_seq; Type: SEQUENCE; Schema: public; Owner: dev_service_user
--

CREATE SEQUENCE public.exam_data_id_seq
    AS integer
    START WITH 1
    INCREMENT BY 1
    NO MINVALUE
    NO MAXVALUE
    CACHE 1;


ALTER TABLE public.exam_data_id_seq OWNER TO dev_service_user;

--
-- Name: exam_data_id_seq; Type: SEQUENCE OWNED BY; Schema: public; Owner: dev_service_user
--

ALTER SEQUENCE public.exam_data_id_seq OWNED BY public.exam_data.id;


--
-- Name: exam_id_seq; Type: SEQUENCE; Schema: public; Owner: dev_service_user
--

CREATE SEQUENCE public.exam_id_seq
    AS integer
    START WITH 1
    INCREMENT BY 1
    NO MINVALUE
    NO MAXVALUE
    CACHE 1;


ALTER TABLE public.exam_id_seq OWNER TO dev_service_user;

--
-- Name: exam_id_seq; Type: SEQUENCE OWNED BY; Schema: public; Owner: dev_service_user
--

ALTER SEQUENCE public.exam_id_seq OWNED BY public.exam.id;


--
-- Name: exam_player_data_view; Type: VIEW; Schema: public; Owner: dev_service_user
--

CREATE VIEW public.exam_player_data_view AS
 WITH latest_exam_version_cte AS (
         SELECT ev_1.exam_id,
            max(ev_1.id) AS version_id
           FROM public.exam_version ev_1
          GROUP BY ev_1.exam_id
        ), successful_answer_sessions AS (
         SELECT asev.answer_session_id,
            asev.user_id,
            asev.exam_version_id,
            asev.video_version_id,
            asev.start_date,
            asev.answer_session_acquired_points,
            asev.answer_session_success_rate,
            asev.is_successful,
            asev.answered_question_count,
            asev.correct_given_answer_count,
            asev.given_answer_count,
            asev.is_completed,
            asev.end_date,
            asev.answer_session_type
           FROM public.answer_session_view asev
          WHERE asev.is_successful
        ), latest_answer_session_data AS (
         SELECT lasv.user_id,
            lasv.exam_version_id,
            lasv.answer_session_id,
            asv.correct_given_answer_count AS correct_answer_count,
            asv.answered_question_count AS total_question_count,
            asv.answer_session_success_rate AS correct_answer_rate,
            asv.is_successful
           FROM (public.latest_answer_session_view lasv
             LEFT JOIN public.answer_session_view asv ON ((asv.answer_session_id = lasv.answer_session_id)))
        )
 SELECT u.id AS user_id,
    ex.id AS exam_id,
    ev.id AS exam_version_id,
    false AS is_deleted,
    ex.is_pretest,
    ex.is_signup,
    ed.title,
    ed.subtitle,
    ed.description,
    ed.thumbnail_url,
    ed.order_index,
    ed.is_final AS is_final_exam,
    lcvv.course_id,
    mv.module_id,
    ed.retake_limit,
    ( SELECT (count(1))::integer AS count
           FROM successful_answer_sessions sas
          WHERE ((sas.exam_version_id = ev.id) AND (sas.user_id = u.id))) AS successful_completion_count,
    ( SELECT ((count(1) <= ed.retake_limit) OR (ed.retake_limit IS NULL))
           FROM successful_answer_sessions sas
          WHERE ((sas.exam_version_id = ev.id) AND (sas.user_id = u.id))) AS can_retake,
    lasd.answer_session_id,
    lasd.correct_answer_count,
    lasd.total_question_count,
    lasd.correct_answer_rate,
    (lasd.total_question_count IS NOT NULL) AS is_completed_previously
   FROM (((((((public.exam ex
     LEFT JOIN latest_exam_version_cte levc ON ((levc.exam_id = ex.id)))
     LEFT JOIN public.exam_version ev ON ((ev.id = levc.version_id)))
     LEFT JOIN public.exam_data ed ON ((ed.id = ev.exam_data_id)))
     LEFT JOIN public.module_version mv ON ((mv.id = ev.module_version_id)))
     LEFT JOIN public.latest_course_version_view lcvv ON ((lcvv.version_id = mv.course_version_id)))
     CROSS JOIN public."user" u)
     LEFT JOIN latest_answer_session_data lasd ON (((lasd.user_id = u.id) AND (lasd.exam_version_id = levc.version_id))))
  ORDER BY u.id, ex.id;


ALTER TABLE public.exam_player_data_view OWNER TO dev_service_user;

--
-- Name: exam_result_stats_view; Type: VIEW; Schema: public; Owner: dev_service_user
--

CREATE VIEW public.exam_result_stats_view AS
 WITH question_correct_answer_rates AS (
         SELECT ase_1.id AS answer_session_id,
            ase_1.user_id,
            qv.id AS question_version_id,
            ((avg((((ga.state)::text = 'CORRECT'::text))::integer))::integer * 100) AS correct_answer_rate
           FROM ((public.given_answer ga
             LEFT JOIN public.question_version qv ON ((qv.id = ga.question_version_id)))
             LEFT JOIN public.answer_session ase_1 ON ((ase_1.id = ga.answer_session_id)))
          GROUP BY ase_1.id, ase_1.user_id, qv.id
        ), fully_correctly_answered_questions AS (
         SELECT qcar.answer_session_id,
            (count(((qcar.correct_answer_rate = 100) OR NULL::boolean)))::integer AS fully_correctly_answered_questions_count
           FROM question_correct_answer_rates qcar
          GROUP BY qcar.answer_session_id
        ), answer_session_lengths AS (
         SELECT asv.answer_session_id,
            asv.start_date,
            asv.end_date,
            (EXTRACT(epoch FROM ((asv.end_date)::time without time zone - (asv.start_date)::time without time zone)))::double precision AS length_seconds
           FROM public.answer_session_view asv
          WHERE ((asv.start_date IS NOT NULL) AND (asv.end_date IS NOT NULL))
        ), avg_exam_score_per_company_cte AS (
         SELECT u_1.company_id,
            ev_1.exam_id,
            (avg(esv_1.score_percentage))::integer AS avg_score_percentage
           FROM (((public.exam_score_view esv_1
             LEFT JOIN public.exam_version ev_1 ON ((ev_1.id = esv_1.exam_version_id)))
             LEFT JOIN public.answer_session ase_1 ON ((ase_1.id = esv_1.answer_session_id)))
             LEFT JOIN public."user" u_1 ON ((u_1.id = ase_1.user_id)))
          GROUP BY u_1.company_id, ev_1.exam_id
        ), question_count AS (
         SELECT ev_1.id AS exam_version_id,
            (count(qv.id))::integer AS question_count
           FROM (public.exam_version ev_1
             LEFT JOIN public.question_version qv ON ((qv.exam_version_id = ev_1.id)))
          GROUP BY ev_1.id
        )
 SELECT u.id AS user_id,
    ev.id AS exam_version_id,
    ase.id AS answer_session_id,
    fcaq.fully_correctly_answered_questions_count,
    qc.question_count,
    (asl.length_seconds)::integer AS exam_length_seconds,
    esv.score_percentage,
    esv.exam_score,
    esv.exam_max_score,
    esv.answered_question_count,
    aespcc.avg_score_percentage,
    (esv.score_percentage - aespcc.avg_score_percentage) AS score_percentage_diff_from_avg,
    (NOT (ehsasv.is_highest_score IS DISTINCT FROM true)) AS is_highest_score_session
   FROM (((((((((public.answer_session ase
     LEFT JOIN public."user" u ON ((u.id = ase.user_id)))
     LEFT JOIN public.exam_highest_score_answer_session_view ehsasv ON ((ehsasv.answer_session_id = ase.id)))
     LEFT JOIN public.exam_version ev ON ((ev.id = ase.exam_version_id)))
     LEFT JOIN public.exam e ON ((e.id = ev.exam_id)))
     LEFT JOIN answer_session_lengths asl ON ((asl.answer_session_id = ase.id)))
     LEFT JOIN avg_exam_score_per_company_cte aespcc ON (((aespcc.company_id = u.company_id) AND (aespcc.exam_id = e.id))))
     LEFT JOIN fully_correctly_answered_questions fcaq ON ((fcaq.answer_session_id = ase.id)))
     LEFT JOIN question_count qc ON ((qc.exam_version_id = ase.id)))
     LEFT JOIN public.exam_score_view esv ON ((esv.answer_session_id = ase.id)))
  WHERE (e.id <> 1)
  ORDER BY u.id, e.id, ase.id;


ALTER TABLE public.exam_result_stats_view OWNER TO dev_service_user;

--
-- Name: exam_result_view; Type: VIEW; Schema: public; Owner: dev_service_user
--

CREATE VIEW public.exam_result_view AS
 SELECT u.id AS user_id,
    ev.id AS exam_version_id,
    qv.id AS question_version_id,
    av.id AS answer_version_id,
    ase.id AS answer_session_id,
    ga.id AS given_answer_id,
    (NOT ((ga.state)::text IS DISTINCT FROM 'CORRECT'::text)) AS is_correct,
        CASE
            WHEN (ga.state IS NULL) THEN 'INCORRECT'::character varying
            ELSE ga.state
        END AS given_answer_state,
    COALESCE(ga.score, 0) AS question_score,
    ed.is_final AS is_final_exam,
    qd.question_text,
    qd.max_score AS question_max_score,
    asv.is_completed AS is_completed_session,
    asv.is_successful AS is_successful_session,
    (ecv.single_successful_session AND asv.is_successful) AS only_successful_session,
    agab.id AS answer_bridge_id,
    agab.answer_version_id AS user_answer_version_id,
    (NOT ((agab.answer_version_id = av.id) IS DISTINCT FROM true)) AS is_given_answer,
    (NOT (ad.is_correct IS DISTINCT FROM true)) AS is_answer_correct,
    ad.text AS answer_text,
    av.answer_id
   FROM ((((((((((((((public.exam_version ev
     CROSS JOIN public."user" u)
     JOIN public.latest_answer_session_view lasv ON (((lasv.user_id = u.id) AND (lasv.exam_version_id = ev.id))))
     LEFT JOIN public.answer_session ase ON ((ase.id = lasv.answer_session_id)))
     JOIN public.exam e ON (((e.id = ev.exam_id) AND (e.id <> 1))))
     LEFT JOIN public.question_version qv ON ((qv.exam_version_id = ev.id)))
     LEFT JOIN public.answer_version av ON ((av.question_version_id = qv.id)))
     LEFT JOIN public.given_answer ga ON (((ga.question_version_id = qv.id) AND (ga.answer_session_id = ase.id))))
     LEFT JOIN public.question_data qd ON ((qd.id = qv.question_data_id)))
     LEFT JOIN public.exam_data ed ON ((ed.id = ev.exam_data_id)))
     LEFT JOIN public.answer_session_view asv ON (((asv.exam_version_id = ev.id) AND (asv.answer_session_id = ase.id))))
     LEFT JOIN public.exam_completed_view ecv ON (((ecv.exam_version_id = ev.id) AND (ecv.user_id = u.id))))
     LEFT JOIN public.answer_data ad ON ((ad.id = av.answer_data_id)))
     LEFT JOIN public.answer_given_answer_bridge agab ON (((agab.given_answer_id = ga.id) AND (agab.answer_version_id = av.id))))
     CROSS JOIN public.constant_values_view consts)
  ORDER BY u.id, ev.id, ga.id DESC NULLS LAST, qv.id, av.id, ase.id;


ALTER TABLE public.exam_result_view OWNER TO dev_service_user;

--
-- Name: exam_version_id_seq; Type: SEQUENCE; Schema: public; Owner: dev_service_user
--

CREATE SEQUENCE public.exam_version_id_seq
    AS integer
    START WITH 1
    INCREMENT BY 1
    NO MINVALUE
    NO MAXVALUE
    CACHE 1;


ALTER TABLE public.exam_version_id_seq OWNER TO dev_service_user;

--
-- Name: exam_version_id_seq; Type: SEQUENCE OWNED BY; Schema: public; Owner: dev_service_user
--

ALTER SEQUENCE public.exam_version_id_seq OWNED BY public.exam_version.id;


--
-- Name: exam_version_view; Type: VIEW; Schema: public; Owner: dev_service_user
--

CREATE VIEW public.exam_version_view AS
 WITH latest_version AS (
         SELECT max(exam_version.id) AS id,
            exam_version.exam_id
           FROM public.exam_version
          GROUP BY exam_version.exam_id
        )
 SELECT v.id AS exam_id,
    vv.id AS exam_version_id,
    vd.id AS exam_data_id,
    mv.id AS module_version_id,
    mv.course_version_id
   FROM ((((latest_version lv
     LEFT JOIN public.exam v ON ((v.id = lv.exam_id)))
     LEFT JOIN public.exam_version vv ON ((vv.id = lv.id)))
     LEFT JOIN public.exam_data vd ON ((vd.id = vv.exam_data_id)))
     LEFT JOIN public.module_version mv ON ((mv.id = vv.module_version_id)));


ALTER TABLE public.exam_version_view OWNER TO dev_service_user;

--
-- Name: given_answer_id_seq; Type: SEQUENCE; Schema: public; Owner: dev_service_user
--

CREATE SEQUENCE public.given_answer_id_seq
    AS integer
    START WITH 1
    INCREMENT BY 1
    NO MINVALUE
    NO MAXVALUE
    CACHE 1;


ALTER TABLE public.given_answer_id_seq OWNER TO dev_service_user;

--
-- Name: given_answer_id_seq; Type: SEQUENCE OWNED BY; Schema: public; Owner: dev_service_user
--

ALTER SEQUENCE public.given_answer_id_seq OWNED BY public.given_answer.id;


--
-- Name: given_answer_streak; Type: TABLE; Schema: public; Owner: dev_service_user
--

CREATE TABLE public.given_answer_streak (
    id integer NOT NULL,
    is_finalized boolean NOT NULL,
    user_id integer NOT NULL
);


ALTER TABLE public.given_answer_streak OWNER TO dev_service_user;

--
-- Name: given_answer_streak_id_seq; Type: SEQUENCE; Schema: public; Owner: dev_service_user
--

CREATE SEQUENCE public.given_answer_streak_id_seq
    AS integer
    START WITH 1
    INCREMENT BY 1
    NO MINVALUE
    NO MAXVALUE
    CACHE 1;


ALTER TABLE public.given_answer_streak_id_seq OWNER TO dev_service_user;

--
-- Name: given_answer_streak_id_seq; Type: SEQUENCE OWNED BY; Schema: public; Owner: dev_service_user
--

ALTER SEQUENCE public.given_answer_streak_id_seq OWNED BY public.given_answer_streak.id;


--
-- Name: given_answer_view; Type: VIEW; Schema: public; Owner: dev_service_user
--

CREATE VIEW public.given_answer_view AS
 SELECT ev.id AS exam_version_id,
    vv.id AS video_version_id,
    qv.id AS question_version_id,
    av.id AS answer_version_id,
    av.answer_id,
    ad.is_correct
   FROM ((((public.question_version qv
     LEFT JOIN public.exam_version ev ON ((ev.id = qv.exam_version_id)))
     LEFT JOIN public.video_version vv ON ((vv.id = qv.video_version_id)))
     LEFT JOIN public.answer_version av ON ((av.question_version_id = qv.id)))
     LEFT JOIN public.answer_data ad ON ((ad.id = av.answer_data_id)))
  ORDER BY ev.id, vv.id, qv.id, av.id;


ALTER TABLE public.given_answer_view OWNER TO dev_service_user;

--
-- Name: group; Type: TABLE; Schema: public; Owner: dev_service_user
--

CREATE TABLE public."group" (
    id integer NOT NULL
);


ALTER TABLE public."group" OWNER TO dev_service_user;

--
-- Name: group_id_seq; Type: SEQUENCE; Schema: public; Owner: dev_service_user
--

CREATE SEQUENCE public.group_id_seq
    AS integer
    START WITH 1
    INCREMENT BY 1
    NO MINVALUE
    NO MAXVALUE
    CACHE 1;


ALTER TABLE public.group_id_seq OWNER TO dev_service_user;

--
-- Name: group_id_seq; Type: SEQUENCE OWNED BY; Schema: public; Owner: dev_service_user
--

ALTER SEQUENCE public.group_id_seq OWNED BY public."group".id;


--
-- Name: user_session_activity; Type: TABLE; Schema: public; Owner: dev_service_user
--

CREATE TABLE public.user_session_activity (
    id integer NOT NULL,
    creation_date timestamp with time zone DEFAULT now() NOT NULL,
    type text NOT NULL,
    video_version_id integer,
    exam_version_id integer,
    activity_session_id integer NOT NULL
);


ALTER TABLE public.user_session_activity OWNER TO dev_service_user;

--
-- Name: home_page_stats_view; Type: VIEW; Schema: public; Owner: dev_service_user
--

CREATE VIEW public.home_page_stats_view AS
 SELECT u.id AS user_id,
    ( SELECT COALESCE(sum((uprv.is_recommended_for_practise)::integer), (0)::bigint) AS "coalesce"
           FROM public.user_practise_recommendation_view uprv
          WHERE (uprv.user_id = u.id)) AS videos_to_be_repeated_count,
    ( SELECT (count(*))::integer AS count
           FROM public.course_item_completion_view cicv
          WHERE ((cicv.user_id = u.id) AND (cicv.completion_date > (CURRENT_DATE - 30)) AND (cicv.video_version_id IS NOT NULL) AND (cicv.is_pretest IS NOT TRUE))) AS completed_videos_last_month,
    ( SELECT round(avg((upv.performance_percentage)::integer), 0) AS round
           FROM ((((((public.activity_session ase
             LEFT JOIN public.user_session_activity usa ON ((usa.activity_session_id = ase.id)))
             LEFT JOIN public.video_version vv ON ((vv.id = usa.video_version_id)))
             LEFT JOIN public.exam_version ev ON ((ev.id = usa.exam_version_id)))
             LEFT JOIN public.module_version mv ON (((mv.id = vv.module_version_id) OR (mv.id = ev.module_version_id))))
             LEFT JOIN public.course_version cv ON ((cv.id = mv.course_version_id)))
             LEFT JOIN public.user_performance_view upv ON (((upv.course_id = cv.course_id) AND (upv.user_id = ase.user_id))))
          WHERE ((ase.start_date > (CURRENT_DATE - 30)) AND (upv.course_id IS NOT NULL))) AS performance_last_month
   FROM public."user" u
  GROUP BY u.id;


ALTER TABLE public.home_page_stats_view OWNER TO dev_service_user;

--
-- Name: most_productive_time_range_view; Type: VIEW; Schema: public; Owner: dev_service_user
--

CREATE VIEW public.most_productive_time_range_view AS
 WITH generated_session_blocks(generated_session_block, block_end_time) AS (
         VALUES ('0:00-3:00'::text,'03:00:00'::time without time zone), ('3:00-6:00'::text,'06:00:00'::time without time zone), ('6:00-9:00'::text,'09:00:00'::time without time zone), ('9:00-12:00'::text,'12:00:00'::time without time zone), ('12:00-15:00'::text,'15:00:00'::time without time zone), ('15:00-18:00'::text,'18:00:00'::time without time zone), ('18:00-21:00'::text,'21:00:00'::time without time zone), ('21:00-0:00'::text,'24:00:00'::time without time zone)
        ), user_performance_with_session_blocks AS (
         SELECT carsv.user_id,
                CASE
                    WHEN ((carsv.start_date)::time without time zone <= '03:00:00'::time without time zone) THEN '0:00-3:00'::text
                    WHEN ((carsv.start_date)::time without time zone <= '06:00:00'::time without time zone) THEN '3:00-6:00'::text
                    WHEN ((carsv.start_date)::time without time zone <= '09:00:00'::time without time zone) THEN '6:00-9:00'::text
                    WHEN ((carsv.start_date)::time without time zone <= '12:00:00'::time without time zone) THEN '9:00-12:00'::text
                    WHEN ((carsv.start_date)::time without time zone <= '15:00:00'::time without time zone) THEN '12:00-15:00'::text
                    WHEN ((carsv.start_date)::time without time zone <= '18:00:00'::time without time zone) THEN '15:00-18:00'::text
                    WHEN ((carsv.start_date)::time without time zone <= '21:00:00'::time without time zone) THEN '18:00-21:00'::text
                    WHEN ((carsv.start_date)::time without time zone <= '24:00:00'::time without time zone) THEN '21:00-0:00'::text
                    ELSE NULL::text
                END AS session_block,
            avg(carsv.exam_correct_answer_rate) AS exam_correct_answer_rate,
            avg(carsv.practise_correct_answer_rate) AS practise_correct_answer_rate,
            avg(carsv.video_correct_answer_rate) AS video_correct_answer_rate
           FROM public.correct_answer_rates_split_view carsv
          GROUP BY carsv.user_id, carsv.start_date
        )
 SELECT u.id AS user_id,
    gsb.generated_session_block AS session_block,
    ((((COALESCE((upwsb.exam_correct_answer_rate * 2.5), (0)::numeric) + COALESCE((upwsb.video_correct_answer_rate * 1.5), (0)::numeric)) + COALESCE(upwsb.practise_correct_answer_rate, (0)::numeric)))::integer / 5) AS performance_percentage
   FROM ((generated_session_blocks gsb
     CROSS JOIN public."user" u)
     LEFT JOIN user_performance_with_session_blocks upwsb ON (((upwsb.user_id = u.id) AND (upwsb.session_block = gsb.generated_session_block))))
  ORDER BY u.id, gsb.block_end_time;


ALTER TABLE public.most_productive_time_range_view OWNER TO dev_service_user;

--
-- Name: user_session_view; Type: VIEW; Schema: public; Owner: dev_service_user
--

CREATE VIEW public.user_session_view AS
 SELECT acse.id,
    acse.start_date,
    acse.end_date,
    acse.is_finalized,
    acse.user_id,
    acse.activity_streak_id,
    (EXTRACT(epoch FROM (acse.end_date - acse.start_date)))::integer AS length_seconds
   FROM public.activity_session acse;


ALTER TABLE public.user_session_view OWNER TO dev_service_user;

--
-- Name: user_daily_activity_chart_view; Type: VIEW; Schema: public; Owner: dev_service_user
--

CREATE VIEW public.user_daily_activity_chart_view AS
 WITH generated_days_of_the_week AS (
         SELECT generate_series(0, 6) AS day_of_the_week
        ), generated_days_with_users AS (
         SELECT u.id AS user_id,
            gdotw.day_of_the_week
           FROM (generated_days_of_the_week gdotw
             CROSS JOIN public."user" u)
        ), user_session_activity_groups AS (
         SELECT usv.user_id,
            EXTRACT(isodow FROM usv.start_date) AS day_of_the_week,
            sum(usv.length_seconds) AS total_session_length_seconds
           FROM public.user_session_view usv
          GROUP BY usv.user_id, (EXTRACT(isodow FROM usv.start_date))
        )
 SELECT gdwu.user_id,
    usag.total_session_length_seconds,
    gdwu.day_of_the_week
   FROM (generated_days_with_users gdwu
     LEFT JOIN user_session_activity_groups usag ON (((usag.day_of_the_week = (gdwu.day_of_the_week)::numeric) AND (usag.user_id = gdwu.user_id))))
  ORDER BY gdwu.day_of_the_week;


ALTER TABLE public.user_daily_activity_chart_view OWNER TO dev_service_user;

--
-- Name: improve_yourself_page_stats_view; Type: VIEW; Schema: public; Owner: dev_service_user
--

CREATE VIEW public.improve_yourself_page_stats_view AS
 SELECT u.id AS user_id,
    ( SELECT (array_agg(mptrv.session_block ORDER BY mptrv.performance_percentage DESC))[1] AS array_agg
           FROM public.most_productive_time_range_view mptrv
          WHERE (mptrv.user_id = u.id)) AS most_productive_time_range,
    ( SELECT udacv.day_of_the_week
           FROM public.user_daily_activity_chart_view udacv
          WHERE ((udacv.user_id = u.id) AND (udacv.total_session_length_seconds = ( SELECT max(udacv2.total_session_length_seconds) AS max
                   FROM public.user_daily_activity_chart_view udacv2
                  WHERE (udacv2.user_id = u.id))))) AS most_active_day
   FROM public."user" u;


ALTER TABLE public.improve_yourself_page_stats_view OWNER TO dev_service_user;

--
-- Name: job_title_id_seq; Type: SEQUENCE; Schema: public; Owner: dev_service_user
--

CREATE SEQUENCE public.job_title_id_seq
    AS integer
    START WITH 1
    INCREMENT BY 1
    NO MINVALUE
    NO MAXVALUE
    CACHE 1;


ALTER TABLE public.job_title_id_seq OWNER TO dev_service_user;

--
-- Name: job_title_id_seq; Type: SEQUENCE OWNED BY; Schema: public; Owner: dev_service_user
--

ALTER SEQUENCE public.job_title_id_seq OWNED BY public.department.id;


--
-- Name: latest_given_answer_view; Type: VIEW; Schema: public; Owner: dev_service_user
--

CREATE VIEW public.latest_given_answer_view AS
 SELECT max(ga.id) AS given_answer_id,
    ga.question_version_id,
    ase.user_id
   FROM (public.given_answer ga
     LEFT JOIN public.answer_session ase ON ((ase.id = ga.answer_session_id)))
  GROUP BY ase.user_id, ga.question_version_id;


ALTER TABLE public.latest_given_answer_view OWNER TO dev_service_user;

--
-- Name: latest_video_view; Type: VIEW; Schema: public; Owner: dev_service_user
--

CREATE VIEW public.latest_video_view AS
 SELECT vv.video_id,
    max(vv.id) AS video_version_id,
    cv.course_id
   FROM (((public.video_version vv
     LEFT JOIN public.video vi ON ((vi.id = vv.video_id)))
     LEFT JOIN public.module_version mv ON ((mv.id = vv.module_version_id)))
     LEFT JOIN public.course_version cv ON ((cv.id = mv.course_version_id)))
  GROUP BY vv.video_id, cv.course_id;


ALTER TABLE public.latest_video_view OWNER TO dev_service_user;

--
-- Name: like_id_seq; Type: SEQUENCE; Schema: public; Owner: dev_service_user
--

CREATE SEQUENCE public.like_id_seq
    AS integer
    START WITH 1
    INCREMENT BY 1
    NO MINVALUE
    NO MAXVALUE
    CACHE 1;


ALTER TABLE public.like_id_seq OWNER TO dev_service_user;

--
-- Name: like_id_seq; Type: SEQUENCE OWNED BY; Schema: public; Owner: dev_service_user
--

ALTER SEQUENCE public.like_id_seq OWNED BY public."like".id;


--
-- Name: migration_version; Type: TABLE; Schema: public; Owner: dev_service_user
--

CREATE TABLE public.migration_version (
    version_name character varying,
    creation_date timestamp with time zone
);


ALTER TABLE public.migration_version OWNER TO dev_service_user;

--
-- Name: module_data_id_seq; Type: SEQUENCE; Schema: public; Owner: dev_service_user
--

CREATE SEQUENCE public.module_data_id_seq
    AS integer
    START WITH 1
    INCREMENT BY 1
    NO MINVALUE
    NO MAXVALUE
    CACHE 1;


ALTER TABLE public.module_data_id_seq OWNER TO dev_service_user;

--
-- Name: module_data_id_seq; Type: SEQUENCE OWNED BY; Schema: public; Owner: dev_service_user
--

ALTER SEQUENCE public.module_data_id_seq OWNED BY public.module_data.id;


--
-- Name: module_edit_view; Type: VIEW; Schema: public; Owner: dev_service_user
--

CREATE VIEW public.module_edit_view AS
 SELECT mv.id AS module_version_id,
    mv.module_id,
    mv.course_version_id,
    mod.is_pretest_module,
    md.name,
    md.description,
    md.order_index,
    sf.file_path AS cover_file_path
   FROM (((public.module_version mv
     LEFT JOIN public.module_data md ON ((md.id = mv.module_data_id)))
     LEFT JOIN public.module mod ON ((mod.id = mv.module_id)))
     LEFT JOIN public.storage_file sf ON ((sf.id = md.image_file_id)))
  ORDER BY md.order_index;


ALTER TABLE public.module_edit_view OWNER TO dev_service_user;

--
-- Name: module_id_seq; Type: SEQUENCE; Schema: public; Owner: dev_service_user
--

CREATE SEQUENCE public.module_id_seq
    AS integer
    START WITH 1
    INCREMENT BY 1
    NO MINVALUE
    NO MAXVALUE
    CACHE 1;


ALTER TABLE public.module_id_seq OWNER TO dev_service_user;

--
-- Name: module_id_seq; Type: SEQUENCE OWNED BY; Schema: public; Owner: dev_service_user
--

ALTER SEQUENCE public.module_id_seq OWNED BY public.module.id;


--
-- Name: module_player_view; Type: VIEW; Schema: public; Owner: dev_service_user
--

CREATE VIEW public.module_player_view AS
 WITH latest_module_version_ids AS (
         SELECT max(mv_1.id) AS version_id,
            mv_1.module_id
           FROM public.module_version mv_1
          GROUP BY mv_1.module_id
        )
 SELECT mo.id AS module_id,
    mv.id AS module_version_id,
    sf.file_path AS image_file_path,
    md.order_index,
    md.name,
    md.description
   FROM ((((public.module mo
     LEFT JOIN latest_module_version_ids lmvi ON ((lmvi.module_id = mo.id)))
     LEFT JOIN public.module_version mv ON ((mv.id = lmvi.version_id)))
     LEFT JOIN public.module_data md ON ((md.id = mv.module_data_id)))
     LEFT JOIN public.storage_file sf ON ((sf.id = md.image_file_id)))
  WHERE (md.order_index <> 0);


ALTER TABLE public.module_player_view OWNER TO dev_service_user;

--
-- Name: module_version_id_seq; Type: SEQUENCE; Schema: public; Owner: dev_service_user
--

CREATE SEQUENCE public.module_version_id_seq
    AS integer
    START WITH 1
    INCREMENT BY 1
    NO MINVALUE
    NO MAXVALUE
    CACHE 1;


ALTER TABLE public.module_version_id_seq OWNER TO dev_service_user;

--
-- Name: module_version_id_seq; Type: SEQUENCE OWNED BY; Schema: public; Owner: dev_service_user
--

ALTER SEQUENCE public.module_version_id_seq OWNED BY public.module_version.id;


--
-- Name: organization; Type: TABLE; Schema: public; Owner: dev_service_user
--

CREATE TABLE public.organization (
    id integer NOT NULL,
    name character varying NOT NULL
);


ALTER TABLE public.organization OWNER TO dev_service_user;

--
-- Name: organization_id_seq; Type: SEQUENCE; Schema: public; Owner: dev_service_user
--

CREATE SEQUENCE public.organization_id_seq
    AS integer
    START WITH 1
    INCREMENT BY 1
    NO MINVALUE
    NO MAXVALUE
    CACHE 1;


ALTER TABLE public.organization_id_seq OWNER TO dev_service_user;

--
-- Name: organization_id_seq; Type: SEQUENCE OWNED BY; Schema: public; Owner: dev_service_user
--

ALTER SEQUENCE public.organization_id_seq OWNED BY public.organization.id;


--
-- Name: permission_assignment_bridge_id_seq; Type: SEQUENCE; Schema: public; Owner: dev_service_user
--

CREATE SEQUENCE public.permission_assignment_bridge_id_seq
    AS integer
    START WITH 1
    INCREMENT BY 1
    NO MINVALUE
    NO MAXVALUE
    CACHE 1;


ALTER TABLE public.permission_assignment_bridge_id_seq OWNER TO dev_service_user;

--
-- Name: permission_assignment_bridge_id_seq; Type: SEQUENCE OWNED BY; Schema: public; Owner: dev_service_user
--

ALTER SEQUENCE public.permission_assignment_bridge_id_seq OWNED BY public.permission_assignment_bridge.id;


--
-- Name: permission_id_seq; Type: SEQUENCE; Schema: public; Owner: dev_service_user
--

CREATE SEQUENCE public.permission_id_seq
    AS integer
    START WITH 1
    INCREMENT BY 1
    NO MINVALUE
    NO MAXVALUE
    CACHE 1;


ALTER TABLE public.permission_id_seq OWNER TO dev_service_user;

--
-- Name: permission_id_seq; Type: SEQUENCE OWNED BY; Schema: public; Owner: dev_service_user
--

ALTER SEQUENCE public.permission_id_seq OWNED BY public.permission.id;


--
-- Name: personality_trait_category; Type: TABLE; Schema: public; Owner: dev_service_user
--

CREATE TABLE public.personality_trait_category (
    id integer NOT NULL,
    title character varying NOT NULL,
    min_label character varying NOT NULL,
    max_label character varying NOT NULL,
    min_description character varying NOT NULL,
    max_description character varying NOT NULL
);


ALTER TABLE public.personality_trait_category OWNER TO dev_service_user;

--
-- Name: personality_trait_category_id_seq; Type: SEQUENCE; Schema: public; Owner: dev_service_user
--

CREATE SEQUENCE public.personality_trait_category_id_seq
    AS integer
    START WITH 1
    INCREMENT BY 1
    NO MINVALUE
    NO MAXVALUE
    CACHE 1;


ALTER TABLE public.personality_trait_category_id_seq OWNER TO dev_service_user;

--
-- Name: personality_trait_category_id_seq; Type: SEQUENCE OWNED BY; Schema: public; Owner: dev_service_user
--

ALTER SEQUENCE public.personality_trait_category_id_seq OWNED BY public.personality_trait_category.id;


--
-- Name: personality_trait_category_view; Type: VIEW; Schema: public; Owner: dev_service_user
--

CREATE VIEW public.personality_trait_category_view AS
 SELECT ptc.id,
    ptc.title,
    ptc.min_label,
    ptc.max_label,
    ptc.min_description,
    ptc.max_description,
    ( SELECT (count(dt.id))::integer AS count
           FROM public.daily_tip dt
          WHERE ((dt.is_max = false) AND (dt.personality_trait_category_id = ptc.id))) AS min_tips_count,
    ( SELECT (count(dt.id))::integer AS count
           FROM public.daily_tip dt
          WHERE ((dt.is_max = true) AND (dt.personality_trait_category_id = ptc.id))) AS max_tips_count
   FROM public.personality_trait_category ptc;


ALTER TABLE public.personality_trait_category_view OWNER TO dev_service_user;

--
-- Name: practise_question_info_view; Type: VIEW; Schema: public; Owner: dev_service_user
--

CREATE VIEW public.practise_question_info_view AS
 WITH latest_given_answer_cte AS (
         SELECT ase_1.user_id,
            ga.question_version_id,
            max(ga.id) AS latest_id,
            (count(*))::integer AS answer_count,
            (sum(
                CASE
                    WHEN ga.is_practise_answer THEN 1
                    ELSE 0
                END))::integer AS practise_answer_count
           FROM ((public.given_answer ga
             LEFT JOIN public.answer_session ase_1 ON ((ase_1.id = ga.answer_session_id)))
             JOIN public.question_version qv_1 ON (((qv_1.id = ga.question_version_id) AND (qv_1.video_version_id IS NOT NULL))))
          GROUP BY ga.question_version_id, ase_1.user_id
          ORDER BY ase_1.user_id
        )
 SELECT lgac.user_id,
    qv.question_id,
    lgac.question_version_id,
    lgac.answer_count,
    lgac.practise_answer_count,
    latest_ga.creation_date AS given_answer_date,
    latest_ga.id AS given_answer_id,
    ((latest_ga.state)::text = 'CORRECT'::text) AS is_correct,
    ase.is_practise
   FROM (((latest_given_answer_cte lgac
     LEFT JOIN public.given_answer latest_ga ON ((latest_ga.id = lgac.latest_id)))
     LEFT JOIN public.answer_session ase ON ((ase.id = latest_ga.answer_session_id)))
     JOIN public.question_version qv ON ((qv.id = latest_ga.question_version_id)));


ALTER TABLE public.practise_question_info_view OWNER TO dev_service_user;

--
-- Name: practise_question_view; Type: VIEW; Schema: public; Owner: dev_service_user
--

CREATE VIEW public.practise_question_view AS
 WITH practise_question_ids AS (
         SELECT qv_1.question_id,
            ase.user_id,
            count(ga.id) AS given_answer_count,
            max(ga.id) AS latest_given_answer_id
           FROM ((public.question_version qv_1
             JOIN public.given_answer ga ON ((ga.question_version_id = qv_1.id)))
             LEFT JOIN public.answer_session ase ON ((ase.id = ga.answer_session_id)))
          WHERE (qv_1.video_version_id IS NOT NULL)
          GROUP BY qv_1.question_id, ase.user_id
        ), practise_question_counts AS (
         SELECT pqi.question_id,
            pqi.user_id,
            count(ga.id) AS practise_answer_count
           FROM (((practise_question_ids pqi
             LEFT JOIN public.question_version qv_1 ON ((qv_1.question_id = pqi.question_id)))
             LEFT JOIN public.given_answer ga ON ((ga.question_version_id = qv_1.id)))
             JOIN public.answer_session ase ON (((ase.id = ga.answer_session_id) AND ase.is_practise)))
          GROUP BY pqi.question_id, pqi.user_id
        ), practise_questions AS (
         SELECT pqi.question_id,
            pqi.user_id,
            pqi.given_answer_count,
            pqi.latest_given_answer_id
           FROM ((practise_question_ids pqi
             LEFT JOIN practise_question_counts pqc ON (((pqc.question_id = pqi.question_id) AND (pqc.user_id = pqi.user_id))))
             LEFT JOIN public.given_answer ga ON ((ga.id = pqi.latest_given_answer_id)))
          WHERE ((pqc.practise_answer_count < 2) AND (((ga.is_practise_answer = false) AND ((ga.state)::text <> 'CORRECT'::text) AND ((ga.creation_date + '00:05:00'::interval) < now())) OR ((ga.is_practise_answer = false) AND ((ga.state)::text = 'CORRECT'::text) AND ((ga.creation_date + '00:20:00'::interval) < now())) OR ((ga.is_practise_answer = true) AND ((ga.state)::text <> 'CORRECT'::text) AND ((ga.creation_date + '01:00:00'::interval) < now()))))
        ), latest_question_version AS (
         SELECT max(qv_1.id) AS version_id,
            qv_1.question_id
           FROM public.question_version qv_1
          GROUP BY qv_1.question_id
        )
 SELECT qv.id AS question_version_id,
    qd.question_text,
    qd.type_id AS question_type_id,
    av.id AS answer_id,
    ad.text AS answer_text,
    pq.user_id,
    pq.latest_given_answer_id,
    pq.given_answer_count
   FROM (((((practise_questions pq
     LEFT JOIN latest_question_version lqv ON ((lqv.question_id = pq.question_id)))
     LEFT JOIN public.question_version qv ON ((qv.id = lqv.version_id)))
     LEFT JOIN public.question_data qd ON ((qd.id = qv.question_data_id)))
     LEFT JOIN public.answer_version av ON ((av.question_version_id = qv.id)))
     LEFT JOIN public.answer_data ad ON ((ad.id = av.answer_data_id)));


ALTER TABLE public.practise_question_view OWNER TO dev_service_user;

--
-- Name: prequiz_answer_id_seq; Type: SEQUENCE; Schema: public; Owner: dev_service_user
--

CREATE SEQUENCE public.prequiz_answer_id_seq
    AS integer
    START WITH 1
    INCREMENT BY 1
    NO MINVALUE
    NO MAXVALUE
    CACHE 1;


ALTER TABLE public.prequiz_answer_id_seq OWNER TO dev_service_user;

--
-- Name: prequiz_answer_id_seq; Type: SEQUENCE OWNED BY; Schema: public; Owner: dev_service_user
--

ALTER SEQUENCE public.prequiz_answer_id_seq OWNED BY public.prequiz_answer.id;


--
-- Name: prequiz_completion; Type: TABLE; Schema: public; Owner: dev_service_user
--

CREATE TABLE public.prequiz_completion (
    id integer NOT NULL,
    course_id integer NOT NULL,
    user_id integer NOT NULL
);


ALTER TABLE public.prequiz_completion OWNER TO dev_service_user;

--
-- Name: prequiz_completion_id_seq; Type: SEQUENCE; Schema: public; Owner: dev_service_user
--

CREATE SEQUENCE public.prequiz_completion_id_seq
    AS integer
    START WITH 1
    INCREMENT BY 1
    NO MINVALUE
    NO MAXVALUE
    CACHE 1;


ALTER TABLE public.prequiz_completion_id_seq OWNER TO dev_service_user;

--
-- Name: prequiz_completion_id_seq; Type: SEQUENCE OWNED BY; Schema: public; Owner: dev_service_user
--

ALTER SEQUENCE public.prequiz_completion_id_seq OWNED BY public.prequiz_completion.id;


--
-- Name: prequiz_question; Type: TABLE; Schema: public; Owner: dev_service_user
--

CREATE TABLE public.prequiz_question (
    id integer NOT NULL,
    text character varying NOT NULL,
    is_numeric_answer boolean NOT NULL,
    min_value integer,
    max_value integer,
    min_label text,
    max_label text,
    step_value integer,
    value_postfix text
);


ALTER TABLE public.prequiz_question OWNER TO dev_service_user;

--
-- Name: prequiz_question_id_seq; Type: SEQUENCE; Schema: public; Owner: dev_service_user
--

CREATE SEQUENCE public.prequiz_question_id_seq
    AS integer
    START WITH 1
    INCREMENT BY 1
    NO MINVALUE
    NO MAXVALUE
    CACHE 1;


ALTER TABLE public.prequiz_question_id_seq OWNER TO dev_service_user;

--
-- Name: prequiz_question_id_seq; Type: SEQUENCE OWNED BY; Schema: public; Owner: dev_service_user
--

ALTER SEQUENCE public.prequiz_question_id_seq OWNED BY public.prequiz_question.id;


--
-- Name: prequiz_question_view; Type: VIEW; Schema: public; Owner: dev_service_user
--

CREATE VIEW public.prequiz_question_view AS
 SELECT pq.id AS question_id,
    pq.text AS question_text,
    pq.is_numeric_answer,
    pq.min_value,
    pq.max_value,
    pq.min_label,
    pq.max_label,
    pq.step_value,
    pq.value_postfix,
    pa.id AS answer_id,
    pa.text AS answer_text
   FROM (public.prequiz_question pq
     LEFT JOIN public.prequiz_answer pa ON ((pa.question_id = pq.id)))
  ORDER BY pq.id, pa.id;


ALTER TABLE public.prequiz_question_view OWNER TO dev_service_user;

--
-- Name: prequiz_user_answer_id_seq; Type: SEQUENCE; Schema: public; Owner: dev_service_user
--

CREATE SEQUENCE public.prequiz_user_answer_id_seq
    AS integer
    START WITH 1
    INCREMENT BY 1
    NO MINVALUE
    NO MAXVALUE
    CACHE 1;


ALTER TABLE public.prequiz_user_answer_id_seq OWNER TO dev_service_user;

--
-- Name: prequiz_user_answer_id_seq; Type: SEQUENCE OWNED BY; Schema: public; Owner: dev_service_user
--

ALTER SEQUENCE public.prequiz_user_answer_id_seq OWNED BY public.prequiz_user_answer.id;


--
-- Name: pretest_result_view; Type: VIEW; Schema: public; Owner: dev_service_user
--

CREATE VIEW public.pretest_result_view AS
 SELECT lasv.user_id,
    lasv.answer_session_id,
    lasv.exam_version_id,
    cv.course_id,
    esv.score_percentage,
    cic.completion_date
   FROM ((((((public.latest_answer_session_view lasv
     JOIN public.exam_version ev ON ((ev.id = lasv.exam_version_id)))
     JOIN public.exam e ON (((e.id = ev.exam_id) AND (e.is_pretest = true))))
     JOIN public.exam_score_view esv ON ((esv.answer_session_id = lasv.answer_session_id)))
     JOIN public.course_item_completion_view cic ON ((cic.answer_session_id = lasv.answer_session_id)))
     LEFT JOIN public.module_version mv ON ((mv.id = ev.module_version_id)))
     LEFT JOIN public.course_version cv ON ((cv.id = mv.course_version_id)));


ALTER TABLE public.pretest_result_view OWNER TO dev_service_user;

--
-- Name: question; Type: TABLE; Schema: public; Owner: dev_service_user
--

CREATE TABLE public.question (
    id integer NOT NULL
);


ALTER TABLE public.question OWNER TO dev_service_user;

--
-- Name: question_data_id_seq; Type: SEQUENCE; Schema: public; Owner: dev_service_user
--

CREATE SEQUENCE public.question_data_id_seq
    AS integer
    START WITH 1
    INCREMENT BY 1
    NO MINVALUE
    NO MAXVALUE
    CACHE 1;


ALTER TABLE public.question_data_id_seq OWNER TO dev_service_user;

--
-- Name: question_data_id_seq; Type: SEQUENCE OWNED BY; Schema: public; Owner: dev_service_user
--

ALTER SEQUENCE public.question_data_id_seq OWNED BY public.question_data.id;


--
-- Name: question_data_view; Type: VIEW; Schema: public; Owner: dev_service_user
--

CREATE VIEW public.question_data_view AS
 SELECT ev.id AS exam_version_id,
    vv.id AS video_version_id,
    mv.course_version_id,
    qv.question_id,
    qv.id AS question_version_id,
    qd.id AS question_data_id,
    qd.question_text,
    qd.image_url,
    qd.order_index,
    qd.show_up_time_seconds,
    qd.type_id,
    ad.text AS answer_text,
    av.id AS answer_version_id,
    av.answer_id
   FROM ((((((public.question_version qv
     LEFT JOIN public.exam_version ev ON ((ev.id = qv.exam_version_id)))
     LEFT JOIN public.video_version vv ON ((vv.id = qv.video_version_id)))
     LEFT JOIN public.module_version mv ON (((mv.id = ev.module_version_id) OR (mv.id = vv.module_version_id))))
     LEFT JOIN public.question_data qd ON ((qd.id = qv.question_data_id)))
     LEFT JOIN public.answer_version av ON ((av.question_version_id = qv.id)))
     LEFT JOIN public.answer_data ad ON ((ad.id = av.answer_data_id)));


ALTER TABLE public.question_data_view OWNER TO dev_service_user;

--
-- Name: question_id_seq; Type: SEQUENCE; Schema: public; Owner: dev_service_user
--

CREATE SEQUENCE public.question_id_seq
    AS integer
    START WITH 1
    INCREMENT BY 1
    NO MINVALUE
    NO MAXVALUE
    CACHE 1;


ALTER TABLE public.question_id_seq OWNER TO dev_service_user;

--
-- Name: question_id_seq; Type: SEQUENCE OWNED BY; Schema: public; Owner: dev_service_user
--

ALTER SEQUENCE public.question_id_seq OWNED BY public.question.id;


--
-- Name: question_type; Type: TABLE; Schema: public; Owner: dev_service_user
--

CREATE TABLE public.question_type (
    id integer NOT NULL,
    name character varying NOT NULL
);


ALTER TABLE public.question_type OWNER TO dev_service_user;

--
-- Name: question_type_id_seq; Type: SEQUENCE; Schema: public; Owner: dev_service_user
--

CREATE SEQUENCE public.question_type_id_seq
    AS integer
    START WITH 1
    INCREMENT BY 1
    NO MINVALUE
    NO MAXVALUE
    CACHE 1;


ALTER TABLE public.question_type_id_seq OWNER TO dev_service_user;

--
-- Name: question_type_id_seq; Type: SEQUENCE OWNED BY; Schema: public; Owner: dev_service_user
--

ALTER SEQUENCE public.question_type_id_seq OWNED BY public.question_type.id;


--
-- Name: question_version_id_seq; Type: SEQUENCE; Schema: public; Owner: dev_service_user
--

CREATE SEQUENCE public.question_version_id_seq
    AS integer
    START WITH 1
    INCREMENT BY 1
    NO MINVALUE
    NO MAXVALUE
    CACHE 1;


ALTER TABLE public.question_version_id_seq OWNER TO dev_service_user;

--
-- Name: question_version_id_seq; Type: SEQUENCE OWNED BY; Schema: public; Owner: dev_service_user
--

ALTER SEQUENCE public.question_version_id_seq OWNED BY public.question_version.id;


--
-- Name: role_activity_bridge; Type: TABLE; Schema: public; Owner: dev_service_user
--

CREATE TABLE public.role_activity_bridge (
    id integer NOT NULL,
    role_id integer NOT NULL,
    activity_id integer NOT NULL
);


ALTER TABLE public.role_activity_bridge OWNER TO dev_service_user;

--
-- Name: role_activity_bridge_id_seq; Type: SEQUENCE; Schema: public; Owner: dev_service_user
--

CREATE SEQUENCE public.role_activity_bridge_id_seq
    AS integer
    START WITH 1
    INCREMENT BY 1
    NO MINVALUE
    NO MAXVALUE
    CACHE 1;


ALTER TABLE public.role_activity_bridge_id_seq OWNER TO dev_service_user;

--
-- Name: role_activity_bridge_id_seq; Type: SEQUENCE OWNED BY; Schema: public; Owner: dev_service_user
--

ALTER SEQUENCE public.role_activity_bridge_id_seq OWNED BY public.role_activity_bridge.id;


--
-- Name: role_assignment_bridge_id_seq; Type: SEQUENCE; Schema: public; Owner: dev_service_user
--

CREATE SEQUENCE public.role_assignment_bridge_id_seq
    AS integer
    START WITH 1
    INCREMENT BY 1
    NO MINVALUE
    NO MAXVALUE
    CACHE 1;


ALTER TABLE public.role_assignment_bridge_id_seq OWNER TO dev_service_user;

--
-- Name: role_assignment_bridge_id_seq; Type: SEQUENCE OWNED BY; Schema: public; Owner: dev_service_user
--

ALTER SEQUENCE public.role_assignment_bridge_id_seq OWNED BY public.role_assignment_bridge.id;


--
-- Name: role_id_seq; Type: SEQUENCE; Schema: public; Owner: dev_service_user
--

CREATE SEQUENCE public.role_id_seq
    AS integer
    START WITH 1
    INCREMENT BY 1
    NO MINVALUE
    NO MAXVALUE
    CACHE 1;


ALTER TABLE public.role_id_seq OWNER TO dev_service_user;

--
-- Name: role_id_seq; Type: SEQUENCE OWNED BY; Schema: public; Owner: dev_service_user
--

ALTER SEQUENCE public.role_id_seq OWNED BY public.role.id;


--
-- Name: role_list_view; Type: VIEW; Schema: public; Owner: dev_service_user
--

CREATE VIEW public.role_list_view AS
 WITH roles AS (
         SELECT upv.assignee_user_id,
            r_1.id AS role_id
           FROM (public.role r_1
             JOIN public.user_permission_view upv ON ((((upv.context_company_id = r_1.company_id) AND (upv.permission_code = 'VIEW_CUSTOM_ROLES'::text)) OR ((r_1.company_id IS NULL) AND (upv.permission_code = 'VIEW_PREDEFINED_ROLES'::text)))))
        )
 SELECT u.id AS user_id,
    u.email AS user_email,
    co.id AS owner_company_id,
    (r.deletion_date IS NOT NULL) AS is_deleted,
    r.id AS role_id,
    r.name AS role_name,
    co.name AS owner_name,
    pe.id AS permission_id,
    pe.code AS permission_code
   FROM (((((roles
     LEFT JOIN public."user" u ON ((u.id = roles.assignee_user_id)))
     LEFT JOIN public.role r ON ((r.id = roles.role_id)))
     LEFT JOIN public.company co ON ((co.id = r.company_id)))
     LEFT JOIN public.role_permission_bridge rpb ON ((rpb.role_id = r.id)))
     LEFT JOIN public.permission pe ON ((pe.id = rpb.permission_id)))
  ORDER BY u.id, co.id, r.id, pe.id;


ALTER TABLE public.role_list_view OWNER TO dev_service_user;

--
-- Name: role_permission_bridge_id_seq; Type: SEQUENCE; Schema: public; Owner: dev_service_user
--

CREATE SEQUENCE public.role_permission_bridge_id_seq
    AS integer
    START WITH 1
    INCREMENT BY 1
    NO MINVALUE
    NO MAXVALUE
    CACHE 1;


ALTER TABLE public.role_permission_bridge_id_seq OWNER TO dev_service_user;

--
-- Name: role_permission_bridge_id_seq; Type: SEQUENCE OWNED BY; Schema: public; Owner: dev_service_user
--

ALTER SEQUENCE public.role_permission_bridge_id_seq OWNED BY public.role_permission_bridge.id;


--
-- Name: schema_version_view; Type: VIEW; Schema: public; Owner: dev_service_user
--

CREATE VIEW public.schema_version_view AS
 SELECT '18:40:53 2022-10-23 CEDT'::text AS last_modification_date,
    '0.01'::text AS version;


ALTER TABLE public.schema_version_view OWNER TO dev_service_user;

--
-- Name: shop_item_category_id_seq; Type: SEQUENCE; Schema: public; Owner: dev_service_user
--

CREATE SEQUENCE public.shop_item_category_id_seq
    AS integer
    START WITH 1
    INCREMENT BY 1
    NO MINVALUE
    NO MAXVALUE
    CACHE 1;


ALTER TABLE public.shop_item_category_id_seq OWNER TO dev_service_user;

--
-- Name: shop_item_category_id_seq; Type: SEQUENCE OWNED BY; Schema: public; Owner: dev_service_user
--

ALTER SEQUENCE public.shop_item_category_id_seq OWNED BY public.shop_item_category.id;


--
-- Name: shop_item_id_seq; Type: SEQUENCE; Schema: public; Owner: dev_service_user
--

CREATE SEQUENCE public.shop_item_id_seq
    AS integer
    START WITH 1
    INCREMENT BY 1
    NO MINVALUE
    NO MAXVALUE
    CACHE 1;


ALTER TABLE public.shop_item_id_seq OWNER TO dev_service_user;

--
-- Name: shop_item_id_seq; Type: SEQUENCE OWNED BY; Schema: public; Owner: dev_service_user
--

ALTER SEQUENCE public.shop_item_id_seq OWNED BY public.shop_item.id;


--
-- Name: shop_item_view; Type: VIEW; Schema: public; Owner: dev_service_user
--

CREATE VIEW public.shop_item_view AS
 SELECT si.id,
    si.course_id,
        CASE
            WHEN (cv.id IS NULL) THEN (si.name)::character varying
            ELSE cd.title
        END AS name,
    si.purchase_limit,
    si.coin_price,
    si.currency_price,
    sic.id AS shop_item_category_id,
    sic.name AS shop_item_category_name,
        CASE
            WHEN (cv.id IS NULL) THEN sisf.file_path
            ELSE cosf.file_path
        END AS cover_file_path
   FROM (((((public.shop_item si
     LEFT JOIN public.course_version cv ON ((cv.id = si.course_id)))
     LEFT JOIN public.course_data cd ON ((cd.id = cv.course_data_id)))
     LEFT JOIN public.shop_item_category sic ON ((sic.id = si.shop_item_category_id)))
     LEFT JOIN public.storage_file sisf ON ((sisf.id = si.cover_file_id)))
     LEFT JOIN public.storage_file cosf ON ((cosf.id = cd.cover_file_id)))
  ORDER BY si.id;


ALTER TABLE public.shop_item_view OWNER TO dev_service_user;

--
-- Name: signup_question_view; Type: VIEW; Schema: public; Owner: dev_service_user
--

CREATE VIEW public.signup_question_view AS
 WITH latest_signup_exam_version AS (
         SELECT max(ev_1.id) AS version_id
           FROM (public.exam_version ev_1
             JOIN public.exam e ON (((e.id = ev_1.exam_id) AND e.is_signup)))
        ), latest_given_answer_ids AS (
         SELECT max(ga_1.id) AS given_answer_id,
            ase_1.id AS answer_session_id,
            ga_1.question_version_id
           FROM (public.given_answer ga_1
             LEFT JOIN public.answer_session ase_1 ON ((ase_1.id = ga_1.answer_session_id)))
          GROUP BY ase_1.id, ga_1.question_version_id
        )
 SELECT u.id AS user_id,
    qv.question_id,
    qv.id AS question_version_id,
    qd.question_text,
    qd.image_url,
    qd.type_id,
    av.answer_id,
    av.id AS answer_version_id,
    ad.text AS answer_text,
    lgai.given_answer_id,
    ((ga.state)::text = 'CORRECT'::text) AS is_correct,
    agab.answer_version_id AS given_answer_version_id,
    (agab.answer_version_id = av.id) AS is_given_answer
   FROM ((((((((((latest_signup_exam_version lsev
     CROSS JOIN public."user" u)
     LEFT JOIN public.exam_version ev ON ((ev.id = lsev.version_id)))
     LEFT JOIN public.question_version qv ON ((qv.exam_version_id = ev.id)))
     LEFT JOIN public.answer_version av ON ((av.question_version_id = qv.id)))
     LEFT JOIN public.answer_session ase ON (((ase.user_id = u.id) AND (ase.exam_version_id = ev.id))))
     LEFT JOIN latest_given_answer_ids lgai ON (((lgai.question_version_id = qv.id) AND (lgai.answer_session_id = ase.id))))
     LEFT JOIN public.given_answer ga ON ((ga.id = lgai.given_answer_id)))
     LEFT JOIN public.answer_given_answer_bridge agab ON ((agab.given_answer_id = lgai.given_answer_id)))
     LEFT JOIN public.answer_data ad ON ((ad.id = av.answer_data_id)))
     LEFT JOIN public.question_data qd ON ((qd.id = qv.question_data_id)))
  ORDER BY u.id, (md5((qv.id || '1'::text))), av.id;


ALTER TABLE public.signup_question_view OWNER TO dev_service_user;

--
-- Name: storage_file_id_seq; Type: SEQUENCE; Schema: public; Owner: dev_service_user
--

CREATE SEQUENCE public.storage_file_id_seq
    AS integer
    START WITH 1
    INCREMENT BY 1
    NO MINVALUE
    NO MAXVALUE
    CACHE 1;


ALTER TABLE public.storage_file_id_seq OWNER TO dev_service_user;

--
-- Name: storage_file_id_seq; Type: SEQUENCE OWNED BY; Schema: public; Owner: dev_service_user
--

ALTER SEQUENCE public.storage_file_id_seq OWNED BY public.storage_file.id;


--
-- Name: task; Type: TABLE; Schema: public; Owner: dev_service_user
--

CREATE TABLE public.task (
    id integer NOT NULL,
    name character varying NOT NULL,
    due_data timestamp without time zone NOT NULL,
    objective character varying NOT NULL,
    user_id integer NOT NULL
);


ALTER TABLE public.task OWNER TO dev_service_user;

--
-- Name: task_id_seq; Type: SEQUENCE; Schema: public; Owner: dev_service_user
--

CREATE SEQUENCE public.task_id_seq
    AS integer
    START WITH 1
    INCREMENT BY 1
    NO MINVALUE
    NO MAXVALUE
    CACHE 1;


ALTER TABLE public.task_id_seq OWNER TO dev_service_user;

--
-- Name: task_id_seq; Type: SEQUENCE OWNED BY; Schema: public; Owner: dev_service_user
--

ALTER SEQUENCE public.task_id_seq OWNED BY public.task.id;


--
-- Name: teacher_info_id_seq; Type: SEQUENCE; Schema: public; Owner: dev_service_user
--

CREATE SEQUENCE public.teacher_info_id_seq
    AS integer
    START WITH 1
    INCREMENT BY 1
    NO MINVALUE
    NO MAXVALUE
    CACHE 1;


ALTER TABLE public.teacher_info_id_seq OWNER TO dev_service_user;

--
-- Name: teacher_info_id_seq; Type: SEQUENCE OWNED BY; Schema: public; Owner: dev_service_user
--

ALTER SEQUENCE public.teacher_info_id_seq OWNED BY public.teacher_info.id;


--
-- Name: tempomat_adjustment_value_id_seq; Type: SEQUENCE; Schema: public; Owner: dev_service_user
--

CREATE SEQUENCE public.tempomat_adjustment_value_id_seq
    AS integer
    START WITH 1
    INCREMENT BY 1
    NO MINVALUE
    NO MAXVALUE
    CACHE 1;


ALTER TABLE public.tempomat_adjustment_value_id_seq OWNER TO dev_service_user;

--
-- Name: tempomat_adjustment_value_id_seq; Type: SEQUENCE OWNED BY; Schema: public; Owner: dev_service_user
--

ALTER SEQUENCE public.tempomat_adjustment_value_id_seq OWNED BY public.tempomat_adjustment_value.id;


--
-- Name: test_table; Type: TABLE; Schema: public; Owner: dev_service_user
--

CREATE TABLE public.test_table (
    aname character varying
);


ALTER TABLE public.test_table OWNER TO dev_service_user;

--
-- Name: test_table2; Type: TABLE; Schema: public; Owner: dev_service_user
--

CREATE TABLE public.test_table2 (
    aname character varying
);


ALTER TABLE public.test_table2 OWNER TO dev_service_user;

--
-- Name: typeorm_metadata; Type: TABLE; Schema: public; Owner: dev_service_user
--

CREATE TABLE public.typeorm_metadata (
    type character varying NOT NULL,
    database character varying,
    schema character varying,
    "table" character varying,
    name character varying,
    value text
);


ALTER TABLE public.typeorm_metadata OWNER TO dev_service_user;

--
-- Name: user_active_course_view; Type: VIEW; Schema: public; Owner: dev_service_user
--

CREATE VIEW public.user_active_course_view AS
 SELECT cosv.course_id,
    cosv.user_id,
    cd.title,
    sf.file_path AS cover_file_path
   FROM (((((public.course_state_view cosv
     LEFT JOIN public.course co ON ((co.id = cosv.course_id)))
     LEFT JOIN public.latest_course_version_view lcvv ON ((lcvv.course_id = co.id)))
     LEFT JOIN public.course_version cv ON ((cv.id = lcvv.version_id)))
     LEFT JOIN public.course_data cd ON ((cd.id = cv.course_data_id)))
     LEFT JOIN public.storage_file sf ON ((sf.id = cd.cover_file_id)))
  WHERE cosv.in_progress;


ALTER TABLE public.user_active_course_view OWNER TO dev_service_user;

--
-- Name: user_answer_view; Type: VIEW; Schema: public; Owner: dev_service_user
--

CREATE VIEW public.user_answer_view AS
 SELECT ga.id AS given_answer_id,
    ((ga.state)::text = 'CORRECT'::text) AS given_answer_is_correct,
    ga.elapsed_seconds,
    ga.answer_session_id,
    asv.user_id,
    vv.video_id,
    ev.exam_id,
    cv.course_id,
    asv.answer_session_type
   FROM (((((public.given_answer ga
     LEFT JOIN public.answer_session_view asv ON ((asv.answer_session_id = ga.answer_session_id)))
     LEFT JOIN public.exam_version ev ON ((ev.id = asv.exam_version_id)))
     LEFT JOIN public.video_version vv ON ((vv.id = asv.video_version_id)))
     LEFT JOIN public.module_version mv ON (((mv.id = ev.module_version_id) OR (mv.id = vv.module_version_id))))
     LEFT JOIN public.course_version cv ON ((cv.id = mv.course_version_id)));


ALTER TABLE public.user_answer_view OWNER TO dev_service_user;

--
-- Name: user_assigned_auth_item_view; Type: VIEW; Schema: public; Owner: dev_service_user
--

CREATE VIEW public.user_assigned_auth_item_view AS
 SELECT sq.assignee_user_id,
    sq.permission_id,
    sq.role_id,
    sq.context_company_id,
    sq.is_role
   FROM ( SELECT permission_assignment_bridge.assignee_user_id,
            permission_assignment_bridge.permission_id,
            NULL::integer AS role_id,
            permission_assignment_bridge.context_company_id,
            false AS is_role
           FROM public.permission_assignment_bridge
        UNION
         SELECT role_assignment_bridge.assignee_user_id,
            NULL::integer AS permission_id,
            role_assignment_bridge.role_id,
            role_assignment_bridge.context_company_id,
            true AS is_role
           FROM public.role_assignment_bridge) sq
  WHERE (sq.assignee_user_id IS NOT NULL);


ALTER TABLE public.user_assigned_auth_item_view OWNER TO dev_service_user;

--
-- Name: user_comment_bridge; Type: TABLE; Schema: public; Owner: dev_service_user
--

CREATE TABLE public.user_comment_bridge (
    id integer NOT NULL,
    deletion_date timestamp without time zone,
    creation_date timestamp with time zone DEFAULT now() NOT NULL,
    user_id integer NOT NULL,
    comment_id integer NOT NULL
);


ALTER TABLE public.user_comment_bridge OWNER TO dev_service_user;

--
-- Name: user_comment_bridge_id_seq; Type: SEQUENCE; Schema: public; Owner: dev_service_user
--

CREATE SEQUENCE public.user_comment_bridge_id_seq
    AS integer
    START WITH 1
    INCREMENT BY 1
    NO MINVALUE
    NO MAXVALUE
    CACHE 1;


ALTER TABLE public.user_comment_bridge_id_seq OWNER TO dev_service_user;

--
-- Name: user_comment_bridge_id_seq; Type: SEQUENCE OWNED BY; Schema: public; Owner: dev_service_user
--

ALTER SEQUENCE public.user_comment_bridge_id_seq OWNED BY public.user_comment_bridge.id;


--
-- Name: user_course_access_bridge; Type: TABLE; Schema: public; Owner: dev_service_user
--

CREATE TABLE public.user_course_access_bridge (
    id integer NOT NULL,
    user_id integer NOT NULL,
    course_id integer NOT NULL
);


ALTER TABLE public.user_course_access_bridge OWNER TO dev_service_user;

--
-- Name: user_course_access_bridge_id_seq; Type: SEQUENCE; Schema: public; Owner: dev_service_user
--

CREATE SEQUENCE public.user_course_access_bridge_id_seq
    AS integer
    START WITH 1
    INCREMENT BY 1
    NO MINVALUE
    NO MAXVALUE
    CACHE 1;


ALTER TABLE public.user_course_access_bridge_id_seq OWNER TO dev_service_user;

--
-- Name: user_course_access_bridge_id_seq; Type: SEQUENCE OWNED BY; Schema: public; Owner: dev_service_user
--

ALTER SEQUENCE public.user_course_access_bridge_id_seq OWNED BY public.user_course_access_bridge.id;


--
-- Name: user_course_bridge_id_seq; Type: SEQUENCE; Schema: public; Owner: dev_service_user
--

CREATE SEQUENCE public.user_course_bridge_id_seq
    AS integer
    START WITH 1
    INCREMENT BY 1
    NO MINVALUE
    NO MAXVALUE
    CACHE 1;


ALTER TABLE public.user_course_bridge_id_seq OWNER TO dev_service_user;

--
-- Name: user_course_bridge_id_seq; Type: SEQUENCE OWNED BY; Schema: public; Owner: dev_service_user
--

ALTER SEQUENCE public.user_course_bridge_id_seq OWNED BY public.user_course_bridge.id;


--
-- Name: user_course_recommended_item_quota_view; Type: VIEW; Schema: public; Owner: dev_service_user
--

CREATE VIEW public.user_course_recommended_item_quota_view AS
 SELECT ucb.user_id,
    ucb.course_id,
    ucccv.previsioned_items_per_day AS recommended_items_per_day,
    LEAST((cicv.item_count)::numeric, (ucccv.previsioned_items_per_day * (7)::numeric)) AS recommended_items_per_week
   FROM ((public.user_course_bridge ucb
     LEFT JOIN public.course_item_count_view cicv ON ((cicv.course_id = ucb.course_id)))
     LEFT JOIN public.user_course_completion_current_view ucccv ON (((ucccv.course_id = ucb.course_id) AND (ucccv.user_id = ucb.user_id))));


ALTER TABLE public.user_course_recommended_item_quota_view OWNER TO dev_service_user;

--
-- Name: user_daily_course_item_progress_view; Type: VIEW; Schema: public; Owner: dev_service_user
--

CREATE VIEW public.user_daily_course_item_progress_view AS
 WITH completed_items AS (
         SELECT cicv_1.user_id,
            cicv_1.course_id,
            cicv_1.video_version_id,
            vd.title,
            date_trunc('day'::text, cicv_1.completion_date) AS completion_date
           FROM ((public.course_item_completion_view cicv_1
             LEFT JOIN public.video_version vv ON ((vv.id = cicv_1.video_version_id)))
             LEFT JOIN public.video_data vd ON ((vd.id = vv.video_data_id)))
          WHERE ((cicv_1.is_pretest IS NOT TRUE) AND (cicv_1.video_version_id IS NOT NULL))
        ), completed_item_groups AS (
         SELECT ci.user_id,
            ci.course_id,
            ci.completion_date,
            (count(ci.completion_date))::integer AS completed_item_count
           FROM completed_items ci
          GROUP BY ci.user_id, ci.course_id, ci.completion_date
        )
 SELECT cig.user_id,
    cig.course_id,
    cig.completion_date,
    cig.completed_item_count,
    (((cig.completed_item_count)::double precision / (cicv.item_count)::double precision) * (100)::double precision) AS completed_percentage,
    ((cig.completion_date)::date - (ucb.start_date)::date) AS offset_days_from_start,
    (cig.completion_date = date_trunc('day'::text, now())) AS is_current
   FROM ((completed_item_groups cig
     LEFT JOIN public.user_course_bridge ucb ON (((ucb.course_id = cig.course_id) AND (ucb.user_id = cig.user_id))))
     LEFT JOIN public.course_item_count_view cicv ON ((cicv.course_id = cig.course_id)))
  ORDER BY cig.completion_date;


ALTER TABLE public.user_daily_course_item_progress_view OWNER TO dev_service_user;

--
-- Name: user_daily_progress_view; Type: VIEW; Schema: public; Owner: dev_service_user
--

CREATE VIEW public.user_daily_progress_view AS
 WITH practise_question_spent_time AS (
         SELECT u_1.id AS user_id,
            ga.course_id,
            ga.creation_date,
            ((count(ga.id) * 15))::integer AS spent_seconds
           FROM ((public."user" u_1
             LEFT JOIN public.answer_session_view asv ON (((asv.user_id = u_1.id) AND (asv.answer_session_type = 'practise'::text))))
             LEFT JOIN ( SELECT ga_1.id,
                    cv.course_id,
                    ga_1.answer_session_id,
                    date_trunc('day'::text, ga_1.creation_date) AS creation_date
                   FROM ((((public.given_answer ga_1
                     LEFT JOIN public.question_version qv ON ((qv.id = ga_1.question_version_id)))
                     LEFT JOIN public.video_version vv ON ((vv.id = qv.video_version_id)))
                     LEFT JOIN public.module_version mv ON ((mv.id = vv.module_version_id)))
                     LEFT JOIN public.course_version cv ON ((cv.id = mv.course_version_id)))) ga ON ((ga.answer_session_id = asv.answer_session_id)))
          WHERE (ga.id IS NOT NULL)
          GROUP BY u_1.id, ga.course_id, ga.creation_date
          ORDER BY u_1.id, ga.course_id, ga.creation_date
        ), exam_spent_time AS (
         SELECT u_1.id AS user_id,
            asv.course_id,
            asv.creation_date,
            sum(asv.elapsed_seconds) AS spent_seconds
           FROM ((public."user" u_1
             LEFT JOIN ( SELECT asv_1.answer_session_id,
                    asv_1.user_id,
                    cv.course_id,
                    ev.exam_id,
                    date_trunc('day'::text, asv_1.end_date) AS creation_date,
                    EXTRACT(epoch FROM (asv_1.end_date - asv_1.start_date)) AS elapsed_seconds
                   FROM (((public.answer_session_view asv_1
                     LEFT JOIN public.exam_version ev ON ((ev.id = asv_1.exam_version_id)))
                     LEFT JOIN public.module_version mv ON ((mv.id = ev.module_version_id)))
                     LEFT JOIN public.course_version cv ON ((cv.id = mv.course_version_id)))
                  WHERE ((asv_1.start_date IS NOT NULL) AND (asv_1.end_date IS NOT NULL))) asv ON ((asv.user_id = u_1.id)))
             LEFT JOIN public.exam e ON ((e.id = asv.exam_id)))
          WHERE ((e.id <> 1) AND (e.id IS NOT NULL))
          GROUP BY u_1.id, asv.course_id, asv.creation_date
          ORDER BY u_1.id, asv.course_id, asv.creation_date
        ), video_watch_spent_time AS (
         SELECT u_1.id AS user_id,
            vps.course_id,
            vps.creation_date,
            COALESCE(sum(vps.elapsed_seconds), (0)::double precision) AS spent_seconds
           FROM ((public."user" u_1
             LEFT JOIN ( SELECT vps_1.id,
                    date_trunc('day'::text, vps_1.creation_date) AS creation_date,
                    vps_1.user_id,
                    vv.video_id,
                    cv.course_id,
                    (vps_1.to_seconds - vps_1.from_seconds) AS elapsed_seconds
                   FROM (((public.video_playback_sample vps_1
                     LEFT JOIN public.video_version vv ON ((vv.id = vps_1.video_version_id)))
                     LEFT JOIN public.module_version mv ON ((mv.id = vv.module_version_id)))
                     LEFT JOIN public.course_version cv ON ((cv.id = mv.course_version_id)))) vps ON ((vps.user_id = u_1.id)))
             LEFT JOIN public.video v ON ((vps.video_id = v.id)))
          WHERE (v.id IS NOT NULL)
          GROUP BY u_1.id, vps.course_id, vps.creation_date
          ORDER BY u_1.id, vps.course_id, vps.creation_date
        ), video_question_spent_time AS (
         SELECT u_1.id AS user_id,
            cv.course_id,
            ga.creation_date,
            COALESCE(sum(ga.elapsed_seconds), (0)::double precision) AS spent_seconds
           FROM (((((public."user" u_1
             LEFT JOIN public.answer_session_view asv ON (((asv.video_version_id IS NOT NULL) AND (asv.user_id = u_1.id))))
             LEFT JOIN ( SELECT ga_1.id,
                    ga_1.answer_session_id,
                    ga_1.elapsed_seconds,
                    date_trunc('day'::text, ga_1.creation_date) AS creation_date
                   FROM public.given_answer ga_1) ga ON ((ga.answer_session_id = asv.answer_session_id)))
             LEFT JOIN public.video_version vv ON ((vv.id = asv.video_version_id)))
             LEFT JOIN public.module_version mv ON ((mv.id = vv.module_version_id)))
             LEFT JOIN public.course_version cv ON ((cv.id = mv.course_version_id)))
          WHERE (ga.creation_date IS NOT NULL)
          GROUP BY u_1.id, cv.course_id, ga.creation_date
          ORDER BY u_1.id, cv.course_id, ga.creation_date
        )
 SELECT u.id AS user_id,
    co.id AS course_id,
    asd.creation_date,
    sum(asd.spent_seconds) AS spent_seconds
   FROM ((public."user" u
     CROSS JOIN public.course co)
     LEFT JOIN ( SELECT pqst.user_id,
            NULL::integer AS course_id,
            pqst.creation_date,
            pqst.spent_seconds,
            'practise_question'::text AS tag
           FROM practise_question_spent_time pqst
        UNION
         SELECT est.user_id,
            est.course_id,
            est.creation_date,
            est.spent_seconds,
            'exam'::text AS tag
           FROM exam_spent_time est
        UNION
         SELECT vwst.user_id,
            vwst.course_id,
            vwst.creation_date,
            vwst.spent_seconds,
            'video_watch'::text AS tag
           FROM video_watch_spent_time vwst
        UNION
         SELECT vqst.user_id,
            vqst.course_id,
            vqst.creation_date,
            vqst.spent_seconds,
            'video_question'::text AS tag
           FROM video_question_spent_time vqst) asd ON (((asd.user_id = u.id) AND (asd.course_id = co.id))))
  GROUP BY u.id, co.id, asd.creation_date
  ORDER BY u.id, co.id;


ALTER TABLE public.user_daily_progress_view OWNER TO dev_service_user;

--
-- Name: user_inactive_course_view; Type: VIEW; Schema: public; Owner: dev_service_user
--

CREATE VIEW public.user_inactive_course_view AS
 SELECT user_course_sessions.user_id,
    count(user_course_sessions.course_id) AS inactive_course_count
   FROM ( SELECT DISTINCT ON (cv.course_id) usv.user_id,
            usv.end_date AS session_end_date,
            cv.course_id,
            EXTRACT(week FROM usv.start_date) AS week,
            count((cv.course_id * '-10'::integer)) AS points
           FROM (((((((public.user_session_view usv
             LEFT JOIN public.user_session_activity usa ON ((usa.activity_session_id = usv.id)))
             LEFT JOIN public.video_version vv ON ((vv.id = usa.video_version_id)))
             LEFT JOIN public.exam_version ev ON ((ev.id = usa.exam_version_id)))
             LEFT JOIN public.module_version mv ON (((mv.id = vv.module_version_id) OR (mv.id = ev.module_version_id))))
             LEFT JOIN public.course_version cv ON ((cv.id = mv.course_version_id)))
             LEFT JOIN public.course_progress_view cpv ON (((cpv.user_id = usv.user_id) AND (cpv.course_id = cv.course_id))))
             LEFT JOIN public.user_course_bridge ucb ON (((ucb.user_id = usv.user_id) AND (ucb.course_id = cv.course_id))))
          WHERE ((usv.start_date > (CURRENT_DATE - 30)) AND (usv.end_date < (CURRENT_DATE - 14)) AND (ucb.creation_date > (CURRENT_DATE - 30)) AND (cpv.progress_percentage < 50) AND (usv.length_seconds <> 0) AND (usv.is_finalized = true))
          GROUP BY usv.user_id, usv.start_date, usv.end_date, cv.course_id
          ORDER BY cv.course_id, usv.end_date DESC) user_course_sessions
  GROUP BY user_course_sessions.user_id;


ALTER TABLE public.user_inactive_course_view OWNER TO dev_service_user;

--
-- Name: user_engagement_view; Type: VIEW; Schema: public; Owner: dev_service_user
--

CREATE VIEW public.user_engagement_view AS
 WITH sessions AS (
         SELECT usv.user_id,
            EXTRACT(week FROM usv.start_date) AS week_num,
            (usv.length_seconds > (60 * 15)) AS is_longer_than_fifteen_minutes,
            ((usv.length_seconds < (60 * 5)) AND (usv.length_seconds <> 0)) AS is_shorter_than_five_minutes
           FROM public.user_session_view usv
          WHERE (usv.is_finalized = true)
        ), session_groups AS (
         SELECT s.user_id,
            s.week_num,
            count(1) AS total_session_count,
            sum((s.is_longer_than_fifteen_minutes)::integer) AS is_longer_than_fifteen_minutes_count,
            sum((s.is_shorter_than_five_minutes)::integer) AS is_shorter_than_five_minutes_count
           FROM sessions s
          GROUP BY s.week_num, s.user_id
        ), session_points AS (
         SELECT sg.user_id,
            sum(LEAST((sg.total_session_count * 1), (10)::bigint)) AS session_count_points,
            sum(LEAST((sg.is_longer_than_fifteen_minutes_count * 5), (40)::bigint)) AS is_longer_than_fifteen_minutes_points,
            sum(GREATEST((sg.is_shorter_than_five_minutes_count * '-3'::integer), ('-15'::integer)::bigint)) AS is_shorter_than_five_minutes_points
           FROM session_groups sg
          GROUP BY sg.user_id
        ), total_session_length_points AS (
         SELECT sq.user_id,
                CASE
                    WHEN (sq.length_minutes > 360) THEN 50
                    WHEN (sq.length_minutes > 240) THEN 45
                    WHEN (sq.length_minutes > 180) THEN 40
                    WHEN (sq.length_minutes > 120) THEN 30
                    WHEN (sq.length_minutes > 60) THEN 15
                    WHEN (sq.length_minutes > 0) THEN 10
                    ELSE 0
                END AS total_session_length_points
           FROM ( SELECT usv.user_id,
                    (sum(usv.length_seconds) / 60) AS length_minutes
                   FROM public.user_session_view usv
                  WHERE (usv.start_date > (CURRENT_DATE - 30))
                  GROUP BY usv.user_id) sq
        )
 SELECT u.id AS user_id,
    ((((((tslp.total_session_length_points)::numeric + sp.session_count_points) + sp.is_longer_than_fifteen_minutes_points) + sp.is_shorter_than_five_minutes_points) + ((COALESCE(uicv.inactive_course_count, (0)::bigint) * (- 10)))::numeric))::integer AS engagement_points
   FROM (((public."user" u
     LEFT JOIN session_points sp ON ((sp.user_id = u.id)))
     LEFT JOIN total_session_length_points tslp ON ((tslp.user_id = u.id)))
     LEFT JOIN public.user_inactive_course_view uicv ON ((uicv.user_id = u.id)));


ALTER TABLE public.user_engagement_view OWNER TO dev_service_user;

--
-- Name: user_exam_progress_bridge; Type: TABLE; Schema: public; Owner: dev_service_user
--

CREATE TABLE public.user_exam_progress_bridge (
    id integer NOT NULL,
    completion_date timestamp with time zone,
    user_id integer NOT NULL,
    exam_version_id integer NOT NULL
);


ALTER TABLE public.user_exam_progress_bridge OWNER TO dev_service_user;

--
-- Name: user_exam_progress_bridge_id_seq; Type: SEQUENCE; Schema: public; Owner: dev_service_user
--

CREATE SEQUENCE public.user_exam_progress_bridge_id_seq
    AS integer
    START WITH 1
    INCREMENT BY 1
    NO MINVALUE
    NO MAXVALUE
    CACHE 1;


ALTER TABLE public.user_exam_progress_bridge_id_seq OWNER TO dev_service_user;

--
-- Name: user_exam_progress_bridge_id_seq; Type: SEQUENCE OWNED BY; Schema: public; Owner: dev_service_user
--

ALTER SEQUENCE public.user_exam_progress_bridge_id_seq OWNED BY public.user_exam_progress_bridge.id;


--
-- Name: user_exam_stats_view; Type: VIEW; Schema: public; Owner: dev_service_user
--

CREATE VIEW public.user_exam_stats_view AS
 SELECT DISTINCT ON (e.id) e.id AS exam_id,
    ed.title AS exam_title,
    u.id AS user_id,
    cv.course_id,
    asv.answer_session_success_rate AS correct_answer_rate,
        CASE
            WHEN asv.is_successful THEN false
            ELSE true
        END AS should_practise_exam,
    round(((asv.answer_session_acquired_points / 4))::double precision) AS correct_answer_count,
    (EXTRACT(epoch FROM ((asv.end_date - asv.start_date))::time without time zone))::integer AS exam_length_seconds,
    asv.end_date AS last_completion_date,
    ( SELECT avg(ga_1.elapsed_seconds) AS average_reaction_time
           FROM public.given_answer ga_1
          WHERE (ga_1.answer_session_id = asv.answer_session_id)) AS average_reaction_time
   FROM (((((((public.exam e
     LEFT JOIN public.exam_version ev ON ((ev.exam_id = e.id)))
     LEFT JOIN public.exam_data ed ON ((ed.id = ev.exam_data_id)))
     LEFT JOIN public.answer_session_view asv ON ((asv.exam_version_id = ev.id)))
     LEFT JOIN public.given_answer ga ON ((ga.answer_session_id = asv.answer_session_id)))
     LEFT JOIN public."user" u ON ((u.id = asv.user_id)))
     LEFT JOIN public.module_version mv ON ((mv.id = ev.module_version_id)))
     LEFT JOIN public.course_version cv ON ((cv.id = mv.course_version_id)))
  WHERE ((u.id IS NOT NULL) AND (e.is_pretest IS FALSE) AND (e.is_signup IS FALSE))
  ORDER BY e.id, asv.end_date DESC;


ALTER TABLE public.user_exam_stats_view OWNER TO dev_service_user;

--
-- Name: user_id_seq; Type: SEQUENCE; Schema: public; Owner: dev_service_user
--

CREATE SEQUENCE public.user_id_seq
    AS integer
    START WITH 1
    INCREMENT BY 1
    NO MINVALUE
    NO MAXVALUE
    CACHE 1;


ALTER TABLE public.user_id_seq OWNER TO dev_service_user;

--
-- Name: user_id_seq; Type: SEQUENCE OWNED BY; Schema: public; Owner: dev_service_user
--

ALTER SEQUENCE public.user_id_seq OWNED BY public."user".id;


--
-- Name: user_latest_activity_view; Type: VIEW; Schema: public; Owner: dev_service_user
--

CREATE VIEW public.user_latest_activity_view AS
 WITH session_view_max AS (
         SELECT usev.user_id,
            max(usa.creation_date) AS latest_activity_date
           FROM (public.user_session_view usev
             LEFT JOIN public.user_session_activity usa ON ((usa.activity_session_id = usev.id)))
          GROUP BY usev.user_id
        ), user_total_session_length AS (
         SELECT usav.user_id,
            (sum(usav.length_seconds))::integer AS total_session_length_seconds
           FROM public.user_session_view usav
          GROUP BY usav.user_id
        )
 SELECT u.id,
    u.email,
    ((usl.total_session_length_seconds)::double precision * '00:00:01'::interval) AS total_spent_seconds,
    svm.latest_activity_date
   FROM ((public."user" u
     LEFT JOIN session_view_max svm ON ((svm.user_id = u.id)))
     LEFT JOIN user_total_session_length usl ON ((usl.user_id = u.id)))
  WHERE (u.deletion_date IS NULL)
  ORDER BY svm.latest_activity_date DESC NULLS LAST;


ALTER TABLE public.user_latest_activity_view OWNER TO dev_service_user;

--
-- Name: user_reaction_time_view; Type: VIEW; Schema: public; Owner: dev_service_user
--

CREATE VIEW public.user_reaction_time_view AS
 WITH user_exam AS (
         SELECT u_1.id AS user_id,
            ev.exam_id,
            asv.answer_session_id,
            EXTRACT(seconds FROM (asv.end_date - asv.start_date)) AS exam_length_seconds,
            asv.answer_session_success_rate AS exam_correct_answer_rate
           FROM ((public."user" u_1
             LEFT JOIN public.answer_session_view asv ON ((asv.user_id = u_1.id)))
             LEFT JOIN public.exam_version ev ON ((ev.id = asv.exam_version_id)))
          WHERE ((asv.answer_session_type = 'exam'::text) AND (asv.end_date IS NOT NULL))
        ), user_exam_averages AS (
         SELECT sq.user_id,
            ((100.0 * (sq.average_exam_length_seconds - sq.total_average_exam_length_seconds)) / sq.total_average_exam_length_seconds) AS exam_length_percent_diff
           FROM ( SELECT u_1.id AS user_id,
                    ( SELECT avg(ue.exam_length_seconds) AS avg
                           FROM user_exam ue) AS total_average_exam_length_seconds,
                    ( SELECT avg(ue.exam_length_seconds) AS average_exam_length_seconds
                           FROM user_exam ue
                          WHERE ((ue.user_id = u_1.id) AND ((ue.exam_correct_answer_rate)::numeric > 0.70))) AS average_exam_length_seconds
                   FROM public."user" u_1
                  GROUP BY u_1.id) sq
        ), user_exam_points AS (
         SELECT uea.user_id,
            uea.exam_length_percent_diff,
                CASE
                    WHEN (uea.exam_length_percent_diff > (65)::numeric) THEN 0
                    WHEN (uea.exam_length_percent_diff > (55)::numeric) THEN 10
                    WHEN (uea.exam_length_percent_diff > (45)::numeric) THEN 20
                    WHEN (uea.exam_length_percent_diff > (30)::numeric) THEN 25
                    WHEN (uea.exam_length_percent_diff > (15)::numeric) THEN 30
                    WHEN (uea.exam_length_percent_diff > ('-15'::integer)::numeric) THEN 50
                    WHEN (uea.exam_length_percent_diff > ('-25'::integer)::numeric) THEN 65
                    WHEN (uea.exam_length_percent_diff > ('-35'::integer)::numeric) THEN 80
                    WHEN (uea.exam_length_percent_diff > ('-50'::integer)::numeric) THEN 90
                    WHEN (uea.exam_length_percent_diff < ('-50'::integer)::numeric) THEN 100
                    ELSE NULL::integer
                END AS user_exam_length_points
           FROM user_exam_averages uea
        ), user_answers AS (
         SELECT ga.id AS given_answer_id,
            ((ga.state)::text = 'CORRECT'::text) AS given_answer_is_correct,
            ga.elapsed_seconds,
            ga.answer_session_id,
            asv.user_id,
            asv.start_date,
            asv.end_date,
            asv.answer_session_type
           FROM (public.given_answer ga
             LEFT JOIN public.answer_session_view asv ON ((asv.answer_session_id = ga.answer_session_id)))
        ), user_reaction_averages AS (
         SELECT sq.user_id,
            sq.average_reaction_time,
            sq.total_average_reaction_time,
            (((100.0)::double precision * (sq.average_reaction_time - sq.total_average_reaction_time)) / sq.total_average_reaction_time) AS reaction_time_percent_diff
           FROM ( SELECT u_1.id AS user_id,
                    ( SELECT avg(ua.elapsed_seconds) AS avg
                           FROM user_answers ua
                          WHERE ((ua.elapsed_seconds IS NOT NULL) AND (ua.user_id = u_1.id))) AS average_reaction_time,
                    ( SELECT avg(ua.elapsed_seconds) AS avg
                           FROM user_answers ua
                          WHERE (ua.elapsed_seconds IS NOT NULL)) AS total_average_reaction_time
                   FROM public."user" u_1) sq
        ), user_reaction_points AS (
         SELECT ura.user_id,
            ura.reaction_time_percent_diff,
                CASE
                    WHEN (ura.reaction_time_percent_diff > (65)::double precision) THEN 0
                    WHEN (ura.reaction_time_percent_diff > (55)::double precision) THEN 10
                    WHEN (ura.reaction_time_percent_diff > (45)::double precision) THEN 20
                    WHEN (ura.reaction_time_percent_diff > (30)::double precision) THEN 25
                    WHEN (ura.reaction_time_percent_diff > (15)::double precision) THEN 30
                    WHEN (ura.reaction_time_percent_diff > ('-15'::integer)::double precision) THEN 50
                    WHEN (ura.reaction_time_percent_diff > ('-25'::integer)::double precision) THEN 65
                    WHEN (ura.reaction_time_percent_diff > ('-35'::integer)::double precision) THEN 80
                    WHEN (ura.reaction_time_percent_diff > ('-50'::integer)::double precision) THEN 90
                    WHEN (ura.reaction_time_percent_diff < ('-50'::integer)::double precision) THEN 100
                    ELSE NULL::integer
                END AS user_reaction_time_points
           FROM user_reaction_averages ura
        )
 SELECT u.id AS user_id,
    COALESCE(uep.user_exam_length_points, 0) AS user_exam_length_points,
    COALESCE(urp.user_reaction_time_points, 0) AS user_reaction_time_points,
    (((COALESCE((urp.user_reaction_time_points)::double precision, (0)::double precision) * (3)::double precision) + COALESCE((uep.user_exam_length_points)::double precision, (0)::double precision)) / (4)::double precision) AS total_user_reaction_time_points,
    urp.reaction_time_percent_diff
   FROM (((public."user" u
     LEFT JOIN public.user_performance_answer_group_view upagv ON ((upagv.user_id = u.id)))
     LEFT JOIN user_exam_points uep ON ((uep.user_id = u.id)))
     LEFT JOIN user_reaction_points urp ON ((urp.user_id = u.id)))
  GROUP BY u.id, uep.user_exam_length_points, urp.user_reaction_time_points, urp.reaction_time_percent_diff;


ALTER TABLE public.user_reaction_time_view OWNER TO dev_service_user;

--
-- Name: user_session_block_view; Type: VIEW; Schema: public; Owner: dev_service_user
--

CREATE VIEW public.user_session_block_view AS
 WITH session_average AS (
         SELECT usv.user_id,
            ((avg(((usv.start_date)::time without time zone)::interval) + avg(((usv.end_date)::time without time zone)::interval)) / (2)::double precision) AS average_time_center
           FROM public.user_session_view usv
          GROUP BY usv.user_id
        )
 SELECT u.id AS user_id,
        CASE
            WHEN ((sa.average_time_center >= ('00:00:00'::time without time zone)::interval) AND (sa.average_time_center <= ('03:00:00'::time without time zone)::interval)) THEN '0:00-3:00'::text
            WHEN ((sa.average_time_center > ('03:00:00'::time without time zone)::interval) AND (sa.average_time_center <= ('06:00:00'::time without time zone)::interval)) THEN '3:00-6:00'::text
            WHEN ((sa.average_time_center > ('06:00:00'::time without time zone)::interval) AND (sa.average_time_center <= ('09:00:00'::time without time zone)::interval)) THEN '6:00-9:00'::text
            WHEN ((sa.average_time_center > ('09:00:00'::time without time zone)::interval) AND (sa.average_time_center <= ('12:00:00'::time without time zone)::interval)) THEN '9:00-12:00'::text
            WHEN ((sa.average_time_center > ('12:00:00'::time without time zone)::interval) AND (sa.average_time_center <= ('15:00:00'::time without time zone)::interval)) THEN '12:00-15:00'::text
            WHEN ((sa.average_time_center > ('15:00:00'::time without time zone)::interval) AND (sa.average_time_center <= ('18:00:00'::time without time zone)::interval)) THEN '15:00-18:00'::text
            WHEN ((sa.average_time_center > ('18:00:00'::time without time zone)::interval) AND (sa.average_time_center <= ('21:00:00'::time without time zone)::interval)) THEN '18:00-21:00'::text
            WHEN ((sa.average_time_center > ('21:00:00'::time without time zone)::interval) AND (sa.average_time_center <= ('24:00:00'::time without time zone)::interval)) THEN '21:00-0:00'::text
            ELSE NULL::text
        END AS average_session_block
   FROM (public."user" u
     LEFT JOIN session_average sa ON ((sa.user_id = u.id)));


ALTER TABLE public.user_session_block_view OWNER TO dev_service_user;

--
-- Name: user_learning_overview_stats_view; Type: VIEW; Schema: public; Owner: dev_service_user
--

CREATE VIEW public.user_learning_overview_stats_view AS
 WITH stats AS (
         SELECT u.id AS user_id,
            u.email AS user_email,
            ( SELECT avg(upv_1.performance_percentage) AS avg
                   FROM public.user_performance_view upv_1
                  WHERE ((upv_1.user_id = u.id) AND (upv_1.performance_percentage <> (0)::double precision) AND (upv_1.performance_percentage IS NOT NULL))) AS performance_percentage,
            urtv.reaction_time_percent_diff AS user_reaction_time_difference_percentage,
            urtv.user_reaction_time_points,
            urtv.user_exam_length_points,
            urtv.total_user_reaction_time_points,
            usbv.average_session_block AS most_frequent_time_range,
            ( SELECT uev.engagement_points
                   FROM public.user_engagement_view uev
                  WHERE (uev.user_id = u.id)) AS engagement_points,
            ( SELECT (sum(usav.length_seconds))::integer AS sum
                   FROM public.user_session_view usav
                  WHERE (usav.user_id = u.id)) AS total_time_active_on_platform_seconds,
            ( SELECT (count(*))::integer AS count
                   FROM public.course_item_completion_view cicv
                  WHERE ((cicv.user_id = u.id) AND (cicv.video_version_id IS NOT NULL))) AS watched_videos,
            ( SELECT (sum((ecv.has_completed_session)::integer))::integer AS sum
                   FROM public.exam_completed_view ecv
                  WHERE (ecv.user_id = u.id)) AS completed_exam_count,
            ( SELECT (count(ga.id))::integer AS count
                   FROM (public.given_answer ga
                     LEFT JOIN public.answer_session_view asv ON (((asv.answer_session_id = ga.answer_session_id) AND ((asv.answer_session_type = 'video'::text) OR (asv.answer_session_type = 'practise'::text)))))
                  WHERE (asv.user_id = u.id)) AS answered_video_and_practise_quiz_questions,
            ( SELECT (count(ga.id))::integer AS count
                   FROM (public.given_answer ga
                     LEFT JOIN public.answer_session_view asv ON (((asv.answer_session_id = ga.answer_session_id) AND ((asv.answer_session_type = 'video'::text) OR (asv.answer_session_type = 'practise'::text)))))
                  WHERE ((asv.user_id = u.id) AND ((ga.state)::text = 'CORRECT'::text))) AS correct_answered_video_and_practise_quiz_questions,
            ( SELECT ((count(*))::double precision / (30)::double precision)
                   FROM public.course_item_completion_view cicv
                  WHERE ((cicv.user_id = u.id) AND (cicv.completion_date > (CURRENT_DATE - 30)))) AS average_watched_videos_per_day,
            ( SELECT (avg(usav.length_seconds))::integer AS avg
                   FROM public.user_session_view usav
                  WHERE (usav.user_id = u.id)) AS average_session_length_seconds,
            ( SELECT count((ecv.has_successful_session)::integer) AS count
                   FROM public.exam_completed_view ecv
                  WHERE (ecv.user_id = u.id)) AS total_done_exams,
            ( SELECT (count(uprv.total_given_answer_count))::integer AS count
                   FROM public.user_practise_recommendation_view uprv
                  WHERE (uprv.is_recommended_for_practise IS TRUE)) AS videos_to_be_repeated_count
           FROM (((public."user" u
             LEFT JOIN public.user_performance_view upv ON ((upv.user_id = u.id)))
             LEFT JOIN public.user_session_block_view usbv ON ((usbv.user_id = u.id)))
             LEFT JOIN public.user_reaction_time_view urtv ON ((urtv.user_id = u.id)))
          WHERE (u.deletion_date IS NULL)
          GROUP BY u.id, u.email, urtv.reaction_time_percent_diff, urtv.user_reaction_time_points, urtv.user_exam_length_points, urtv.total_user_reaction_time_points, usbv.average_session_block
          ORDER BY u.id
        )
 SELECT st.user_id,
    st.user_email,
    st.performance_percentage,
    st.user_reaction_time_difference_percentage,
    st.user_reaction_time_points,
    st.user_exam_length_points,
    st.total_user_reaction_time_points,
    st.most_frequent_time_range,
    st.engagement_points,
    st.total_time_active_on_platform_seconds,
    st.watched_videos,
    st.completed_exam_count,
    st.answered_video_and_practise_quiz_questions,
    st.correct_answered_video_and_practise_quiz_questions,
    st.average_watched_videos_per_day,
    st.average_session_length_seconds,
    st.total_done_exams,
    st.videos_to_be_repeated_count,
        CASE
            WHEN (st.answered_video_and_practise_quiz_questions = 0) THEN (0)::double precision
            ELSE (((st.correct_answered_video_and_practise_quiz_questions)::double precision / (st.answered_video_and_practise_quiz_questions)::double precision) * (100)::double precision)
        END AS correct_answer_rate_percentage,
    (((((st.engagement_points * 3))::double precision + (st.performance_percentage * (3)::double precision)) + (((100)::numeric * 0.5))::double precision) / (6.5)::double precision) AS overall_performance_percentage
   FROM stats st;


ALTER TABLE public.user_learning_overview_stats_view OWNER TO dev_service_user;

--
-- Name: user_learning_page_stats_view; Type: VIEW; Schema: public; Owner: dev_service_user
--

CREATE VIEW public.user_learning_page_stats_view AS
 WITH answer_stats AS (
         SELECT ase.user_id,
            (count(ga.id))::integer AS total_given_answer_count,
            (sum((((ga.state)::text = 'CORRECT'::text))::integer))::integer AS total_correct_given_answer_count
           FROM ((public.given_answer ga
             LEFT JOIN public.answer_session ase ON ((ase.id = ga.answer_session_id)))
             LEFT JOIN public.question_version qv ON (((qv.id = ga.question_version_id) AND (qv.video_version_id IS NOT NULL))))
          GROUP BY ase.user_id
        ), company_avg_coins AS (
         SELECT u_1.company_id,
            avg(ct.amount) AS avg_coins_aquired_by_company
           FROM ((public."user" u_1
             LEFT JOIN public.coin_transaction ct ON ((ct.user_id = u_1.id)))
             LEFT JOIN public.company ON ((company.id = u_1.company_id)))
          GROUP BY u_1.company_id
        ), user_coins AS (
         SELECT u_1.id AS user_id,
            sum(ct.amount) AS total_coins_aquired_per_user
           FROM (public."user" u_1
             LEFT JOIN public.coin_transaction ct ON ((ct.user_id = u_1.id)))
          GROUP BY u_1.id
        ), user_rank_inside_company AS (
         SELECT u_1.id AS user_id,
            round(((((uc.total_coins_aquired_per_user)::numeric / cac.avg_coins_aquired_by_company))::double precision * (100)::double precision)) AS user_rank_by_coin_percentage
           FROM ((public."user" u_1
             LEFT JOIN company_avg_coins cac ON ((cac.company_id = u_1.company_id)))
             LEFT JOIN user_coins uc ON ((uc.user_id = u_1.id)))
        )
 SELECT u.id AS user_id,
    u.email AS user_email,
    ( SELECT COALESCE(sum((uprv.is_recommended_for_practise)::integer), (0)::bigint) AS "coalesce"
           FROM public.user_practise_recommendation_view uprv
          WHERE (uprv.user_id = u.id)) AS videos_to_be_repeated_count,
    ( SELECT (count(*))::integer AS count
           FROM (((public.question qu
             LEFT JOIN public.question_version qv ON ((qv.id = qu.id)))
             LEFT JOIN public.given_answer ga ON ((ga.question_version_id = qv.id)))
             LEFT JOIN public.answer_session ase ON ((ase.id = ga.answer_session_id)))
          WHERE ((ase.user_id = u.id) AND (qv.video_version_id IS NOT NULL) AND ((ga.state)::text = 'CORRECT'::text))) AS questions_to_be_repeated_count,
    ( SELECT (count(*))::integer AS count
           FROM public.course_item_completion_view cicv
          WHERE (cicv.user_id = u.id)) AS completed_video_count,
    ( SELECT (sum(usav.length_seconds))::integer AS sum
           FROM public.user_session_view usav
          WHERE (usav.user_id = u.id)) AS total_session_length_seconds,
    ( SELECT (count(*))::integer AS count
           FROM (((public.question qu
             LEFT JOIN public.question_version qv ON ((qv.id = qu.id)))
             LEFT JOIN public.given_answer ga ON ((ga.question_version_id = qv.id)))
             LEFT JOIN public.answer_session ase ON ((ase.id = ga.answer_session_id)))
          WHERE ((ase.user_id = u.id) AND (qv.video_version_id IS NOT NULL))) AS answered_questions_count,
        CASE
            WHEN (ast.total_given_answer_count = 0) THEN (0)::numeric
            ELSE ((((ast.total_correct_given_answer_count)::double precision / (ast.total_given_answer_count)::double precision) * (100)::double precision))::numeric
        END AS total_correct_answer_rate,
        CASE
            WHEN (uric.user_rank_by_coin_percentage > (90)::double precision) THEN (10)::double precision
            ELSE ((100)::double precision - uric.user_rank_by_coin_percentage)
        END AS rank_inside_company
   FROM ((public."user" u
     LEFT JOIN answer_stats ast ON ((ast.user_id = u.id)))
     LEFT JOIN user_rank_inside_company uric ON ((uric.user_id = u.id)))
  WHERE (u.deletion_date IS NULL)
  ORDER BY u.id;


ALTER TABLE public.user_learning_page_stats_view OWNER TO dev_service_user;

--
-- Name: user_module_performance_answer_group_view; Type: VIEW; Schema: public; Owner: dev_service_user
--

CREATE VIEW public.user_module_performance_answer_group_view AS
 SELECT carsv.user_id,
    carsv.course_id,
    carsv.module_id,
    (avg(carsv.exam_correct_answer_rate))::double precision AS exam_correct_answer_rate,
    (avg(carsv.practise_correct_answer_rate))::double precision AS practise_correct_answer_rate,
    (avg(carsv.video_correct_answer_rate))::double precision AS video_correct_answer_rate
   FROM public.correct_answer_rates_split_view carsv
  GROUP BY carsv.user_id, carsv.course_id, carsv.module_id
  ORDER BY carsv.user_id, carsv.course_id, carsv.module_id;


ALTER TABLE public.user_module_performance_answer_group_view OWNER TO dev_service_user;

--
-- Name: user_module_performance_view; Type: VIEW; Schema: public; Owner: dev_service_user
--

CREATE VIEW public.user_module_performance_view AS
 SELECT u.id AS user_id,
    upagv.course_id,
    upagv.module_id,
    (((COALESCE((upagv.exam_correct_answer_rate * (2.5)::double precision), (0)::double precision) + COALESCE((upagv.video_correct_answer_rate * (1.5)::double precision), (0)::double precision)) + COALESCE(upagv.practise_correct_answer_rate, (0)::double precision)) / (5)::double precision) AS performance_percentage
   FROM (public."user" u
     LEFT JOIN public.user_module_performance_answer_group_view upagv ON ((upagv.user_id = u.id)));


ALTER TABLE public.user_module_performance_view OWNER TO dev_service_user;

--
-- Name: user_module_stats_view; Type: VIEW; Schema: public; Owner: dev_service_user
--

CREATE VIEW public.user_module_stats_view AS
 WITH module_item_count_cte AS (
         SELECT mv_1.module_id,
            (count(*))::integer AS total_item_count
           FROM ((public.latest_course_version_view lcvv_1
             LEFT JOIN public.module_version mv_1 ON ((mv_1.course_version_id = lcvv_1.version_id)))
             LEFT JOIN public.course_item_view civ ON (((civ.module_id = mv_1.module_id) AND (civ.item_type <> 'pretest'::text))))
          GROUP BY mv_1.module_id
        ), course_item_completion_distinct AS (
         SELECT DISTINCT cicv.user_id,
            cicv.course_id,
            cicv.module_id,
            cicv.video_id,
            cicv.exam_id
           FROM public.course_item_completion_view cicv
        ), module_progress_cte AS (
         SELECT DISTINCT cicd.user_id,
            cicd.course_id,
            cicd.module_id,
            count(*) AS completed_course_item_count
           FROM course_item_completion_distinct cicd
          GROUP BY cicd.user_id, cicd.course_id, cicd.module_id
        ), module_last_exam AS (
         SELECT mv_1.module_id,
            ev.exam_id,
            max(ed.order_index) AS item_order_index
           FROM ((public.module_version mv_1
             LEFT JOIN public.exam_version ev ON ((ev.module_version_id = mv_1.id)))
             LEFT JOIN public.exam_data ed ON ((ed.id = ev.exam_data_id)))
          WHERE (ed.order_index <> 0)
          GROUP BY mv_1.module_id, ev.exam_id
          ORDER BY mv_1.module_id, ev.exam_id
        ), module_last_exam_score_cte AS (
         SELECT lasv.user_id,
            mle.module_id,
            asv.answer_session_success_rate AS last_exam_score
           FROM (((public.latest_answer_session_view lasv
             LEFT JOIN public.exam_version ev ON ((ev.id = lasv.exam_version_id)))
             JOIN module_last_exam mle ON ((mle.exam_id = ev.exam_id)))
             LEFT JOIN public.answer_session_view asv ON ((asv.answer_session_id = lasv.answer_session_id)))
        ), module_question_success_rate_cte AS (
         SELECT asv.user_id,
            mv_1.module_id,
            ((avg(ga.score) / (4)::numeric) * (100)::numeric) AS question_success_rate
           FROM (((public.given_answer ga
             JOIN public.answer_session_view asv ON (((asv.answer_session_id = ga.answer_session_id) AND (asv.video_version_id IS NOT NULL))))
             LEFT JOIN public.video_version vv ON ((vv.id = asv.video_version_id)))
             LEFT JOIN public.module_version mv_1 ON ((mv_1.id = vv.module_version_id)))
          GROUP BY asv.user_id, mv_1.module_id
        ), module_videos_to_be_repeated_cte AS (
         SELECT asv.user_id,
            mv_1.module_id,
            count(*) AS videos_to_be_repeated_count
           FROM (((public.given_answer ga
             JOIN public.answer_session_view asv ON (((asv.answer_session_id = ga.answer_session_id) AND (asv.video_version_id IS NOT NULL))))
             LEFT JOIN public.video_version vv ON ((vv.id = asv.video_version_id)))
             LEFT JOIN public.module_version mv_1 ON ((mv_1.id = vv.module_version_id)))
          WHERE (ga.score = 0)
          GROUP BY asv.user_id, mv_1.module_id
        )
 SELECT mpc.user_id,
    cv.course_id,
    mpc.module_id,
    md.name AS module_name,
    (((mpc.completed_course_item_count)::double precision / (micc.total_item_count)::double precision) * (100)::double precision) AS module_progress,
    umpv.performance_percentage,
    mlesc.last_exam_score,
    mqsrc.question_success_rate AS module_question_success_rate,
    mvtbrc.videos_to_be_repeated_count
   FROM ((((((((((module_progress_cte mpc
     LEFT JOIN public.latest_course_version_view lcvv ON ((lcvv.course_id = mpc.course_id)))
     LEFT JOIN public.course_version cv ON ((cv.id = lcvv.version_id)))
     LEFT JOIN public.course_data cd ON ((cd.id = cv.course_data_id)))
     LEFT JOIN public.module_version mv ON (((mv.course_version_id = cv.id) AND (mv.module_id = mpc.module_id))))
     LEFT JOIN public.module_data md ON ((md.id = mv.module_data_id)))
     LEFT JOIN module_item_count_cte micc ON ((micc.module_id = mv.module_id)))
     LEFT JOIN public.user_module_performance_view umpv ON (((umpv.module_id = mv.module_id) AND (umpv.user_id = mpc.user_id))))
     LEFT JOIN module_last_exam_score_cte mlesc ON (((mlesc.user_id = mpc.user_id) AND (mlesc.module_id = mv.module_id))))
     LEFT JOIN module_question_success_rate_cte mqsrc ON (((mqsrc.user_id = mpc.user_id) AND (mqsrc.module_id = mv.module_id))))
     LEFT JOIN module_videos_to_be_repeated_cte mvtbrc ON (((mvtbrc.user_id = mpc.user_id) AND (mvtbrc.module_id = mv.module_id))))
  WHERE ((mpc.module_id <> 1) AND (md.order_index <> 0))
  ORDER BY mpc.user_id, cv.course_id, mpc.module_id;


ALTER TABLE public.user_module_stats_view OWNER TO dev_service_user;

--
-- Name: user_overview_view; Type: VIEW; Schema: public; Owner: dev_service_user
--

CREATE VIEW public.user_overview_view AS
 WITH user_performance_averages AS (
         SELECT upv.user_id,
            (avg((upv.performance_percentage)::integer))::integer AS average_performance_percentage
           FROM public.user_performance_view upv
          WHERE ((upv.performance_percentage IS NOT NULL) AND (upv.performance_percentage <> (0)::double precision))
          GROUP BY upv.user_id
        ), total_user_sessions AS (
         SELECT usav.user_id,
            (sum(usav.length_seconds))::integer AS total_session_length_seconds
           FROM public.user_session_view usav
          GROUP BY usav.user_id
        ), completed_course_items AS (
         SELECT cic.user_id,
            (count(*))::integer AS completed_course_item_count
           FROM public.course_item_completion_view cic
          GROUP BY cic.user_id
        )
 SELECT u.id AS user_id,
    u.first_name,
    u.last_name,
    u.company_id,
    u.email AS user_email,
    u.creation_date AS signup_date,
    sf.file_path AS avatar_file_path,
    upa.average_performance_percentage,
    tus.total_session_length_seconds,
    cci.completed_course_item_count,
    uev.engagement_points
   FROM (((((public."user" u
     LEFT JOIN public.storage_file sf ON ((sf.id = u.avatar_file_id)))
     LEFT JOIN user_performance_averages upa ON ((upa.user_id = u.id)))
     LEFT JOIN total_user_sessions tus ON ((tus.user_id = u.id)))
     LEFT JOIN completed_course_items cci ON ((cci.user_id = u.id)))
     LEFT JOIN public.user_engagement_view uev ON ((uev.user_id = u.id)))
  WHERE (u.deletion_date IS NULL);


ALTER TABLE public.user_overview_view OWNER TO dev_service_user;

--
-- Name: user_performance_comparison_stats_view; Type: VIEW; Schema: public; Owner: dev_service_user
--

CREATE VIEW public.user_performance_comparison_stats_view AS
 WITH user_performances AS (
         SELECT u_1.id AS user_id,
            avg(upv.performance_percentage) AS user_performance_average
           FROM (public."user" u_1
             LEFT JOIN public.user_performance_view upv ON ((upv.user_id = u_1.id)))
          GROUP BY u_1.id
        ), watched_videos AS (
         SELECT cic.user_id,
            sum(((cic.video_version_id IS NOT NULL))::integer) AS watched_videos_count
           FROM public.course_item_completion_view cic
          GROUP BY cic.user_id
        ), engagement_points AS (
         SELECT uev.user_id,
            uev.engagement_points
           FROM public.user_engagement_view uev
        ), required_or_started_courses AS (
         SELECT ucb.user_id,
            ((count(*))::integer)::boolean AS is_any_course_required_or_started
           FROM public.user_course_bridge ucb
          WHERE ((ucb.start_date IS NOT NULL) OR (ucb.required_completion_date IS NOT NULL))
          GROUP BY ucb.user_id
        )
 SELECT up.user_id,
    u.company_id,
    u.creation_date,
    rosc.is_any_course_required_or_started,
    up.user_performance_average,
    COALESCE(ep.engagement_points, 0) AS engagement_points,
    COALESCE(wv.watched_videos_count, (0)::bigint) AS watched_videos_count
   FROM ((((user_performances up
     LEFT JOIN watched_videos wv ON ((wv.user_id = up.user_id)))
     LEFT JOIN engagement_points ep ON ((ep.user_id = up.user_id)))
     LEFT JOIN public."user" u ON ((u.id = up.user_id)))
     LEFT JOIN required_or_started_courses rosc ON ((rosc.user_id = up.user_id)));


ALTER TABLE public.user_performance_comparison_stats_view OWNER TO dev_service_user;

--
-- Name: user_role_assign_company_view; Type: VIEW; Schema: public; Owner: dev_service_user
--

CREATE VIEW public.user_role_assign_company_view AS
 SELECT u.id AS user_id,
    co.id AS company_id,
    co.name AS company_name,
    (upv.assignee_user_id IS NOT NULL) AS can_assign
   FROM ((public.company co
     CROSS JOIN public."user" u)
     LEFT JOIN public.user_permission_view upv ON (((upv.context_company_id = co.id) AND (upv.assignee_user_id = u.id) AND (upv.permission_code = 'ASSIGN_ROLES_TO_COMPANY'::text))))
  ORDER BY u.id, co.id;


ALTER TABLE public.user_role_assign_company_view OWNER TO dev_service_user;

--
-- Name: user_session_activity_id_seq; Type: SEQUENCE; Schema: public; Owner: dev_service_user
--

CREATE SEQUENCE public.user_session_activity_id_seq
    AS integer
    START WITH 1
    INCREMENT BY 1
    NO MINVALUE
    NO MAXVALUE
    CACHE 1;


ALTER TABLE public.user_session_activity_id_seq OWNER TO dev_service_user;

--
-- Name: user_session_activity_id_seq; Type: SEQUENCE OWNED BY; Schema: public; Owner: dev_service_user
--

ALTER SEQUENCE public.user_session_activity_id_seq OWNED BY public.user_session_activity.id;


--
-- Name: user_session_daily_view; Type: VIEW; Schema: public; Owner: dev_service_user
--

CREATE VIEW public.user_session_daily_view AS
 SELECT sq.user_id,
    (count(sq.date))::integer AS session_count
   FROM ( SELECT usv.user_id,
            (usv.start_date)::date AS date
           FROM public.user_session_view usv
          WHERE ((usv.start_date)::date = (now())::date)) sq
  GROUP BY sq.user_id, sq.date
  ORDER BY sq.user_id;


ALTER TABLE public.user_session_daily_view OWNER TO dev_service_user;

--
-- Name: user_spent_time_ratio_view; Type: VIEW; Schema: public; Owner: dev_service_user
--

CREATE VIEW public.user_spent_time_ratio_view AS
 SELECT u.id AS user_id,
    COALESCE((sum(cstv.total_exam_session_elapsed_time))::integer, 0) AS total_exam_session_elapsed_time,
    COALESCE((sum(cstv.total_video_watch_elapsed_time))::integer, 0) AS total_video_watch_elapsed_time,
    COALESCE(((sum(cstv.total_practise_question_elapsed_time))::integer + (sum(cstv.total_video_question_elapsed_time))::integer), 0) AS total_question_elapsed_time,
    COALESCE(((sum(usv.length_seconds))::integer - (sum(cstv.total_spent_seconds))::integer), 0) AS other_total_spent_seconds
   FROM ((public."user" u
     LEFT JOIN public.course_spent_time_view cstv ON ((u.id = cstv.user_id)))
     LEFT JOIN public.user_session_view usv ON ((cstv.user_id = usv.user_id)))
  GROUP BY u.id;


ALTER TABLE public.user_spent_time_ratio_view OWNER TO dev_service_user;

--
-- Name: user_video_playback_seconds_view; Type: VIEW; Schema: public; Owner: dev_service_user
--

CREATE VIEW public.user_video_playback_seconds_view AS
SELECT
    NULL::integer AS user_id,
    NULL::integer AS video_id,
    NULL::numeric AS total_playback_seconds;


ALTER TABLE public.user_video_playback_seconds_view OWNER TO dev_service_user;

--
-- Name: video_playback_sample_view; Type: VIEW; Schema: public; Owner: dev_service_user
--

CREATE VIEW public.video_playback_sample_view AS
 SELECT vps.id,
    vps.video_version_id,
    vps.user_id,
    vps.from_seconds,
    vps.to_seconds,
    vps.creation_date,
    round(((vps.to_seconds - vps.from_seconds))::numeric, 3) AS total_playback_duration
   FROM public.video_playback_sample vps;


ALTER TABLE public.video_playback_sample_view OWNER TO dev_service_user;

--
-- Name: user_video_practise_progress_view; Type: VIEW; Schema: public; Owner: dev_service_user
--

CREATE VIEW public.user_video_practise_progress_view AS
 SELECT sq2.user_id,
    sq2.video_id,
    sq2.creation_date,
    sq2.playback_duration,
    sq2.length_seconds,
    (((sq2.playback_duration)::double precision / sq2.length_seconds) * (100)::double precision) AS watch_percentage
   FROM ( SELECT sq.user_id,
            sq.video_id,
            min(sq.creation_date) AS creation_date,
            sum(sq.total_playback_duration) AS playback_duration,
            sq.length_seconds
           FROM ( SELECT vpsv.user_id,
                    vv.video_id,
                    vv.id AS video_version_id,
                    vpsv.creation_date,
                    min(vpsv.from_seconds) AS min,
                    max(vpsv.to_seconds) AS max,
                    vd.video_file_length_seconds AS length_seconds,
                    vpsv.total_playback_duration,
                    (row_number() OVER (ORDER BY vpsv.creation_date) - row_number() OVER (PARTITION BY vv.video_id ORDER BY vpsv.creation_date)) AS grp
                   FROM ((public.video_playback_sample_view vpsv
                     LEFT JOIN public.video_version vv ON ((vv.id = vpsv.video_version_id)))
                     LEFT JOIN public.video_data vd ON ((vd.id = vv.video_data_id)))
                  GROUP BY vd.video_file_length_seconds, vpsv.user_id, vv.video_id, vv.id, vpsv.creation_date, vpsv.total_playback_duration) sq
          GROUP BY sq.grp, sq.video_id, sq.user_id, sq.length_seconds) sq2;


ALTER TABLE public.user_video_practise_progress_view OWNER TO dev_service_user;

--
-- Name: user_video_progress_bridge; Type: TABLE; Schema: public; Owner: dev_service_user
--

CREATE TABLE public.user_video_progress_bridge (
    id integer NOT NULL,
    cursor_seconds double precision NOT NULL,
    completed_percentage integer NOT NULL,
    user_id integer NOT NULL,
    video_version_id integer NOT NULL
);


ALTER TABLE public.user_video_progress_bridge OWNER TO dev_service_user;

--
-- Name: user_video_progress_bridge_id_seq; Type: SEQUENCE; Schema: public; Owner: dev_service_user
--

CREATE SEQUENCE public.user_video_progress_bridge_id_seq
    AS integer
    START WITH 1
    INCREMENT BY 1
    NO MINVALUE
    NO MAXVALUE
    CACHE 1;


ALTER TABLE public.user_video_progress_bridge_id_seq OWNER TO dev_service_user;

--
-- Name: user_video_progress_bridge_id_seq; Type: SEQUENCE OWNED BY; Schema: public; Owner: dev_service_user
--

ALTER SEQUENCE public.user_video_progress_bridge_id_seq OWNED BY public.user_video_progress_bridge.id;


--
-- Name: user_video_stats_view; Type: VIEW; Schema: public; Owner: dev_service_user
--

CREATE VIEW public.user_video_stats_view AS
 WITH video_replays_cte AS (
         SELECT uvppv.video_id,
            uvppv.user_id,
            (GREATEST((count(*) - 1), (0)::bigint))::integer AS video_repetition_count
           FROM public.user_video_practise_progress_view uvppv
          GROUP BY uvppv.user_id, uvppv.video_id
        ), summed_video_playbacks_cte AS (
         SELECT uvpsv_1.user_id,
            uvpsv_1.video_id,
            sum(uvpsv_1.total_playback_seconds) AS total_playback_seconds
           FROM public.user_video_playback_seconds_view uvpsv_1
          GROUP BY uvpsv_1.user_id, uvpsv_1.video_id
        ), last_3_quiz_answer_avg_cte AS (
         SELECT asv.user_id,
            vv_1.video_id,
            (avg((((ga.state)::text = 'CORRECT'::text))::integer))::integer AS average_correct_given_answer_count
           FROM ((public.given_answer ga
             LEFT JOIN public.answer_session_view asv ON ((asv.answer_session_id = ga.answer_session_id)))
             JOIN public.video_version vv_1 ON ((vv_1.id = asv.video_version_id)))
          GROUP BY vv_1.video_id, asv.user_id
        ), avg_reaction_time_cte AS (
         SELECT uav.user_id,
            uav.video_id,
            avg(uav.elapsed_seconds) AS avg_reaction_time
           FROM public.user_answer_view uav
          WHERE ((uav.elapsed_seconds IS NOT NULL) AND (uav.video_id IS NOT NULL))
          GROUP BY uav.user_id, uav.video_id
        ), latest_playback_date_cte AS (
         SELECT uvppv.user_id,
            uvppv.video_id,
            max(uvppv.creation_date) AS latest_playback_date
           FROM public.user_video_practise_progress_view uvppv
          GROUP BY uvppv.user_id, uvppv.video_id
        )
 SELECT u.id AS user_id,
    cisv.video_id,
    cisv.course_id,
    vd.video_file_length_seconds AS length_seconds,
    vd.title AS video_title,
    uvpsv.total_playback_seconds AS total_spent_time_seconds,
    vrc.video_repetition_count AS video_replays_count,
    uprv.is_recommended_for_practise AS is_recommended_for_retry,
    l3qaac.average_correct_given_answer_count AS last_three_answer_average,
    artc.avg_reaction_time AS average_reaction_time,
    lpdc.latest_playback_date AS last_watch_time
   FROM (((((((((summed_video_playbacks_cte uvpsv
     LEFT JOIN public."user" u ON ((u.id = uvpsv.user_id)))
     JOIN public.user_playlist_view cisv ON (((cisv.user_id = u.id) AND (cisv.video_id = uvpsv.video_id))))
     JOIN public.video_version vv ON ((vv.id = cisv.video_version_id)))
     LEFT JOIN public.video_data vd ON ((vd.id = vv.video_data_id)))
     LEFT JOIN video_replays_cte vrc ON (((vrc.user_id = u.id) AND (vrc.video_id = vv.video_id))))
     LEFT JOIN public.user_practise_recommendation_view uprv ON (((uprv.video_id = vv.video_id) AND (uprv.user_id = u.id))))
     LEFT JOIN last_3_quiz_answer_avg_cte l3qaac ON (((l3qaac.video_id = vv.video_id) AND (l3qaac.user_id = u.id))))
     LEFT JOIN avg_reaction_time_cte artc ON (((artc.video_id = vv.video_id) AND (artc.user_id = u.id))))
     LEFT JOIN latest_playback_date_cte lpdc ON (((lpdc.video_id = vv.video_id) AND (lpdc.user_id = u.id))));


ALTER TABLE public.user_video_stats_view OWNER TO dev_service_user;

--
-- Name: user_weekly_course_item_progress_view; Type: VIEW; Schema: public; Owner: dev_service_user
--

CREATE VIEW public.user_weekly_course_item_progress_view AS
 SELECT sq.user_id,
    sq.course_id,
    sq.completion_date_trunc AS completion_date,
    (sq.completion_date_trunc = date_trunc('week'::text, now())) AS is_current,
    (sum(sq.completed_item_count))::integer AS completed_item_count
   FROM ( SELECT udcipv.user_id,
            udcipv.course_id,
            udcipv.completion_date,
            udcipv.completed_item_count,
            udcipv.completed_percentage,
            udcipv.offset_days_from_start,
            udcipv.is_current,
            date_trunc('week'::text, udcipv.completion_date) AS completion_date_trunc
           FROM public.user_daily_course_item_progress_view udcipv) sq
  GROUP BY sq.user_id, sq.course_id, sq.completion_date_trunc;


ALTER TABLE public.user_weekly_course_item_progress_view OWNER TO dev_service_user;

--
-- Name: video_cursor_seconds_view; Type: VIEW; Schema: public; Owner: dev_service_user
--

CREATE VIEW public.video_cursor_seconds_view AS
 SELECT vv.id AS video_version_id,
    u.id AS user_id,
        CASE
            WHEN (max(vps.to_seconds) IS NULL) THEN (0)::double precision
            ELSE max(vps.to_seconds)
        END AS to_seconds
   FROM ((public.video_version vv
     CROSS JOIN public."user" u)
     LEFT JOIN public.video_playback_sample vps ON (((vps.video_version_id = vv.id) AND (vps.user_id = u.id) AND (vps.from_seconds < (1)::double precision))))
  GROUP BY vv.id, u.id
  ORDER BY u.id, vv.id;


ALTER TABLE public.video_cursor_seconds_view OWNER TO dev_service_user;

--
-- Name: video_data_id_seq; Type: SEQUENCE; Schema: public; Owner: dev_service_user
--

CREATE SEQUENCE public.video_data_id_seq
    AS integer
    START WITH 1
    INCREMENT BY 1
    NO MINVALUE
    NO MAXVALUE
    CACHE 1;


ALTER TABLE public.video_data_id_seq OWNER TO dev_service_user;

--
-- Name: video_data_id_seq; Type: SEQUENCE OWNED BY; Schema: public; Owner: dev_service_user
--

ALTER SEQUENCE public.video_data_id_seq OWNED BY public.video_data.id;


--
-- Name: video_id_seq; Type: SEQUENCE; Schema: public; Owner: dev_service_user
--

CREATE SEQUENCE public.video_id_seq
    AS integer
    START WITH 1
    INCREMENT BY 1
    NO MINVALUE
    NO MAXVALUE
    CACHE 1;


ALTER TABLE public.video_id_seq OWNER TO dev_service_user;

--
-- Name: video_id_seq; Type: SEQUENCE OWNED BY; Schema: public; Owner: dev_service_user
--

ALTER SEQUENCE public.video_id_seq OWNED BY public.video.id;


--
-- Name: video_playback_sample_id_seq; Type: SEQUENCE; Schema: public; Owner: dev_service_user
--

CREATE SEQUENCE public.video_playback_sample_id_seq
    AS integer
    START WITH 1
    INCREMENT BY 1
    NO MINVALUE
    NO MAXVALUE
    CACHE 1;


ALTER TABLE public.video_playback_sample_id_seq OWNER TO dev_service_user;

--
-- Name: video_playback_sample_id_seq; Type: SEQUENCE OWNED BY; Schema: public; Owner: dev_service_user
--

ALTER SEQUENCE public.video_playback_sample_id_seq OWNED BY public.video_playback_sample.id;


--
-- Name: video_playback_session; Type: TABLE; Schema: public; Owner: dev_service_user
--

CREATE TABLE public.video_playback_session (
    id integer NOT NULL,
    creation_date timestamp with time zone DEFAULT now() NOT NULL,
    last_usage_date timestamp with time zone DEFAULT now() NOT NULL,
    video_version_id integer NOT NULL,
    user_id integer NOT NULL
);


ALTER TABLE public.video_playback_session OWNER TO dev_service_user;

--
-- Name: video_playback_session_id_seq; Type: SEQUENCE; Schema: public; Owner: dev_service_user
--

CREATE SEQUENCE public.video_playback_session_id_seq
    AS integer
    START WITH 1
    INCREMENT BY 1
    NO MINVALUE
    NO MAXVALUE
    CACHE 1;


ALTER TABLE public.video_playback_session_id_seq OWNER TO dev_service_user;

--
-- Name: video_playback_session_id_seq; Type: SEQUENCE OWNED BY; Schema: public; Owner: dev_service_user
--

ALTER SEQUENCE public.video_playback_session_id_seq OWNED BY public.video_playback_session.id;


--
-- Name: video_player_data_view; Type: VIEW; Schema: public; Owner: dev_service_user
--

CREATE VIEW public.video_player_data_view AS
 SELECT vv.video_id,
    vv.id AS video_version_id,
    vd.id AS video_data_id,
    mv.id AS module_version_id,
    mv.course_version_id,
    vd.subtitle,
    vd.title,
    vd.description,
    sf.file_path AS thumbnail_url,
    sf2.file_path AS video_file_path
   FROM ((((public.video_version vv
     LEFT JOIN public.video_data vd ON ((vd.id = vv.video_data_id)))
     LEFT JOIN public.storage_file sf ON ((sf.id = vd.thumbnail_file_id)))
     LEFT JOIN public.storage_file sf2 ON ((sf2.id = vd.video_file_id)))
     LEFT JOIN public.module_version mv ON ((mv.id = vv.module_version_id)));


ALTER TABLE public.video_player_data_view OWNER TO dev_service_user;

--
-- Name: video_rating_id_seq; Type: SEQUENCE; Schema: public; Owner: dev_service_user
--

CREATE SEQUENCE public.video_rating_id_seq
    AS integer
    START WITH 1
    INCREMENT BY 1
    NO MINVALUE
    NO MAXVALUE
    CACHE 1;


ALTER TABLE public.video_rating_id_seq OWNER TO dev_service_user;

--
-- Name: video_rating_id_seq; Type: SEQUENCE OWNED BY; Schema: public; Owner: dev_service_user
--

ALTER SEQUENCE public.video_rating_id_seq OWNED BY public.video_rating.id;


--
-- Name: video_seek_event; Type: TABLE; Schema: public; Owner: dev_service_user
--

CREATE TABLE public.video_seek_event (
    id integer NOT NULL,
    creation_date timestamp with time zone DEFAULT '2022-10-04 10:02:36.938352+00'::timestamp with time zone NOT NULL,
    from_seconds double precision NOT NULL,
    to_seconds double precision NOT NULL,
    is_forward boolean NOT NULL,
    video_version_id integer NOT NULL,
    user_id integer NOT NULL,
    video_playback_session_id integer NOT NULL
);


ALTER TABLE public.video_seek_event OWNER TO dev_service_user;

--
-- Name: video_seek_event_id_seq; Type: SEQUENCE; Schema: public; Owner: dev_service_user
--

CREATE SEQUENCE public.video_seek_event_id_seq
    AS integer
    START WITH 1
    INCREMENT BY 1
    NO MINVALUE
    NO MAXVALUE
    CACHE 1;


ALTER TABLE public.video_seek_event_id_seq OWNER TO dev_service_user;

--
-- Name: video_seek_event_id_seq; Type: SEQUENCE OWNED BY; Schema: public; Owner: dev_service_user
--

ALTER SEQUENCE public.video_seek_event_id_seq OWNED BY public.video_seek_event.id;


--
-- Name: video_version_id_seq; Type: SEQUENCE; Schema: public; Owner: dev_service_user
--

CREATE SEQUENCE public.video_version_id_seq
    AS integer
    START WITH 1
    INCREMENT BY 1
    NO MINVALUE
    NO MAXVALUE
    CACHE 1;


ALTER TABLE public.video_version_id_seq OWNER TO dev_service_user;

--
-- Name: video_version_id_seq; Type: SEQUENCE OWNED BY; Schema: public; Owner: dev_service_user
--

ALTER SEQUENCE public.video_version_id_seq OWNED BY public.video_version.id;


--
-- Name: video_version_view; Type: VIEW; Schema: public; Owner: dev_service_user
--

CREATE VIEW public.video_version_view AS
 WITH latest_version AS (
         SELECT max(video_version.id) AS id,
            video_version.video_id
           FROM public.video_version
          GROUP BY video_version.video_id
        )
 SELECT v.id AS video_id,
    vv.id AS video_version_id,
    vd.id AS video_data_id,
    mv.id AS module_version_id,
    mv.course_version_id
   FROM ((((latest_version lv
     LEFT JOIN public.video v ON ((v.id = lv.video_id)))
     LEFT JOIN public.video_version vv ON ((vv.id = lv.id)))
     LEFT JOIN public.video_data vd ON ((vd.id = vv.video_data_id)))
     LEFT JOIN public.module_version mv ON ((mv.id = vv.module_version_id)));


ALTER TABLE public.video_version_view OWNER TO dev_service_user;

--
-- Name: activation_code id; Type: DEFAULT; Schema: public; Owner: dev_service_user
--

ALTER TABLE ONLY public.activation_code ALTER COLUMN id SET DEFAULT nextval('public.activation_code_id_seq'::regclass);


--
-- Name: activity id; Type: DEFAULT; Schema: public; Owner: dev_service_user
--

ALTER TABLE ONLY public.activity ALTER COLUMN id SET DEFAULT nextval('public.activity_id_seq'::regclass);


--
-- Name: activity_session id; Type: DEFAULT; Schema: public; Owner: dev_service_user
--

ALTER TABLE ONLY public.activity_session ALTER COLUMN id SET DEFAULT nextval('public.activity_session_id_seq'::regclass);


--
-- Name: activity_streak id; Type: DEFAULT; Schema: public; Owner: dev_service_user
--

ALTER TABLE ONLY public.activity_streak ALTER COLUMN id SET DEFAULT nextval('public.activity_streak_id_seq'::regclass);


--
-- Name: answer id; Type: DEFAULT; Schema: public; Owner: dev_service_user
--

ALTER TABLE ONLY public.answer ALTER COLUMN id SET DEFAULT nextval('public.answer_id_seq'::regclass);


--
-- Name: answer_data id; Type: DEFAULT; Schema: public; Owner: dev_service_user
--

ALTER TABLE ONLY public.answer_data ALTER COLUMN id SET DEFAULT nextval('public.answer_data_id_seq'::regclass);


--
-- Name: answer_given_answer_bridge id; Type: DEFAULT; Schema: public; Owner: dev_service_user
--

ALTER TABLE ONLY public.answer_given_answer_bridge ALTER COLUMN id SET DEFAULT nextval('public.answer_given_answer_bridge_id_seq'::regclass);


--
-- Name: answer_session id; Type: DEFAULT; Schema: public; Owner: dev_service_user
--

ALTER TABLE ONLY public.answer_session ALTER COLUMN id SET DEFAULT nextval('public.answer_session_id_seq'::regclass);


--
-- Name: answer_version id; Type: DEFAULT; Schema: public; Owner: dev_service_user
--

ALTER TABLE ONLY public.answer_version ALTER COLUMN id SET DEFAULT nextval('public.answer_version_id_seq'::regclass);


--
-- Name: coin_transaction id; Type: DEFAULT; Schema: public; Owner: dev_service_user
--

ALTER TABLE ONLY public.coin_transaction ALTER COLUMN id SET DEFAULT nextval('public.coin_transaction_id_seq'::regclass);


--
-- Name: comment id; Type: DEFAULT; Schema: public; Owner: dev_service_user
--

ALTER TABLE ONLY public.comment ALTER COLUMN id SET DEFAULT nextval('public.comment_id_seq'::regclass);


--
-- Name: company id; Type: DEFAULT; Schema: public; Owner: dev_service_user
--

ALTER TABLE ONLY public.company ALTER COLUMN id SET DEFAULT nextval('public.company_id_seq'::regclass);


--
-- Name: company_owner_bridge id; Type: DEFAULT; Schema: public; Owner: dev_service_user
--

ALTER TABLE ONLY public.company_owner_bridge ALTER COLUMN id SET DEFAULT nextval('public.company_owner_bridge_id_seq'::regclass);


--
-- Name: constant_value id; Type: DEFAULT; Schema: public; Owner: dev_service_user
--

ALTER TABLE ONLY public.constant_value ALTER COLUMN id SET DEFAULT nextval('public.constant_value_id_seq'::regclass);


--
-- Name: course id; Type: DEFAULT; Schema: public; Owner: dev_service_user
--

ALTER TABLE ONLY public.course ALTER COLUMN id SET DEFAULT nextval('public.course_id_seq'::regclass);


--
-- Name: course_access_bridge id; Type: DEFAULT; Schema: public; Owner: dev_service_user
--

ALTER TABLE ONLY public.course_access_bridge ALTER COLUMN id SET DEFAULT nextval('public.course_access_bridge_id_seq'::regclass);


--
-- Name: course_category id; Type: DEFAULT; Schema: public; Owner: dev_service_user
--

ALTER TABLE ONLY public.course_category ALTER COLUMN id SET DEFAULT nextval('public.course_category_id_seq'::regclass);


--
-- Name: course_completion id; Type: DEFAULT; Schema: public; Owner: dev_service_user
--

ALTER TABLE ONLY public.course_completion ALTER COLUMN id SET DEFAULT nextval('public.course_completion_id_seq'::regclass);


--
-- Name: course_data id; Type: DEFAULT; Schema: public; Owner: dev_service_user
--

ALTER TABLE ONLY public.course_data ALTER COLUMN id SET DEFAULT nextval('public.course_data_id_seq'::regclass);


--
-- Name: course_item_completion id; Type: DEFAULT; Schema: public; Owner: dev_service_user
--

ALTER TABLE ONLY public.course_item_completion ALTER COLUMN id SET DEFAULT nextval('public.course_item_completion_id_seq'::regclass);


--
-- Name: course_rating_group id; Type: DEFAULT; Schema: public; Owner: dev_service_user
--

ALTER TABLE ONLY public.course_rating_group ALTER COLUMN id SET DEFAULT nextval('public.course_rating_group_id_seq'::regclass);


--
-- Name: course_rating_question id; Type: DEFAULT; Schema: public; Owner: dev_service_user
--

ALTER TABLE ONLY public.course_rating_question ALTER COLUMN id SET DEFAULT nextval('public.course_rating_question_id_seq'::regclass);


--
-- Name: course_rating_question_user_answer id; Type: DEFAULT; Schema: public; Owner: dev_service_user
--

ALTER TABLE ONLY public.course_rating_question_user_answer ALTER COLUMN id SET DEFAULT nextval('public.course_rating_question_user_answer_id_seq'::regclass);


--
-- Name: course_version id; Type: DEFAULT; Schema: public; Owner: dev_service_user
--

ALTER TABLE ONLY public.course_version ALTER COLUMN id SET DEFAULT nextval('public.course_version_id_seq'::regclass);


--
-- Name: daily_tip id; Type: DEFAULT; Schema: public; Owner: dev_service_user
--

ALTER TABLE ONLY public.daily_tip ALTER COLUMN id SET DEFAULT nextval('public.daily_tip_id_seq'::regclass);


--
-- Name: daily_tip_occurrence id; Type: DEFAULT; Schema: public; Owner: dev_service_user
--

ALTER TABLE ONLY public.daily_tip_occurrence ALTER COLUMN id SET DEFAULT nextval('public.daily_tip_occurrence_id_seq'::regclass);


--
-- Name: department id; Type: DEFAULT; Schema: public; Owner: dev_service_user
--

ALTER TABLE ONLY public.department ALTER COLUMN id SET DEFAULT nextval('public.job_title_id_seq'::regclass);


--
-- Name: discount_code id; Type: DEFAULT; Schema: public; Owner: dev_service_user
--

ALTER TABLE ONLY public.discount_code ALTER COLUMN id SET DEFAULT nextval('public.discount_code_id_seq'::regclass);


--
-- Name: event id; Type: DEFAULT; Schema: public; Owner: dev_service_user
--

ALTER TABLE ONLY public.event ALTER COLUMN id SET DEFAULT nextval('public.event_id_seq'::regclass);


--
-- Name: exam id; Type: DEFAULT; Schema: public; Owner: dev_service_user
--

ALTER TABLE ONLY public.exam ALTER COLUMN id SET DEFAULT nextval('public.exam_id_seq'::regclass);


--
-- Name: exam_data id; Type: DEFAULT; Schema: public; Owner: dev_service_user
--

ALTER TABLE ONLY public.exam_data ALTER COLUMN id SET DEFAULT nextval('public.exam_data_id_seq'::regclass);


--
-- Name: exam_version id; Type: DEFAULT; Schema: public; Owner: dev_service_user
--

ALTER TABLE ONLY public.exam_version ALTER COLUMN id SET DEFAULT nextval('public.exam_version_id_seq'::regclass);


--
-- Name: given_answer id; Type: DEFAULT; Schema: public; Owner: dev_service_user
--

ALTER TABLE ONLY public.given_answer ALTER COLUMN id SET DEFAULT nextval('public.given_answer_id_seq'::regclass);


--
-- Name: given_answer_streak id; Type: DEFAULT; Schema: public; Owner: dev_service_user
--

ALTER TABLE ONLY public.given_answer_streak ALTER COLUMN id SET DEFAULT nextval('public.given_answer_streak_id_seq'::regclass);


--
-- Name: group id; Type: DEFAULT; Schema: public; Owner: dev_service_user
--

ALTER TABLE ONLY public."group" ALTER COLUMN id SET DEFAULT nextval('public.group_id_seq'::regclass);


--
-- Name: like id; Type: DEFAULT; Schema: public; Owner: dev_service_user
--

ALTER TABLE ONLY public."like" ALTER COLUMN id SET DEFAULT nextval('public.like_id_seq'::regclass);


--
-- Name: module id; Type: DEFAULT; Schema: public; Owner: dev_service_user
--

ALTER TABLE ONLY public.module ALTER COLUMN id SET DEFAULT nextval('public.module_id_seq'::regclass);


--
-- Name: module_data id; Type: DEFAULT; Schema: public; Owner: dev_service_user
--

ALTER TABLE ONLY public.module_data ALTER COLUMN id SET DEFAULT nextval('public.module_data_id_seq'::regclass);


--
-- Name: module_version id; Type: DEFAULT; Schema: public; Owner: dev_service_user
--

ALTER TABLE ONLY public.module_version ALTER COLUMN id SET DEFAULT nextval('public.module_version_id_seq'::regclass);


--
-- Name: organization id; Type: DEFAULT; Schema: public; Owner: dev_service_user
--

ALTER TABLE ONLY public.organization ALTER COLUMN id SET DEFAULT nextval('public.organization_id_seq'::regclass);


--
-- Name: permission id; Type: DEFAULT; Schema: public; Owner: dev_service_user
--

ALTER TABLE ONLY public.permission ALTER COLUMN id SET DEFAULT nextval('public.permission_id_seq'::regclass);


--
-- Name: permission_assignment_bridge id; Type: DEFAULT; Schema: public; Owner: dev_service_user
--

ALTER TABLE ONLY public.permission_assignment_bridge ALTER COLUMN id SET DEFAULT nextval('public.permission_assignment_bridge_id_seq'::regclass);


--
-- Name: personality_trait_category id; Type: DEFAULT; Schema: public; Owner: dev_service_user
--

ALTER TABLE ONLY public.personality_trait_category ALTER COLUMN id SET DEFAULT nextval('public.personality_trait_category_id_seq'::regclass);


--
-- Name: prequiz_answer id; Type: DEFAULT; Schema: public; Owner: dev_service_user
--

ALTER TABLE ONLY public.prequiz_answer ALTER COLUMN id SET DEFAULT nextval('public.prequiz_answer_id_seq'::regclass);


--
-- Name: prequiz_completion id; Type: DEFAULT; Schema: public; Owner: dev_service_user
--

ALTER TABLE ONLY public.prequiz_completion ALTER COLUMN id SET DEFAULT nextval('public.prequiz_completion_id_seq'::regclass);


--
-- Name: prequiz_question id; Type: DEFAULT; Schema: public; Owner: dev_service_user
--

ALTER TABLE ONLY public.prequiz_question ALTER COLUMN id SET DEFAULT nextval('public.prequiz_question_id_seq'::regclass);


--
-- Name: prequiz_user_answer id; Type: DEFAULT; Schema: public; Owner: dev_service_user
--

ALTER TABLE ONLY public.prequiz_user_answer ALTER COLUMN id SET DEFAULT nextval('public.prequiz_user_answer_id_seq'::regclass);


--
-- Name: question id; Type: DEFAULT; Schema: public; Owner: dev_service_user
--

ALTER TABLE ONLY public.question ALTER COLUMN id SET DEFAULT nextval('public.question_id_seq'::regclass);


--
-- Name: question_data id; Type: DEFAULT; Schema: public; Owner: dev_service_user
--

ALTER TABLE ONLY public.question_data ALTER COLUMN id SET DEFAULT nextval('public.question_data_id_seq'::regclass);


--
-- Name: question_type id; Type: DEFAULT; Schema: public; Owner: dev_service_user
--

ALTER TABLE ONLY public.question_type ALTER COLUMN id SET DEFAULT nextval('public.question_type_id_seq'::regclass);


--
-- Name: question_version id; Type: DEFAULT; Schema: public; Owner: dev_service_user
--

ALTER TABLE ONLY public.question_version ALTER COLUMN id SET DEFAULT nextval('public.question_version_id_seq'::regclass);


--
-- Name: role id; Type: DEFAULT; Schema: public; Owner: dev_service_user
--

ALTER TABLE ONLY public.role ALTER COLUMN id SET DEFAULT nextval('public.role_id_seq'::regclass);


--
-- Name: role_activity_bridge id; Type: DEFAULT; Schema: public; Owner: dev_service_user
--

ALTER TABLE ONLY public.role_activity_bridge ALTER COLUMN id SET DEFAULT nextval('public.role_activity_bridge_id_seq'::regclass);


--
-- Name: role_assignment_bridge id; Type: DEFAULT; Schema: public; Owner: dev_service_user
--

ALTER TABLE ONLY public.role_assignment_bridge ALTER COLUMN id SET DEFAULT nextval('public.role_assignment_bridge_id_seq'::regclass);


--
-- Name: role_permission_bridge id; Type: DEFAULT; Schema: public; Owner: dev_service_user
--

ALTER TABLE ONLY public.role_permission_bridge ALTER COLUMN id SET DEFAULT nextval('public.role_permission_bridge_id_seq'::regclass);


--
-- Name: shop_item id; Type: DEFAULT; Schema: public; Owner: dev_service_user
--

ALTER TABLE ONLY public.shop_item ALTER COLUMN id SET DEFAULT nextval('public.shop_item_id_seq'::regclass);


--
-- Name: shop_item_category id; Type: DEFAULT; Schema: public; Owner: dev_service_user
--

ALTER TABLE ONLY public.shop_item_category ALTER COLUMN id SET DEFAULT nextval('public.shop_item_category_id_seq'::regclass);


--
-- Name: storage_file id; Type: DEFAULT; Schema: public; Owner: dev_service_user
--

ALTER TABLE ONLY public.storage_file ALTER COLUMN id SET DEFAULT nextval('public.storage_file_id_seq'::regclass);


--
-- Name: task id; Type: DEFAULT; Schema: public; Owner: dev_service_user
--

ALTER TABLE ONLY public.task ALTER COLUMN id SET DEFAULT nextval('public.task_id_seq'::regclass);


--
-- Name: teacher_info id; Type: DEFAULT; Schema: public; Owner: dev_service_user
--

ALTER TABLE ONLY public.teacher_info ALTER COLUMN id SET DEFAULT nextval('public.teacher_info_id_seq'::regclass);


--
-- Name: tempomat_adjustment_value id; Type: DEFAULT; Schema: public; Owner: dev_service_user
--

ALTER TABLE ONLY public.tempomat_adjustment_value ALTER COLUMN id SET DEFAULT nextval('public.tempomat_adjustment_value_id_seq'::regclass);


--
-- Name: user id; Type: DEFAULT; Schema: public; Owner: dev_service_user
--

ALTER TABLE ONLY public."user" ALTER COLUMN id SET DEFAULT nextval('public.user_id_seq'::regclass);


--
-- Name: user_comment_bridge id; Type: DEFAULT; Schema: public; Owner: dev_service_user
--

ALTER TABLE ONLY public.user_comment_bridge ALTER COLUMN id SET DEFAULT nextval('public.user_comment_bridge_id_seq'::regclass);


--
-- Name: user_course_access_bridge id; Type: DEFAULT; Schema: public; Owner: dev_service_user
--

ALTER TABLE ONLY public.user_course_access_bridge ALTER COLUMN id SET DEFAULT nextval('public.user_course_access_bridge_id_seq'::regclass);


--
-- Name: user_course_bridge id; Type: DEFAULT; Schema: public; Owner: dev_service_user
--

ALTER TABLE ONLY public.user_course_bridge ALTER COLUMN id SET DEFAULT nextval('public.user_course_bridge_id_seq'::regclass);


--
-- Name: user_exam_progress_bridge id; Type: DEFAULT; Schema: public; Owner: dev_service_user
--

ALTER TABLE ONLY public.user_exam_progress_bridge ALTER COLUMN id SET DEFAULT nextval('public.user_exam_progress_bridge_id_seq'::regclass);


--
-- Name: user_session_activity id; Type: DEFAULT; Schema: public; Owner: dev_service_user
--

ALTER TABLE ONLY public.user_session_activity ALTER COLUMN id SET DEFAULT nextval('public.user_session_activity_id_seq'::regclass);


--
-- Name: user_video_progress_bridge id; Type: DEFAULT; Schema: public; Owner: dev_service_user
--

ALTER TABLE ONLY public.user_video_progress_bridge ALTER COLUMN id SET DEFAULT nextval('public.user_video_progress_bridge_id_seq'::regclass);


--
-- Name: video id; Type: DEFAULT; Schema: public; Owner: dev_service_user
--

ALTER TABLE ONLY public.video ALTER COLUMN id SET DEFAULT nextval('public.video_id_seq'::regclass);


--
-- Name: video_data id; Type: DEFAULT; Schema: public; Owner: dev_service_user
--

ALTER TABLE ONLY public.video_data ALTER COLUMN id SET DEFAULT nextval('public.video_data_id_seq'::regclass);


--
-- Name: video_playback_sample id; Type: DEFAULT; Schema: public; Owner: dev_service_user
--

ALTER TABLE ONLY public.video_playback_sample ALTER COLUMN id SET DEFAULT nextval('public.video_playback_sample_id_seq'::regclass);


--
-- Name: video_playback_session id; Type: DEFAULT; Schema: public; Owner: dev_service_user
--

ALTER TABLE ONLY public.video_playback_session ALTER COLUMN id SET DEFAULT nextval('public.video_playback_session_id_seq'::regclass);


--
-- Name: video_rating id; Type: DEFAULT; Schema: public; Owner: dev_service_user
--

ALTER TABLE ONLY public.video_rating ALTER COLUMN id SET DEFAULT nextval('public.video_rating_id_seq'::regclass);


--
-- Name: video_seek_event id; Type: DEFAULT; Schema: public; Owner: dev_service_user
--

ALTER TABLE ONLY public.video_seek_event ALTER COLUMN id SET DEFAULT nextval('public.video_seek_event_id_seq'::regclass);


--
-- Name: video_version id; Type: DEFAULT; Schema: public; Owner: dev_service_user
--

ALTER TABLE ONLY public.video_version ALTER COLUMN id SET DEFAULT nextval('public.video_version_id_seq'::regclass);


--
-- Data for Name: activation_code; Type: TABLE DATA; Schema: public; Owner: dev_service_user
--

COPY public.activation_code (id, code, is_used, company_id) FROM stdin;
58	DEVTEST-1	f	2
68	DEVTEST-11	t	2
59	DEVTEST-2	t	2
1	PCW-HAFIKUXU	f	2
2	PCW-FICOFIXO	f	2
3	PCW-FEMECODU	f	2
4	PCW-SAVEREXE	f	2
5	PCW-SICAMAKI	f	2
6	PCW-PAHIHAMO	f	2
7	PCW-TOMEQOPE	f	2
8	PCW-DAZEJAVU	f	2
9	PCW-LUFANOFU	f	2
10	PCW-FATOHIWE	f	2
11	PCW-TAJACIPO	f	2
12	PCW-SOYEJUMI	f	2
13	PCW-PUTOJEDA	f	2
14	PCW-NOQAZUWE	f	2
15	PCW-PUDEFACO	f	2
16	PCW-WIKAGIXE	f	2
17	PCW-JOJEMEGI	f	2
18	PCW-XASUZOPU	f	2
19	PCW-YUTIKUVA	f	2
20	PCW-NOBUBIKO	f	2
21	PCW-GIWACISO	f	2
22	PCW-ZIGAGURI	f	2
23	PCW-ZONOKAXI	f	2
24	PCW-MIJOPICE	f	2
25	MELOFAXEQUSA	f	2
26	MELOJIFOGEVE	f	2
27	MELONUNEKEPA	f	2
28	MELOJOCOQUSA	f	2
29	MELOBOKEDUYA	f	2
30	MELOCAHICIZO	f	2
31	MELOVIKUMIJO	f	2
32	MELOMEZUKOYA	f	2
33	MELOWUBUZAFO	f	2
34	MELOJATUCAQO	f	2
35	MELOFILACIPE	f	2
36	MELOLOBUXOXE	f	2
37	MELOCARIQUQE	f	2
38	MELOSECUZABE	f	2
39	MELOBOKULOTI	f	2
40	MELOCUGAJAME	f	2
41	MELOZOGIMITE	f	2
42	MELOXOPIHEMI	f	2
49	TESZTCEG3	t	2
43	MELOPOSUROCA	f	2
44	MELOLAHIKASA	f	2
46	asd2	f	2
47	TESZTCEG1	f	2
48	TESZTCEG2	f	2
50	TESZTCEG4	f	2
51	TESZTCEG5	f	2
52	TESZTCEG6	f	2
53	TESZTCEG7	f	2
54	TESZTCEG8	f	2
55	TESZTCEG9	f	2
56	TESZTCEG10	f	2
60	DEVTEST-3	t	2
61	DEVTEST-4	t	2
62	DEVTEST-5	t	2
67	DEVTEST-10	t	2
66	DEVTEST-9	t	2
63	DEVTEST-6	t	2
64	DEVTEST-7	t	2
65	DEVTEST-8	t	2
57	TESZTCEG11	t	2
69	TESZTCEG12	f	2
70	DANITESZT1472	t	2
45	asd	t	2
72	HENK2	f	1
73	HENK3	f	1
74	HENK4	f	1
75	HENK5	f	1
76	HENK6	f	1
77	HENK7	f	1
78	HENK8	f	1
79	HENK9	f	1
80	HENK10	f	1
81	HENK11	f	1
82	HENK12	f	1
83	HENK13	f	1
84	HENK14	f	1
85	HENK15	f	1
86	HENK16	f	1
87	HENK17	f	1
88	HENK18	f	1
89	HENK19	f	1
90	HENK20	f	1
95	EPIS5	f	2
96	EPIS6	f	2
97	EPIS7	f	2
99	EPIS9	f	2
100	EPIS10	f	2
101	EPIS11	f	2
102	EPIS12	f	2
103	EPIS13	f	2
104	EPIS14	f	2
105	EPIS15	f	2
106	EPIS16	f	2
107	EPIS17	f	2
108	EPIS18	f	2
109	EPIS19	f	2
110	EPIS20	f	2
111	MELD1	f	3
112	MELD2	f	3
113	MELD3	f	3
114	MELD4	f	3
115	MELD5	f	3
116	MELD6	f	3
117	MELD7	f	3
118	MELD8	f	3
119	MELD9	f	3
120	MELD10	f	3
121	MELD11	f	3
122	MELD12	f	3
123	MELD13	f	3
124	MELD14	f	3
125	MELD15	f	3
126	MELD16	f	3
127	MELD17	f	3
128	MELD18	f	3
129	MELD19	f	3
130	MELD20	f	3
91	EPIS1	t	2
92	EPIS2	t	2
93	EPIS3	t	2
94	EPIS4	t	2
71	HENK1	t	1
98	EPIS8	t	2
132	ATECEGED2	f	4
133	ATECEGED3	f	4
134	ATECEGED4	f	4
135	ATECEGED5	f	4
136	ATECEGED6	f	4
137	ATECEGED7	f	4
138	ATECEGED8	f	4
140	ATECEGED10	t	4
131	ATECEGED1	t	4
139	ATECEGED9	t	4
\.


--
-- Data for Name: activity; Type: TABLE DATA; Schema: public; Owner: dev_service_user
--

COPY public.activity (id, name) FROM stdin;
1	canSetInvitedUserOrganization
2	canAccessCourseAdministration
3	canAccessAdministration
4	canAccessApplication
5	canAccessShopAdministration
6	canChangeCourseMode
\.


--
-- Data for Name: activity_session; Type: TABLE DATA; Schema: public; Owner: dev_service_user
--

COPY public.activity_session (id, start_date, end_date, is_finalized, user_id, activity_streak_id) FROM stdin;
1	2022-09-28 12:32:36.025+00	2022-09-28 13:32:36.025+00	t	1	\N
15	2022-10-04 11:40:10.444+00	2022-10-04 11:49:15.431+00	t	8	\N
3	2022-10-04 10:05:21.498+00	2022-10-04 10:05:21.947+00	t	1	\N
18	2022-10-04 11:54:16.309+00	2022-10-04 11:54:16.309+00	t	8	\N
17	2022-10-04 11:46:14.532+00	2022-10-04 11:49:17.91+00	t	1	\N
19	2022-10-04 11:59:17.269+00	2022-10-04 11:59:17.269+00	t	8	\N
4	2022-10-04 10:10:22.647+00	2022-10-04 10:32:04.847+00	t	1	\N
6	2022-10-04 10:37:05.843+00	2022-10-04 10:37:05.843+00	t	1	\N
5	2022-10-04 10:36:53.374+00	2022-10-04 10:45:17.069+00	t	7	\N
8	2022-10-04 10:50:18.074+00	2022-10-04 10:50:18.074+00	t	7	\N
9	2022-10-04 10:55:18.789+00	2022-10-04 10:55:18.789+00	t	7	\N
10	2022-10-04 11:00:19.499+00	2022-10-04 11:00:19.499+00	t	7	\N
11	2022-10-04 11:05:20.076+00	2022-10-04 11:05:20.076+00	f	7	\N
7	2022-10-04 10:42:06.574+00	2022-10-04 10:46:53.188+00	t	1	\N
12	2022-10-04 11:11:54.014+00	2022-10-04 11:16:12.599+00	t	1	\N
29	2022-10-04 14:15:59.538+00	2022-10-04 14:23:14.917+00	t	8	\N
31	2022-10-04 14:28:15.688+00	2022-10-04 14:28:15.688+00	t	8	\N
32	2022-10-04 14:33:36.523+00	2022-10-04 14:33:36.523+00	t	8	\N
14	2022-10-04 11:34:07.626+00	2022-10-04 11:35:09.877+00	t	8	\N
13	2022-10-04 11:21:13.15+00	2022-10-04 11:24:45.209+00	t	1	\N
28	2022-10-04 14:12:27.397+00	2022-10-04 14:17:59.905+00	t	1	\N
16	2022-10-04 11:40:12.854+00	2022-10-04 11:40:13.276+00	t	1	\N
33	2022-10-04 14:38:37.217+00	2022-10-04 14:38:37.217+00	t	8	\N
21	2022-10-04 12:04:17.92+00	2022-10-04 12:11:20.533+00	t	8	\N
20	2022-10-04 12:02:48.826+00	2022-10-04 12:10:22.354+00	t	1	\N
23	2022-10-04 13:08:35.614+00	2022-10-04 13:08:35.614+00	t	1	\N
24	2022-10-04 13:13:36.174+00	2022-10-04 13:13:36.174+00	t	1	\N
26	2022-10-04 13:22:27.921+00	2022-10-04 13:22:27.921+00	t	9	\N
25	2022-10-04 13:22:25.214+00	2022-10-04 13:32:26.723+00	t	1	\N
22	2022-10-04 13:07:37.557+00	2022-10-04 13:08:23.999+00	t	8	\N
52	2022-10-04 17:10:17.167+00	2022-10-04 17:10:17.167+00	t	1	\N
35	2022-10-04 14:59:51.935+00	2022-10-04 15:13:26.348+00	t	8	\N
89	2022-10-04 21:10:11.718+00	2022-10-04 21:10:11.718+00	t	8	\N
53	2022-10-04 17:14:43.469+00	2022-10-04 17:14:43.469+00	t	8	\N
41	2022-10-04 16:28:00.95+00	2022-10-04 16:29:56.213+00	t	12	\N
54	2022-10-04 17:15:17.809+00	2022-10-04 17:15:17.809+00	t	1	\N
51	2022-10-04 17:05:57.068+00	2022-10-04 17:16:29.114+00	t	13	\N
47	2022-10-04 16:59:52.921+00	2022-10-04 17:13:27.398+00	t	12	\N
27	2022-10-04 13:27:28.596+00	2022-10-04 13:27:28.596+00	t	9	\N
57	2022-10-04 17:21:29.911+00	2022-10-04 17:21:29.911+00	t	13	\N
56	2022-10-04 17:20:18.606+00	2022-10-04 17:20:18.606+00	t	1	\N
36	2022-10-04 15:11:05.6+00	2022-10-04 15:11:05.6+00	t	9	\N
37	2022-10-04 15:16:06.205+00	2022-10-04 15:16:06.205+00	f	9	\N
70	2022-10-04 18:44:34.977+00	2022-10-04 18:44:34.977+00	t	1	\N
34	2022-10-04 14:59:35.742+00	2022-10-04 15:09:00.958+00	t	1	\N
98	2022-10-05 08:09:42.995+00	2022-10-05 08:09:42.995+00	t	1	\N
55	2022-10-04 17:19:44.112+00	2022-10-04 17:19:44.112+00	t	8	\N
38	2022-10-04 15:35:22.212+00	2022-10-04 15:42:04.544+00	f	10	\N
59	2022-10-04 18:29:28.573+00	2022-10-04 18:29:28.573+00	t	13	\N
60	2022-10-04 18:29:33.134+00	2022-10-04 18:29:33.134+00	t	1	\N
45	2022-10-04 16:43:48.843+00	2022-10-04 16:46:05.723+00	t	1	\N
43	2022-10-04 16:42:40.873+00	2022-10-04 16:45:30.609+00	t	12	\N
46	2022-10-04 16:51:06.422+00	2022-10-04 16:51:06.422+00	t	1	\N
39	2022-10-04 15:42:13.087+00	2022-10-04 15:51:09.81+00	f	11	\N
90	2022-10-04 21:15:12.505+00	2022-10-04 21:15:12.505+00	t	8	\N
66	2022-10-04 18:38:59.301+00	2022-10-04 18:38:59.301+00	t	8	\N
42	2022-10-04 16:42:23.163+00	2022-10-04 16:43:32.658+00	t	8	\N
40	2022-10-04 15:51:18.467+00	2022-10-04 15:53:20.487+00	t	12	\N
48	2022-10-04 17:00:08.517+00	2022-10-04 17:00:15.518+00	t	1	\N
91	2022-10-05 05:56:53.537+00	2022-10-05 05:57:11.906+00	t	1	\N
68	2022-10-04 18:39:34.426+00	2022-10-04 18:39:34.426+00	t	1	\N
92	2022-10-05 07:55:06.102+00	2022-10-05 07:55:06.102+00	t	8	\N
71	2022-10-04 18:46:57.391+00	2022-10-04 18:48:53.675+00	t	16	\N
72	2022-10-04 19:39:58.293+00	2022-10-04 19:39:58.293+00	f	16	\N
69	2022-10-04 18:44:03.226+00	2022-10-04 18:44:27.697+00	t	8	\N
50	2022-10-04 17:05:16.07+00	2022-10-04 17:05:16.07+00	t	1	\N
73	2022-10-04 19:49:55.616+00	2022-10-04 19:49:55.616+00	t	8	\N
74	2022-10-04 19:54:59.465+00	2022-10-04 19:54:59.465+00	t	8	\N
75	2022-10-04 20:00:00.159+00	2022-10-04 20:00:00.159+00	t	8	\N
49	2022-10-04 17:04:42+00	2022-10-04 17:09:42.803+00	t	8	\N
76	2022-10-04 20:05:01.132+00	2022-10-04 20:05:01.132+00	t	8	\N
63	2022-10-04 18:33:58.664+00	2022-10-04 18:33:58.664+00	t	8	\N
64	2022-10-04 18:34:29.413+00	2022-10-04 18:34:29.413+00	t	13	\N
65	2022-10-04 18:34:33.794+00	2022-10-04 18:34:33.794+00	t	1	\N
77	2022-10-04 20:10:01.992+00	2022-10-04 20:10:01.992+00	t	8	\N
78	2022-10-04 20:15:02.77+00	2022-10-04 20:15:02.77+00	t	8	\N
79	2022-10-04 20:20:03.534+00	2022-10-04 20:20:03.534+00	t	8	\N
80	2022-10-04 20:25:04.381+00	2022-10-04 20:25:04.381+00	t	8	\N
61	2022-10-04 18:31:59.957+00	2022-10-04 18:40:59.778+00	f	14	\N
81	2022-10-04 20:30:05.17+00	2022-10-04 20:30:05.17+00	t	8	\N
82	2022-10-04 20:35:06.123+00	2022-10-04 20:35:06.123+00	t	8	\N
93	2022-10-05 07:55:46.408+00	2022-10-05 07:59:41.825+00	t	1	\N
83	2022-10-04 20:40:06.801+00	2022-10-04 20:40:06.801+00	t	8	\N
84	2022-10-04 20:45:07.694+00	2022-10-04 20:45:07.694+00	t	8	\N
85	2022-10-04 20:50:08.387+00	2022-10-04 20:50:08.387+00	t	8	\N
86	2022-10-04 20:55:09.221+00	2022-10-04 20:55:09.221+00	t	8	\N
87	2022-10-04 21:00:10.108+00	2022-10-04 21:00:10.108+00	t	8	\N
88	2022-10-04 21:05:10.792+00	2022-10-04 21:05:10.792+00	t	8	\N
62	2022-10-04 18:33:18.022+00	2022-10-04 18:46:32.725+00	t	15	\N
100	2022-10-05 08:14:56.246+00	2022-10-05 08:16:59.549+00	t	8	\N
58	2022-10-04 18:26:16.007+00	2022-10-04 18:26:16.007+00	t	12	\N
97	2022-10-05 08:09:06.367+00	2022-10-05 08:09:10.404+00	f	12	\N
94	2022-10-05 08:04:42.373+00	2022-10-05 08:04:42.373+00	t	1	\N
101	2022-10-05 08:24:06.409+00	2022-10-05 08:29:40.665+00	t	8	\N
102	2022-10-05 08:34:41.41+00	2022-10-05 08:39:42.016+00	t	8	\N
103	2022-10-05 09:29:13.274+00	2022-10-05 09:29:13.274+00	t	8	\N
95	2022-10-05 08:06:57.584+00	2022-10-05 08:13:08.831+00	t	15	\N
96	2022-10-05 08:07:14.19+00	2022-10-05 08:12:53.848+00	t	17	\N
106	2022-10-05 09:57:54.37+00	2022-10-05 09:57:54.37+00	f	17	\N
104	2022-10-05 09:53:11.991+00	2022-10-05 09:53:29.061+00	t	8	\N
110	2022-10-05 11:53:13.658+00	2022-10-05 11:55:17.028+00	t	8	\N
107	2022-10-05 10:10:14.9+00	2022-10-05 10:10:33.912+00	t	8	\N
111	2022-10-05 12:13:14.327+00	2022-10-05 12:13:14.327+00	t	8	\N
112	2022-10-05 12:18:51.426+00	2022-10-05 12:18:51.426+00	t	8	\N
109	2022-10-05 10:51:19.737+00	2022-10-05 10:52:53.636+00	t	8	\N
108	2022-10-05 10:22:30.028+00	2022-10-05 10:24:19.986+00	t	8	\N
113	2022-10-05 12:33:45.594+00	2022-10-05 12:33:45.594+00	t	8	\N
99	2022-10-05 08:14:43.527+00	2022-10-05 08:14:50.068+00	t	1	\N
114	2022-10-05 12:55:58.745+00	2022-10-05 12:55:58.745+00	t	8	\N
67	2022-10-04 18:39:30.294+00	2022-10-04 18:43:33.071+00	t	13	\N
119	2022-10-05 14:14:35.04+00	2022-10-05 14:14:39.39+00	t	8	\N
116	2022-10-05 13:22:18.306+00	2022-10-05 13:25:22.188+00	t	8	\N
117	2022-10-05 13:41:11.375+00	2022-10-05 13:41:11.375+00	t	8	\N
123	2022-10-05 14:48:27.569+00	2022-10-05 14:48:27.569+00	f	13	\N
118	2022-10-05 14:04:02.74+00	2022-10-05 14:05:06.116+00	t	8	\N
120	2022-10-05 14:24:39.963+00	2022-10-05 14:24:39.963+00	t	8	\N
121	2022-10-05 14:30:35.137+00	2022-10-05 14:30:35.137+00	t	8	\N
115	2022-10-05 13:11:45.914+00	2022-10-05 13:11:45.914+00	t	1	\N
124	2022-10-05 14:48:35.423+00	2022-10-05 14:53:26.05+00	t	18	\N
126	2022-10-05 15:00:39.07+00	2022-10-05 15:02:47.994+00	t	18	\N
125	2022-10-05 14:52:05.989+00	2022-10-05 14:53:04.591+00	t	1	\N
105	2022-10-05 09:56:58.288+00	2022-10-05 09:56:58.288+00	t	15	\N
122	2022-10-05 14:45:51.031+00	2022-10-05 14:51:01.148+00	t	8	\N
136	2022-10-05 18:37:31.412+00	2022-10-05 18:37:31.412+00	t	20	\N
132	2022-10-05 17:31:38.48+00	2022-10-05 17:31:38.48+00	t	20	\N
131	2022-10-05 15:50:29.789+00	2022-10-05 15:51:33.455+00	t	20	\N
128	2022-10-05 15:44:27.783+00	2022-10-05 15:44:28.219+00	t	1	\N
135	2022-10-05 18:30:56.428+00	2022-10-05 18:30:56.428+00	t	15	\N
133	2022-10-05 17:37:00.333+00	2022-10-05 17:37:00.333+00	t	20	\N
130	2022-10-05 15:47:18.927+00	2022-10-05 15:47:19.359+00	t	8	\N
137	2022-10-05 18:38:55.855+00	2022-10-05 18:38:55.855+00	t	8	\N
138	2022-10-05 18:42:32.055+00	2022-10-05 18:42:32.055+00	t	20	\N
134	2022-10-05 17:45:13.932+00	2022-10-05 17:46:49.993+00	t	1	\N
156	2022-10-06 09:55:00.817+00	2022-10-06 09:55:00.817+00	t	8	\N
157	2022-10-06 10:54:38.283+00	2022-10-06 10:56:11.479+00	t	8	\N
158	2022-10-06 12:03:39.908+00	2022-10-06 12:03:39.908+00	t	8	\N
159	2022-10-06 13:12:56.477+00	2022-10-06 13:12:56.477+00	t	8	\N
160	2022-10-06 13:17:57.326+00	2022-10-06 13:17:57.326+00	t	8	\N
155	2022-10-06 09:48:10.229+00	2022-10-06 09:48:10.229+00	t	21	\N
162	2022-10-06 14:10:35.082+00	2022-10-06 14:10:35.082+00	t	21	\N
140	2022-10-05 18:47:32.939+00	2022-10-05 18:47:32.939+00	t	20	\N
139	2022-10-05 18:45:11.83+00	2022-10-05 18:46:17.858+00	t	8	\N
143	2022-10-06 05:11:11.197+00	2022-10-06 05:11:11.197+00	t	20	\N
145	2022-10-06 05:52:47.061+00	2022-10-06 05:52:47.061+00	f	20	\N
144	2022-10-06 05:11:13.866+00	2022-10-06 05:12:37.749+00	t	8	\N
146	2022-10-06 05:54:24.067+00	2022-10-06 05:54:24.067+00	t	8	\N
148	2022-10-06 08:29:49.61+00	2022-10-06 08:29:49.61+00	t	21	\N
149	2022-10-06 08:34:50.598+00	2022-10-06 08:34:50.598+00	t	21	\N
150	2022-10-06 08:39:51.635+00	2022-10-06 08:39:51.635+00	t	21	\N
163	2022-10-06 14:15:35.646+00	2022-10-06 14:20:36.407+00	t	21	\N
164	2022-10-06 14:25:37.059+00	2022-10-06 14:25:37.059+00	t	21	\N
165	2022-10-06 15:45:48.634+00	2022-10-06 15:45:48.634+00	t	21	\N
166	2022-10-06 15:50:50.023+00	2022-10-06 15:50:50.023+00	t	21	\N
167	2022-10-06 15:55:50.683+00	2022-10-06 15:55:50.683+00	t	21	\N
168	2022-10-06 16:00:51.358+00	2022-10-06 16:00:51.358+00	t	21	\N
169	2022-10-06 16:05:51.916+00	2022-10-06 16:05:51.916+00	t	21	\N
170	2022-10-06 16:10:52.457+00	2022-10-06 16:10:52.457+00	f	21	\N
161	2022-10-06 13:22:58.847+00	2022-10-06 13:22:58.847+00	t	8	\N
142	2022-10-05 20:15:09.434+00	2022-10-05 20:16:04.956+00	t	15	\N
147	2022-10-06 08:10:39.664+00	2022-10-06 08:12:09.649+00	t	8	\N
152	2022-10-06 09:29:11.989+00	2022-10-06 09:29:14.794+00	t	8	\N
151	2022-10-06 09:04:54.43+00	2022-10-06 09:35:03.752+00	t	21	\N
154	2022-10-06 09:43:09.315+00	2022-10-06 09:43:09.315+00	t	21	\N
153	2022-10-06 09:42:03.209+00	2022-10-06 09:46:49.176+00	t	8	\N
171	2022-10-07 08:28:08.421+00	2022-10-07 08:28:08.421+00	t	8	\N
173	2022-10-07 10:37:35.911+00	2022-10-07 10:39:21.395+00	t	8	\N
174	2022-10-07 13:33:56.597+00	2022-10-07 13:33:56.597+00	t	8	\N
175	2022-10-07 13:38:57.688+00	2022-10-07 13:38:57.688+00	t	8	\N
176	2022-10-07 14:08:10.174+00	2022-10-07 14:08:10.174+00	t	8	\N
141	2022-10-05 20:13:00.793+00	2022-10-05 20:13:43.534+00	t	1	\N
177	2022-10-07 16:00:33.752+00	2022-10-07 16:05:20.24+00	t	8	\N
178	2022-10-07 16:04:17.442+00	2022-10-07 16:04:24.147+00	t	1	\N
180	2022-10-07 16:24:33.693+00	2022-10-07 16:30:53.734+00	t	1	\N
181	2022-10-07 16:40:54.03+00	2022-10-07 16:40:54.03+00	t	1	\N
182	2022-10-07 16:47:13.513+00	2022-10-07 16:47:13.513+00	t	1	\N
183	2022-10-07 16:52:30.44+00	2022-10-07 16:52:30.44+00	t	1	\N
127	2022-10-05 15:25:39.908+00	2022-10-05 15:26:18.835+00	t	18	\N
184	2022-10-07 17:14:08.035+00	2022-10-07 17:14:08.035+00	t	1	\N
186	2022-10-07 17:19:59.172+00	2022-10-07 17:24:49.373+00	t	1	\N
187	2022-10-07 17:34:17.749+00	2022-10-07 17:34:21.09+00	t	1	\N
179	2022-10-07 16:11:14.815+00	2022-10-07 16:11:34.438+00	t	8	\N
197	2022-10-07 19:33:44.728+00	2022-10-07 19:33:44.728+00	t	1	\N
217	2022-10-08 20:18:21.047+00	2022-10-08 20:18:21.047+00	t	1	\N
218	2022-10-09 08:56:43.274+00	2022-10-09 08:56:51.238+00	t	1	\N
172	2022-10-07 08:43:22.72+00	2022-10-07 08:43:22.72+00	t	15	\N
199	2022-10-07 19:48:38.395+00	2022-10-07 19:48:45.802+00	f	15	\N
198	2022-10-07 19:39:06.055+00	2022-10-07 19:50:59.951+00	t	1	\N
185	2022-10-07 17:14:32.248+00	2022-10-07 17:20:12.149+00	t	18	\N
190	2022-10-07 17:52:06.48+00	2022-10-07 17:52:19.011+00	f	18	\N
200	2022-10-07 20:19:58.118+00	2022-10-07 20:19:58.118+00	t	1	\N
201	2022-10-07 20:46:07.404+00	2022-10-07 20:46:07.404+00	t	1	\N
202	2022-10-08 06:24:13.786+00	2022-10-08 06:30:26.066+00	t	1	\N
188	2022-10-07 17:47:11.284+00	2022-10-07 17:59:10.462+00	t	1	\N
203	2022-10-08 06:52:09.384+00	2022-10-08 06:55:11.483+00	t	1	\N
204	2022-10-08 07:18:54.598+00	2022-10-08 07:20:55.247+00	t	1	\N
191	2022-10-07 18:04:40.553+00	2022-10-07 18:05:35.907+00	t	1	\N
189	2022-10-07 17:49:35.503+00	2022-10-07 18:02:35.473+00	t	8	\N
205	2022-10-08 07:25:56.162+00	2022-10-08 07:27:36.598+00	t	1	\N
193	2022-10-07 19:05:36.664+00	2022-10-07 19:05:36.664+00	t	8	\N
206	2022-10-08 07:32:37.438+00	2022-10-08 07:32:37.438+00	t	1	\N
207	2022-10-08 07:37:38.273+00	2022-10-08 07:38:54.608+00	t	1	\N
208	2022-10-08 07:43:55.426+00	2022-10-08 07:43:55.426+00	t	1	\N
209	2022-10-08 07:48:56.32+00	2022-10-08 07:48:56.32+00	t	1	\N
210	2022-10-08 11:05:22.121+00	2022-10-08 11:05:22.121+00	t	1	\N
211	2022-10-08 12:09:48.813+00	2022-10-08 12:09:48.813+00	t	1	\N
212	2022-10-08 12:39:26.302+00	2022-10-08 12:39:26.302+00	t	1	\N
192	2022-10-07 19:02:15.165+00	2022-10-07 19:15:29.535+00	t	1	\N
213	2022-10-08 14:29:16.577+00	2022-10-08 14:33:39.189+00	t	1	\N
195	2022-10-07 19:12:39.823+00	2022-10-07 19:21:04.822+00	f	2	\N
196	2022-10-07 19:20:30.157+00	2022-10-07 19:21:38.028+00	t	1	\N
214	2022-10-08 15:29:26.834+00	2022-10-08 15:29:27.036+00	t	1	\N
215	2022-10-08 17:43:36.737+00	2022-10-08 17:43:37.267+00	t	1	\N
216	2022-10-08 19:38:45.446+00	2022-10-08 19:38:45.446+00	t	1	\N
219	2022-10-09 09:37:14.89+00	2022-10-09 09:37:14.89+00	t	1	\N
220	2022-10-09 10:37:00.719+00	2022-10-09 10:46:01.981+00	t	1	\N
221	2022-10-09 10:55:05.323+00	2022-10-09 10:55:33.993+00	t	1	\N
222	2022-10-09 11:15:26.087+00	2022-10-09 11:15:39.442+00	t	1	\N
223	2022-10-09 14:45:38.071+00	2022-10-09 14:45:38.071+00	t	1	\N
224	2022-10-09 15:26:02.765+00	2022-10-09 15:26:02.906+00	t	1	\N
225	2022-10-09 17:43:01.364+00	2022-10-09 17:43:01.364+00	t	1	\N
226	2022-10-09 17:50:03.446+00	2022-10-09 17:50:03.446+00	t	1	\N
227	2022-10-09 17:59:56.151+00	2022-10-09 17:59:56.151+00	t	1	\N
228	2022-10-09 18:14:17.271+00	2022-10-09 18:14:17.271+00	t	1	\N
251	2022-10-10 12:38:54.588+00	2022-10-10 12:38:54.588+00	t	1	\N
229	2022-10-09 18:31:00.154+00	2022-10-09 18:31:09.497+00	t	1	\N
240	2022-10-10 09:15:21.284+00	2022-10-10 09:17:40.241+00	t	1	\N
231	2022-10-09 21:20:28.876+00	2022-10-09 21:24:01.712+00	t	1	\N
230	2022-10-09 19:37:17.566+00	2022-10-09 19:37:51.98+00	t	1	\N
233	2022-10-09 21:44:29.832+00	2022-10-09 21:44:29.832+00	t	1	\N
234	2022-10-10 06:02:30.758+00	2022-10-10 06:02:30.758+00	t	1	\N
194	2022-10-07 19:10:37.601+00	2022-10-07 19:15:19.894+00	t	8	\N
252	2022-10-10 12:43:55.457+00	2022-10-10 12:43:55.457+00	t	1	\N
241	2022-10-10 09:37:04.97+00	2022-10-10 09:37:17.694+00	t	1	\N
242	2022-10-10 09:56:35.81+00	2022-10-10 09:56:35.81+00	t	1	\N
232	2022-10-09 21:20:56.199+00	2022-10-09 21:23:53.018+00	t	8	\N
235	2022-10-10 06:56:03.347+00	2022-10-10 06:57:05.49+00	t	1	\N
243	2022-10-10 10:01:36.786+00	2022-10-10 10:01:36.786+00	t	1	\N
237	2022-10-10 08:08:16.228+00	2022-10-10 08:08:18.282+00	t	1	\N
238	2022-10-10 08:13:19.122+00	2022-10-10 08:13:19.122+00	t	1	\N
245	2022-10-10 10:17:19.178+00	2022-10-10 10:19:41.128+00	t	1	\N
239	2022-10-10 08:56:53.983+00	2022-10-10 08:58:43.69+00	t	1	\N
246	2022-10-10 11:00:04.775+00	2022-10-10 11:00:04.775+00	t	1	\N
247	2022-10-10 11:38:23.094+00	2022-10-10 11:38:23.094+00	t	1	\N
244	2022-10-10 10:10:37.775+00	2022-10-10 10:12:18.527+00	t	1	\N
248	2022-10-10 12:08:43.677+00	2022-10-10 12:08:43.677+00	t	1	\N
253	2022-10-10 13:35:29.566+00	2022-10-10 13:36:04.427+00	t	1	\N
249	2022-10-10 12:13:44.811+00	2022-10-10 12:14:04.148+00	t	1	\N
250	2022-10-10 12:19:04.944+00	2022-10-10 12:19:04.944+00	t	1	\N
255	2022-10-10 17:02:25.403+00	2022-10-10 17:02:45.843+00	f	23	\N
254	2022-10-10 13:42:53.438+00	2022-10-10 13:42:53.438+00	t	1	\N
256	2022-10-10 17:03:24.227+00	2022-10-10 17:12:41.568+00	t	1	\N
257	2022-10-10 18:21:23.851+00	2022-10-10 18:21:23.851+00	t	26	\N
259	2022-10-10 18:26:25.715+00	2022-10-10 18:26:25.715+00	f	26	\N
258	2022-10-10 18:22:07.535+00	2022-10-10 18:22:07.535+00	t	1	\N
260	2022-10-10 18:51:23.997+00	2022-10-10 18:59:31.449+00	t	1	\N
261	2022-10-10 19:45:13.123+00	2022-10-10 19:45:13.123+00	t	1	\N
262	2022-10-10 20:07:19.842+00	2022-10-10 20:07:19.842+00	t	1	\N
265	2022-10-10 21:41:33.177+00	2022-10-10 21:41:33.177+00	t	1	\N
263	2022-10-10 20:54:14.286+00	2022-10-10 21:00:23.277+00	t	1	\N
264	2022-10-10 21:17:46.382+00	2022-10-10 21:28:41.837+00	t	1	\N
268	2022-10-11 07:47:34.707+00	2022-10-11 07:47:34.707+00	t	1	\N
266	2022-10-11 07:16:18.98+00	2022-10-11 07:18:01.519+00	t	1	\N
267	2022-10-11 07:30:54.656+00	2022-10-11 07:41:24.237+00	t	1	\N
269	2022-10-11 07:57:51.91+00	2022-10-11 08:12:36.26+00	t	1	\N
270	2022-10-11 09:00:59.105+00	2022-10-11 09:00:59.105+00	t	1	\N
271	2022-10-11 09:24:30.846+00	2022-10-11 09:28:25.564+00	t	1	\N
272	2022-10-11 09:40:08.085+00	2022-10-11 09:44:19.082+00	t	1	\N
273	2022-10-11 09:50:49.13+00	2022-10-11 09:50:49.13+00	t	1	\N
274	2022-10-11 09:55:50.011+00	2022-10-11 09:55:50.011+00	t	1	\N
275	2022-10-11 10:00:50.988+00	2022-10-11 10:00:50.988+00	t	1	\N
276	2022-10-11 10:05:51.844+00	2022-10-11 10:05:51.844+00	t	1	\N
277	2022-10-11 10:10:52.674+00	2022-10-11 10:10:52.674+00	t	1	\N
278	2022-10-11 10:15:53.286+00	2022-10-11 10:20:53.88+00	t	1	\N
279	2022-10-11 10:25:55.43+00	2022-10-11 10:25:55.43+00	t	1	\N
280	2022-10-11 10:30:57.132+00	2022-10-11 10:30:57.132+00	t	1	\N
281	2022-10-11 10:35:58.174+00	2022-10-11 10:35:58.174+00	t	1	\N
282	2022-10-11 10:40:58.883+00	2022-10-11 10:40:58.883+00	t	1	\N
283	2022-10-11 10:46:00.384+00	2022-10-11 10:46:00.384+00	t	1	\N
284	2022-10-11 10:59:31.156+00	2022-10-11 10:59:31.156+00	t	1	\N
285	2022-10-11 11:09:23.265+00	2022-10-11 11:09:23.265+00	t	1	\N
286	2022-10-11 11:26:53.071+00	2022-10-11 11:26:53.071+00	t	1	\N
287	2022-10-11 12:30:50.592+00	2022-10-11 12:30:50.592+00	t	1	\N
236	2022-10-10 06:58:51.163+00	2022-10-10 06:58:51.163+00	t	8	\N
288	2022-10-11 12:59:48.678+00	2022-10-11 12:59:54.38+00	t	1	\N
289	2022-10-11 13:20:59.242+00	2022-10-11 13:21:20.595+00	t	8	\N
290	2022-10-11 13:21:40.844+00	2022-10-11 13:23:27.327+00	t	1	\N
291	2022-10-11 13:26:22.037+00	2022-10-11 13:26:22.037+00	t	8	\N
292	2022-10-11 13:31:42.398+00	2022-10-11 13:38:05.825+00	t	1	\N
294	2022-10-11 13:47:28.807+00	2022-10-11 13:47:28.807+00	t	1	\N
293	2022-10-11 13:41:50.614+00	2022-10-11 13:48:06.437+00	t	8	\N
295	2022-10-11 14:03:13.592+00	2022-10-11 14:03:13.592+00	t	1	\N
297	2022-10-11 14:30:31.203+00	2022-10-11 14:30:33.871+00	t	1	\N
343	2022-10-12 09:35:56.78+00	2022-10-12 09:42:50.912+00	t	1	\N
344	2022-10-12 09:47:51.797+00	2022-10-12 09:47:51.797+00	t	1	\N
345	2022-10-12 09:52:52.699+00	2022-10-12 09:52:52.699+00	t	1	\N
346	2022-10-12 10:15:58.643+00	2022-10-12 10:15:58.643+00	t	1	\N
347	2022-10-12 10:21:23.293+00	2022-10-12 10:21:23.293+00	t	1	\N
348	2022-10-12 10:32:27.085+00	2022-10-12 10:32:27.085+00	t	1	\N
349	2022-10-12 10:41:17.296+00	2022-10-12 10:41:17.296+00	t	1	\N
350	2022-10-12 10:52:53.849+00	2022-10-12 10:52:53.849+00	t	1	\N
351	2022-10-12 10:58:09.813+00	2022-10-12 10:58:09.813+00	t	1	\N
366	2022-10-12 15:11:48.358+00	2022-10-12 15:11:48.358+00	t	8	\N
417	2022-10-13 10:55:52.46+00	2022-10-13 11:02:43.446+00	t	8	\N
352	2022-10-12 11:03:10.62+00	2022-10-12 11:08:26.007+00	t	1	\N
353	2022-10-12 11:42:53.979+00	2022-10-12 11:42:53.979+00	t	1	\N
403	2022-10-13 08:30:19.641+00	2022-10-13 08:30:19.641+00	t	1	\N
404	2022-10-13 08:35:20.604+00	2022-10-13 08:35:20.604+00	t	1	\N
368	2022-10-12 15:31:11.135+00	2022-10-12 15:32:34.173+00	t	1	\N
370	2022-10-12 15:37:34.936+00	2022-10-12 15:37:34.936+00	t	1	\N
371	2022-10-12 15:43:36.869+00	2022-10-12 15:43:36.869+00	t	1	\N
298	2022-10-11 14:38:55.298+00	2022-10-11 14:38:55.298+00	t	1	\N
332	2022-10-11 16:25:46.805+00	2022-10-11 16:25:47.337+00	t	1	\N
372	2022-10-12 15:48:37.882+00	2022-10-12 15:48:37.882+00	t	1	\N
333	2022-10-11 16:37:41.861+00	2022-10-11 16:37:42.372+00	t	1	\N
334	2022-10-11 18:13:26.71+00	2022-10-11 18:17:05.002+00	t	1	\N
405	2022-10-13 08:40:21.529+00	2022-10-13 08:40:21.529+00	t	1	\N
373	2022-10-12 15:53:38.64+00	2022-10-12 15:54:45.377+00	t	1	\N
336	2022-10-11 20:14:51.46+00	2022-10-11 20:16:49.188+00	t	1	\N
337	2022-10-12 07:54:33.669+00	2022-10-12 07:54:33.669+00	t	1	\N
374	2022-10-12 16:01:56.414+00	2022-10-12 16:01:56.414+00	t	1	\N
354	2022-10-12 11:48:08.679+00	2022-10-12 11:50:03.52+00	t	1	\N
338	2022-10-12 08:57:33.102+00	2022-10-12 09:02:46.451+00	t	1	\N
339	2022-10-12 09:07:47.693+00	2022-10-12 09:07:47.693+00	t	1	\N
340	2022-10-12 09:17:48.792+00	2022-10-12 09:17:48.792+00	t	1	\N
341	2022-10-12 09:25:54.98+00	2022-10-12 09:25:54.98+00	t	1	\N
342	2022-10-12 09:30:55.822+00	2022-10-12 09:30:55.822+00	t	1	\N
406	2022-10-13 08:45:43.417+00	2022-10-13 08:45:43.417+00	t	1	\N
375	2022-10-12 17:03:06.663+00	2022-10-12 17:08:07.496+00	t	1	\N
376	2022-10-12 17:13:08.473+00	2022-10-12 17:13:08.473+00	t	1	\N
377	2022-10-12 17:18:09.495+00	2022-10-12 17:18:09.495+00	t	1	\N
378	2022-10-12 17:23:10.341+00	2022-10-12 17:23:10.341+00	t	1	\N
355	2022-10-12 11:55:04.377+00	2022-10-12 12:00:24.761+00	t	1	\N
356	2022-10-12 12:05:31.438+00	2022-10-12 12:05:31.438+00	t	1	\N
357	2022-10-12 12:13:52.299+00	2022-10-12 12:13:52.299+00	t	1	\N
358	2022-10-12 12:23:53.183+00	2022-10-12 12:23:53.183+00	t	1	\N
359	2022-10-12 12:28:54.146+00	2022-10-12 12:28:54.146+00	t	1	\N
360	2022-10-12 12:37:00.454+00	2022-10-12 12:37:00.454+00	t	1	\N
361	2022-10-12 12:42:01.48+00	2022-10-12 12:42:01.48+00	t	1	\N
389	2022-10-12 18:43:21.546+00	2022-10-12 18:57:07.549+00	t	1	\N
362	2022-10-12 12:47:02.324+00	2022-10-12 12:52:00.813+00	t	1	\N
407	2022-10-13 08:50:44.221+00	2022-10-13 08:50:44.221+00	t	1	\N
363	2022-10-12 13:56:43.333+00	2022-10-12 14:01:17.45+00	t	1	\N
408	2022-10-13 08:55:45.198+00	2022-10-13 08:55:45.198+00	t	1	\N
296	2022-10-11 14:10:10.947+00	2022-10-11 14:10:10.947+00	t	8	\N
379	2022-10-12 17:28:11.151+00	2022-10-12 17:38:12.653+00	t	1	\N
365	2022-10-12 14:31:48.681+00	2022-10-12 14:31:49.244+00	t	8	\N
364	2022-10-12 14:08:09.138+00	2022-10-12 14:08:59.606+00	t	1	\N
390	2022-10-12 19:03:22.518+00	2022-10-12 19:08:23.521+00	t	1	\N
380	2022-10-12 17:43:13.431+00	2022-10-12 17:45:50.792+00	t	1	\N
381	2022-10-12 17:53:13.825+00	2022-10-12 17:53:13.825+00	t	1	\N
382	2022-10-12 17:58:14.819+00	2022-10-12 17:58:14.819+00	t	1	\N
383	2022-10-12 18:03:15.616+00	2022-10-12 18:03:15.616+00	t	1	\N
384	2022-10-12 18:08:16.409+00	2022-10-12 18:08:16.409+00	t	1	\N
385	2022-10-12 18:13:17.202+00	2022-10-12 18:13:17.202+00	t	1	\N
391	2022-10-12 19:31:12.13+00	2022-10-12 19:31:12.13+00	t	1	\N
386	2022-10-12 18:18:17.974+00	2022-10-12 18:23:18.75+00	t	1	\N
392	2022-10-12 19:36:12.894+00	2022-10-12 19:36:12.894+00	t	1	\N
387	2022-10-12 18:28:19.524+00	2022-10-12 18:33:20.122+00	t	1	\N
388	2022-10-12 18:38:20.893+00	2022-10-12 18:38:20.893+00	t	1	\N
393	2022-10-12 19:41:13.677+00	2022-10-12 19:41:13.677+00	t	1	\N
394	2022-10-12 19:46:14.443+00	2022-10-12 19:46:14.443+00	t	1	\N
395	2022-10-12 22:20:55.246+00	2022-10-12 22:20:55.246+00	t	1	\N
396	2022-10-13 06:55:40.373+00	2022-10-13 06:55:40.373+00	t	1	\N
397	2022-10-13 08:00:14.577+00	2022-10-13 08:00:14.577+00	t	1	\N
398	2022-10-13 08:05:15.569+00	2022-10-13 08:05:15.569+00	t	1	\N
399	2022-10-13 08:10:16.517+00	2022-10-13 08:10:16.517+00	t	1	\N
400	2022-10-13 08:15:17.292+00	2022-10-13 08:15:17.292+00	t	1	\N
401	2022-10-13 08:20:18.067+00	2022-10-13 08:20:18.067+00	t	1	\N
402	2022-10-13 08:25:18.858+00	2022-10-13 08:25:18.858+00	t	1	\N
409	2022-10-13 09:31:32.741+00	2022-10-13 09:31:32.741+00	t	1	\N
414	2022-10-13 10:17:59.335+00	2022-10-13 10:17:59.335+00	t	1	\N
410	2022-10-13 09:52:55.284+00	2022-10-13 09:57:56.072+00	t	1	\N
411	2022-10-13 10:02:56.991+00	2022-10-13 10:02:56.991+00	t	1	\N
412	2022-10-13 10:07:57.802+00	2022-10-13 10:07:57.802+00	t	1	\N
413	2022-10-13 10:12:58.421+00	2022-10-13 10:12:58.421+00	t	1	\N
415	2022-10-13 10:23:00.101+00	2022-10-13 10:23:00.101+00	t	1	\N
369	2022-10-12 15:31:15.617+00	2022-10-12 15:31:25.02+00	t	8	\N
419	2022-10-13 11:17:56.328+00	2022-10-13 11:18:35.447+00	f	34	\N
420	2022-10-13 11:18:32.421+00	2022-10-13 11:19:13.396+00	f	8	\N
422	2022-10-13 11:23:28.278+00	2022-10-13 11:24:13.734+00	t	36	\N
423	2022-10-13 11:24:21.279+00	2022-10-13 11:29:53.365+00	t	1	\N
416	2022-10-13 10:55:03.193+00	2022-10-13 11:02:29.5+00	t	1	\N
421	2022-10-13 11:19:20.043+00	2022-10-13 11:19:20.542+00	t	1	\N
425	2022-10-13 11:34:54.166+00	2022-10-13 11:34:54.166+00	t	1	\N
424	2022-10-13 11:30:54.884+00	2022-10-13 11:30:59.444+00	t	36	\N
434	2022-10-13 12:29:10.268+00	2022-10-13 12:30:29.344+00	t	36	\N
426	2022-10-13 11:36:01.583+00	2022-10-13 11:36:01.583+00	t	36	\N
429	2022-10-13 12:02:55.751+00	2022-10-13 12:02:55.751+00	t	36	\N
428	2022-10-13 12:00:19.734+00	2022-10-13 12:02:10.401+00	t	37	\N
432	2022-10-13 12:12:12.306+00	2022-10-13 12:12:12.306+00	t	37	\N
430	2022-10-13 12:07:11.429+00	2022-10-13 12:07:11.429+00	t	37	\N
436	2022-10-13 13:13:41.844+00	2022-10-13 13:13:41.844+00	t	37	\N
431	2022-10-13 12:07:56.771+00	2022-10-13 12:16:27.164+00	t	36	\N
433	2022-10-13 12:17:13.465+00	2022-10-13 12:17:13.465+00	t	37	\N
435	2022-10-13 12:31:15.49+00	2022-10-13 12:31:15.49+00	t	37	\N
427	2022-10-13 11:59:19.429+00	2022-10-13 11:59:53.709+00	t	1	\N
437	2022-10-13 13:17:16.465+00	2022-10-13 13:17:16.465+00	t	1	\N
438	2022-10-13 13:17:55.524+00	2022-10-13 13:17:55.524+00	t	36	\N
441	2022-10-13 13:22:56.503+00	2022-10-13 13:22:56.502+00	f	36	\N
439	2022-10-13 13:18:42.847+00	2022-10-13 13:18:42.847+00	t	37	\N
442	2022-10-13 13:23:43.556+00	2022-10-13 13:23:43.556+00	f	37	\N
440	2022-10-13 13:22:17.302+00	2022-10-13 13:23:14.459+00	t	1	\N
443	2022-10-13 13:31:57.48+00	2022-10-13 13:41:10.628+00	t	1	\N
444	2022-10-13 13:46:11.171+00	2022-10-13 13:46:11.171+00	t	1	\N
446	2022-10-13 13:59:35.748+00	2022-10-13 14:04:16.13+00	t	1	\N
445	2022-10-13 13:53:24.962+00	2022-10-13 13:54:04.976+00	t	1	\N
466	2022-10-13 19:04:04.217+00	2022-10-13 19:04:04.216+00	t	1	\N
490	2022-10-14 06:53:23.577+00	2022-10-14 06:58:24.532+00	t	1	\N
500	2022-10-14 08:09:32.249+00	2022-10-14 08:09:32.249+00	t	43	\N
501	2022-10-14 08:09:51.755+00	2022-10-14 08:09:51.755+00	t	41	\N
468	2022-10-13 19:15:52.731+00	2022-10-13 19:23:08.834+00	t	38	\N
470	2022-10-13 19:23:35.012+00	2022-10-13 19:30:07.001+00	f	39	\N
471	2022-10-13 19:28:10.121+00	2022-10-13 19:28:10.121+00	t	38	\N
447	2022-10-13 15:38:16.209+00	2022-10-13 15:47:01.768+00	t	1	\N
448	2022-10-13 16:02:13.868+00	2022-10-13 16:02:13.868+00	t	1	\N
449	2022-10-13 16:07:14.855+00	2022-10-13 16:07:14.855+00	t	1	\N
472	2022-10-13 19:38:11.333+00	2022-10-13 19:38:11.333+00	t	38	\N
450	2022-10-13 16:20:01.255+00	2022-10-13 16:20:28.711+00	t	1	\N
473	2022-10-13 19:43:12.326+00	2022-10-13 19:43:12.326+00	t	38	\N
451	2022-10-13 16:37:17.825+00	2022-10-13 16:40:29.86+00	t	1	\N
502	2022-10-14 08:10:53.508+00	2022-10-14 08:10:53.508+00	t	38	\N
452	2022-10-13 16:45:30.923+00	2022-10-13 16:50:31.933+00	t	1	\N
469	2022-10-13 19:22:26.997+00	2022-10-13 19:22:30.739+00	t	1	\N
454	2022-10-13 16:55:54.552+00	2022-10-13 16:55:54.552+00	t	1	\N
455	2022-10-13 17:00:55.443+00	2022-10-13 17:00:55.443+00	t	1	\N
456	2022-10-13 17:05:56.376+00	2022-10-13 17:05:56.376+00	t	1	\N
474	2022-10-13 19:48:13.537+00	2022-10-13 19:48:13.537+00	t	38	\N
457	2022-10-13 17:10:57.277+00	2022-10-13 17:15:58.065+00	t	1	\N
458	2022-10-13 17:20:58.869+00	2022-10-13 17:20:58.869+00	t	1	\N
503	2022-10-14 08:14:31.414+00	2022-10-14 08:14:31.414+00	t	1	\N
477	2022-10-13 19:53:14.614+00	2022-10-13 19:53:14.614+00	t	38	\N
459	2022-10-13 17:25:59.649+00	2022-10-13 17:31:00.587+00	t	1	\N
460	2022-10-13 17:36:01.412+00	2022-10-13 17:36:01.412+00	t	1	\N
461	2022-10-13 17:41:02.257+00	2022-10-13 17:41:02.256+00	t	1	\N
462	2022-10-13 17:46:02.912+00	2022-10-13 17:46:02.912+00	t	1	\N
453	2022-10-13 16:55:18.631+00	2022-10-13 16:56:42.807+00	t	38	\N
504	2022-10-14 08:14:33.195+00	2022-10-14 08:14:33.195+00	t	43	\N
478	2022-10-13 19:58:15.49+00	2022-10-13 19:58:15.49+00	t	38	\N
464	2022-10-13 18:51:41.046+00	2022-10-13 18:51:49.325+00	t	38	\N
479	2022-10-13 20:03:16.459+00	2022-10-13 20:03:16.459+00	t	38	\N
463	2022-10-13 17:51:03.677+00	2022-10-13 17:51:03.677+00	t	1	\N
476	2022-10-13 19:52:19.273+00	2022-10-13 19:58:48.936+00	t	1	\N
465	2022-10-13 18:56:50.317+00	2022-10-13 19:04:55.275+00	t	38	\N
505	2022-10-14 08:14:52.577+00	2022-10-14 08:14:52.577+00	t	41	\N
467	2022-10-13 19:09:56.461+00	2022-10-13 19:10:51.725+00	t	38	\N
506	2022-10-14 08:15:54.481+00	2022-10-14 08:15:54.481+00	t	38	\N
480	2022-10-13 20:08:26.177+00	2022-10-13 20:08:34.334+00	t	38	\N
508	2022-10-14 08:19:34.23+00	2022-10-14 08:19:34.23+00	t	43	\N
482	2022-10-13 20:13:35.451+00	2022-10-13 20:13:35.451+00	t	38	\N
483	2022-10-13 20:18:36.496+00	2022-10-13 20:18:36.496+00	t	38	\N
481	2022-10-13 20:11:44.303+00	2022-10-13 20:17:17.812+00	t	1	\N
509	2022-10-14 08:19:53.492+00	2022-10-14 08:19:53.492+00	t	41	\N
484	2022-10-13 20:23:37.376+00	2022-10-13 20:23:37.376+00	t	38	\N
510	2022-10-14 08:20:55.469+00	2022-10-14 08:20:55.469+00	t	38	\N
539	2022-10-14 11:56:12.615+00	2022-10-14 11:56:12.615+00	t	41	\N
511	2022-10-14 08:24:35.142+00	2022-10-14 08:24:35.142+00	t	43	\N
513	2022-10-14 08:25:57.211+00	2022-10-14 08:25:57.211+00	t	38	\N
512	2022-10-14 08:24:54.232+00	2022-10-14 08:27:53.932+00	t	41	\N
486	2022-10-13 20:28:38.111+00	2022-10-13 20:28:38.111+00	t	38	\N
485	2022-10-13 20:23:57.261+00	2022-10-13 20:33:17.068+00	t	1	\N
488	2022-10-13 20:33:38.825+00	2022-10-13 20:33:38.825+00	t	38	\N
487	2022-10-13 20:30:35.97+00	2022-10-13 20:31:26.835+00	t	40	\N
507	2022-10-14 08:19:32.494+00	2022-10-14 08:19:32.494+00	t	1	\N
492	2022-10-14 06:54:32.839+00	2022-10-14 06:54:50.928+00	f	40	\N
515	2022-10-14 08:30:58.238+00	2022-10-14 08:30:58.238+00	t	38	\N
517	2022-10-14 08:54:31.582+00	2022-10-14 08:54:31.582+00	t	1	\N
540	2022-10-14 11:56:21.928+00	2022-10-14 11:56:21.928+00	t	38	\N
491	2022-10-14 06:53:45.419+00	2022-10-14 06:53:45.419+00	t	38	\N
489	2022-10-13 20:33:56.134+00	2022-10-13 20:33:56.134+00	t	41	\N
493	2022-10-14 06:58:46.464+00	2022-10-14 06:58:46.464+00	t	38	\N
494	2022-10-14 07:02:39.888+00	2022-10-14 07:02:39.888+00	t	41	\N
495	2022-10-14 07:03:47.499+00	2022-10-14 07:03:47.498+00	t	38	\N
496	2022-10-14 07:59:49.585+00	2022-10-14 07:59:49.585+00	t	41	\N
497	2022-10-14 08:00:51.436+00	2022-10-14 08:00:51.436+00	t	38	\N
498	2022-10-14 08:04:50.74+00	2022-10-14 08:04:50.74+00	t	41	\N
499	2022-10-14 08:05:52.539+00	2022-10-14 08:05:52.539+00	t	38	\N
518	2022-10-14 08:55:57.611+00	2022-10-14 08:55:57.611+00	t	38	\N
514	2022-10-14 08:29:36.014+00	2022-10-14 08:29:36.014+00	t	43	\N
521	2022-10-14 09:17:40.438+00	2022-10-14 09:17:56.239+00	f	43	\N
520	2022-10-14 09:12:25.102+00	2022-10-14 09:12:25.102+00	t	38	\N
516	2022-10-14 08:32:54.948+00	2022-10-14 08:32:54.948+00	t	41	\N
522	2022-10-14 09:18:52.286+00	2022-10-14 09:18:52.286+00	t	38	\N
529	2022-10-14 09:35:58.834+00	2022-10-14 09:42:26.65+00	t	46	\N
527	2022-10-14 09:34:39.359+00	2022-10-14 09:34:39.359+00	t	41	\N
523	2022-10-14 09:24:05.645+00	2022-10-14 09:24:05.645+00	t	41	\N
528	2022-10-14 09:34:49.788+00	2022-10-14 09:34:49.788+00	t	38	\N
525	2022-10-14 09:29:01.144+00	2022-10-14 09:31:02.984+00	f	45	\N
526	2022-10-14 09:29:37.876+00	2022-10-14 09:29:37.876+00	t	41	\N
524	2022-10-14 09:26:20.949+00	2022-10-14 09:29:49.053+00	t	38	\N
548	2022-10-14 13:20:15.933+00	2022-10-14 13:20:15.933+00	t	38	\N
541	2022-10-14 12:01:13.501+00	2022-10-14 12:01:13.501+00	t	41	\N
542	2022-10-14 12:01:22.759+00	2022-10-14 12:01:22.759+00	t	38	\N
530	2022-10-14 09:39:40.457+00	2022-10-14 09:39:40.457+00	t	41	\N
519	2022-10-14 08:59:32.505+00	2022-10-14 08:59:32.505+00	t	1	\N
544	2022-10-14 12:06:14.435+00	2022-10-14 12:06:14.435+00	t	41	\N
533	2022-10-14 09:44:42.771+00	2022-10-14 09:44:53.751+00	t	47	\N
534	2022-10-14 11:45:31.839+00	2022-10-14 11:45:31.839+00	f	47	\N
532	2022-10-14 09:44:41.343+00	2022-10-14 09:44:41.343+00	t	41	\N
531	2022-10-14 09:39:50.509+00	2022-10-14 09:44:51.226+00	t	38	\N
535	2022-10-14 11:46:10.661+00	2022-10-14 11:46:10.661+00	t	41	\N
536	2022-10-14 11:46:20.484+00	2022-10-14 11:46:20.484+00	t	38	\N
537	2022-10-14 11:51:11.72+00	2022-10-14 11:51:11.72+00	t	41	\N
538	2022-10-14 11:51:21.194+00	2022-10-14 11:51:21.194+00	t	38	\N
545	2022-10-14 12:06:23.584+00	2022-10-14 12:06:23.584+00	t	38	\N
543	2022-10-14 12:02:43.938+00	2022-10-14 12:02:43.938+00	t	46	\N
553	2022-10-14 13:30:28.587+00	2022-10-14 13:30:28.587+00	t	48	\N
547	2022-10-14 13:19:48.159+00	2022-10-14 13:19:48.159+00	t	41	\N
557	2022-10-14 13:37:01.275+00	2022-10-14 13:37:01.275+00	t	41	\N
546	2022-10-14 13:17:35.385+00	2022-10-14 13:23:17.305+00	t	48	\N
550	2022-10-14 13:24:49.113+00	2022-10-14 13:24:49.113+00	t	41	\N
551	2022-10-14 13:25:17.22+00	2022-10-14 13:29:55.794+00	t	38	\N
554	2022-10-14 13:32:00.373+00	2022-10-14 13:32:00.373+00	t	41	\N
555	2022-10-14 13:34:56.698+00	2022-10-14 13:34:56.698+00	t	38	\N
556	2022-10-14 13:35:29.39+00	2022-10-14 13:35:29.39+00	t	48	\N
558	2022-10-14 13:43:51.475+00	2022-10-14 13:43:51.475+00	t	38	\N
561	2022-10-14 13:48:52.405+00	2022-10-14 13:48:52.405+00	f	38	\N
559	2022-10-14 13:45:16.052+00	2022-10-14 13:45:16.052+00	t	48	\N
560	2022-10-14 13:46:48.049+00	2022-10-14 13:46:48.049+00	t	41	\N
562	2022-10-14 13:50:37.338+00	2022-10-14 13:50:37.338+00	t	48	\N
563	2022-10-14 13:52:06.605+00	2022-10-14 13:52:06.605+00	t	41	\N
564	2022-10-14 13:55:38.235+00	2022-10-14 13:55:38.235+00	t	48	\N
565	2022-10-14 13:57:07.384+00	2022-10-14 13:57:07.384+00	t	41	\N
567	2022-10-14 14:59:46.909+00	2022-10-14 14:59:46.909+00	t	41	\N
566	2022-10-14 14:58:17.832+00	2022-10-14 14:58:17.832+00	t	48	\N
549	2022-10-14 13:21:36.204+00	2022-10-14 13:21:36.204+00	t	46	\N
570	2022-10-16 18:09:03.885+00	2022-10-16 18:09:03.885+00	f	46	\N
568	2022-10-16 18:04:10.081+00	2022-10-16 18:04:10.081+00	t	41	\N
569	2022-10-16 18:07:36.601+00	2022-10-16 18:07:36.601+00	t	48	\N
571	2022-10-16 18:09:10.263+00	2022-10-16 18:09:10.263+00	t	41	\N
572	2022-10-16 18:12:37.529+00	2022-10-16 18:12:37.529+00	t	48	\N
574	2022-10-16 18:17:38.583+00	2022-10-16 18:17:38.583+00	t	48	\N
552	2022-10-14 13:29:36.142+00	2022-10-14 13:31:46.858+00	t	1	\N
573	2022-10-16 18:14:11.178+00	2022-10-16 18:14:11.178+00	t	41	\N
575	2022-10-16 18:19:12.067+00	2022-10-16 18:19:12.067+00	t	41	\N
576	2022-10-16 18:22:39.692+00	2022-10-16 18:22:39.692+00	t	48	\N
625	2022-10-17 17:44:34.318+00	2022-10-17 17:44:34.318+00	t	41	\N
577	2022-10-16 18:24:12.935+00	2022-10-16 18:24:12.935+00	t	41	\N
579	2022-10-17 06:59:05.595+00	2022-10-17 06:59:06.164+00	t	1	\N
580	2022-10-17 07:03:09.426+00	2022-10-17 07:03:09.426+00	t	41	\N
582	2022-10-17 07:08:10.328+00	2022-10-17 07:08:10.328+00	t	41	\N
583	2022-10-17 07:13:11.391+00	2022-10-17 07:13:11.391+00	t	41	\N
584	2022-10-17 07:18:12.285+00	2022-10-17 07:18:12.285+00	t	41	\N
585	2022-10-17 07:23:13.119+00	2022-10-17 07:23:13.119+00	t	41	\N
586	2022-10-17 07:28:13.961+00	2022-10-17 07:28:13.961+00	t	41	\N
587	2022-10-17 07:33:14.967+00	2022-10-17 07:33:14.967+00	t	41	\N
588	2022-10-17 07:38:40.765+00	2022-10-17 07:38:40.765+00	t	41	\N
589	2022-10-17 07:43:54.194+00	2022-10-17 07:43:54.194+00	t	41	\N
590	2022-10-17 07:48:55.031+00	2022-10-17 07:48:55.031+00	t	41	\N
591	2022-10-17 07:53:55.969+00	2022-10-17 07:53:55.969+00	t	41	\N
592	2022-10-17 07:59:04.34+00	2022-10-17 07:59:04.34+00	t	41	\N
593	2022-10-17 08:04:05.345+00	2022-10-17 08:04:05.345+00	t	41	\N
594	2022-10-17 08:09:06.328+00	2022-10-17 08:09:06.328+00	t	41	\N
595	2022-10-17 08:14:07.267+00	2022-10-17 08:14:07.267+00	t	41	\N
596	2022-10-17 08:19:08.121+00	2022-10-17 08:19:08.121+00	t	41	\N
597	2022-10-17 08:24:09.176+00	2022-10-17 08:24:09.176+00	t	41	\N
598	2022-10-17 08:29:18.685+00	2022-10-17 08:29:18.685+00	t	41	\N
599	2022-10-17 08:34:19.71+00	2022-10-17 08:34:19.71+00	t	41	\N
600	2022-10-17 08:39:20.869+00	2022-10-17 08:39:20.869+00	t	41	\N
601	2022-10-17 08:44:21.86+00	2022-10-17 08:44:21.86+00	t	41	\N
602	2022-10-17 08:49:22.843+00	2022-10-17 08:49:22.843+00	t	41	\N
603	2022-10-17 08:54:24.018+00	2022-10-17 08:54:24.018+00	t	41	\N
604	2022-10-17 09:00:37.427+00	2022-10-17 09:00:37.427+00	t	41	\N
605	2022-10-17 09:06:30.878+00	2022-10-17 09:06:30.878+00	t	41	\N
606	2022-10-17 09:11:31.849+00	2022-10-17 09:11:31.849+00	t	41	\N
607	2022-10-17 09:16:32.812+00	2022-10-17 09:16:32.812+00	t	41	\N
608	2022-10-17 09:38:23.805+00	2022-10-17 09:38:23.805+00	t	41	\N
581	2022-10-17 07:04:06.831+00	2022-10-17 07:04:06.831+00	t	1	\N
621	2022-10-17 13:23:06.891+00	2022-10-17 13:23:06.891+00	t	48	\N
609	2022-10-17 09:43:24.668+00	2022-10-17 09:43:24.668+00	t	41	\N
611	2022-10-17 09:48:25.809+00	2022-10-17 09:48:25.809+00	t	41	\N
612	2022-10-17 10:35:08.884+00	2022-10-17 10:35:08.884+00	t	41	\N
613	2022-10-17 10:40:09.999+00	2022-10-17 10:40:09.999+00	t	41	\N
614	2022-10-17 10:45:11.016+00	2022-10-17 10:45:11.016+00	t	41	\N
615	2022-10-17 12:00:21.503+00	2022-10-17 12:00:21.503+00	t	41	\N
616	2022-10-17 12:05:22.396+00	2022-10-17 12:05:22.396+00	t	41	\N
617	2022-10-17 12:10:23.26+00	2022-10-17 12:10:23.26+00	t	41	\N
618	2022-10-17 12:30:41.493+00	2022-10-17 12:30:41.493+00	t	41	\N
578	2022-10-16 18:27:40.436+00	2022-10-16 18:27:40.435+00	t	48	\N
620	2022-10-17 13:18:05.93+00	2022-10-17 13:18:05.93+00	t	48	\N
610	2022-10-17 09:45:16.109+00	2022-10-17 09:46:05.053+00	t	1	\N
629	2022-10-18 10:02:38.831+00	2022-10-18 10:02:38.831+00	t	41	\N
630	2022-10-18 10:06:23.676+00	2022-10-18 10:06:23.676+00	t	48	\N
631	2022-10-18 10:07:40.005+00	2022-10-18 10:07:40.005+00	t	41	\N
633	2022-10-18 10:23:59.105+00	2022-10-18 10:23:59.105+00	t	41	\N
622	2022-10-17 13:36:27.154+00	2022-10-17 13:44:57.152+00	t	1	\N
634	2022-10-18 11:19:34.737+00	2022-10-18 11:19:34.737+00	t	41	\N
623	2022-10-17 14:51:51.121+00	2022-10-17 14:52:12.073+00	t	1	\N
619	2022-10-17 12:41:03.785+00	2022-10-17 12:41:03.785+00	t	41	\N
624	2022-10-17 15:42:06.679+00	2022-10-17 15:42:06.679+00	t	1	\N
626	2022-10-18 05:35:07.825+00	2022-10-18 05:35:07.825+00	t	1	\N
635	2022-10-18 11:39:23.788+00	2022-10-18 11:39:23.788+00	t	41	\N
627	2022-10-18 06:06:43.337+00	2022-10-18 06:08:28.378+00	t	1	\N
673	2022-10-23 16:38:04.021+00	2022-10-23 16:38:39.288+00	t	41	\N
636	2022-10-18 11:44:24.795+00	2022-10-18 11:44:24.795+00	t	41	\N
637	2022-10-18 11:49:25.68+00	2022-10-18 11:49:25.68+00	t	41	\N
638	2022-10-18 11:54:26.57+00	2022-10-18 11:54:26.57+00	t	41	\N
639	2022-10-18 11:59:27.359+00	2022-10-18 11:59:27.359+00	t	41	\N
640	2022-10-18 12:04:28.059+00	2022-10-18 12:04:28.059+00	t	41	\N
641	2022-10-18 12:09:28.771+00	2022-10-18 12:09:28.771+00	t	41	\N
642	2022-10-18 12:19:38.213+00	2022-10-18 12:19:38.213+00	t	41	\N
643	2022-10-18 12:26:00.329+00	2022-10-18 12:26:00.329+00	t	41	\N
644	2022-10-18 12:31:01.229+00	2022-10-18 12:31:01.229+00	t	41	\N
645	2022-10-18 12:36:02.107+00	2022-10-18 12:36:02.107+00	t	41	\N
646	2022-10-18 12:57:38.254+00	2022-10-18 12:57:38.254+00	t	41	\N
647	2022-10-18 13:02:39.239+00	2022-10-18 13:02:39.239+00	t	41	\N
648	2022-10-18 13:07:40.161+00	2022-10-18 13:07:40.161+00	t	41	\N
649	2022-10-18 13:12:41.092+00	2022-10-18 13:12:41.092+00	t	41	\N
650	2022-10-18 13:32:42.23+00	2022-10-18 13:32:42.23+00	t	41	\N
651	2022-10-18 13:37:43.322+00	2022-10-18 13:37:43.322+00	t	41	\N
652	2022-10-18 13:42:44.472+00	2022-10-18 13:42:44.472+00	t	41	\N
653	2022-10-18 13:47:45.546+00	2022-10-18 13:47:45.546+00	t	41	\N
654	2022-10-18 13:52:46.647+00	2022-10-18 13:52:46.647+00	t	41	\N
655	2022-10-18 13:57:47.669+00	2022-10-18 13:57:47.669+00	t	41	\N
632	2022-10-18 10:13:11.217+00	2022-10-18 10:13:11.217+00	t	48	\N
657	2022-10-19 10:22:43.296+00	2022-10-19 10:22:43.296+00	t	48	\N
658	2022-10-19 10:27:44.243+00	2022-10-19 10:27:44.243+00	t	48	\N
659	2022-10-19 10:37:38.124+00	2022-10-19 10:37:38.124+00	t	48	\N
660	2022-10-19 10:42:39.069+00	2022-10-19 10:42:39.069+00	t	48	\N
661	2022-10-19 10:47:40.181+00	2022-10-19 10:47:40.181+00	t	48	\N
662	2022-10-19 10:52:41.058+00	2022-10-19 10:52:41.058+00	t	48	\N
663	2022-10-19 10:57:41.937+00	2022-10-19 10:57:41.937+00	t	48	\N
664	2022-10-19 11:02:42.957+00	2022-10-19 11:02:42.957+00	t	48	\N
665	2022-10-19 11:07:44.033+00	2022-10-19 11:07:44.033+00	t	48	\N
666	2022-10-19 11:12:45.177+00	2022-10-19 11:12:45.177+00	t	48	\N
667	2022-10-19 11:17:46.251+00	2022-10-19 11:17:46.251+00	t	48	\N
668	2022-10-19 11:22:47.139+00	2022-10-19 11:22:47.139+00	t	48	\N
669	2022-10-19 11:27:48.022+00	2022-10-19 11:27:48.022+00	t	48	\N
670	2022-10-19 16:38:10.039+00	2022-10-19 16:38:10.039+00	f	48	\N
628	2022-10-18 09:04:23.684+00	2022-10-18 09:04:24.069+00	t	1	\N
656	2022-10-19 10:17:56.887+00	2022-10-19 10:17:56.887+00	t	41	\N
672	2022-10-21 06:54:25.577+00	2022-10-21 06:54:25.577+00	t	41	\N
677	2022-10-23 17:07:00.016+00	2022-10-23 17:07:30.284+00	t	41	\N
678	2022-10-23 17:51:38.722+00	2022-10-23 17:51:38.722+00	t	41	\N
682	2022-10-24 09:02:22.386+00	2022-10-24 09:02:22.386+00	t	41	\N
679	2022-10-24 07:35:41.674+00	2022-10-24 07:35:56.087+00	t	41	\N
674	2022-10-23 16:46:50.57+00	2022-10-23 16:49:17.696+00	t	41	\N
680	2022-10-24 08:49:04.936+00	2022-10-24 08:49:04.936+00	t	41	\N
675	2022-10-23 16:54:18.719+00	2022-10-23 16:56:57.708+00	t	41	\N
676	2022-10-23 17:01:58.82+00	2022-10-23 17:01:58.82+00	t	41	\N
681	2022-10-24 08:54:06.096+00	2022-10-24 08:54:06.096+00	t	41	\N
688	2022-10-24 11:19:45.765+00	2022-10-24 11:19:46.309+00	t	41	\N
683	2022-10-24 10:43:29.628+00	2022-10-24 10:44:38.87+00	t	41	\N
685	2022-10-24 10:54:41.656+00	2022-10-24 10:54:42.043+00	t	41	\N
687	2022-10-24 11:09:44.337+00	2022-10-24 11:09:44.751+00	t	41	\N
684	2022-10-24 10:49:39.69+00	2022-10-24 10:49:40.075+00	t	41	\N
686	2022-10-24 10:59:42.946+00	2022-10-24 10:59:43.348+00	t	41	\N
689	2022-10-24 11:24:47.204+00	2022-10-24 11:52:13.702+00	t	41	\N
671	2022-10-20 15:03:57.95+00	2022-10-20 15:03:58.721+00	t	1	\N
691	2022-10-24 11:57:14.448+00	2022-10-24 11:57:14.837+00	t	41	\N
692	2022-10-24 12:03:04.116+00	2022-10-24 12:03:04.506+00	t	41	\N
693	2022-10-24 12:08:05.469+00	2022-10-24 12:08:05.863+00	t	41	\N
694	2022-10-24 12:13:06.754+00	2022-10-24 12:13:07.149+00	t	41	\N
695	2022-10-24 12:18:08.567+00	2022-10-24 12:18:08.972+00	t	41	\N
696	2022-10-24 12:44:15.17+00	2022-10-24 12:44:15.555+00	t	41	\N
697	2022-10-24 12:49:16.414+00	2022-10-24 12:49:16.8+00	t	41	\N
698	2022-10-24 12:54:17.639+00	2022-10-24 12:54:18.025+00	t	41	\N
699	2022-10-24 12:59:18.862+00	2022-10-24 13:02:42.182+00	t	41	\N
700	2022-10-24 13:08:50.859+00	2022-10-24 13:08:51.253+00	t	41	\N
701	2022-10-24 13:13:51.996+00	2022-10-24 13:13:52.39+00	t	41	\N
702	2022-10-24 13:18:53.293+00	2022-10-24 13:18:53.698+00	f	41	\N
690	2022-10-24 11:44:13.941+00	2022-10-24 11:47:05.85+00	t	1	\N
704	2022-10-24 13:28:31.559+00	2022-10-24 13:29:24.552+00	t	1	\N
703	2022-10-24 13:21:24.477+00	2022-10-24 13:21:24.831+00	t	1	\N
706	2022-10-25 09:16:15.7+00	2022-10-25 09:16:18.401+00	t	1	\N
705	2022-10-24 15:24:08.033+00	2022-10-24 15:24:08.343+00	t	1	\N
707	2022-10-25 10:03:15.031+00	2022-10-25 10:03:15.388+00	t	1	\N
708	2022-10-25 15:45:50.526+00	2022-10-25 15:45:50.873+00	t	1	\N
709	2022-10-26 09:48:08.558+00	2022-10-26 09:48:08.928+00	t	1	\N
710	2022-10-27 08:30:51.248+00	2022-10-27 08:30:51.616+00	t	1	\N
711	2022-10-27 08:35:52.386+00	2022-10-27 08:35:52.75+00	t	1	\N
712	2022-10-27 08:40:53.591+00	2022-10-27 08:40:53.942+00	f	1	\N
\.


--
-- Data for Name: activity_streak; Type: TABLE DATA; Schema: public; Owner: dev_service_user
--

COPY public.activity_streak (id, start_date, end_date, is_finalized, user_id) FROM stdin;
2	2022-10-04 10:36:53.325+00	2022-10-04 11:05:20.001+00	f	7
9	2022-10-04 18:31:59.91+00	2022-10-04 18:40:59.729+00	f	14
7	2022-10-04 15:51:18.42+00	2022-10-05 08:09:10.354+00	f	12
4	2022-10-04 13:22:27.873+00	2022-10-04 15:16:06.133+00	f	9
5	2022-10-04 15:35:22.161+00	2022-10-04 15:42:04.494+00	f	10
11	2022-10-04 18:46:57.33+00	2022-10-04 19:39:58.215+00	f	16
6	2022-10-04 15:42:13.04+00	2022-10-04 15:51:09.762+00	f	11
12	2022-10-05 08:07:14.142+00	2022-10-05 09:57:54.297+00	f	17
8	2022-10-04 17:05:57.014+00	2022-10-05 14:48:27.497+00	f	13
15	2022-10-06 08:29:49.562+00	2022-10-06 16:10:52.384+00	f	21
10	2022-10-04 18:33:17.973+00	2022-10-05 20:16:04.907+00	t	15
14	2022-10-05 15:50:29.74+00	2022-10-06 05:52:46.977+00	f	20
1	2022-10-04 10:05:21.45+00	2022-10-05 20:13:43.487+00	t	1
13	2022-10-05 14:48:35.369+00	2022-10-05 15:26:18.831+00	t	18
19	2022-10-07 19:12:39.775+00	2022-10-07 19:21:04.773+00	f	2
18	2022-10-07 17:14:32.245+00	2022-10-07 17:52:18.96+00	f	18
16	2022-10-07 08:43:22.646+00	2022-10-07 19:48:45.751+00	f	15
3	2022-10-04 11:34:07.577+00	2022-10-07 19:15:19.846+00	t	8
21	2022-10-10 17:02:25.398+00	2022-10-10 17:02:45.84+00	f	23
22	2022-10-10 18:21:23.797+00	2022-10-10 18:26:25.642+00	f	26
20	2022-10-09 21:20:56.128+00	2022-10-10 06:58:51.091+00	t	8
23	2022-10-11 13:20:59.169+00	2022-10-11 14:10:10.865+00	t	8
26	2022-10-13 11:23:28.23+00	2022-10-13 13:22:56.429+00	f	36
27	2022-10-13 12:00:19.686+00	2022-10-13 13:23:43.484+00	f	37
25	2022-10-13 11:17:56.28+00	2022-10-13 11:18:35.397+00	f	34
24	2022-10-12 14:31:48.609+00	2022-10-13 11:19:13.347+00	f	8
35	2022-10-14 09:44:42.72+00	2022-10-14 11:45:31.761+00	f	47
29	2022-10-13 19:23:34.965+00	2022-10-13 19:30:06.953+00	f	39
44	2022-10-23 16:38:03.885+00	2022-10-24 13:18:53.648+00	f	41
32	2022-10-14 08:09:32.199+00	2022-10-14 09:17:56.192+00	f	43
38	2022-10-16 18:07:36.528+00	2022-10-18 10:13:11.145+00	t	48
28	2022-10-13 16:55:18.583+00	2022-10-14 13:48:52.331+00	f	38
33	2022-10-14 09:29:01.097+00	2022-10-14 09:31:02.937+00	f	45
31	2022-10-13 20:33:56.085+00	2022-10-14 14:59:46.837+00	t	41
30	2022-10-13 20:30:35.923+00	2022-10-14 06:54:50.88+00	f	40
36	2022-10-14 13:17:35.337+00	2022-10-14 14:58:17.76+00	t	48
34	2022-10-14 09:35:58.787+00	2022-10-14 13:21:36.132+00	t	46
39	2022-10-16 18:09:03.809+00	2022-10-16 18:09:03.809+00	f	46
42	2022-10-20 15:03:57.876+00	2022-10-20 15:03:58.671+00	t	1
41	2022-10-19 10:22:43.222+00	2022-10-19 16:38:09.962+00	f	48
40	2022-10-17 06:59:05.52+00	2022-10-18 09:04:23.716+00	t	1
37	2022-10-16 18:04:10.007+00	2022-10-19 10:17:56.814+00	t	41
17	2022-10-07 16:04:17.37+00	2022-10-14 13:31:46.803+00	t	1
43	2022-10-21 06:54:25.505+00	2022-10-21 06:54:25.505+00	t	41
45	2022-10-24 11:44:13.866+00	2022-10-27 08:40:53.894+00	f	1
\.


--
-- Data for Name: answer; Type: TABLE DATA; Schema: public; Owner: dev_service_user
--

COPY public.answer (id) FROM stdin;
1
2
3
4
5
6
7
8
9
10
11
12
13
14
15
16
17
18
19
20
21
22
23
24
25
26
27
28
29
30
31
32
33
34
35
36
37
38
39
40
41
42
43
44
45
46
47
48
49
50
51
52
53
54
55
56
57
58
59
60
61
62
63
64
65
66
67
68
69
70
71
72
73
74
75
76
77
78
79
80
81
82
83
84
85
86
87
88
89
90
91
92
93
94
95
96
97
98
99
100
101
102
103
104
105
106
107
108
109
110
111
112
113
114
115
116
117
118
119
120
121
122
123
124
125
126
127
128
129
130
131
132
133
134
135
136
137
138
139
140
141
142
143
144
145
146
147
148
149
150
151
152
153
154
155
156
157
158
159
160
161
162
163
164
165
166
167
168
169
170
171
172
173
174
175
176
177
178
179
180
181
182
183
184
185
186
187
188
189
190
191
192
193
194
195
196
197
198
199
200
201
202
203
204
205
206
207
208
209
210
211
212
213
214
215
216
217
218
219
220
221
222
223
224
225
226
227
228
229
230
231
232
233
234
235
236
237
238
239
240
241
242
243
244
245
246
247
248
249
250
251
252
253
254
255
256
257
258
259
260
261
262
263
264
265
266
267
268
269
270
271
272
273
274
275
276
277
278
279
280
281
282
283
284
285
286
287
288
289
290
291
292
293
294
295
296
297
298
299
300
301
302
303
304
305
306
307
308
309
310
311
312
313
314
315
316
317
318
319
320
321
322
323
324
325
326
327
328
329
330
331
332
333
334
335
336
337
338
339
340
341
342
343
344
345
346
347
348
349
350
351
352
353
354
355
356
357
358
359
360
361
362
363
364
365
366
367
368
369
370
371
372
373
374
375
376
377
378
379
380
381
382
383
384
385
386
387
388
389
390
391
392
393
394
395
396
397
398
399
400
401
402
403
404
405
406
407
408
409
410
411
412
413
414
415
416
417
418
419
420
421
422
423
424
425
426
427
428
429
430
431
432
433
434
435
436
437
438
439
440
441
442
443
444
445
446
447
448
449
450
451
452
453
454
455
456
457
458
459
460
461
462
463
464
465
466
467
468
469
470
471
472
473
474
475
476
477
478
479
480
481
482
483
484
485
486
487
488
489
490
491
492
493
494
495
496
497
498
499
500
501
502
503
504
505
506
507
508
509
510
511
512
513
514
515
516
517
518
519
520
521
522
523
524
525
526
527
528
529
530
531
532
533
534
535
536
537
538
539
540
541
542
543
544
545
546
547
548
549
550
551
552
553
554
555
556
557
558
559
560
561
562
563
564
565
566
567
568
569
570
571
572
573
574
575
576
577
578
579
580
581
582
583
584
585
586
587
588
589
590
591
592
593
594
595
596
597
598
599
600
601
602
603
604
605
606
607
608
609
610
611
612
613
614
615
616
617
618
619
620
621
622
623
624
625
626
627
628
629
630
631
632
633
634
635
636
637
638
639
640
641
642
643
644
645
646
647
648
649
650
651
652
653
654
655
656
657
658
659
660
661
662
663
664
665
666
667
668
669
670
671
672
673
674
675
676
677
678
679
680
681
682
683
684
685
686
687
688
689
690
691
692
693
694
695
696
697
698
699
700
701
702
703
704
705
706
707
708
709
710
711
712
713
714
715
716
717
718
719
720
721
722
723
724
725
726
727
728
729
730
731
732
733
734
735
736
737
738
739
740
741
742
743
744
745
746
747
748
749
750
751
752
753
754
755
756
757
758
759
760
761
762
763
764
765
766
767
768
769
770
771
772
773
774
775
776
777
778
779
780
781
782
783
784
785
786
787
788
789
790
791
792
793
794
795
796
797
798
799
800
801
802
803
804
805
806
807
808
809
810
811
812
813
814
815
816
817
818
819
820
821
822
823
824
825
826
827
828
829
830
831
832
833
834
835
836
837
838
839
840
841
842
843
844
845
846
847
848
849
850
851
852
853
854
855
856
857
858
859
860
861
862
863
864
865
866
867
868
869
870
871
872
873
874
875
876
877
878
879
880
881
882
883
884
885
886
887
888
889
890
891
892
893
894
895
896
897
898
899
900
901
902
903
904
905
906
907
908
909
910
911
912
913
914
915
916
917
918
919
920
921
922
923
924
925
926
927
928
929
930
931
932
933
934
935
936
937
938
939
940
941
942
943
944
945
946
947
948
949
950
951
952
953
954
955
956
957
958
959
960
961
962
963
964
965
966
967
968
969
970
971
972
973
974
975
976
977
978
979
980
981
982
983
984
985
986
987
988
989
990
991
992
993
994
995
996
997
998
999
1000
1001
1002
1003
1004
1005
1006
1007
1008
1009
1010
1011
1012
1013
1014
1015
1016
1017
1018
1019
1020
1021
1022
1023
1024
1025
1026
1027
1028
1029
1030
1031
1032
1033
1034
1035
1036
1037
1038
1039
1040
1041
1042
1043
1044
1045
1046
1047
1048
1049
1050
1051
1052
1053
1054
1055
1056
1057
1058
1059
1060
1061
1062
1063
1064
1065
1066
1067
1068
1069
1070
1071
1072
1073
1074
1075
1076
1077
1078
1079
1080
1081
1082
1083
1084
1085
1086
1087
1088
1089
1090
1091
1092
1093
1094
1095
1096
1097
1098
1099
1100
1101
1102
1103
1104
1105
1106
1107
1108
1109
1110
1111
1112
1113
1114
1115
1116
1117
1118
1119
1120
1121
1122
1123
1124
1125
1126
1127
1128
1129
1130
1131
1132
1133
1134
1135
1136
1137
1138
1139
1140
1141
1142
1143
1144
1145
1146
1147
1148
1149
1150
1151
1152
1153
1154
1155
1156
1157
1158
1159
1160
1161
1162
1163
1164
1165
1166
1167
1168
1169
1170
1171
1172
1173
1174
1175
1176
1177
1178
1179
1180
1181
1182
1183
1184
1185
1186
1187
1188
1189
1190
1191
1192
1193
1194
1195
1196
1197
1198
1199
1200
1201
1202
1203
1204
1205
1206
1207
1208
1209
1210
1211
1212
1213
1214
1215
1216
1217
1218
1219
1220
1221
1222
1223
1224
1225
1226
1227
1228
1229
1230
1231
1232
1233
1234
1235
1236
1237
1238
1239
1240
1241
1242
1243
1244
1245
1246
1247
1248
1249
1250
1251
1252
1253
1254
1255
1256
1257
1258
1259
1260
1261
1262
1263
1264
1265
1266
1267
1268
1269
1270
1271
1272
1273
1274
1275
1276
1277
1278
1279
1280
1281
1282
1283
1284
1285
1286
1287
1288
1289
1290
1291
1292
1293
1294
1295
1296
1297
1298
1299
1300
1301
1302
1303
1304
1305
1306
1307
1308
1309
1310
1311
1312
1313
1314
1315
1316
1317
1318
1319
1320
1321
1322
1323
1324
1325
1326
1327
1328
1329
1330
1331
1332
1333
1334
1335
1336
1337
1338
1339
1340
1341
1342
1343
1344
1345
1346
1347
1348
1349
1350
1351
1352
1353
1354
1355
1356
1357
1358
1359
1360
1361
1362
1363
1364
1365
1366
1367
1368
1369
1370
1371
1372
1373
1374
1375
1376
1377
1378
1379
1380
1381
1382
1383
1384
1385
1386
1387
1388
1389
1390
1391
1392
1393
1394
1395
1396
1397
1398
1399
1400
1401
1402
1403
1404
1405
1406
1407
1408
1409
1410
1411
1412
1413
1414
1415
1416
1417
1418
1419
1420
1421
1422
1423
1424
1425
1426
1427
1428
1429
1430
1431
1432
1433
1434
1435
1436
1437
1438
1439
1440
1441
1442
1443
1444
1445
1446
1447
1448
1449
1450
1451
1452
1453
1454
1455
1456
1457
1458
1459
1460
1461
1462
1463
1464
1465
1466
1467
1468
1469
1470
1471
1472
1473
1474
1475
1476
1477
1478
1479
1480
1481
1482
1483
1484
1485
1486
1487
1488
1489
1490
1491
1492
1493
1494
1495
1496
1497
1498
1499
1500
1501
1502
1503
1504
1505
1506
1507
1508
1509
1510
1511
1512
1513
1514
1515
1516
1517
1518
1519
1520
1521
1522
1523
1524
1525
1526
1527
1528
1529
1530
1531
1532
1533
1534
1535
1536
1537
1538
1539
1540
1541
1542
1543
1544
1545
1546
1547
1548
1549
1550
1551
1552
1553
1554
1555
1556
1557
1558
1559
1560
1561
1562
1563
1564
1565
1566
1567
1568
1569
1570
1571
1572
1573
1574
1575
1576
1577
1578
1579
1580
1581
1582
1583
1584
1585
1586
1587
1588
1589
1590
1591
1592
1593
1594
1595
1596
1597
1598
1599
1600
1601
1602
1603
1604
1605
1606
1607
1608
1609
1610
1611
1612
1613
1614
1615
1616
1617
1618
1619
1620
1621
1622
1623
1624
1625
1626
1627
1628
1629
1630
1631
1632
1633
1634
1635
1636
1637
1638
1639
1640
1641
1642
1643
1644
1645
1646
1647
1648
1649
1650
1651
1652
1653
1654
1655
1656
1657
1658
1659
1660
1661
1662
1663
1664
1665
1666
1667
1668
1669
1670
1671
1672
1673
1674
1675
1676
1677
1678
1679
1680
1681
1682
1683
1684
1685
1686
1687
1688
1689
1690
1691
1692
1693
1694
1695
1696
1697
1698
1699
1700
1701
1702
1703
1704
1705
1706
1707
1708
1709
1710
1711
1712
1713
1714
1715
1716
1717
1718
1719
1720
1721
1722
1723
1724
1725
1726
1727
1728
1729
1730
1731
1732
1733
1734
1735
1736
1737
1738
1739
1740
1741
1742
1743
1744
1745
1746
1747
1748
1749
1750
1751
1752
1753
1754
1755
1756
1757
1758
1759
1760
1761
1762
1763
1764
1765
1766
1767
1768
1769
1770
1771
1772
1773
1774
1775
1776
1777
1778
1779
1780
1781
1782
1783
1784
1785
1786
1787
1788
1789
1790
1791
1792
1793
1794
1795
1796
1797
1798
1799
1800
1801
1802
1803
1804
1805
1806
1807
1808
1809
1810
1811
1812
1813
1814
1815
1816
1817
1818
1819
1820
1821
1822
1823
1824
1825
1826
1827
1828
1829
1830
1831
1832
1833
1834
1835
1836
1837
1838
1839
1840
1841
1842
1843
1844
1845
1846
1847
1848
1849
1850
1851
1852
1853
1854
1855
1856
1857
1858
1859
1860
1861
1862
1863
1864
1865
1866
1867
1868
1869
1870
1871
1872
1873
1874
1875
1876
1877
1878
1879
1880
1881
1882
1883
1884
1885
1886
1887
1888
1889
1890
1891
1892
1893
1894
1895
1896
1897
1898
1899
1900
1901
1902
1903
1904
1905
1906
1907
1908
1909
1910
1911
1912
1913
1914
1915
1916
1917
1918
1919
1920
1921
1922
1923
1924
1925
1926
1927
1928
1929
1930
1931
1932
1933
1934
1935
1936
1937
1938
1939
1940
1941
1942
1943
1944
1945
1946
1947
1948
1949
1950
1951
1952
1953
1954
1955
1956
1957
1958
1959
1960
1961
1962
1963
1964
1965
1966
1967
1968
1969
1970
1971
1972
1973
1974
1975
1976
1977
1978
1979
1980
1981
1982
1983
1984
1985
1986
1987
1988
1989
1990
1991
1992
1993
1994
1995
1996
1997
1998
1999
2000
2001
2002
2003
2004
2005
2006
2007
2008
2009
2010
2011
2012
2013
2014
2015
2016
2017
2018
2019
2020
2021
2022
2023
2024
2025
2026
2027
2028
2029
2030
2031
2032
2033
2034
2035
2036
2037
2038
2039
2040
2041
2042
2043
2044
2045
2046
2047
2048
2049
2050
2051
2052
2053
2054
2055
2056
2057
2058
2059
2060
2061
2062
2063
2064
2065
2066
2067
2068
2069
2070
2071
2072
2073
2074
2075
2076
2077
2078
2079
2080
2081
2082
2083
2084
2085
2086
2087
2088
2089
2090
2091
2092
2093
2094
2095
2096
2097
2098
2099
2100
2101
2102
2103
2104
2105
2106
2107
2108
2109
2110
2111
2112
2113
2114
2115
2116
2117
2118
2119
2120
2121
2122
2123
\.


--
-- Data for Name: answer_data; Type: TABLE DATA; Schema: public; Owner: dev_service_user
--

COPY public.answer_data (id, text, is_correct) FROM stdin;
1	rlnk, ha lenne ehhez egy kollgm	t
2	Inkbb egyedl vgnk neki a feladatnak	f
3	Segt, ha megvitathatom azt msokkal	t
4	Jobban szeretem egyedl megoldani azt	f
5	Csoportos aktivitsok, illetve kzs megvitatsok nagyobb szmban vannak beiktatva	t
6	Egynileg megoldand feladatok kerlnek meghatrozsra	f
7	Maghoz az eladhoz szlnak a gondolataim	t
8	Inkbb maghoz a tmhoz szlok, az elad msodlagos	f
9	Szoros egyttmkds a tbbiekkel	t
10	Szvesebben oldok meg egyedl rszfeladatokat	f
11	A bartaimmal szeretek	t
12	Egymagam intzem	f
13	Tbben vagyunk, s nagy a srgs-forgs	t
14	Ha kevesebben vagyunk, vagy akr egyedl dolgozhatok	f
15	Szeretem lerajzolni, vizualizlni a problmt	t
16	Egy plda problmn keresztl tudom jl megrteni	f
17	Egy kpet krelok rla a fejemben	t
18	Lerajzolom azt, amire emlkeznem kell	f
19	Knny feladat, nem jelent szmomra gondot	t
20	Kihvst jelent	f
21	Fizikai eszkzkkel, modellekkel dolgozhatunk	t
22	Csoportosan megvitatjuk az adott tmt	f
23	brkat, mkds kzbeni rajzot ksztenk	t
24	Rvid jegyzetet rnk a mkdsrl	f
25	Rajzolhatok, a kezeimmel dolgozhatok valamin	t
26	Beszlhetek, rhatok, vagy inkbb hallgathatok valakit	f
27	Mutassa meg az plet alaprajzn/rajzolja le a helyes irnyt	t
28	Mondja el/rja le, hogy mikor merre kell fordulnom	f
29	Tnyeket s rszleteket megtanulni, megismerni	t
30	Sajt terikat krelni, tletelni	f
31	Specifikus instrukcikat kvethetek	t
32	Analizlni kell s dntseket hoznom 	f
33	Megoldani egy matematikai problmt egy kplet segtsgvel	t
34	Felfedezni a kplet mgtti logikt	f
35	Szvesebben rnk egy gyakorlati problmrl, annak folyamatrl	t
36	Szvesebben rnk inkbb elmletekrl, terikrl	f
37	Pontos, rszletes instrukcikat kvethetek	t
38	Elemzsre van szksg, s kvetkeztetseket kell levonnom	f
39	Jobban lveznm a hz megptst.	t
40	Jobban lveznm a hz megtervezst. 	f
41	Kiprblnk tbb tpust is, dolgoznk velk	t
42	Utna nznk az alapvet mkdsknek, milyen elven operlnak	f
43	Szban kapom meg	t
44	rsban kapom meg	f
45	Mennk el  egy hres pszicholgus eladsra	t
46	Olvasnm el  a knyvet, amelyrl az elads szl	f
47	A neveket	t
48	Az arcokat	f
49	Az elad magyarz s megvlaszolja a krdseket	t
50	Videk, filmek segtsgvel mutatja be az adott tmt	f
51	Ha hallom (valaki elmondja nekem)	t
52	Ha kpeken ltom	f
53	Meghallgatom a hreket a rdiban, akr vezets kzben	t
54	Hrportlokrl tjkozdom inkbb	f
55	Megkrem egy kollgmat, hogy magyarzza el	t
56	Megkrem egy kollgmat, hogy mutassa be a gpen, hogyan hasznlja	f
57	A tapasztalataim s a megrzseim	t
58	A tnyek s az objektv adatok	f
59	Azzal dolgozom, ami ppen rendelkezsre ll a kzelemben	t
60	Szksgem van minden eszkzre, elre sszeksztve	f
61	Szvesen teszem azt zenn, rson keresztl, mvszet segtsgvel	t
62	Tmren, egyrtelmen kommuniklk rluk	f
63	Engedik, hogy hallgatkat a sajt rdekldsk vezesse	t
64	Konkrt, kzzelfoghat elvrsokat tmasztanak	f
65	Meg szoktam krdjelezni azt, amirl hallok vagy olvasok	t
66	El szoktam fogadni azt, amirl hallok vagy olvasok	f
67	Essz jelleg vizsga	t
68	Teszt jelleg felmrs	f
69	A sajt megkzeltsemet alkalmazva megoldani	t
70	Pontos utastsok alapjn teljesteni	f
71	Odagrgetek	f
72	A szerkesztlcbe berom, hogy X789654, majd entert nyomok	f
73	A nv mezbe (bal oldal) berom, hogy X789654, majd entert nyomok.	t
74	Az A1 cellba berom, hogy X789654, majd entert nyomok	f
75	Berom, hogy hatvny	f
76	Berom, hogy *	f
77	Berom, hogy ^	t
78	Berom, hogy ^ - ezt az AltGr+3 billentykombinci adja ki, s a tbbi mvelettel ellentteben nem ltszik azonnal, csak a kvetkez bevitt karakterrel egytt)	f
79	b4*_b5	f
80	b4 * _b5	f
81	=_b4_x_b5	f
82	=_b4*_b5	t
83	A msolt kpletben az A1 cella $A$1 formtumban lesz feltntetve. Segtsg ebben az F4 billenty.	t
84	A msolt kpletben az A1 cella $A1 formtumban lesz feltntetve. Segtsg ebben az F4 billenty	f
85	A msolt kpletben az A1 cella A$1 formtumban lesz feltntetve. Segtsg ebben az F4 billenty	f
86	A msolt kpletben az A1 cella &A&1 formtumban lesz feltntetve. Segtsg ebben az F4 billenty.	f
87	Odagrgetek	f
88	A szerkesztlcbe berom, hogy X789654, majd entert nyomok.	f
89	A nv mezbe (bal oldal) berom, hogy X789654, majd entert nyomok.	t
90	Az A1 cellba berom, hogy X789654, majd entert nyomok.	f
91	A msolt kpletben az A1 cella $A$1 formtumban lesz feltntetve. Segtsg ebben az F4 billenty.	t
92	A szerkesztlcen a szmtsban a pi()-t hasznlom.	f
93	A Pi-t hasznlom.	f
94	3,141592653589	f
95	b4 * _b5	f
96	=_b4_x_b5	f
97	=_b4*_b5	t
98	b4*_b5	f
99	Berom, hogy hatvny	f
100	Berom, hogy *	f
101	Berom, hogy ^	f
102	Berom, hogy ^ - ezt az AltGr+3 billentykombinci adja ki, s a tbbi mvelettel ellentteben nem ltszik azonnal,csak a kvetkez bevitt karakterrel egytt)	t
103	A msolt kpletben az A1 cella $A$1 formtumban lesz feltntetve. Segtsg ebben az F4 billenty.	t
104	A msolt kpletben az A1 cella $A1 formtumban lesz feltntetve. Segtsg ebben az F4 billenty.	f
105	A msolt kpletben az A1 cella A$1 formtumban lesz feltntetve. Segtsg ebben az F4 billenty.	f
106	A msolt kpletben az A1 cella &A&1 formtumban lesz feltntetve. Segtsg ebben az F4 billenty.	f
107	Jobb egrgombbal egyszer kattintok az Asztalon az Excel ikonra, majd a megjelen menben a megnyits-ra kattintok egyszer a bal egrgombbal.	t
108	Bal egrgombbal dupln kattintok az Asztalon az Excel ikonra.	f
109	A kerescskon berom, hogy Excel, majd megjelen zld ikonra kattintok.	f
110	A Start menben kikeresem az Excel-t s bal egrgombbal kattintok.	f
111	Pipa	f
112	Ragasztszalag	f
113	Rajzszg	t
114	Kalapcs	f
115	Az Excel kikapcsol	f
116	A zld cmsoron a Befektets kalkultor nv jelenik meg	t
117	Az Excel kinyomtatja a munkafzetet	f
118	A Munkafzet 3-at villan	f
119	Ctrl+S	f
120	Alt+Tab	t
121	Ctrl+P	f
122	Ctrl+A	f
123	A kijellshez a Shift+Del, majd beillesztshez Ctrl+V.	t
124	A kijellshez a Ctrl+Shift+Del, majd beillesztshez Ctrl+V.	f
125	A kijellshez a Shift+AltGr, majd beillesztshez Ctrl+V.	f
126	A kijellshez a Ctrl+C, majd beillesztshez Ctrl+V	f
127	CTRL-Z	f
128	Ha az egrrel rmutatok az adott bettpusra	f
129	Ha begpelem a bettpust	f
130	Ha a kijellt rsznl a legrdl men adott pontjra (az j bettpusra) kattintok	t
131	Kezdlap >> Szm >> Ezres tagols (3 nulla a jele a menn.)	t
132	A szmok kz szkzt tk	f
133	A szmok kz Entert tk	f
134	A szmok kz Tab-ot tk	f
135	.mp4	f
136	.mkv	t
137	.avi	f
138	.mov	f
139	Kpkocka/msodperc (frame/second)	t
140	Bels nzet lvldzs jtk ( first-person shooter)	f
141	Igaz	t
142	Hamis	f
143	Nincs kztk klnbsg	f
144	A kijelz felvtele opcival nagyobb felbontsban vehetjk fel a videkat	f
145	Az ablak felvtele sorn csak egy adott ablak tartalmt rgztjk, s elkattinthatunk, mg kijelz felvtelnl minden rgztsre kerl, amin a monitorunkon ltszdik.	t
146	Mert gy kisebb fjlmretet kapunk.	f
147	Mert gy nem torzul a felvett hang.	t
148	Mert a srga znban tl halk lenne a felvtel.	f
149	.avi	f
150	.m4v	f
151	.mkv	t
152	.mp4	f
153	Kpkocka/msodperc (frame/second)	t
154	Bels nzet lvldzs jtk ( first-person shooter)	f
155	Igaz	f
156	Hamis	t
157	Nincs kztk klnbsg	f
158	A kijelz felvtele opcival nagyobb felbontsban vehetjk fel a videkat	f
159	Az ablak felvtele sorn csak egy adott ablak tartalmt rgztjk, s elkattinthatunk, mg kijelz felvtelnl minden rgztsre kerl, amin a monitorunkon ltszdik.	t
160	Megklnbztethetetlen minsg, nagy fjlmret	f
161	J minsg, kzepes fjlmret	t
162	Vesztesgmentes minsg, hatalmas fjlmret	f
163	CTRL-Y	f
164	Ha a kijellt rsznl a legrdl men adott pontjra (az j stlusra) kattintok	t
165	Ha begpelem a stlus nevt	f
166	Ha az egrrel rmutatok az adott stlusra	f
167	Pipa	f
168	Ragasztszalag	f
169	Ecset	t
170	Kalapcs	f
171	Igen	t
172	Nem	f
173	Egyszerre maximum 3 felttel	f
174	Egyszerre maximum 5 felttel	f
175	[Zld]; [Kk]##;[Piros]-##;	f
176	[Kk]##;[Piros]-##;[Zld]	t
177	[Kk]##;[Piros]##;[Zld]	f
178	[Piros]-##;[Kk]##;[Zld]	f
179	Kijellm a sorokat, f8; a helyi menben: sormagassg, majd megadom az ltalam kvnt rtket	f
180	Kijellm a sorokat, jobb klikk a kijellt sorok egyiknek szmra; a helyi menben: sormagassg, majd megadom az ltalam kvnt rtket	t
181	Kijellm a sorokat, bal klikk a kijellt sorok egyiknek szmra; a helyi menben: sormagassg, majd megadom az ltalam kvnt rtket	f
182	Kijellm a sorokat, jobb klikk a kijellt sorok egyiknek szmra; a helyi menben megadom az ltalam kvnt rtket	f
183	Jobb klikk az oszlop betjelre s a helyi menben az elrejts-re klikkelek	t
184	Jobb klikk az oszlop betjelre s hide billenty a billentyzeten	f
185	Bal klikk az oszlop betjelre s a helyi menben az elrejts-re klikkelek	f
186	Bal klikk az oszlop betjelre s hide billenty a billentyzeten	f
187	A szmok kz ENTER-t tk	f
188	A szmok kz szkzt tk	f
189	Kezdlap >> Szm >> Ezres tagols (3 nulla a jele a menn.)	t
190	A szmok kz Tab-ot tk	f
191	Igen, de csak fl, harmad s negyed trtekkel	f
192	Nem	f
193	Igen	t
194	Igen. A szmformtumnl kell belltani a trteket	f
195	120;0E+001	f
196	1,20E+01	t
197	1,20E+0012	f
198	1E+12	f
199	[Zld]0;[Kk]##;[Piros]-##;[Srga]	f
200	##[Kk];-##[Piros];[Zld]0;[Srga]	f
201	[Srga];[Kk]##;[Piros]-##;[Zld]0	f
202	[Kk]##;[Piros]-##;[Zld]0;[Srga]	t
203	Az adattartomnyra kattintok, majd a Kezdlap menn a Stlusoknl a Formzs tblzatknt ikonnl kivlasztom a nekem megfelel stlust	t
204	Az adattartomnyra kattintok, majd a Adatok menn a Stlusoknl a Formzs tblzatknt ikonnl kivlasztom a nekem megfelel stlust	f
205	Az adattartomnyra kattintok, majd a Nzet menn a Stlusoknl a Formzs tblzatknt ikonnl kivlasztom a nekem megfelel stlust	f
206	Az adattartomnyra kattintok, majd a Kpletek menn a Stlusoknl a Formzs tblzatknt ikonnl kivlasztom a nekem megfelel stlust	f
207	Nzet >> Stlusok >> Egyebek >> j cellastlus	f
208	Kezdlap >> Stlusok >> j cellastlus	t
209	Kezdlap >> Nzetek >> Egyebek >> j cellastlus	f
210	Kezdlap >> Stlusok >> Egyebek >> j cellastlus	f
211	=_t_l_a_g(_b2:_b20)	t
212	_t_l_a_g(_b2:_b20)	f
213	=_t_l_a_g(_b2;_b20)	f
214	=_t_l_a_g(_b2 _b20)	f
215	=_m_d_u_s_z._e_g_y(_b2;_b20)	f
216	=_m_d_u_s_z(_b2,_b20)	f
217	=_m_d_u_s_z._e_g_y(_b2:_b20)	t
218	=_m_d_u_s_z._e_g_y(_b2 _b20)	f
219	d_a_r_a_b_t_e_l_i(_b2:_b20;2)	f
220	=_d_a_r_a_b_t_e_l_i(_b2:_b20;5)	f
221	=_d_a_r_a_b_t_e_l_i(2;_b2:_b20)	f
222	=_d_a_r_a_b_t_e_l_i(_b2:_b20;2)	t
223	f7	f
224	f8	f
225	f9	t
226	f10	f
227	Lent	t
228	Felugr prbeszdablakban	f
229	Legrdl listn	f
230	A zld cskon a gyorselrsi eszkztrban	f
231	Szlesebb sorral	f
232	Szlesebb oszloppal	t
233	Ellenrzm a kpletet	f
234	Megkeresem a hinyz hivatkozst	f
235	Jobb als sarok	f
236	Jobb fels sarok	f
237	Bal als sarok	f
238	Bal fels sarok	t
239	Kijellm a B oszlopot, majd jobb klikk az oszlop betjeln, s a helyi menben a Felfeds opcira kattintok	f
240	Kijellm az A:C oszlopokat, majd jobb klikk az oszlopok betjeln, s a helyi menben a Felfeds opcira kattintok	t
241	Kijellm az A:D oszlopokat, majd jobb klikk az oszlopok betjeln, s a helyi menben a Felfeds opcira kattintok	f
242	Kijellm az A:E oszlopokat, majd jobb klikk az oszlopok betjeln, s a helyi menben a Felfeds opcira kattintok	f
243	Kezdlap	f
244	Nzet	f
245	Adatok	f
246	Kpletek	t
247	Igen	t
248	Igen: Kezdlap >> Rendezs s szrs >> Egyni sorrend >> Rendezs alapja >> Betszn	f
249	Igen: Kezdlap >> Egyni sorrend >> Rendezs alapja >> Betszn	f
250	Igen: Adatok >> Rendezs s szrs >> Egyni sorrend >> Rendezs alapja >> Betszn	f
251	Ez is igaz teszt	t
252	E	f
253	X	t
254	C	f
255	L	f
256	A	t
257	B	f
258	C	f
259	D	f
260	Pipa	f
261	Ragasztszalag	f
262	Rajzszg	t
263	Kalapcs	f
264	Floppilemez	f
265	Pont	f
266	Balra visszafordul nyl	t
267	Jobbra visszafordul nyl	f
268	Az Excel kikapcsol	f
269	A zld cmsoron a Befektets kalkultor nv jelenik meg	t
270	Az Excel kinyomtatja a munkafzetet 	f
271	A munkafzet 3-at villan	f
272	Kijellm a nyomtatni kvnt rszt >> Nyomtats 	f
273	Nyomtats >> Belltsok >> Kijellt terlet >> s vgl katt a nyomtat ikonon.	f
274	Kijellm a nyomtatni kvnt rszt >> Nyomtats >> Oldalak >> Kijellt terlet >> s vgl katt a nyomtat ikonon.	f
275	Kijellm a nyomtatni kvnt rszt >> Nyomtats >> Belltsok >> Kijellt terlet >> s vgl katt a nyomtat ikonon.	t
276	Odagrgetek	f
277	A szerkesztlcbe berom, hogy X789654, majd Entert nyomok	f
278	A nv mezbe (bal oldal) berom, hogy X789654, majd Entert nyomok	t
279	Az A1 cellba berom, hogy X789654, majd Entert nyomok	f
280	trmen	f
281	Szerkesztlc	t
282	Edit men	f
283	Szerkesztcsk	f
284	 Egrgombbal kattintok az aktivlni kvnt munkalap flre fent	f
285	Jobb egrgombbal kattintok a lecserlni kvnt munkalapon	f
286	Bal egrgombbal kattintok az aktivlni kvnt munkalap flre fent	f
287	Bal egrgombbal kattintok az aktivlni kvnt munkalap flre lent	t
288	Bal fels	t
289	Bal als	f
290	Jobb als	f
291	Jobb fels	f
292	Berom, hogy "hatvny"	f
293	Berom, hogy "*"	f
294	Berom, hogy "^"	t
295	A szerkesztlcen a szmtsban a "Pi()"-t hasznlom	t
296	A Pi-t hasznlom	f
297	3,141592654	f
298	"B4*B5"	f
299	"B4 * B5"	f
300	"=B4XB5"	f
301	"=B4*B5"	t
302	Pipa	f
303	Ragasztszalag	f
304	Ecset	t
305	Kalapcs	f
306	Igen	t
307	Nem	f
308	Egyszerre maximum 3 felttel	f
309	Egyszerre maximum 5 felttel	f
310	[Zld]; [Kk]##;[Piros]-##;	f
311	[Kk]##;[Piros]-##;[Zld]	t
312	[Kk]##;[Piros]##;[Zld]	f
313	[Piros]-##;[Kk]##;[Zld]	f
314	A szmok kz Entert tk	f
315	A szmok kz szkzt tk	f
316	Kezdlap >> Szm >> Ezres tagols (3 nulla a jele a menszalagon)	t
317	A szmok kz Tab-ot tk	f
318	Igen, de csak fl, harmad s negyed trtekkel	f
319	Nem	f
320	Igen, a szmformtumnl kell belltani a trteket	t
321	[Zld]0;[Kk]##;[Piros]-##;[Srga]	f
322	##[Kk];-##[Piros];[Zld]0;[Srga]	f
323	[Srga];[Kk]##;[Piros]-##;[Zld]0	f
324	[Kk]##;[Piros]-##;[Zld]0;[Srga]	t
325	Nzet men	f
326	Kezdlap >> Bettpus (prbeszdablak) >> Szegly	t
327	Kezdlap >> Szegly	f
328	Szeglyek	f
329	Kezdlap >> Feltteles formzs >> Cellakiemelsi szablyok >> Kt rtk kztt >> A prbeszdablakban belltom, hogy: 3 s 3	f
330	Formtum >> Feltteles formzs >> Cellakiemelsi szablyok >> Kt rtk kztt >> A prbeszdablakban belltom, hogy: 2 s 4	f
331	 Feltteles formzs >> Kezdlap >> Cellakiemelsi szablyok >> Kt rtk kztt >> A prbeszdablakban belltom, hogy: 2 s 4	f
332	Kezdlap >> Feltteles formzs >> Cellakiemelsi szablyok >> Kt rtk kztt >> A prbeszdablakban belltom, hogy: 2 s 4	t
333	Kezdlap >>Cellastlusok >> Adatsvok >> Tovbbi szablyok	f
334	Kezdlap >> Formzs tblzatknt	f
335	Kezdlap >> Formzs tblzatknt >> Adatsvok >> Tovbbi szablyok	f
336	Kezdlap >> Feltteles formzs >> Adatsvok >> Tovbbi szablyok	t
337	Kezdlap >> Feltteles formzs >> rtkgrbe	f
338	Kezdlap >> Feltteles formzs >> Adatok >> rtkgrbe	f
339	Kezdlap >> Feltteles formzs >> rtkgrbe beillesztse	f
340	Beszrs >> rtkgrbe	t
341	Kijellm a sorokat, "f8"; a helyi menben: sormagassg, majd megadom az ltalam kvnt rtket	f
342	Kijellm a sorokat, jobb klikk a kijellt sorok egyiknek szmra; a helyi menben: sormagassg, majd megadom az ltalam kvnt rtket	t
343	Kijellm a sorokat, bal klikk a kijellt sorok egyiknek szmra; a helyi menben: sormagassg, majd megadom az ltalam kvnt rtket	f
344	Kijellm a sorokat, jobb klikk a kijellt sorok egyiknek szmra; a helyi menben megadom az ltalam kvnt rtket	f
345	Jobb klikk az oszlop betjelre s a helyi menben az "elrejts"-re kattintok	t
346	Jobb klikk az oszlop betjelre s "Hide" billenty a billentyzeten	f
347	Bal klikk az oszlop betjelre s a helyi menben az "elrejts"-re kattintok	f
348	Bal klikk az oszlop betjelre s "Hide" billenty a billentyzeten	f
349	Az adattartomnyra kattintok, majd a Kezdlap menn a Stlusoknl a Formzs tblzatknt ikonnl kivlasztom a nekem megfelel stlust	t
350	Az adattartomnyra kattintok, majd a Adatok menn a Stlusoknl a Formzs tblzatknt ikonnl kivlasztom a nekem megfelel stlust	f
351	Az adattartomnyra kattintok, majd a Nzet menn a Stlusoknl a Formzs tblzatknt ikonnl kivlasztom a nekem megfelel stlust	f
352	Az adattartomnyra kattintok, majd a Kpletek menn a Stlusoknl a Formzs tblzatknt ikonnl kivlasztom a nekem megfelel stlust	f
353	Vglap	f
354	Bettpus	t
355	Igazts	f
356	Szm	f
357	"=TLAG(B2:B20)"	t
358	"TLAG(B2:B20)"	f
359	"=TLAG(B2;B20)"	f
360	"=TLAG(B2 B20)"	f
361	"=MDUSZ.EGY(B2;B20)"	f
362	"=MDUSZ(B2,B20)"	f
363	"=MDUSZ.EGY(B2:B20)"	t
364	"=MDUSZ.EGY(B2 B20)"	f
365	"DARABTELI(B2:B20;2)"	f
366	"=DARABTELI(B2:B20;5)"	f
367	"=DARABTELI(2;B2:B20)"	f
368	"=DARABTELI(B2:B20;2)"	t
369	f7	f
370	f8	f
371	f9	t
372	f10	f
373	Tbb darabot szmol egy tartomnyban	f
374	Kritriumokat sszegez tbb tartomnyban (pl. A" tartomnyban "XY" kritrium, "B" tartomnyban "ABC" kritrium... stb.) s sszeszmolja, hogy hny alkalommal teljesl egyszerre az sszes kritrium	t
375	Kritriumokat sszegez tbb tartomnyban (pl. A" tartomnyban "XY" kritrium, "B" tartomnyban "ABC" kritrium... stb.) s sszeszmolja, hogy hny alkalommal teljesl egyszerre az tbb kritrium	f
376	Nem tudunk ezzel szmolni	f
377	Nem, nem tudja kezelni az Excel a trt szmokat	f
378	J, ROSSZ	f
379	OK, NEM OK	f
380	IGAZ, HAMIS	t
381	Nincs kimeneti zenete	f
382	Kritriumokat sszegez tbb tartomnyban (pl. A" tartomnyban "XY" kritrium, "B" tartomnyban "ABC" kritrium... stb.) s sszeszmolja, hogy hny alkalommal teljesl egyszerre az 3 kritrium	f
383	Nem tudom felfedni az oszlopot, ha mr elrejtettem	f
384	"=KEREKTS(A1;3)"	t
385	"=KEREKTS(A1;0;3)"	f
386	"=KEREKTS(A1;111)"	f
387	"=KEREKTS(A1;000)"	f
388	"=AZONOS(B22345-Z123498)"	f
389	"=AZONOS(B2234.Z123498)"	f
390	"=AZONOS(B22345,Z123498)"	f
391	"=AZONOS(B22345;Z123498)"	t
392	"=VAGY(B2=Ford&C2="piros)"	f
393	"=VAGY(B2=Ford:C2="piros)"	f
394	"=VAGY(B2<=Ford;C2>="piros)"	f
395	"=VAGY(B2=Ford;C2="piros)"	t
396	Lent	t
397	Felugr prbeszdablakban	f
398	Legrdl listn	f
399	A zld cskon a gyorselrsi eszkztrban	f
400	Szlesebb sorral	f
401	Szlesebb oszloppal	t
402	Ellenrzm a kpletet	f
403	Megkeresem a hinyz hivatkozst	f
404	Bal als sarok	f
405	Jobb als sarok	f
406	Jobb fels sarok	f
407	Bal fels sarok	t
408	Kijellm a B oszlopot, majd jobb klikk az oszlop betjeln, s a helyi menben a Felfeds opcira kattintok	f
409	Kezdlap	f
410	Nzet	f
411	Adatok	f
412	Kpletek	t
413	Igen: Kezdlap >> Rendezs s szrs >> Egyni sorrend >> Rendezs alapja >> Betszn	t
414	Igen: Kezdlap >> Egyni sorrend >> Rendezs alapja >> Betszn	f
415	Igen: Adatok >> Rendezs s szrs >> Egyni sorrend >> Rendezs alapja >> Betszn	f
416	az angol szavakat	f
417	a magyar szavakat	f
418	a csupa nagybets szavakat	t
419	a csupa dlt bets szavakat	f
420	CTRL+Q	f
421	CTRL+	f
422	CTRL+H	f
423	CTRL+K	t
424	Nincs	f
425	Az esetvizsgl prbeszdablakn a "Jelents"-re kattintok s j munkalapon ltom az eredmnyeket	t
426	Az NZET menn a "Jelents"-re kattintok s j munkalapon ltom az eredmnyeket	f
427	Az esetvizsgl prbeszdablakn a "sszes"-re kattintok s j munkalapon ltom az eredmnyeket	f
428	Az a cella, amit az Excel talakt a szmtssal	f
429	Az a cella, ahov a kamatot rom be	f
430	Az a cella, ahov a clrtket rom be	t
431	Az a cella, ahov az Excel a clrtket szri le	f
432	Kezdlap men >> j megjegyzs	f
433	Adatok men >> j megjegyzs	f
434	Vlemnyezs men >> j megjegyzs	t
435	Hivatkozsok men >> j megjegyzs	f
436	A kpre a jobb egrgombbal kattintok s elhzom oda a kpet ahov akarom, s a vgn felengedem az egrgombot	f
437	A kpre a jobb egrgombbal kattintok s azt lenyomva tartva hzom oda a kpet ahov akarom, s a vgn felengedem az egrgombot	f
438	A kpre a bal egrgombbal kattintok s azt lenyomva tartva hzom oda a kpet ahov akarom, s a vgn felengedem az egrgombot	t
439	A kpre a jobb egrgombbal hromszor kattintok s azt lenyomva tartva hzom oda a kpet ahov akarom, s a vgn felengedem az egrgombot	f
440	Jobb klikk a kpre >> Kp / bra formzsa >> Bal oldali szrke munkaablak: Kp / bra formzsa >> Kitlts >> Kitlts kppel vagy anyagmintval	t
441	Bal klikk a kpre >> Kp / bra formzsa >> Bal oldali szrke munkaablak: Kp / bra formzsa >> Kitlts >> Kitlts kppel vagy anyagmintval	f
442	Jobb klikk a kpre >> Kitlts kppel vagy anyagmintval	f
443	Nem lehet	f
444	1	f
445	2	f
446	3	t
447	4	f
448	Bal oldalon	f
449	Jobb klikk a kpre s a helyi men alatt, a Stlus mellett jobbra van a krlvgs	f
450	Jobb klikk a kpre s a helyi men kzepn van a krlvgs	f
451	Jobb klikk a kpre s a helyi men felett, a Stlus mellett jobbra van a krlvgs	t
452	Igen. A WordArt-ra jobb egrgombbal kattintok >> Alakzat formzsa >>  Bal oldalon: Szvegbelltsok >> Szveg kitltse s krvonala >> Kitlts kppel vagy anyagmintval	t
453	Igen. A WordArt-ra dupln a bal egrgombbal kattintok >> Alakzat formzsa >>  Bal oldalon: Szvegbelltsok >> Szveg kitltse s krvonala >> Kitlts kppel vagy anyagmintval	f
454	Igen. A WordArt jobb egrgombbal kattintok >> Beszrs >> Kp	f
455	Nem	f
456	Sehogy	f
457	Beszrs >> Szimblum	t
458	AltGr+I billentykombinci	f
459	Jobb klikk s AltGr	f
460	Kezdlap	f
461	Formtum	f
462	Beszrs >> Egyenlet >> Szabadkzi egyenlet	t
463	Kpletek	f
464	"SZUMHA(A2:A27;"Mintafrj";B2:B27)"	t
465	"SZUNHA(A2:A27;"Mintafrj";B2:B27)	f
466	"SZUMHA(A2:A27;"Mintafrj":B2:B27)"	f
467	Kijellm az A:C oszlopokat, majd jobb klikk az oszlopok betjeln, s a helyi menben a Felfeds opcira kattintok	t
468	Csak egy oszlopot nem lehet felfedni	f
469	Nem	f
470	"SZUMHA("Mintafrj";A2:A27;B2:B27)"	f
471	Kijellm a tblzatot >> Adatok men >> Ismtldsek eltvoltsa >> kijellm a prbeszdablakon mindhrom oszlopot s jobb egrgombbal leokzom	f
472	Kijellm a tblzatot >> Adatokeszkzk men >> Ismtldsek eltvoltsa >> s leokzom	f
473	Adatok men >> Ismtldsek eltvoltsa >> kijellm a prbeszdablakon mindhrom oszlopot s leokzom	f
474	Kijellm a tblzatot >> Adatok men >> Ismtldsek eltvoltsa >> kijellm a prbeszdablakon mindhrom oszlopot s leokzom	t
475	Ha vdem a tblzatot az adatvesztstl	f
476	Ha tbben hasznlunk egy tblzatot, s el akarom kerlni a hibkat	t
477	Ha sznesebb a tblzat	f
478	Ha makrkat tiltok le vele	f
479	Megengedve >> Szveghossz >> minimum 0; maximum 6	t
480	Lista  >> Szveghossz >> minimum 0; maximum 6	f
481	Lista  >> Szveghossz >> minimum 0; maximum 7	f
482	Megengedve >> Szveghossz >> minimum 5; maximum 6	f
483	Mert ha tagolva van s nem szm a formtum, akkor a tagolst szkznek veszi az Excel s nem fog tudni szmolni	t
484	Mert gy kevesebb lesz az adat, amit t kell konvertlni	f
485	Nem kell	f
486	Mert tizedes trtet nem tud tkonvertlni	f
487	Semmi hiba nem trtnik	f
488	res cellkat kapok	f
489	Mindent ktszer r ki	f
490	Az Excel az egsz tblzatot tmsolja szrs helyett	t
491	ttekinthetbb lesz a tblzat, a felesleges adatokat trli az Excel	f
492	ttekinthetbb lesz a tblzat de a felesleges adatokat nem trli az Excel, csak msik munkalapra menti	f
602	DVD lemez	f
493	Az oszlop tetejn a szr jelre kattintva lenyitom a ment >> Szmszrk >> Toplista >> Megjelentend: El 10 Szzalk	f
494	Az oszlop tetejn a szr jelre kattintva lenyitom a ment >> Toplista >> Megjelentend: El 10 Szzalk	f
495	Az oszlop tetejn a szr jelre kattintva lenyitom a ment >> Szmszrk >> Toplista >> Megjelentend: El 10 Ttel	t
496	Az oszlop tetejn a szr jelre kattintva lenyitom a ment >> Toplista >> Megjelentend: El 10 Ttel	f
497	Csoportostsi alap: RENDELS IDPONTJA; Melyik fggvnnyel: SSZEG s sszegzend oszlopok: CGNV s RENDELS SSZEGE	f
498	Csoportostsi alap: RENDELS SSZEGE; Melyik fggvnnyel: SSZEG s sszegzend oszlopok: RENDELS SSZEGE	f
499	Csoportostsi alap: RENDELS SSZEGE; Melyik fggvnnyel: SSZEG s sszegzend oszlopok: RENDELS IDPONTJA	f
500	Csoportostsi alap: RENDELS IDPONTJA; Melyik fggvnnyel: SSZEG s sszegzend oszlopok: RENDELS SSZEGE	t
501	Igen	f
502	Nem	t
503	Igen, de csak oszlopokbl	f
504	Igen, maximum 3 klnll sorbl	f
505	Igen, de csak szaggatott vonallal	f
506	Igen, de csak dupla vonallal	f
507	Igen	t
508	Nem	f
509	Kp formzsa	t
510	Adatok formzsa	f
511	Adatlap formzsa	f
512	Bettpus formzsa	f
513	A htteret	f
514	A diagram httert	f
515	A diagramterletet	t
516	A terlethtteret	f
517	Adatok >> A cellahivatkozsnl belltom a megfelel cellatartomnyt >> A prbeszdblek kzepn lenyitom a legrdl ment >> int >> Korltoz felttel: Egsz szm >> Ok	f
518	Korltoz felvtel felvtele prbeszdablak >> A cellahivatkozsnl belltom a megfelel cellatartomnyt >> A prbeszdblek kzepn lenyitom a legrdl ment >> int >> Korltoz felttel: Egsz szm >> Ok	t
519	Korltoz felvtel felvtele prbeszdablak >> A cellahivatkozsnl belltom a megfelel cellatartomnyt >> A prbeszdblek kzepn lenyitom a legrdl ment >> bin >> Korltoz felttel: Egsz szm >> Ok	f
520	Korltoz felvtel felvtele prbeszdablak >> A cellahivatkozsnl belltom a megfelel cellatartomnyt >> A prbeszdblek kzepn lenyitom a legrdl ment >> dif >> Korltoz felttel: Egsz szm >> Ok	f
521	A kijellshez a Shift+Del, majd beillesztshez Ctrl+V	t
522	A kijellshez a Ctrl+Shift+Del, majd beillesztshez Ctrl+V	f
523	A kijellshez a Shift+AltGr, majd beillesztshez Ctrl+V	f
524	A kijellshez a Ctrl+C, majd beillesztshez Ctrl+V	f
525	Nincs	f
526	Nincs, csak bonyolultabb vlik a folyamat	f
527	Halad szinten nincs klnbsg	f
528	Haladbb szinten a billentyzettel gyorsabbak lehetnk	t
529	Berom, hogy "X"	f
530	F4	f
531	&	f
532	@	f
533	$	t
534	Knyvelsi	f
535	Tudomnyos	t
536	ltalnos	f
537	Szveg	f
538	Nzet >> Stlusok >> Egyebek >> j cellastlus	f
539	Kezdlap >> Stlusok >> j cellastlus	t
540	Kezdlap >> Nzetek >> Egyebek >> j cellastlus	f
541	Nem lehet ilyet belltani	f
542	Nem tudom vltoztatni az Excel tblzat httert	f
543	Lapelrendezs >> Httr >> Kpek beszrsa 	t
544	Beszrs >> Kpek beszrsa 	f
545	"=Hol.van("bann";A1:Z999999)"	f
546	"=HA(A1=0;"TEA";"KV)"	t
547	"=HA(B2=0;"TEA";"KV)"	f
548	"=HAA1(B2=0;"TEA";"KV)"	f
549	"=HA(A1=0;"TEA";VAGY,"KV)"	f
550	1900.01.01	t
551	1000.01.01	f
552	1800.01.01	f
553	Idszmtsunk kezdete	f
554	Szmolsi hibt vt dtumnl	f
555	Szmolsi hibt vt pnznemnl	f
556	Tbb tallat esetn is csak ez elst jelenti meg	t
557	Minden tallatot megjelent	f
558	"=KZP(A1;2;4)"	t
559	"=BAL(A1;2;4)"	f
560	"=KZP(A1;3;4;5;6)"	f
561	"=KZP(A1;2;.3.5.4)"	f
562	pipa	f
563	sx	f
564	fx	t
565	x	f
566	Egyszerre csak 10 sort mutat	f
567	Makrt futtat	f
568	Sznes stlus s gyors rendezs, valamint tblzatszint mveletek	t
569	Kevesebb adatot mutat, gy tlthatbb	f
570	Alt+3	f
571	AltGr+3	t
572	Ctrl+3	f
573	AltGr+Ctrl	f
574	Rgtn azutn, hogy betttem	f
575	A kvetkez lettt karakterrel egytt	t
576	Nem jelenik meg	f
577	A kplet vglegestsnl	f
578	*	t
579	X	f
580	x	f
581	><	f
582	ActiveCell = LTTAM	f
583	ActiveCell = "LTTAM"	t
584	Active.Cell = "LTTAM"	f
585	ActiveCell = "LTTAM".	f
586	Fjl men (>> Egyebek) >> Belltsok >> Bvtmnyek >> Ugrs >> Solver >> OK	t
587	Bvtmnyek >> Belltsok >> Ugrs >> Solver >> OK	f
588	Fjl men >> Solver >> OK	f
589	Fejleszteszkzk >> Solver >> OK	f
590	pi	f
591	p	f
592		f
593	"PI()"	t
594	ttekinthetbb lesz a tblzat de a felesleges adatokat nem trli az Excel, csak elrejti	t
595	Az Excel a kiszrt adatokat trli	f
596	w	f
597	x	t
598	y	f
599	z	f
600	USB stick	f
601	Floppy lemez	t
603	SSD drive	f
604	angol	t
605	magyar	f
606	semmilyen	f
607	angol s magyar	f
608	CTRL + B	f
609	Kezdlap >> Bettipus >> Kattintok a "D"-re vagy CTRL + I	t
610	CTRL + D	f
611	F2	f
612	Beszrs men >> Tblzat >> Szvegbl tblzat >> Belltom az oszlopok sorok szmt. Stb.	f
613	Kijellm a szveget >> Nzet men >> Tblzat >> Szvegbl tblzat >> Belltom az oszlopok sorok szmt. Stb.	f
614	Kijellm a szveget >> Beszrs men >> Tblzat >> Szvegbl tblzat >> Belltom az oszlopok sorok szmt. Stb.	t
615	Kijellm a szveget >> Formtum men >> Tblzat >> Szvegbl tblzat >> Belltom az oszlopok sorok szmt. Stb.	f
616	CTRL + Z	f
617	Tervezs men >> Vzjel >> Vzjel eltvoltsa	t
618	Trls gomb	f
619	ALT + F4	f
620	Adott lapra kevesebb szveg kerl fel, azaz ugyanannyi szveghez kevesebb oldal kell	f
621	Adott lapra tbb szveg kerl fel, azaz ugyanannyi szveghez tbb oldal kell	f
622	Adott lapra tbb szveg kerl fel, azaz ugyanannyi szveghez kevesebb oldal kell	f
623	Adott lapra kevesebb szveg kerl fel, azaz ugyanannyi szveghez tbb oldal kell	t
624	Nem lehet frissteni	f
625	Manulisan kell trni az oldalszmokat	f
626	Kattintok a tartalomjegyzkre, majd a fent megjelen "Frissts"-re	t
627	F2	f
628	A Word kicsiben megmutatja, hogy mit rtam a jegyzetbe	t
629	Trldik a jegyzet	f
630	Vgjegyzet lesz a lbjegyzetbl	f
631	Semmi	f
632	Nem lehet	f
633	Lehet	t
634	Lehet, de csak A5 mretben	f
635	Lehet, de csak A4 mretben	f
636	Floppilemez	f
637	Pont	f
638	Balra visszafordul nyl	t
639	Jobbra visszafordul nyl	f
640	Kijellm a nyomtatni kvnt rszt >> Nyomtats 	f
641	Nyomtats >> Belltsok >> Kijellt terlet >> s vgl katt a nyomtat ikonon.	f
642	Kijellm a nyomtatni kvnt rszt >> Nyomtats >> Oldalak >> Kijellt terlet >> s vgl katt a nyomtat ikonon.	f
643	Kijellm a nyomtatni kvnt rszt >> Nyomtats >> Belltsok >> Kijellt terlet >> s vgl katt a nyomtat ikonon.	t
644	A kijellshez a Shift+Del, majd beillesztshez Ctrl+V	t
645	A kijellshez a Ctrl+Shift+Del, majd beillesztshez Ctrl+V	f
646	A kijellshez a Shift+AltGr, majd beillesztshez Ctrl+V	f
647	A kijellshez a Ctrl+C, majd beillesztshez Ctrl+V	f
648	Odagrgetek	f
649	A szerkesztlcbe berom, hogy X789654, majd Entert nyomok	f
650	A nv mezbe (bal oldal) berom, hogy X789654, majd Entert nyomok	t
651	Az A1 cellba berom, hogy X789654, majd Entert nyomok	f
652	Nincs	f
653	Nincs, csak bonyolultabb vlik a folyamat	f
654	Halad szinten nincs klnbsg	f
655	Haladbb szinten a billentyzettel gyorsabbak lehetnk	t
656	 Egrgombbal kattintok az aktivlni kvnt munkalap flre fent	f
657	Jobb egrgombbal kattintok a lecserlni kvnt munkalapon	f
658	Bal egrgombbal kattintok az aktivlni kvnt munkalap flre fent	f
659	Shift + Enter	f
660	Bal egrgombbal kattintok az aktivlni kvnt munkalap flre lent	t
661	Bal fels	t
662	Bal als	f
663	Jobb als	f
664	Jobb fels	f
665	Vglap	f
666	Bettpus	t
667	Igazts	f
668	Szm	f
669	Berom, hogy "hatvny"	f
670	Berom, hogy "*"	f
671	Berom, hogy "^"	t
672	Berom, hogy "X"	f
673	A szerkesztlcen a szmtsban a "Pi()"-t hasznlom	t
674	A Pi-t hasznlom	f
675	3,141592654	f
676	Nem tudunk ezzel szmolni	f
677	"B4*B5"	f
678	"B4 * B5"	f
679	"=B4XB5"	f
680	"=B4*B5"	t
681	F4	f
682	&	f
683	@	f
684	$	t
685	Rgtn azutn, hogy betttem	f
686	A kvetkez lettt karakterrel egytt	t
687	Nem jelenik meg	f
688	A kplet vglegestsnl	f
689	Vglap	f
690	Bettpus	t
691	Igazts	f
692	Szm	f
693	Pipa	f
694	Ragasztszalag	f
695	Ecset	t
696	Kalapcs	f
697	Igen	t
698	Nem	f
699	Egyszerre maximum 3 felttel	f
700	Egyszerre maximum 5 felttel	f
701	[Zld]; [Kk]##;[Piros]-##;	f
702	[Kk]##;[Piros]-##;[Zld]	t
703	[Kk]##;[Piros]##;[Zld]	f
704	[Piros]-##;[Kk]##;[Zld]	f
705	Igen, de csak fl, harmad s negyed trtekkel	f
706	Nem	f
707	Igen, a szmformtumnl kell belltani a trteket	t
708	Nem, nem tudja kezelni az Excel a trt szmokat	f
709	Nzet >> Stlusok >> Egyebek >> j cellastlus	f
710	Kezdlap >> Stlusok >> j cellastlus	t
711	Kezdlap >> Nzetek >> Egyebek >> j cellastlus	f
712	Nem lehet ilyet belltani	f
713	Nzet men	f
714	Kezdlap >> Bettpus (prbeszdablak) >> Szegly	t
715	Kezdlap >> Szegly	f
716	Szeglyek	f
964	Tab	f
965	Nyomtatsi kp	f
717	Kezdlap >> Feltteles formzs >> Cellakiemelsi szablyok >> Kt rtk kztt >> A prbeszdablakban belltom, hogy: 3 s 3	f
718	Formtum >> Feltteles formzs >> Cellakiemelsi szablyok >> Kt rtk kztt >> A prbeszdablakban belltom, hogy: 2 s 4	f
719	 Feltteles formzs >> Kezdlap >> Cellakiemelsi szablyok >> Kt rtk kztt >> A prbeszdablakban belltom, hogy: 2 s 4	f
720	Kijellm a sorokat, "f8"; a helyi menben: sormagassg, majd megadom az ltalam kvnt rtket	f
721	Kijellm a sorokat, jobb klikk a kijellt sorok egyiknek szmra; a helyi menben: sormagassg, majd megadom az ltalam kvnt rtket	t
722	Kijellm a sorokat, bal klikk a kijellt sorok egyiknek szmra; a helyi menben: sormagassg, majd megadom az ltalam kvnt rtket	f
723	Kijellm a sorokat, jobb klikk a kijellt sorok egyiknek szmra; a helyi menben megadom az ltalam kvnt rtket	f
724	Nem tudom vltoztatni az Excel tblzat httert	f
725	Lapelrendezs >> Httr >> Kpek beszrsa 	t
726	Beszrs >> Kpek beszrsa 	f
727	"=Hol.van("bann";A1:Z999999)"	f
728	"=MDUSZ.EGY(B2;B20)"	f
729	"=MDUSZ(B2,B20)"	f
730	"=MDUSZ.EGY(B2:B20)"	t
731	"=MDUSZ.EGY(B2 B20)"	f
732	"DARABTELI(B2:B20;2)"	f
733	"=DARABTELI(B2:B20;5)"	f
734	"=DARABTELI(2;B2:B20)"	f
735	"=DARABTELI(B2:B20;2)"	t
736	"=HA(A1=0;"TEA";"KV)"	t
737	"=HA(B2=0;"TEA";"KV)"	f
738	"=HAA1(B2=0;"TEA";"KV)"	f
739	"=HA(A1=0;"TEA";VAGY,"KV)"	f
740	J, ROSSZ	f
741	OK, NEM OK	f
742	IGAZ, HAMIS	t
743	Nincs kimeneti zenete	f
744	Tbb darabot szmol egy tartomnyban	f
745	Kritriumokat sszegez tbb tartomnyban (pl. A" tartomnyban "XY" kritrium, "B" tartomnyban "ABC" kritrium... stb.) s sszeszmolja, hogy hny alkalommal teljesl egyszerre az sszes kritrium	t
746	Kritriumokat sszegez tbb tartomnyban (pl. A" tartomnyban "XY" kritrium, "B" tartomnyban "ABC" kritrium... stb.) s sszeszmolja, hogy hny alkalommal teljesl egyszerre az tbb kritrium	f
747	Kritriumokat sszegez tbb tartomnyban (pl. A" tartomnyban "XY" kritrium, "B" tartomnyban "ABC" kritrium... stb.) s sszeszmolja, hogy hny alkalommal teljesl egyszerre az 3 kritrium	f
748	1900.01.01	t
749	1000.01.01	f
750	1800.01.01	f
751	Idszmtsunk kezdete	f
752	Szmolsi hibt vt dtumnl	f
753	Szmolsi hibt vt pnznemnl	f
754	Tbb tallat esetn is csak ez elst jelenti meg	t
755	Minden tallatot megjelent	f
756	"=KEREKTS(A1;3)"	t
757	"=KEREKTS(A1;0;3)"	f
758	"=KEREKTS(A1;111)"	f
759	"=KEREKTS(A1;000)"	f
760	Kezdlap >> Feltteles formzs >> Cellakiemelsi szablyok >> Kt rtk kztt >> A prbeszdablakban belltom, hogy: 2 s 4	t
761	"SZUMHA(A2:A27;"Mintafrj";B2:B27)"	t
762	"SZUNHA(A2:A27;"Mintafrj";B2:B27)	f
763	"SZUMHA(A2:A27;"Mintafrj":B2:B27)"	f
764	"SZUMHA("Mintafrj";A2:A27;B2:B27)"	f
765	pipa	f
766	sx	f
767	fx	t
768	x	f
769	Lent	t
770	Felugr prbeszdablakban	f
771	Legrdl listn	f
772	A zld cskon a gyorselrsi eszkztrban	f
773	Szlesebb sorral	f
774	Szlesebb oszloppal	t
775	Ellenrzm a kpletet	f
776	Megkeresem a hinyz hivatkozst	f
777	Igen: Kezdlap >> Rendezs s szrs >> Egyni sorrend >> Rendezs alapja >> Betszn	t
778	Igen: Kezdlap >> Egyni sorrend >> Rendezs alapja >> Betszn	f
779	Igen: Adatok >> Rendezs s szrs >> Egyni sorrend >> Rendezs alapja >> Betszn	f
780	Nem	f
781	az angol szavakat	f
782	a magyar szavakat	f
783	a csupa nagybets szavakat	t
784	a csupa dlt bets szavakat	f
785	CTRL+Q	f
786	CTRL+	f
787	CTRL+H	f
788	CTRL+K	t
789	Nincs	f
790	Az esetvizsgl prbeszdablakn a "Jelents"-re kattintok s j munkalapon ltom az eredmnyeket	t
791	Az NZET menn a "Jelents"-re kattintok s j munkalapon ltom az eredmnyeket	f
792	Az esetvizsgl prbeszdablakn a "sszes"-re kattintok s j munkalapon ltom az eredmnyeket	f
793	Az a cella, amit az Excel talakt a szmtssal	f
794	Az a cella, ahov a kamatot rom be	f
795	Az a cella, ahov a clrtket rom be	t
796	Az a cella, ahov az Excel a clrtket szri le	f
797	rsvdett lesz.	f
798	Trlhetetlen lesz.	f
799	A Word fjlmenjben rgztem a fjlt, hogy mindig lssam a menben.	t
800	PDF-fjl lesz belle.	f
801	A cm mutatja.	f
802	Nem	f
803	Adatok men: Informci	f
804	Fjl men: Informci	t
805	C++	f
806	Angol	f
807	Magyar	f
808	Sok nyelvet ismer, pl angol, magyar, nmet stb.	t
809	(Fjl men >> Egyebek >>) Belltsok >> (Bal oldalon) Gyorselri eszkztr >> Gyakori parancsok >> Felolvass >> Felvtel >> Ok	t
810	Nzet >> (Bal oldalon) Gyorselri eszkztr >> Gyakori parancsok >> Felolvass >> Felvtel >> Ok	f
811	Berszrs >> (Bal oldalon) Gyorselri eszkztr >> Gyakori parncsok >> Felolvass >> Felvtel >> Ok	f
966	Nyomtatsi elrendezs	t
967	Webes nzet	f
968	Olvasmd	f
812	(Fjl men >> Egyebek >>) Belltsok >> (Bal oldalon) Menszalag testreszabsa >> Gyakori parancsok >> t is llthatom: Minden parancs >> Felolvass >> Felvtel >>Ok	f
813	Arra, hogy nagy legyen	f
814	Arra, hogy kicsi legyen	f
815	Tartalmazza a magyar kezetes magnhangzkat	t
816	Ne tartalmazza a magyar kezetes magnhangzkat. 	f
817	CTRL + F	f
818	CTRL + D	f
819	CTRL + B	t
820	CTRL + T	f
821	Shift +F1	f
822	Shift +F2	f
823	Shift +F3	t
824	Shift +F4	f
825	kb. 16 000	f
826	kb. 160 000	f
827	kb.1 600 000	f
828	Tbb, mint 16 000 000	t
829	Pont: 1 pont kicsit kisebb, mint 0,4 mm	t
830	mm	f
831	Pont: 10 pont kicsit kisebb, mint 0,4 mm	f
832	0,1 cm	f
833	CTRL + Shift + 3	f
834	CTRL + F1	f
835	CTRL + I	f
836	CTRL + =	t
837	Kezdlap men >> Bettpus >> A rsz bal als sarkban a kis jobbra s lefel mutat nylra kattintok. >> Prbeszdablak: Alhzs szne: Piros >> Ok	f
838	Kijellm az alhzni kvnt szveget. >> Kezdlap men >> Nzet >> A rsz jobb als sarkban a kis jobbra s lefel mutat nylra kattintok. >> Prbeszdablak: Alhzs szne: Piros >> Ok	f
839	Kijellm az alhzni kvnt szveget. >> Kezdlap men >> Bettpus >> A rsz jobb als sarkban a kis jobbra s lefel mutat nylra kattintok. >> Prbeszdablak: Alhzs szne: Kk >> Ok	f
840	Kijellm az alhzni kvnt szveget. >> Kezdlap men >> Bettpus >> A rsz jobb als sarkban a kis jobbra s lefel mutat nylra kattintok. >> Prbeszdablak: Alhzs szne: Piros >> Ok	t
841	A formtuma a nagybetk, a mrete a kicsik, azaz ltvnyosan hangslyozhatunk vele, de a szveg mrete nem vltozik.	t
842	Nagybet formtum s mret.	f
843	A formtuma a nagybetk, a mrete a kicsik, azaz ltvnyosan hangslyozhatunk vele, de a szveg mrete megvltozik.	f
844	A formtuma a kisbetk, a mrete a nagyok, azaz ltvnyosan hangslyozhatunk vele, de a szveg mrete nem vltozik.	f
845	Szkzt tk kzjk.	f
846	Kijellm a ritktani kvnt szveget. >> Kezdlap men >> Bettpus >> A rsz bal als sarkban a kis jobbra s lefel mutat nylra kattintok. >> Prbeszdablak >> Specilis >> Trkz: Ritktott. >> Ok	t
847	Tab-ot tk kzjk	f
848	Beszrs men >> Szveg >> Ksz modulok >> Ksz szveg	t
849	Kezdlap men >> Nzet >> Rendezs ikon	f
850	Enter	f
851	F1 + Enter	f
852	A kpre a bal egrgombbal kattintok s azt lenyomva tartva hzom oda a kpet ahov akarom, s a vgn felengedem az egrgombot	t
853	A kpre a jobb egrgombbal hromszor kattintok s azt lenyomva tartva hzom oda a kpet ahov akarom, s a vgn felengedem az egrgombot	f
854	Kijellm az alhzni kvnt szveget. >> Bettpus >> A rsz bal als sarkban a kis jobbra s lefel mutat nylra kattintok. >> Prbeszdablak >> Specilis >> Sorkz: Ritktott. >> Ok	f
855	Kezdlap men >> Bettpus >> A rsz bal als sarkban a kis jobbra s lefel mutat nylra kattintok. >> Prbeszdablak: Szvegeffektusok	t
856	Nzet	f
857	Kezdlap menszalag: Bekezds rsznl van az ikonja.	f
858	Belltsok	f
859	A + oll	f
860	A + X	f
861	A + radr	t
862	A + hibajavt ecset	f
863	CTRL + J	f
864	CTRL + R	t
865	CTRL + NYL JOBBRA	f
866	CTRL + END	f
867	1 cm	f
868	1,25 cm	t
869	2 cm	f
870	1,5 cm	f
871	Sorkz	f
872	Behzs	f
873	Enter	f
874	Trkz	t
875	Kattintok a MSODIK bekezdsen. >> Kezdlap men >> Bekezds rsz A rsz bal als sarkban a kis jobbra s lefel mutat nylra kattintok. >> Prbeszdablak >> Szvegbeoszts fl >> Egytt a kvetkezvel >> Ok	f
876	Kattintok az ELS bekezdsen. >> Tervezs men >> Bekezds rsz A rsz bal als sarkban a kis jobbra s lefel mutat nylra kattintok. >> Prbeszdablak >> Szvegbeoszts fl >> Egytt a kvetkezvel >> Ok	f
877	Kattintok az ELS bekezdsen. >> Kezdlap men >> Bekezds rsz A rsz bal als sarkban a kis jobbra s lefel mutat nylra kattintok. >> Prbeszdablak >> Szvegbeoszts fl >> Egytt a kvetkezvel >> Ok	t
878	Kattintok az ELS bekezdsen. >> Nzet men >> Bekezds rsz A rsz bal als sarkban a kis jobbra s lefel mutat nylra kattintok. >> Prbeszdablak >> Szvegbeoszts fl >> Egytt a kvetkezvel >> Ok	f
879	Kattintok a szeglyezni kvnt bekezdsen. >> Nzet men >> Bekezds rsz: Szegly >> A lenyl men legals lehetsge: Szegly s mintzat... >> Prbeszdablak >> Belltom, amit akarok >> Ok	f
880	Kattintok a szeglyezni kvnt bekezdsen. >> A lenyl helyi men legals lehetsge: Szegly s mintzat... >> Prbeszdablak >> Belltom, amit akarok >> Ok	f
881	Kattintok a szeglyezni kvnt bekezdsen. >> Kezdlap men >> Bekezds rsz: Szegly >> Belltom, amit akarok >> Ok	f
882	Kattintok a szeglyezni kvnt bekezdsen. >> Kezdlap men >> Bekezds rsz: Szegly >> A lenyl men legals lehetsge: Szegly s mintzat... >> Prbeszdablak >> Belltom, amit akarok >> Ok	t
883	Balra zrt	f
884	Jobbra zrt	f
885	Kzpre zrt	f
886	Sorkizrt	t
887	Stabilabban tartja a tvolsgot, mint a szkzk.	t
888	Gyorsabb a szkznl	f
889	Trkzt is ad.	f
890	Ritktja a betk kzti tvolsgot.	f
891	Kattintok a vonalzn a margra >> a lenyl prbeszdablakon kijellm a megfelel tabultort >>  Decimlis >> Ok	f
969	215%	f
970	Oldal szlessge	t
892	Kattintok a vonalzn a tabultorra >> a lenyl prbeszdablakon kijellm a megfelel tabultort >>  Decimlis >> Ok	t
893	Kattintok a vonalzn a tabultorra >> a lenyl prbeszdablakon kijellm a megfelel tabultort >>  vessz >> Ok	f
894	Kattintok a vonalzn a tabultorra >> a lenyl helyi menn kijellm a megfelel tabultort >>  Decimlis >> Ok	f
895	Jobb klikk az egyes szmra, amelyiknl folytatnm a flbehagyott felsorolst >> Helyi men >> Szmozs folytatsa	t
896	Bal klikk az egyes szmra, amelyiknl folytatnm a flbehagyott felsorolst >> Helyi men >> Szmozs folytatsa	f
897	Jobb klikk az egyes szmra, amelyiknl folytatnm a flbehagyott felsorolst >> Helyi men >> Nzet >> Szmozs folytatsa	f
898	Jobb klikk az egyes szmra, amelyiknl folytatnm a flbehagyott felsorolst >> Helyi men >> Frissts	f
899	fent-lent 2 - 2 cm, bal-jobb oldalon 2,5 - 2,5 cm	f
900	fent-lent, bal-jobb oldalon 1,5 - 1,5 cm	f
901	fent-lent, bal-jobb oldalon 3 - 3 cm	f
902	fent-lent, bal-jobb oldalon 2,5 - 2,5 cm	t
903	Nzet men >> Oldalszn >> Kitltsi effektusok >> Szntmenet fl >> Ktszn >> Belltom a szneket s Vltozatokat >> Ok	f
904	Fjl men >> Nyomtatsi belltsok >> Kitltsi effektusok >> Szntmenet fl >> Ktszn >> Belltom a szneket s Vltozatokat >> Ok	f
905	Tervezs men >> Oldalszn >> Kitltsi effektusok >> Szntmenet fl >> Egyszn >> Belltom a szneket s Vltozatokat >> Ok	f
906	Tervezs men >> Oldalszn >> Kitltsi effektusok >> Szntmenet fl >> Ktszn >> Belltom a szneket s Vltozatokat >> Ok	t
907	Beszrs men >> Oldalszmok >>  lfej s llb rsz >> Oldalszmok  >>  a prbeszdablakon: Szmformtum >> Bellts a listrl s Ok	f
908	Beszrs men >> Oldalszmok >>  lfej s llb rsz >> Oldalszmok  >> Belltom, hov szeretnm >> Megjelenik a menszalagon az lfej s llb men >> Oldalszm >> Oldalszmozs formzsa >> a prbeszdablakon: Szmformtum >> Bellts a listrl s Ok	t
909	Beszrs men >> Oldalszmok >>  lfej s llb rsz >> Oldalszmok  >> Belltom, hov szeretnm >> Megjelenik a menszalagon az lfej s llb men >> Nzet >> Oldalszm >> Oldalszmozs formzsa >> a prbeszdablakon: Szmformtum >> Bellts a listrl s Ok	f
910	Beszrs men >> Oldalszmok >>  lfej s llb rsz >> Oldalszmok  >> Belltom, hov szeretnm >> Bellts a listrl s Ok	f
911	Bal egrgombbal dupln kattintok a meglv oldalszmra (esetleg az lfejre-llbra) >> lfej s llb men >> Oldalszm >> Oldalszmozs formzsa >> a prbeszdablakon: Kezd sorszm >> Belltom, hogy 2243	t
912	Jobbal kattintok a meglv oldalszmra (esetleg az lfejre-llbra) >> lfej s llb men >> Oldalszm >> Oldalszmozs formzsa >> a prbeszdablakon: Kezd sorszm >> Belltom, hogy 2243	f
913	Kezdlap men >> Bekezds >> Rendezs ikon	t
914	Nzet men >> Bekezds >> Rendezs ikon	f
915	Kattintok a meglv oldalszmra (esetleg az lfejre-llbra) >> Nzet men >> Oldalszm >> Oldalszmozs formzsa >> a prbeszdablakon: Kezd sorszm >> Belltom, hogy 2243	f
916	Kattintok a meglv oldalszmra (esetleg az lfejre-llbra) >> Tervezs men >> Oldalszm >> Oldalszmozs formzsa >> a prbeszdablakon: Kezd sorszm >> Belltom, hogy 2243	f
917	Nem.	f
918	Beszrs men: lfej >> lfej hozzads >> Stlusok >>Trhats Kikeresem a listbl a fazetts stlust	f
919	Beszrs men: lfej >> Kikeresem a listbl a fazetts stlust	t
920	Beszrs men: llb >> Kikeresem a listbl a fazetts stlust	f
921	Kattints a fedlapon >> Nzet men >> Sznek	f
922	Kattints a fedlapon >> Nzet men >> Sznek	t
923	Kattints a fedlapon >> Tervezs men >> Tmk	f
924	Kattints a fedlapon >> Fedlap men >> Sznek	f
925	Jobb klikk a szvegre.>> Stlusok >> Legrdl men >> Slus ltrehozsa >> Stlus ltrehozsa prbeszdablak >> Belltom, amit szeretnk, s Ok. 	t
926	Formtum men >> Stlusok >> j Stlus	f
927	Bal klikk a szvegre.>> Stlusok >> Legrdl men >> Slus ltrehozsa prbeszdablak >> Belltom, amit szeretnk, s Ok. 	f
928	Jobb klikk a szvegre.>> Stlusok >> Legrdl men >> Slus tnevezse  prbeszdablak >> Belltom, amit szeretnk, s Ok. 	f
929	Nem lehet stlust mdostani.	f
930	Kezdlap men >> Stlusok >> Kivalsztom a mdostani kvnt stlust >> Jobb klikk rajta >> Mdosts  >> Stlus mdostsa prbeszdablakban mdostom, amit akarok  >> Ok	t
931	Kezdlap men >> Stlusok >> Kivalsztom a mdostani kvnt stlust >> Bal klikk rajta >> Mdosts  >> Stlus mdostsa prbeszdablakban mdostom, amit akarok  >> Ok	f
932	Kezdlap men >> Stlusok >> Kivalsztom a mdostani kvnt stlust >> Jobb klikk rajta >> Szerkeszts  >> Stlus mdostsa prbeszdablakban mdostom, amit akarok  >> Ok	f
933	Szneket.	f
934	Betszneket. 	f
935	Margkat.	f
936	Egyszerre tbb stlust. 	t
937	ALT + Tab	t
938	ALT + Tab + Del	f
939	Alt + Del	f
940	ALT + F4	f
941	Sor vge	f
942	Fejezet vge	f
943	Oldal vge	f
944	Bekezds vge	t
945	Del	f
946	Home	t
947	End	f
948	CTRL	f
949	CTRL + Enter	t
950	Shift + Enter	f
951	CTRL + End	f
952	Ctrl + F4	f
953	Nem lehet.	f
954	Tblzat szeglyekkel teszem.	f
955	Szerkeszts >> Rcsvonalak	f
956	Nzet men >> Megjelents >> Rcsvonalak	t
957	F1	f
958	Jobb kattints	t
959	Dupla jobb kattints	f
960	Bal kattints	f
961	Ctrl	f
962	Alt	t
963	Del	f
971	Szveg szlessge	f
972	Tbb oldal	f
973	Kezdlap >> Bekezds >> Minden ltszik	t
974	Nzet >> Bekezds >> Minden ltszik	f
975	Nzet >> Minden ltszik	f
976	Kezdlap >> Bekezds >> Nagyts >> Minden ltszik	f
977	Kezdlap men >> Ablak >> Feloszts megszntetse	f
978	Kezdlap men >> Megjelents >> Webes nzet	f
979	Nzet men >> Ablak >> Feloszts megszntetse	t
980	Nzet men >> Megjelents >> Webes nzet	f
981	A kijells eltt lenyomom, s a kijells alatt lenyomva is tartom a Del billentyt.	f
982	A kijells eltt lenyomom, s a kijells alatt lenyomva is tartom a * billentyt.	f
983	A kijells eltt lenyomom, s a kijells alatt lenyomva is tartom az F5 billentyt.	f
984	A kijells eltt lenyomom, s a kijells alatt lenyomva is tartom az Alt billentyt.	t
985	CTRL + Z	f
986	CTRL + X	f
987	CTRL + V	t
988	CTRL + C	f
989	1	t
990	2	f
991	3	f
992	4	f
993	Kezdlap men >> Nzet >> Vglap >> a rsz jobb als sarkban lv jobbra s le mutat nylra kattintok >> s bal oldalon megjelenik a Vgknyv.	f
994	CTRL + H >> Vglap	f
995	CTRL + H >> Vglap	t
996	Formtum men >> Vglap >> a rsz jobb als sarkban lv jobbra s le mutat nylra kattintok >> s bal oldalon megjelenik a Vgknyv.	f
997	Ecset. Kezdlap men >> Vglap >> Ecset ikon	t
998	Ecset. Nzet men >> Vglap >> Ecset ikon	f
999	CD-t brzol. Kezdlap men >> Vglap >> Ecset ikon	f
1000	Tollat brzol. Kezdlap men >> Vglap >> Ecset ikon	f
1001	Fjlmretet	f
1002	Svszlessget	f
1003	Idt	t
1004	Lapmretet	f
1005	Nem.	f
1006	Vlemnyezs men >> j megjegyzs >> Az oldal jobb szln jelenik meg a megjegyzs, amire lehet kommentelni, vlaszolni.	t
1007	Vlemnyezs men >> Korrektra >> j korrektra.	f
1008	A mentsnl lehet megjegyzst berni.	f
1009	Kezdlap men >> Adatok >> Bekezds >> Rendezs ikon	f
1010	Ctrl + Enter	t
1011	Vlemnyezs men >> Vdelem >> Szerkeszts korltozsa >> Bal oldalt szerkeszts korltozsa munkaablak >> Mdostsi korltozsok >> Nincs mdosts (csak olvashat) >> Igen, bekapcsolom a dokumentumvdelmet >> Jelsz 789 >> Ok	f
1012	Nem lehet ilyet belltani.	f
1013	Vlemnyezs men >> Vdelem >> Szerkeszts korltozsa >> Jobb oldalt szerkeszts korltozsa munkaablak >> Mdostsi korltozsok >> Nincs mdosts (csak olvashat) >> Igen, bekapcsolom a dokumentumvdelmet >> Jelsz 789 >> Ok	t
1014	Vlemnyezs men >> Vdelem >> Szerkeszts korltozsa >> Jobb oldalt szerkeszts korltozsa munkaablak >> Mdostsi korltozsok >> Formzs >> Igen, bekapcsolom a dokumentumvdelmet >> Jelsz 789 >> Ok	f
1015	Ments msknt >> Egyebek >> Pitypang >> Ok	f
1016	Fjl men >> Informci >> Dokumentumvdelem >> Titkosts jelszval >> A prbeszdbalakon brom s megerstem a jelszt: "pitypang".  >> Ok	t
1017	Fjl men >> Adatvdelem >> Informci >> Titkosts jelszval >> A prbeszdbalakon brom s megerstem a jelszt: "pitypang".  >> Ok	f
1018	Nem lehet ilyet belltani.	f
1019	Tervezs men >> Vzjel >> Egyni vzjel >> Nyomtatott vzjel >> Szveg hasznlata vzjelknt >> Szveg: titok; Szn a listbl: piros >> Ok vagy Alkalmaz	t
1020	Tervezs men >> Vzjel >> Egyni vzjel >>  Szveg hasznlata vzjelknt >> Szveg: titok; Szn a listbl: piros >> Ok vagy Alkalmaz	f
1021	Tervezs men >> Vzjel >> Egyni vzjel >> Nyomtatott vzjel >> Szveg hasznlata vzjelknt >> Szn a listbl: piros >> Ok vagy Alkalmaz	f
1022	Tervezs men >> Vzjel >> Egyni vzjel >> Nyomtatott vzjel >> Szveg hasznlata vzjelknt >> Szveg: titok;  >> Ok vagy Alkalmaz	f
1023	Vlemnyezs men >> Nyelv >> Nyelv  >> Ellenrzs nyelvnek megadsa >> A listn kikeresem a francia nyelvet >> Ok	f
1024	Kijellm a fontos rszt >> Vlemnyezs men >> Nyelv >> Nyelv  >> Ellenrzs nyelvnek megadsa >> A listn kikeresem a francia nyelvet >> Ok	t
1025	Kijellm a fontos rszt >> Vlemnyezs men >> Nyelv >> Nyelv  >>  A listn kikeresem a francia nyelvet >> Ok	f
1026	Kijellm a fontos rszt >> Vlemnyezs men >> Ellenrzs >> Nyelv >> Nyelv  >> Ellenrzs nyelvnek megadsa >> A listn kikeresem a francia nyelvet >> Ok	f
1027	Ctrl + H >> A prbeszdablakba berom, hogy: Courgette >> Ok	f
1028	Kezdlap men >> Szekeszts >>Keress >> Irnytott keress >>  Formtum >> Bettipus: Courgette >> Ok	f
1029	Kezdlap men >> Szekeszts >>Keress >> Irnytott keress >>  Formtum >> Bettipus: Courgette >> Ok	f
1030	Kezdlap men >> Szekeszts >>Keress >> Irnytott keress >> Egyebek >> Formtum >> Bettipus: Courgette >> Ok	t
1031	Ctrl + H >> A prbeszdablakban a "Keresett szveg": "apple"; "Csere erre": "alma" >> Ok	f
1032	Ctrl + H >> A prbeszdablakban a "Keresett szveg": "alma"; "Csere erre": "apple" >> Az sszes cserje	t
1033	Ctrl + H >> A prbeszdablakban a "Keresett szveg": "apple"; "Csere erre": "alma" >> Az sszes cserje	f
1034	Ctrl + H >> A prbeszdablakban a "Keresett szveg": "alma"; "Csere erre": "alma" >> Az sszes cserje	f
1035	Kijellhetjk a szksges terletett, ha nem az egsz dokumentum a cl  >> CTRL + H >> A prbeszdablakon: Egyebek >> Kattintok a "Keresett szveg" mezn >> Specilis >> Kattintok a bekezdsjelre, majd ismtlem ezt >> Kattintok a "Csere erre" mezn >> Specilis >> Kattintok a bekezdsjelre >> Az sszes cserje >> Szksg esetn ismtlem. 	t
1036	Kijellhetjk a szksges terletett, ha nem az egsz dokumentum a cl  >> CTRL + H >> A prbeszdablakon: Formtum >> Kattintok a "Keresett szveg" mezn >> Specilis >> Kattintok a bekezdsjelre, majd ismtlem ezt >> Kattintok a "Csere erre" mezn >> Specilis >> Kattintok a bekezdsjelre >> Az sszes cserje >> Szksg esetn ismtlem. 	f
1037	Kijellhetjk a szksges terletett, ha nem az egsz dokumentum a cl  >> CTRL + H >> A prbeszdablakon: Egyebek >> Kattintok a "Keresett szveg" mezn >> Specilis >> Kattintok a bekezdsjelre, majd ismtlem ezt >> Kattintok a "Csere erre" mezn >> Specilis >> Kattintok a bekezdsjelre >> Az sszes cserje	f
1038	Kijellhetjk a szksges terletett, ha nem az egsz dokumentum a cl  >> CTRL + H >> A prbeszdablakon: Egyebek >> Kattintok a "Keresett szveg" mezn >> Bekezds >> Kattintok a bekezdsjelre, majd ismtlem ezt >> Kattintok a "Csere erre" mezn >> Specilis >> Kattintok a bekezdsjelre >>Az sszes cserje >> Szksg esetn ismtlem. 	f
1039	Manulisan kell elvlasztani.	f
1040	Kijelelm az elvlaszts tartomnyt. >> Tervezs men >> Elvlaszts >> Automatikus	f
1041	Kijelelm az elvlaszts tartomnyt. >> Elrendezs men >> Elvlaszts >> Automatikus	t
1042	Kijelelm az elvlaszts tartomnyt. >> Szerkeszts men >> Elvlaszts >> Automatikus	f
1043	Minden hibt szrevesz a Word helyesrsellenrzje.	t
1044	A Word helyesrsellenrzje j megoldst is jelezhet hibnak.	f
1045	A helyesrsi hibkat piros alhzssal jelli a Word.	f
1046	A Word helyesrsellenrzje a Vlemnyezs menbl rhet el.	f
1047	Kihagys	f
1048	Az sszes kihagysa	f
1049	Felvtel a sztrba	t
1050	Sztr frisstse	f
1051	Fjl men >> Egyebek >> Belltsok >> A Word belltsai prbeszdablak >> Nyelvi ellenrzs >> Automatikus javtsi belltsok >> A prbeszdablakon az Automatikus javts fl >> Itt tudom belltani, hogy mit mire javtson.	t
1052	Shift + F9	f
1053	Fjl men >> Vlemnyezs >> Belltsok >> A Word belltsai prbeszdablak >> Nyelvi ellenrzs >> Automatikus javtsi belltsok >> A prbeszdablakon az Automatikus javts fl >> Itt tudom belltani, hogy mit mire javtson.	f
1054	Fjl men >> Egyebek >> Belltsok >> Automatikus javtsi belltsok >> A prbeszdablakon az Automatikus javts fl >> Itt tudom belltani, hogy mit mire javtson.	f
1055	Shift + F4	f
1056	Shift + F5	f
1057	Shift + F6	f
1058	Shift + F7	t
1059	Ctrl + V	f
1060	Beszrs men >> Ksz szveg	f
1061	Beszrs men >> Szvegdoboz	f
1062	(A hasbokon kattintok egyet a bal egrgombbal) >> Elrendezs men >> Hasbok >> A prbeszdablakon kiveszem a pipt az azonos hasbszlessg ell, s belltom az els hasbot szlesebbnek.	f
1063	(A hasbokon kattintok egyet a bal egrgombbal) >> Elrendezs men >> Hasbok >> Tovbbi hasbok >> A prbeszdablakon kiveszem a pipt az azonos hasbszlessg ell, s belltom az els hasbot szlesebbnek.	t
1064	(A hasbokon kattintok egyet a bal egrgombbal) >> Elrendezs men >> Hasbok >> Tovbbi hasbok >> A prbeszdablakon kipiplom az azonos hasbszlessget, s belltom az els hasbot szlesebbnek.	f
1065	(A hasbokon kvl kattintok egyet a bal egrgombbal) >> Elrendezs men >> Hasbok >> Tovbbi hasbok >> A prbeszdablakon kiveszem a pipt az azonos hasbszlessg ell, s belltom az els hasbot szlesebbnek.	f
1066	Jobb klikk a menszalagon az adott slusra s "Mdosts".	t
1067	Bal klikk a menszalagon az adott slusra s "Mdosts".	f
1068	Jobb klikk a helyi menben az adott slusra s "Mdosts".	f
1069	Jobb klikk a menszalagon az adott slusra s "Szerkeszts".	f
1070	Formtum s bettpus	f
1071	Adatok rendezse	f
1072	Cmsorszmozs	t
1073	Felsorols	f
1074	Hivatkozsok men >> Bejegyzs megjellse a Trgymuatat rszen >> A prbeszdbalakon Megjells, vagy Az sszes megjelellse	f
1075	Kijelllm a szt >> Hivatkozsok men >> A prbeszdbalakon Megjells, vagy Az sszes megjelellse	f
1076	Kijelllm a szt >> Hivatkozsok men >> Bejegyzs megjellse a Trgymutatat rszen >> A prbeszdbalakon: Hozzads	f
1077	Kijelllm a szt >> Hivatkozsok men >> Bejegyzs megjellse a Trgymutatat rszen >> A prbeszdbalakon Megjells, vagy Az sszes megjelellse	t
1078	Hivatkozsok men >>  A Lbjegyezt s vgjegyzet prbeszdablakon: Konvertls >> Ok	f
1079	Hivatkozsok men >> Lbjegyzetek rsz >> A jobb als sarokban a kis jobbra s le mutat nyll >> A Lbjegyezt s vgjegyzet prbeszdablakon: Konvertls >>Ok	t
1080	Hivatkozsok men >> Vgjegyzetek rsz >> A jobb als sarokban a kis jobbra s le mutat nyll >> A Lbjegyezt s vgjegyzet prbeszdablakon: Konvertls >>Ok	f
1081	Hivatkozsok men >> Lbjegyzetek rsz >> A Lbjegyezt s vgjegyzet prbeszdablakon: Konvertls >>Ok	f
1082	0-10	f
1083	11-12	t
1084	12-14	f
1085	14-16	f
1086	Gyorselrsi eszkztr	f
1087	Beszrs	f
1088	Nzet	f
1089	Ha nincs a menszalagon, akkor Fjl >> (Egyebek >>) Belltsok >> Menszalag testreszabsa	t
1090	Kattintok a cl helyre >> Ezutn: Fejleszteszkzk >> Vezrlk >>  Naptr ikonra kattintok >> Ezutn a Fejleszteszkzk menn a Tulajdonsgokra kattintva a lenyl prbeszdablakban testreszabom.	t
1091	Fejleszteszkzk >> Vezrlk >>  Naptr ikonra kattintok >> Ezutn a Fejleszteszkzk menn a Tulajdonsgokra kattintva a lenyl prbeszdablakban testreszabom.	f
1092	Kattintok a cl helyre >> Ezutn: Fejleszteszkzk >> Vezrlk >>  Naptr ikonra kattintok >> Ok.	f
1093	Kattintok a cl helyre >> Ezutn: Fejleszteszkzk >> Vezrlk >>  Naptr ikonra kattintok >> Ezutn a Fejleszteszkzk menn a Formtumra kattintva a lenyl prbeszdablakban testreszabom.	f
1094	A Microsoft beptett, szabadon felhasznlhat kpei, amiket fizets utn beszrhatok a dokumentumomba.	f
1095	A Microsoft beptett, szabadon felhasznlhat kpei, amiket beszrhatok a dokumentumomba.	t
1096	A Microsoft beptett, szabadon felhasznlhat kpei, amiket beszrhatok a dokumentumomba.	f
1097	A Microsoft beptett, szabadon felhasznlhat kpei, amiket beszrhatok a dokumentumomba, de nem mretezhetem t ket.	f
1098	Az alakzatra kattintok, majd az Alakzat formtuma menn a kitltsre. >> Kp >> Online kpek >> a kerescskba almt berva keresek egyet >> Beszrs 	t
1099	Az alakzatra kattintok, majd a Beszrs menn a kitltsre. >> Kp >> Online kpek >> a kerescskba almt berva keresek egyet >> Beszrs 	f
1100	Az alakzatra kattintok, majd az Alakzat formtuma menn a kitltsre. >> Kp >> Stockkpek >> a kerescskba almt berva keresek egyet >> Beszrs 	f
1101	Az alakzatra kattintok, majd az Alakzat beszrsa menn a kitltsre. >> Kp >> Online kpek >> a kerescskba almt berva keresek egyet >> Beszrs 	f
1102	Nem.	f
1103	Csak a krvonalat.	f
1104	Csak a kitltst.	f
1105	A krvonalat s a kitltst is.	t
1106	Kattintsunk a beszrs menre!	f
1107	Vlasszuk ki a neknk kell aktv ablakot!	f
1108	Vlasszuk ki a menn a Kpenykp lehetsget!	f
1109	A beszrni kvnt ablakot tegyk le a tlcra!	t
1110	Jobb kattints a diagramra >> Adatok szerkesztse >> a lenyl Excel-alap tblzatban pedig szerkeszthetem az adatokat.	t
1111	j diagramot kell szerkesztenem.	f
1112	Kijellm a diagramot >> Adatok szerkesztse men a menszalagon >> a lenyl Excel-alap tblzatban pedig szerkeszthetem az adatokat.	f
1113	Jobb kattints a diagramra >> Adatok szerkesztse >> a lenyl PowerPoint-alap tblzatban pedig szerkeszthetem az adatokat.	f
1114	Kattintok az brn, majd a lenyl prbeszdablakban adhatom meg az j adatokat.	f
1115	A nzet menben llthatom t a krvonalakat.	f
1116	Kattintok az brn s a menszalagon megjelenik a SmartArt-terv men. Ebben.	t
1117	Nem lehet szerkeszteni.	f
1118	Photoshoppal.	f
1119	Kattintok a kpen >> Kpmetsz men >> A menszalagon megjelenik a Httr eltvoltsa men >> Ott az F1 gombbal a  "Megtartand terletek megjellse" s az "Eltvoltand terletek megjellse" lehetsgekkel szerkesztem a kpet >> A vgn: Mdostsok megtartsa.	f
1120	A kpre a jobb egrgombbal kattintok s azt lenyomva tartva hzom oda a kpet ahov akarom, s a vgn felengedem az egrgombot	f
1121	Kattintok a kpen >> Kpformtum men >> A menszalagon megjelenik a Httr eltvoltsa men >> Ott a Szerkeszts lehetsggel szerkesztem a kpet >> A vgn: Mdostsok megtartsa.	f
1122	Kattintok a kpen >> Kpformtum men >> A menszalagon megjelenik a Httr eltvoltsa men >> Ott a "Megtartand terletek megjellse" s az "Eltvoltand terletek megjellse" lehetsgekkel szerkesztem a kpet >> A vgn: Mdostsok megtartsa.	t
1123	Nzet >> Szn >> Szpiaszn	f
1124	Kattintok a kpen >>  Kpformtum men >> Kiigazts rsz >> Szn >> Szpiaszn	t
1125	Kattintok a kp mell >>  Kpformtum men >> Kiigazts rsz >> Szn >> Szpiaszn	f
1126	Kattintok a kpen >>  Kpformtum men >> Kiigazts rsz >> Szn >> RGB: 255	f
1127	Jobb klikk az alakzaton >> Szerkeszts	f
1128	Jobb klikk az alakzaton >> Alakzat formzsa	f
1129	Jobb klikk az alakzaton >> Csompontok szerkesztse	t
1130	Ezt nem lehet szerkeszteni.	f
1131	Egy makr.	f
1132	Egy ltvnyos szvegrsz, amit beszrhatunk a szvegbe s formzhatunk.	t
1133	Egy kpalrs	f
1134	Egy Inicil	f
1135	Kattintok a kpfjlon s a menszalagon megjelenik az Alakzat formtuma men, ahol mindent bellthatok.	f
1136	Ha mr beszrtam, legfeljebb trlhetem, vagy visszavonhatom.	f
1137	Jobbal a WordArton s a hely menn a nzetre A prbeszdablakban mindent bellthatok.	f
1138	Kattintok az brn s a menszalagon megjelenik az Alakzat formtuma men, ahol mindent bellthatok.	t
1139	Arial	f
1140	Tahoma	f
1141	Wingdings	t
1142	Courgette	f
1143	Beszrs men >> Egyenlet >> Megjelenik az egyenlet men a menszalagon >>  Baloldalt >> Szabadkzi egyenlet	t
1144	Beszrs >> Kzi bevitel >> Szabadkzi egyenlet	f
1145	Beszrs >> Szabadkzi bevitel >> Szabadkzi egyenlet	f
1146	Kezdlap men >> Lenyitom az Egyenlet ikont >> Megjelenik a lista aljn a Szabadkzi egyenlet	f
1147	Beszrs men >> Dtum s id >> A prbeszdablakon lltsuk be a kvnt formtumot, s pipljuk ki az Automatikus frisstst	t
1148	Beszrs men >> Dtum s id >> A prbeszdablakon lltsuk be a kvnt formtumot, s hagyjuk ki az Automatikus frisstst	f
1149	Beszrs men >> Dtum s id >> A legrdl listn lltsuk be a kvnt formtumot, s pipljuk ki az Automatikus frisstst	f
1150	Dtum men >> Dtum s id >> A prbeszdablakon lltsuk be a kvnt formtumot, s pipljuk ki az Automatikus frisstst	f
1151	Trlm a margt.	f
1152	Ctrl + A majd Del	f
1153	Trlm a bett.	f
1154	Kattintok az iniciln >> Beszrs men >> Inicl >> Nincs	t
1155	10 x 10 cella	f
1156	100 x 10 cella	f
1157	8 x 8 cella	f
1158	10 x 8 cella	t
1159	Nem.	f
1160	Kijellm az egyesteni kvnt cellkat s Ctrl + U	f
1161	Kijellm az egyesteni kvnt cellkat, s az Elrendezs menn a Cellk egyestse opcit vlasztom.	t
1162	Kijellm az egyesteni kvnt cellkat, Ctrl + n, s az Elrendezs menn Cellk egyestse opcit vlasztom.	f
1163	Kattintok egy celln, majd Delete gomb	f
1164	Jobb klikk a tblzatra >> a menszalagon: Trls >> Tblzat trlse	f
1165	Jobb klikk a tblzatra >> a helyi menn: Trls >> Tblzat trlse	t
1166	Jobb klikk a tblzatra >> Alt + Ctrl + Del	f
1167	1 tabultor volt az "alma" sz eltt.	f
1168	2 tabultor volt az "alma" sz eltt.	t
1169	2 szkz volt az "alma" sz eltt.	f
1170	1 szkz volt az "alma" sz eltt.	f
1171	 kb. tbb tucat	f
1172	kb. tbb milli	t
1173	kb. tbb ezer	f
1174	kb. tbb szzezer	f
1175	"=SZUM"	f
1176	"SUM"	f
1177	"=RESULT"	f
1178	"=SUM(ABOVE)"	t
1179	Fjlmretet	f
1180	Hogy a hasznlni kvnt nyomtat s festk alkamas-e a clra.	t
1181	Httrsznt	f
1182	Lapmretet	f
1183	Nagy legyen.	f
1184	Kicsi legyen.	f
1185	Tartalmazza a magyar kezetes magnhangzkat. 	t
1186	Ne tartalmazza a magyar kezetes magnhangzkat. 	f
1187	Nem.	f
1188	Nzet men >> Sznek	f
1189	Helyi men >> Sznek	f
1190	Tervezs men >> Sznek	t
1191	pdf-knt	f
1192	sablonknt	t
1193	preziknt	f
1194	fejlcknt	f
1195	Szimpla: 1	f
1196	1,15	f
1197	1,5	t
1198	2	f
1199	Minden levl kln fjl lesz.	f
1200	Megmarad egy sablon kln, maguk a krlevelek alaprtelmezetten Levl1 nven, vagy Levl2 stb. nven menthetek el.	t
1201	A krlevelek alaprtelmezetten Levl1 nven, vagy Levl2 stb. nven menthetek el. A sablon automatikusan trldik.	f
1202	Megmarad egy sablon kln, maguk a krlevelek alaprtelmezetten Krlevl1 nven, vagy Krlevl2 stb. nven menthetek el.	f
1203	Rekordok	f
1204	Mez	f
1205	Adatok	f
1206	Adatmez	t
1207	Egyszerre csak 10 sort mutat	f
1208	Makrt futtat	f
1209	Sznes stlus s gyors rendezs, valamint tblzatszint mveletek	t
1210	Kevesebb adatot mutat, gy tlthatbb	f
1211	A kpre a jobb egrgombbal kattintok s elhzom oda a kpet ahov akarom, s a vgn felengedem az egrgombot	f
1212	Jobb klikk a kpre >> Kp / bra formzsa >> Bal oldali szrke munkaablak: Kp / bra formzsa >> Kitlts >> Kitlts kppel vagy anyagmintval	t
1213	Bal klikk a kpre >> Kp / bra formzsa >> Bal oldali szrke munkaablak: Kp / bra formzsa >> Kitlts >> Kitlts kppel vagy anyagmintval	f
1214	Jobb klikk a kpre >> Kitlts kppel vagy anyagmintval	f
1215	Nem lehet	f
1216	1	f
1217	2	f
1218	3	t
1219	4	f
1220	Bal oldalon	f
1221	Jobb klikk a kpre s a helyi men alatt, a Stlus mellett jobbra van a krlvgs	f
1222	Jobb klikk a kpre s a helyi men kzepn van a krlvgs	f
1223	Jobb klikk a kpre s a helyi men felett, a Stlus mellett jobbra van a krlvgs	t
1224	Nem	f
1225	A kontraszt lltsval	f
1226	A Formtum menben van erre md	f
1227	A Kpformtum menben van erre md	t
1228	Nyilat szaggatott vonalbl	f
1229	Nyilat szaggatott vonalbl rnykkal	f
1230	Nyilat szaggatott vonalbl rnykkal s tkrzve	f
1231	Srga villm alakzatot	f
1232	Srga villm alakzatot fekete krvonallal	f
1233	Srga villm alakzatot fekete krvonallal, s tkrzve	f
1234	Mindegyiket	t
1235	Igen. A WordArt-ra jobb egrgombbal kattintok >> Alakzat formzsa >>  Bal oldalon: Szvegbelltsok >> Szveg kitltse s krvonala >> Kitlts kppel vagy anyagmintval	t
1236	Igen. A WordArt-ra dupln a bal egrgombbal kattintok >> Alakzat formzsa >>  Bal oldalon: Szvegbelltsok >> Szveg kitltse s krvonala >> Kitlts kppel vagy anyagmintval	f
1237	Igen. A WordArt jobb egrgombbal kattintok >> Beszrs >> Kp	f
1238	Nem	f
1239	4	f
1240	6	f
1241	8	t
1242	10	f
1243	Sehogy	f
1244	Beszrs >> Szimblum	t
1245	AltGr+I billentykombinci	f
1246	Jobb klikk s AltGr	f
1247	Kezdlap	f
1248	Formtum	f
1249	Beszrs >> Egyenlet >> Szabadkzi egyenlet	t
1250	Kpletek	f
1251	Mindegyiket	t
1252	Kezdlap	f
1253	Beszrs	f
1254	Adatok	t
1255	Kpletek	f
1256	Kijellm a tblzatot >> Adatok men >> Ismtldsek eltvoltsa >> kijellm a prbeszdablakon mindhrom oszlopot s jobb egrgombbal leokzom	f
1257	Kijellm a tblzatot >> Adatokeszkzk men >> Ismtldsek eltvoltsa >> s leokzom	f
1258	Adatok men >> Ismtldsek eltvoltsa >> kijellm a prbeszdablakon mindhrom oszlopot s leokzom	f
1259	Kijellm a tblzatot >> Adatok men >> Ismtldsek eltvoltsa >> kijellm a prbeszdablakon mindhrom oszlopot s leokzom	t
1260	Ha vdem a tblzatot az adatvesztstl	f
1261	Ha tbben hasznlunk egy tblzatot, s el akarom kerlni a hibkat	t
1262	Ha sznesebb a tblzat	f
1263	Ha makrkat tiltok le vele	f
1264	Katt a C1 cellra >> Adatok a menszalagon >> Adatrvnyests >> Megengedve >> Lista >> Forrs: C1:C10 >> OK	f
1265	Katt a B1 cellra >> Adatrvnyests >> Megengedve >> Lista >> Forrs: C1:C10 >> OK	f
1266	Katt a B1 cellra >> Adatok a menszalagon >> Adatrvnyests >> Megengedve >> Lista >> Forrs: C1:C10 >> OK	t
1267	Katt a B1 cellra >> Adatok a menszalagon >> Adatrvnyests >> Feltteles formzs >> Lista >> Forrs: C1:C10 >> OK	f
1268	Megengedve >> Szveghossz >> minimum 0; maximum 6	t
1269	Lista  >> Szveghossz >> minimum 0; maximum 6	f
1270	Lista  >> Szveghossz >> minimum 0; maximum 7	f
1271	Megengedve >> Szveghossz >> minimum 5; maximum 6	f
1272	Nem lehet	f
1273	Formtum	f
1274	Adatok rvnyestse	f
1275	Adatok rvnyestse >> Hibajelzs fl	t
1276	A THM: a B2 cella	f
1277	A hnap: a B4 cella. Fix hivatkozssal: $B$3	t
1278	A hnap: a B3 cella	t
1279	A THM: a B2 cella Fix hivatkozssal: $B$2	f
1280	Mert ha tagolva van s nem szm a formtum, akkor a tagolst szkznek veszi az Excel s nem fog tudni szmolni.	t
1281	Mert gy kevesebb lesz az adat, amit t kell konvertlni	f
1282	Nem kell	f
1283	Mert tizedes trtet nem tud tkonvertlni	f
1284	ACII	f
1285	UTF8	t
1286	1250	f
1287	Eurpai/Magyar	f
1288	Semmi hiba nem trtnik	f
1289	res cellkat kapok	f
1290	Mindent ktszer r ki	f
1291	Az Excel az egsz tblzatot tmsolja szrs helyett.	t
1292	ttekinthetbb lesz a tblzat de a felesleges adatokat nem trli az Excel, csak elrejti	t
1293	ttekinthetbb lesz a tblzat, a felesleges adatokat trli az Excel	f
1294	ttekinthetbb lesz a tblzat de a felesleges adatokat nem trli az Excel, csak msik munkalapra menti	f
1295	Az Excel a kiszrt adatokat trli	f
1296	Az oszlop tetejn a szr jelre kattintva lenyitom a ment >> Szmszrk >> Toplista >> Megjelentend: Els 10 Szzalk	f
1297	Az oszlop tetejn a szr jelre kattintva lenyitom a ment >> Toplista >> Megjelentend: Els 10 Szzalk	f
1298	Az oszlop tetejn a szr jelre kattintva lenyitom a ment >> Szmszrk >> Toplista >> Megjelentend: Els 10 Ttel	t
1299	Az oszlop tetejn a szr jelre kattintva lenyitom a ment >> Toplista >> Megjelentend: Els 10 Ttel	f
1300	CTRL + D	f
1301	F2	f
1302	Csoportostsi alap: RENDELS IDPONTJA; Melyik fggvnnyel: SSZEG s sszegzend oszlopok: CGNV s RENDELS SSZEGE	f
1303	Csoportostsi alap: RENDELS SSZEGE; Melyik fggvnnyel: SSZEG s sszegzend oszlopok: RENDELS SSZEGE	f
1304	Csoportostsi alap: RENDELS SSZEGE; Melyik fggvnnyel: SSZEG s sszegzend oszlopok: RENDELS IDPONTJA	f
1305	Csoportostsi alap: RENDELS IDPONTJA; Melyik fggvnnyel: SSZEG s sszegzend oszlopok: RENDELS SSZEGE	t
1306	Igen	f
1307	Nem	t
1308	Igen, de csak oszlopokbl	f
1309	Igen, maximum 3 klnll sorbl	f
1310	Kijellm a nyomtatni kvnt rszt >> Nyomtats 	f
1311	Nyomtats >> Belltsok >> Kijellt terlet >> s vgl katt a nyomtat ikonon.	f
1312	Kijellm a nyomtatni kvnt rszt >> Nyomtats >> Oldalak >> Kijellt terlet >> s vgl katt a nyomtat ikonon.	f
1313	Kijellm a nyomtatni kvnt rszt >> Nyomtats >> Belltsok >> Kijellt terlet >> s vgl katt a nyomtat ikonon.	t
1314	Bal fels	t
1315	Bal als	f
1316	Jobb als	f
1317	Jobb fels	f
1318	Berom, hogy "hatvny"	f
1319	Berom, hogy "*"	f
1320	Berom, hogy "^"	t
1321	Berom, hogy "X"	f
1322	"B4*B5"	f
1323	"B4 * B5"	f
1324	"=B4XB5"	f
1325	"=B4*B5"	t
1326	Alt+3	f
1327	AltGr+3	t
1328	Ctrl+3	f
1329	AltGr+Ctrl	f
1330	A szmok kz Entert tk	f
1331	A szmok kz szkzt tk	f
1332	Kezdlap >> Szm >> Ezres tagols (3 nulla a jele a menszalagon)	t
1333	A szmok kz Tab-ot tk	f
1334	Kezdlap >> Feltteles formzs >> Cellakiemelsi szablyok >> Kt rtk kztt >> A prbeszdablakban belltom, hogy: 3 s 3	f
1335	Formtum >> Feltteles formzs >> Cellakiemelsi szablyok >> Kt rtk kztt >> A prbeszdablakban belltom, hogy: 2 s 4	f
1336	 Feltteles formzs >> Kezdlap >> Cellakiemelsi szablyok >> Kt rtk kztt >> A prbeszdablakban belltom, hogy: 2 s 4	f
1337	Kezdlap >> Feltteles formzs >> Cellakiemelsi szablyok >> Kt rtk kztt >> A prbeszdablakban belltom, hogy: 2 s 4	t
1338	Az adattartomnyra kattintok, majd a Kezdlap menn a Stlusoknl a Formzs tblzatknt ikonnl kivlasztom a nekem megfelel stlust	t
1339	Az adattartomnyra kattintok, majd a Adatok menn a Stlusoknl a Formzs tblzatknt ikonnl kivlasztom a nekem megfelel stlust	f
1340	Az adattartomnyra kattintok, majd a Nzet menn a Stlusoknl a Formzs tblzatknt ikonnl kivlasztom a nekem megfelel stlust	f
1341	Az adattartomnyra kattintok, majd a Kpletek menn a Stlusoknl a Formzs tblzatknt ikonnl kivlasztom a nekem megfelel stlust	f
1342	"=TLAG(B2:B20)"	t
1343	"TLAG(B2:B20)"	f
1344	"=TLAG(B2;B20)"	f
1345	"=TLAG(B2 B20)"	f
1346	"DARABTELI(B2:B20;2)"	f
1347	"=DARABTELI(B2:B20;5)"	f
1348	"=DARABTELI(2;B2:B20)"	f
1349	"=DARABTELI(B2:B20;2)"	t
1350	"=HA(A1=0;"TEA";"KV)"	t
1351	"=HA(B2=0;"TEA";"KV)"	f
1352	"=HAA1(B2=0;"TEA";"KV)"	f
1353	"=HA(A1=0;"TEA";VAGY,"KV)"	f
1354	J, ROSSZ	f
1355	OK, NEM OK	f
1356	IGAZ, HAMIS	t
1357	Nincs kimeneti zenete	f
1358	Tbb darabot szmol egy tartomnyban	f
1359	Kritriumokat sszegez tbb tartomnyban (pl. A" tartomnyban "XY" kritrium, "B" tartomnyban "ABC" kritrium... stb.) s sszeszmolja, hogy hny alkalommal teljesl egyszerre az sszes kritrium	t
1360	Kritriumokat sszegez tbb tartomnyban (pl. A" tartomnyban "XY" kritrium, "B" tartomnyban "ABC" kritrium... stb.) s sszeszmolja, hogy hny alkalommal teljesl egyszerre tbb kritrium	f
1361	Kritriumokat sszegez tbb tartomnyban (pl. A" tartomnyban "XY" kritrium, "B" tartomnyban "ABC" kritrium... stb.) s sszeszmolja, hogy hny alkalommal teljesl egyszerre 3 kritrium	f
1362	"=KEREKTS(A1;3)"	t
1363	"=KEREKTS(A1;0;3)"	f
1364	"=KEREKTS(A1;111)"	f
1365	"=KEREKTS(A1;000)"	f
1366	Szlesebb sorral	f
1367	Szlesebb oszloppal	t
1368	Ellenrzm a kpletet	f
1369	Megkeresem a hinyz hivatkozst	f
1370	CTRL + O 	f
1371	CTRL + B	f
1372	CTRL + S	t
1373	CTRL + A	f
1374	Tbb oldalas dokumentumot tbb pldnyban gy nyomtat, hogy az els pldnyt kinyomtatja az elejtl vgig, majd a kvetkezt az elejtl a vgig stb.	t
1375	Egy oldalas dokumentumot tbb pldnyban gy nyomtat, hogy az els pldnyt kinyomtatja az elejtl vgig, majd a kvetkezt az elejtl a vgig stb.	f
1376	Tbb oldalas dokumentumot egy pldnyban gy nyomtat, hogy az els pldnyt kinyomtatja az elejtl vgig, majd a kvetkezt az elejtl a vgig stb.	f
1377	1-1-1-1 2-2-2-2 3-3-3-3	f
1378	rsvdett lesz.	f
1379	Trlhetetlen lesz.	f
1380	A Word fjlmenjben rgztem a fjlt, hogy mindig lssam a menben.	t
1381	PDF-fjl lesz belle.	f
1382	A cm mutatja.	f
1383	Nem	f
1384	Adatok men: Informci	f
1385	Fjl men: Informci	t
1386	CTRL + B	f
1387	Kezdlap >> Bettipus >> Kattintok a "D"-re vagy CTRL + I	t
1388	Adott lapra kevesebb szveg kerl fel, azaz ugyanannyi szveghez kevesebb oldal kell	f
1389	Adott lapra tbb szveg kerl fel, azaz ugyanannyi szveghez tbb oldal kell	f
1390	Adott lapra tbb szveg kerl fel, azaz ugyanannyi szveghez kevesebb oldal kell	f
1391	Adott lapra kevesebb szveg kerl fel, azaz ugyanannyi szveghez tbb oldal kell	t
1392	Nem lehet frissteni.	f
1393	Manulisan kell trni az oldalszmokat. 	f
1394	Kattintok a tartalomjegyzkre, majd a fent megjelen "Frissts"-re. 	t
1395	F2	f
1396	Nem	f
1397	Igen	t
1398	Csak C4 mretben	f
1399	Csak A4 mretben	f
1400	Arra, hogy nagy legyen	f
1401	Arra, hogy kicsi legyen	f
1402	Tartalmazza a magyar kezetes magnhangzkat. 	t
1403	Ne tartalmazza a magyar kezetes magnhangzkat. 	f
1404	A formtuma a nagybetk, a mrete a kicsik, azaz ltvnyosan hangslyozhatunk vele, de a szveg mrete nem vltozik.	t
1405	Nagybet formtum s mret.	f
1406	A formtuma a nagybetk, a mrete a kicsik, azaz ltvnyosan hangslyozhatunk vele, de a szveg mrete megvltozik.	f
1407	A formtuma a kisbetk, a mrete a nagyok, azaz ltvnyosan hangslyozhatunk vele, de a szveg mrete nem vltozik.	f
1408	Szkzt tk kzjk.	f
1409	Kijellm a ritktani kvnt szveget. >> Kezdlap men >> Bettpus >> A rsz bal als sarkban a kis jobbra s lefel mutat nylra kattintok. >> Prbeszdablak >> Specilis >> Trkz: Ritktott.>> Ok	t
1410	Tab-ot tk kzjk	f
1411	Kijellm az alhzni kvnt szveget. >> Bettpus >> A rsz bal als sarkban a kis jobbra s lefel mutat nylra kattintok. >> Prbeszdablak >> Specilis >> Sorkz: Ritktott.>> Ok	f
1412	Kezdlap men >> Bettpus >> A rsz bal als sarkban a kis jobbra s lefel mutat nylra kattintok. >> Prbeszdablak: Szvegeffektusok	t
1413	Nzet	f
1414	Kezdlap menszalag: Bettpus rsznl van az ikonja.	t
1415	Belltsok	f
1416	CTRL + J	f
1417	CTRL + R	t
1418	CTRL + NYL JOBBRA	f
1419	CTRL + END	f
1420	Sorkz	f
1421	Behzs	f
1422	Enter	f
1423	Trkz	t
1424	Kattintok a MSODIK bekezdsen. >> Kezdlap men >> Bekezds rsz A rsz bal als sarkban a kis jobbra s lefel mutat nylra kattintok. >> Prbeszdablak >> Szvegbeoszts fl >> Egytt a kvetkezvel >> Ok	f
1425	Kattintok az ELS bekezdsen. >> Tervezs men >> Bekezds rsz A rsz bal als sarkban a kis jobbra s lefel mutat nylra kattintok. >> Prbeszdablak >> Szvegbeoszts fl >> Egytt a kvetkezvel >> Ok	f
1426	Kattintok az ELS bekezdsen. >> Kezdlap men >> Bekezds rsz A rsz bal als sarkban a kis jobbra s lefel mutat nylra kattintok. >> Prbeszdablak >> Szvegbeoszts fl >> Egytt a kvetkezvel >> Ok	t
1427	Kattintok az ELS bekezdsen. >> Nzet men >> Bekezds rsz A rsz bal als sarkban a kis jobbra s lefel mutat nylra kattintok. >> Prbeszdablak >> Szvegbeoszts fl >> Egytt a kvetkezvel >> Ok	f
1428	Stabilabban tartja a tvolsgot, mint a szkzk.	t
1429	Gyorsabb a szkznl	f
1430	Trkzt is ad.	f
1431	Ritktja a betk kzti tvolsgot.	f
1432	Jobb klikk az egyes szmra, amelyiknl folytatnm a flbehagyott felsorolst >> Helyi men >> Szmozs folytatsa	t
1433	Bal klikk az egyes szmra, amelyiknl folytatnm a flbehagyott felsorolst >> Helyi men >> Szmozs folytatsa	f
1434	Jobb klikk az egyes szmra, amelyiknl folytatnm a flbehagyott felsorolst >> Helyi men >> Nzet >> Szmozs folytatsa	f
1435	Jobb klikk az egyes szmra, amelyiknl folytatnm a flbehagyott felsorolst >> Helyi men >> Frissts	f
1436	Beszrs men >> Oldalszmok >>  lfej s llb rsz >> Oldalszmok  >>  a prbeszdablakon: Szmformtum >> Bellts a listrl s Ok	f
1437	Beszrs men >> Oldalszmok >>  lfej s llb rsz >> Oldalszmok  >> Belltom, hov szeretnm >> Megjelenik a menszalagon az lfej s llb men >> Oldalszm >> Oldalszmozs formzsa >> a prbeszdablakon: Szmformtum >>Bellts a listrl s Ok	t
1438	Beszrs men >> Oldalszmok >>  lfej s llb rsz >> Oldalszmok  >> Belltom, hov szeretnm >> Megjelenik a menszalagon az lfej s llb men >> Nzet >> Oldalszm >> Oldalszmozs formzsa >> a prbeszdablakon: Szmformtum >> Bellts a listrl s Ok	f
1574	CTRL + D	f
1575	CTRL + B	t
1439	Beszrs men >> Oldalszmok >>  lfej s llb rsz >> Oldalszmok  >> Belltom, hov szeretnm >> Bellts a listrl s Ok	f
1440	Kattints a fedlapon >> Nzet men >> Sznek	f
1441	Kattints a fedlapon >> Tervezs men >> Sznek	t
1442	Kattints a fedlapon >> Tervezs men >> Tmk	f
1443	Kattints a fedlapon >> Fedlap men >> Sznek	f
1444	Nem lehet stlust mdostani.	f
1445	Kezdlap men >> Stlusok >> Kivalsztom a mdostani kvnt stlust >> Jobb klikk rajta >> Mdosts  >> Stlus mdostsa prbeszdablakban mdostom, amit akarok  >> Ok	t
1446	Kezdlap men >> Stlusok >> Kivalsztom a mdostani kvnt stlust >> Bal klikk rajta >> Mdosts  >> Stlus mdostsa prbeszdablakban mdostom, amit akarok  >> Ok	f
1447	Kezdlap men >> Stlusok >> Kivalsztom a mdostani kvnt stlust >> Jobb klikk rajta >> Szerkeszts  >> Stlus mdostsa prbeszdablakban mdostom, amit akarok  >> Ok	f
1448	Del	f
1449	Home	t
1450	End	f
1451	CTRL	f
1452	CTRL + Enter	t
1453	Shift + Enter	f
1454	CTRL + End	f
1455	Ctrl + F4	f
1456	Nem lehet.	f
1457	Tblzat szeglyekkel teszem.	f
1458	Szerkeszts >> Rcsvonalak	f
1459	Nzet men >> Megjelents >> Rcsvonalak	t
1460	Kezdlap >> Bekezds >> Minden ltszik	t
1461	Nzet >> Bekezds >> Minden ltszik	f
1462	Nzet >> Minden ltszik	f
1463	Kezdlap >> Bekezds >> Nagyts >> Minden ltszik	f
1464	Kezdlap men >> Ablak >> Feloszts megszntetse	f
1465	Kezdlap men >> Megjelents >> Webes nzet	f
1466	Nzet men >> Ablak >> Feloszts megszntetse	t
1467	Nzet men >> Megjelents >> Webes nzet	f
1468	Kezdlap men >> Nzet >> Vglap >> a rsz jobb als sarkban lv jobbra s le mutat nylra kattintok >> s bal oldalon megjelenik a Vgknyv.	f
1469	CTRL + H >> Vglap	f
1470	Kezdlap men >> Vglap >> a rsz jobb als sarkban lv jobbra s le mutat nylra kattintok >> s bal oldalon megjelenik a Vgknyv.	t
1471	Formtum men >> Vglap >> a rsz jobb als sarkban lv jobbra s le mutat nylra kattintok >> s bal oldalon megjelenik a Vgknyv.	f
1472	Ecset. Kezdlap men >> Vglap >> Ecset ikon	t
1473	Ecset. Nzet men >> Vglap >> Ecset ikon	f
1474	CD-t brzol. Kezdlap men >> Vglap >> Ecset ikon	f
1475	Tollat brzol. Kezdlap men >> Vglap >> Ecset ikon	f
1476	Vlemnyezs men >> Nyelv >> Nyelv  >> Ellenrzs nyelvnek megadsa >> A listn kikeresem a francia nyelvet >> Ok	f
1477	Kijellm a fontos rszt >> Vlemnyezs men >> Nyelv >> Nyelv  >> Ellenrzs nyelvnek megadsa >> A listn kikeresem a francia nyelvet >> Ok	t
1478	Kijellm a fontos rszt >> Vlemnyezs men >> Nyelv >> Nyelv  >>  A listn kikeresem a francia nyelvet >> Ok	f
1479	Kijellm a fontos rszt >> Vlemnyezs men >> Ellenrzs >> Nyelv >> Nyelv  >> Ellenrzs nyelvnek megadsa >> A listn kikeresem a francia nyelvet >> Ok	f
1480	Ctrl + H >> A prbeszdablakba berom, hogy: Courgette >> Ok	f
1481	Kezdlap men >> Szekeszts >>Keress >> Irnytott keress >>  Formtum >> Bettipus: Courgette >> Ok	f
1482	Ctrl + F >> A prbeszdablakba brom, hogy: Courgette >> Ok	f
1483	Kezdlap men >> Szekeszts >>Keress >> Irnytott keress >> Egyebek >> Formtum >> Bettipus: Courgette >> Ok	t
1484	Ctrl + H >> A prbeszdablakban a "Keresett szveg": "apple"; "Csere erre": "alma" >> Ok	f
1485	Ctrl + H >> A prbeszdablakban a "Keresett szveg": "alma"; "Csere erre": "apple" >> Az sszes cserje	t
1486	Ctrl + H >> A prbeszdablakban a "Keresett szveg": "apple"; "Csere erre": "alma" >> Az sszes cserje	f
1487	Ctrl + H >> A prbeszdablakban a "Keresett szveg": "alma"; "Csere erre": "alma" >> Az sszes cserje	f
1488	Kijellhetjk a szksges terletet, ha nem az egsz dokumentum a cl  >> CTRL + H >> A prbeszdablakon: Egyebek >> Kattintok a "Keresett szveg" mezn >> Specilis >> Kattintok a bekezdsjelre, majd ismtlem ezt >> Kattintok a "Csere erre" mezn >> Specilis >> Kattintok a bekezdsjelre >> Az sszes cserje >> Szksg esetn ismtlem. 	t
1489	Kijellhetjk a szksges terletet, ha nem az egsz dokumentum a cl  >> CTRL + H >> A prbeszdablakon: Formtum >> Kattintok a "Keresett szveg" mezn >> Specilis >> Kattintok a bekezdsjelre, majd ismtlem ezt >> Kattintok a "Csere erre" mezn >> Specilis >> Kattintok a bekezdsjelre >> Az sszes cserje >> Szksg esetn ismtlem. 	f
1490	Kijellhetjk a szksges terletet, ha nem az egsz dokumentum a cl  >> CTRL + H >> A prbeszdablakon: Egyebek >> Kattintok a "Keresett szveg" mezn >> Specilis >> Kattintok a bekezdsjelre, majd ismtlem ezt >> Kattintok a "Csere erre" mezn >> Specilis >> Kattintok a bekezdsjelre >> Az sszes cserje	f
1491	Kijellhetjk a szksges terletet, ha nem az egsz dokumentum a cl  >> CTRL + H >> A prbeszdablakon: Egyebek >> Kattintok a "Keresett szveg" mezn >> Bekezds >> Kattintok a bekezdsjelre, majd ismtlem ezt >> Kattintok a "Csere erre" mezn >> Specilis >> Kattintok a bekezdsjelre >>Az sszes cserje >> Szksg esetn ismtlem. 	f
1492	Manulisan kell elvlasztani.	f
1493	Kijelelm az elvlaszts tartomnyt. >> Tervezs men >> Elvlaszts >> Automatikus	f
1494	Kijelelm az elvlaszts tartomnyt. >> Elrendezs men >> Elvlaszts >> Automatikus	t
1495	Kijelelm az elvlaszts tartomnyt. >> Szerkeszts men >> Elvlaszts >> Automatikus	f
1496	Kihagys	f
1497	Az sszes kihagysa	f
1498	Felvtel a sztrba	t
1499	Sztr frisstse	f
1500	Shift + F4	f
1501	Shift + F5	f
1502	Shift + F6	f
1503	Shift + F7	t
1504	(A hasbokon kattintok egyet a bal egrgombbal) >> Elrendezs men >> Hasbok >> A prbeszdablakon kiveszem a pipt az azonos hasbszlessg ell, s belltom az els hasbot szlesebbnek.	f
1505	(A hasbokon kattintok egyet a bal egrgombbal) >> Elrendezs men >> Hasbok >> Tovbbi hasbok >> A prbeszdablakon kiveszem a pipt az azonos hasbszlessg ell, s belltom az els hasbot szlesebbnek.	t
1506	(A hasbokon kattintok egyet a bal egrgombbal) >> Elrendezs men >> Hasbok >> Tovbbi hasbok >> A prbeszdablakon kipiplom az azonos hasbszlessget, s belltom az els hasbot szlesebbnek.	f
1507	(A hasbokon kvl kattintok egyet a bal egrgombbal) >> Elrendezs men >> Hasbok >> Tovbbi hasbok >> A prbeszdablakon kiveszem a pipt az azonos hasbszlessg ell, s belltom az els hasbot szlesebbnek.	f
1508	Formtum s bettpus	f
1509	Adatok rendezse	f
1510	Cmsorszmozs	t
1511	Felsorols	f
1512	Hivatkozsok men >>  A Lbjegyezt s vgjegyzet prbeszdablakon: Konvertls >> Ok	f
1513	Hivatkozsok men >> Lbjegyzetek rsz >> A jobb als sarokban a kis jobbra s le mutat nyll >> A Lbjegyezt s vgjegyzet prbeszdablakon: Konvertls >>Ok	t
1514	Hivatkozsok men >> Vgjegyzetek rsz >> A jobb als sarokban a kis jobbra s le mutat nyll >> A Lbjegyezt s vgjegyzet prbeszdablakon: Konvertls >>Ok	f
1515	Jobb klikk az alakzaton >> Szerkeszts	f
1516	Hivatkozsok men >> Lbjegyzetek rsz >> A Lbjegyezt s vgjegyzet prbeszdablakon: Konvertls >>Ok	f
1517	A menszalagon	t
1518	Beszrs	f
1519	Nzet	f
1520	Ha nincs a menszalagon, akkor Fjl >> (Egyebek >>) Belltsok >> Menszalag testreszabsa	t
1521	Kattintok a cl helyre >> Ezutn: Fejleszteszkzk >> Vezrlk >>  Naptr ikonra kattintok >> Ezutn a Fejleszteszkzk menn a Tulajdonsgokra kattintva a lenyl prbeszdablakban testreszabom.	t
1522	Fejleszteszkzk >> Vezrlk >>  Naptr ikonra kattintok >> Ezutn a Fejleszteszkzk menn a Tulajdonsgokra kattintva a lenyl prbeszdablakban testreszabom.	f
1523	Kattintok a cl helyre >> Ezutn: Fejleszteszkzk >> Vezrlk >>  Naptr ikonra kattintok >> Ok.	f
1524	Kattintok a cl helyre >> Ezutn: Fejleszteszkzk >> Vezrlk >>  Naptr ikonra kattintok >> Ezutn a Fejleszteszkzk menn a Formtumra kattintva a lenyl prbeszdablakban testreszabom.	f
1525	Az alakzatra kattintok, majd az Alakzat formtuma menn a kitltsre. >> Kp >> Online kpek >> a kerescskba almt berva keresek egyet >> Beszrs 	t
1526	Az alakzatra kattintok, majd az Alakzat formtuma menn a kitltsre. >> Kp >> Online kpek >> a kerescskba almt berva keresek egyet >> Beszrs 	f
1527	Az alakzatra kattintok, majd az Alakzat formtuma menn a kitltsre. >> Kp >> Online kpek >> a kerescskba almt berva keresek egyet >> Beszrs 	f
1528	Az alakzatra kattintok, majd az Alakzat beszrsa menn a kitltsre. >> Kp >> Online kpek >> a kerescskba almt berva keresek egyet >> Beszrs 	f
1529	Jobb kattints a diagramra >> Adatok szerkesztse >> a lenyl Excel-alap tblzatban pedig szerkeszthetem az adatokat.	t
1530	j diagramot kell szerkesztenem.	f
1531	Kijellm a diagramot >> Adatok szerkesztse men a menszalagon >> a lenyl Excel-alap tblzatban pedig szerkeszthetem az adatokat.	f
1532	Jobb kattints a diagramra >> Adatok szerkesztse >> a lenyl PowerPoint-alap tblzatban pedig szerkeszthetem az adatokat.	f
1533	Kattintok az brn, majd a lenyl prbeszdablakban adhatom meg az j adatokat.	f
1534	A nzet menben llthatom t a krvonalakat.	f
1535	Kattintok az brn s a menszalagon megjelenik a SmartArt-terv men. Ebben.	t
1536	Nem lehet szerkeszteni.	f
1537	Nzet >> Szn >> Szpia szn	f
1538	Kattintok a kpen >>  Kpformtum men >> Kiigazts rsz >> Szn >> Szpia szn	t
1539	Kattintok a kp mell >>  Kpformtum men >> Kiigazts rsz >> Szn >> Szpia szn	f
1540	Kattintok a kpen >>  Kpformtum men >> Kiigazts rsz >> Szn >> RGB: 255	f
1541	Jobb klikk az alakzaton >> Szerkeszts	f
1542	Jobb klikk az alakzaton >> Alakzat formzsa	f
1543	Jobb klikk az alakzaton >> Csompontok szerkesztse	t
1544	Ezt nem lehet szerkeszteni.	f
1545	Egy makr.	f
1546	Egy ltvnyos szvegrsz, amit beszrhatunk a szvegbe s formzhatunk.	t
1547	Egy kpalrs	f
1548	Egy Inicil	f
1549	Arial	f
1550	Tahoma	f
1551	Wingdings	t
1552	Courgette	f
1553	Beszrs men >> Dtum s id >> A prbeszdablakon lltsuk be a kvnt formtumot, s pipljuk ki az Automatikus frisstst	t
1554	Beszrs men >> Dtum s id >> A prbeszdablakon lltsuk be a kvnt formtumot, s hagyjuk ki az Automatikus frisstst	f
1555	Beszrs men >> Dtum s id >> A legrdl listn lltsuk be a kvnt formtumot, s pipljuk ki az Automatikus frisstst	f
1556	Dtum men >> Dtum s id >> A prbeszdablakon lltsuk be a kvnt formtumot, s pipljuk ki az Automatikus frisstst	f
1557	Tbb oldalas dokumentumot tbb pldnyban gy nyomtat, hogy az els pldnyt kinyomtatja az elejtl vgig, majd a kvetkezt az elejtl a vgig stb.	t
1558	Egy oldalas dokumentumot tbb pldnyban gy nyomtat, hogy az els pldnyt kinyomtatja az elejtl vgig, majd a kvetkezt az elejtl a vgig stb.	f
1559	Tbb oldalas dokumentumot egy pldnyban gy nyomtat, hogy az els pldnyt kinyomtatja az elejtl vgig, majd a kvetkezt az elejtl a vgig stb.	f
1560	1-1-1-1 2-2-2-2 3-3-3-3	f
1561	A cm mutatja.	f
1562	Nem	f
1563	Adatok men: Informci	f
1564	Fjl men: Informci	t
1565	CTRL + B	f
1566	Kezdlap >> Bettipus >> Kattintok a "D"-re vagy CTRL + I	t
1567	CTRL + D	f
1568	F2	f
1569	Nem lehet frissteni.	f
1570	Manulisan kell trni az oldalszmokat. 	f
1571	Kattintok a tartalomjegyzkre, majd a fent megjelen "Frissts"-re. 	t
1572	F2	f
1573	CTRL + F	f
1576	CTRL + T	f
1577	Szkzt tk kzjk.	f
1578	Kijellm a ritktani kvnt szveget. >> Kezdlap men >> Bettpus >> A rsz bal als sarkban a kis jobbra s lefel mutat nylra kattintok. >> Prbeszdablak >> Specilis >> Trkz: Ritktott.>> Ok	t
1579	Tab-ot tk kzjk	f
1580	Kijellm az alhzni kvnt szveget. >> Bettpus >> A rsz bal als sarkban a kis jobbra s lefel mutat nylra kattintok. >> Prbeszdablak >> Specilis >> Sorkz: Ritktott.>> Ok	f
1581	Stabilabban tartja a tvolsgot, mint a szkzk.	t
1582	Gyorsabb a szkznl	f
1583	Trkzt is ad.	f
1584	Ritktja a betk kzti tvolsgot.	f
1585	Kattintok a vonalzn a margra >> a lenyl prbeszdablakon kijellm a megfelel tabultort >>  Decimlis >> Ok	f
1586	Kattintok a vonalzn a tabultorra >> a lenyl prbeszdablakon kijellm a megfelel tabultort >>  Decimlis >> Ok	t
1587	Kattintok a vonalzn a tabultorra >> a lenyl prbeszdablakon kijellm a megfelel tabultort >>  vessz >> Ok	f
1588	Kattintok a vonalzn a tabultorra >> a lenyl helyi menn kijellm a megfelel tabultort >>  Decimlis >> Ok	f
1589	Bal egrgombbal dupln kattintok a meglv oldalszmra (esetleg az lfejre-llbra) >> lfej s llb men >> Oldalszm >> Oldalszmozs formzsa >> a prbeszdablakon: Kezd sorszm >> Belltom, hogy 2243	t
1590	Jobbal kattintok a meglv oldalszmra (esetleg az lfejre-llbra) >> lfej s llb men >> Oldalszm >> Oldalszmozs formzsa >> a prbeszdablakon: Kezd sorszm >> Belltom, hogy 2243	f
1591	Kattintok a meglv oldalszmra (esetleg az lfejre-llbra) >> Nzet men >> Oldalszm >> Oldalszmozs formzsa >> a prbeszdablakon: Kezd sorszm >> Belltom, hogy 2243	f
1592	Kattintok a meglv oldalszmra (esetleg az lfejre-llbra) >> Tervezs men >> Oldalszm >> Oldalszmozs formzsa >> a prbeszdablakon: Kezd sorszm >> Belltom, hogy 2243	f
1593	Jobb klikk a szvegre.>> Stlusok >> Legrdl men >> Slus ltrehozsa >> Stlus ltrehozsa prbeszdablak >> Belltom, amit szeretnk, s Ok. 	t
1594	Formtum men >> Stlusok >> j Stlus	f
1595	Bal klikk a szvegre.>> Stlusok >> Legrdl men >> Slus ltrehozsa prbeszdablak >> Belltom, amit szeretnk, s Ok. 	f
1596	Jobb klikk a szvegre.>> Stlusok >> Legrdl men >> Slus tnevezse  prbeszdablak >> Belltom, amit szeretnk, s Ok. 	f
1597	Nem lehet stlust mdostani.	f
1598	Kezdlap men >> Stlusok >> Kivalsztom a mdostani kvnt stlust >> Jobb klikk rajta >> Mdosts  >> Stlus mdostsa prbeszdablakban mdostom, amit akarok  >> Ok	t
1599	Kezdlap men >> Stlusok >> Kivalsztom a mdostani kvnt stlust >> Bal klikk rajta >> Mdosts  >> Stlus mdostsa prbeszdablakban mdostom, amit akarok  >> Ok	f
1600	Kezdlap men >> Stlusok >> Kivalsztom a mdostani kvnt stlust >> Jobb klikk rajta >> Szerkeszts  >> Stlus mdostsa prbeszdablakban mdostom, amit akarok  >> Ok	f
1601	Del	f
1602	Home	t
1603	End	f
1604	CTRL	f
1605	Kezdlap >> Bekezds >> Minden ltszik	t
1606	Nzet >> Bekezds >> Minden ltszik	f
1607	Nzet >> Minden ltszik	f
1608	Kezdlap >> Bekezds >> Nagyts >> Minden ltszik	f
1609	Kezdlap men >> Nzet >> Vglap >> a rsz jobb als sarkban lv jobbra s le mutat nylra kattintok >> s bal oldalon megjelenik a Vgknyv.	f
1610	CTRL + H >> Vglap	f
1611	Kezdlap men >> Vglap >> a rsz jobb als sarkban lv jobbra s le mutat nylra kattintok >> s bal oldalon megjelenik a Vgknyv.	t
1612	Formtum men >> Vglap >> a rsz jobb als sarkban lv jobbra s le mutat nylra kattintok >> s bal oldalon megjelenik a Vgknyv.	f
1613	Vlemnyezs men >> Vdelem >> Szerkeszts korltozsa >> Bal oldalt szerkeszts korltozsa munkaablak >> Mdostsi korltozsok >> Nincs mdosts (csak olvashat) >> Igen, bekapcsolom a dokumentumvdelmet >> Jelsz 789 >> Ok	f
1614	Nem lehet ilyet belltani.	f
1615	Vlemnyezs men >> Vdelem >> Szerkeszts korltozsa >> Jobb oldalt szerkeszts korltozsa munkaablak >> Mdostsi korltozsok >> Nincs mdosts (csak olvashat) >> Igen, bekapcsolom a dokumentumvdelmet >> Jelsz 789 >> Ok	t
1616	Vlemnyezs men >> Vdelem >> Szerkeszts korltozsa >> Jobb oldalt szerkeszts korltozsa munkaablak >> Mdostsi korltozsok >> Formzs >> Igen, bekapcsolom a dokumentumvdelmet >> Jelsz 789 >> Ok	f
1617	Tervezs men >> Vzjel >> Egyni vzjel >> Nyomtatott vzjel >> Szveg hasznlata vzjelknt >> Szveg: titok; Szn a listbl: piros >> Ok vagy Alkalmaz	t
1618	Tervezs men >> Vzjel >> Egyni vzjel >>  Szveg hasznlata vzjelknt >> Szveg: titok; Szn a listbl: piros >> Ok vagy Alkalmaz	f
1619	Tervezs men >> Vzjel >> Egyni vzjel >> Nyomtatott vzjel >> Szveg hasznlata vzjelknt >> Szn a listbl: piros >> Ok vagy Alkalmaz	f
1620	Tervezs men >> Vzjel >> Egyni vzjel >> Nyomtatott vzjel >> Szveg hasznlata vzjelknt >> Szveg: titok;  >> Ok vagy Alkalmaz	f
1621	Vlemnyezs men >> Nyelv >> Nyelv  >> Ellenrzs nyelvnek megadsa >> A listn kikeresem a francia nyelvet >> Ok	f
1622	Kijellm a fontos rszt >> Vlemnyezs men >> Nyelv >> Nyelv  >> Ellenrzs nyelvnek megadsa >> A listn kikeresem a francia nyelvet >> Ok	t
1623	Kijellm a fontos rszt >> Vlemnyezs men >> Nyelv >> Nyelv  >>  A listn kikeresem a francia nyelvet >> Ok	f
1624	Kijellm a fontos rszt >> Vlemnyezs men >> Ellenrzs >> Nyelv >> Nyelv  >> Ellenrzs nyelvnek megadsa >> A listn kikeresem a francia nyelvet >> Ok	f
1625	Ctrl + H >> A prbeszdablakba berom, hogy: Courgette >> Ok	f
1626	Kezdlap men >> Szekeszts >>Keress >> Irnytott keress >>  Formtum >> Bettipus: Courgette >> Ok	f
1627	Ctrl + F >> A prbeszdablakba brom, hogy: Courgette >> Ok	f
1628	Kezdlap men >> Szekeszts >>Keress >> Irnytott keress >> Egyebek >> Formtum >> Bettipus: Courgette >> Ok	t
1629	Ctrl + H >> A prbeszdablakban a "Keresett szveg": "apple"; "Csere erre": "alma" >> Ok	f
1630	Ctrl + H >> A prbeszdablakban a "Keresett szveg": "alma"; "Csere erre": "apple" >> Az sszes cserje	t
1631	Ctrl + H >> A prbeszdablakban a "Keresett szveg": "apple"; "Csere erre": "alma" >> Az sszes cserje	f
1632	Ctrl + H >> A prbeszdablakban a "Keresett szveg": "alma"; "Csere erre": "alma" >> Az sszes cserje	f
1633	Kezdlap men >> Bekezds >> Rendezs ikon	t
1634	Nzet men >> Bekezds >> Rendezs ikon	f
1635	Kezdlap men >> Adatok >> Bekezds >> Rendezs ikon	f
1636	Kezdlap men >> Nzet >> Rendezs ikonKezdlap men >> Nzet >> Rendezs ikon	f
1637	Formtum s bettpus	f
1638	Adatok rendezse	f
1639	Cmsorszmozs	t
1640	Felsorols	f
1641	Jobb klikk az alakzaton >> Alakzat formzsa	f
1642	Jobb klikk az alakzaton >> Csompontok szerkesztse	t
1643	Ezt nem lehet szerkeszteni.	f
1644	Kirja, hogy "hello".	f
1645	 Az res bemutat lehetsg mellett megnyithatunk egy "dvzli a PowerPoint" cm bemutatt, ami sok mindent elmagyarz.	t
1646	Youtube linket ad. 	f
1647	Emailt kld neknk.	f
1648	Nzet men >> Ablakvlts >> arra a prezentcira kattintok, amivel dolgozni akarok.	t
1649	Nem lehet.	f
1650	Mentem a befejezni kvntat s kilpek belle.	f
1651	Nzet men >> Aktv prezentci >> arra a prezentcira kattintok, amivel dolgozni akarok.	f
1652	bal fels sarok	f
1653	bal als sarok	f
1654	jobb fels sarok	f
1655	jobb als sarok	t
1656	Nem lehet.	f
1657	Csak az alaprtelmezett helyekre lehet. 	f
1658	Beszrs men >> Szveg >> Szvegdoboz >> majd egrrel kijellm a din a helyet.	t
1659	Nzet men >> Szvegdoboz.	f
1660	CTRL + X	f
1661	CTRL+ Z	f
1662	A mgis nyila a gyorselrsi eszkztron (balra visszafordul nyl)	f
1663	A mgis nyila a gyorselrsi eszkztron (jobbra visszafordul nyl)	t
1664	.ppt	f
1665	.keynote	f
1666	.docx	f
1667	.pptx	t
1668	1 kattints a bal egrgombbal	f
1669	1 kattints a jobb egrgombbal	f
1670	2 kattints a bal egrgombbal	t
1671	2 kattints a jobb egrgombbal	f
1672	Tbben ltjk a fjlt.	f
1673	Egyszerre tbben is dolgozhatunk egy fjlon.	t
1674	Elkldhetem a fjlt brkinek.	f
1675	Felvltva tbben is dolgozhatuk egy fjlon.	f
1676	Csak szabvnymretek vannak.	f
1677	Nzet men >> Egyni diamret	f
1678	Formtum men >> Diamret >> Egyni diamret.	f
1679	Ctrl	f
1680	NumLock	f
1681	Del	t
1682	Win	f
1683	Ctrl	t
1684	Shift	f
1685	Alt	f
1686	Win	f
1687	A kijells utn rkattintok a bal egrgombbal, de lenyomva tartom s amg az egrgomb le van nyomva - hzssal oda mozgatom, ahova szeretnm.	t
1688	A kijells utn rkattintok a jobb egrgombbal, de lenyomva tartom s amg az egrgomb le van nyomva - hzssal oda mozgatom, ahova szeretnm.	f
1689	A kijells utn rkattintok a jobb egrgombbal, de majd felengedem a gombot s hzssal oda mozgatom, ahova szeretnm.	f
1690	Csak msolni lehet, mozgatni nem.	f
1691	Szvegdoboz	f
1692	Szvegrsz	f
1693	Kp	f
1694	Dia	t
1695	Nem.	f
1696	Beilleszts kpknt - ezutn igen.	t
1697	Forrsformtum megrzse - ezutn kovertls kpp, s azutn mehet.	f
1698	Clformtum megrzse - ezutn kovertls kpp, s azutn mehet.	f
1699	12 a PowerPointbl.	f
1700	24 a PowerPointbl.	f
1701	24 a PowerPointbl s ms alkalmazsokbl.	t
1702	12 a PowerPointbl s ms alkalmazsokbl.	f
1703	Arra, hogy nagy legyen	f
1704	Arra, hogy kicsi legyen	f
1705	Tartalmazza a magyar kezetes magnhangzkat. 	t
1706	Ne tartalmazza a magyar kezetes magnhangzkat. 	f
1707	kb. 60cm	f
1708	kb. 6 cm	f
1709	kb. 24 cm	f
1710	kb. 2,4 cm	t
1711	L	f
1712	I	f
1713	Y	f
1714	D	t
1715	Nem	f
1716	1 s 10 kztt.	f
1717	Igen. Pozitv s negatv % rtkekkel.	t
1718	1 s 5 kztt	f
1719	Kezdlap men >> Nzet >> Trkz s pozci.	f
1720	Nzet men >> Bettipus rsz >> Trkz s pozci.	f
1721	Kezdlap men >> Bettipus rsz >> Trkz s pozci.	t
1722	Kezdlap men >> Bettipus rsz >> Trkz s betkz.	f
1723	A kijellt rsz betit mindenkppen kisbetre lltja	f
1724	A kijellt rsz betmrett kisebbre vagy nagyobbra lltja	f
1725	A kijellt rsz beti kzl az eredetileg nagybetket kicsire cserli, a kisbetket pedig nagyra.	t
1726	Az alaprtelmezett bettpust vltoztatja meg.	f
1727	A betszneknl, a lenyithat listnl: >> Tovbbi sznek... >>Egyni fl >> RGB (esetleg hexadecimlis)	t
1728	A nzetnl, a lenyithat listnl: >> Tovbbi sznek... >>Egyni fl >> RGB (esetleg hexadecimlis)	f
1729	A betszneknl, a lenyithat listnl: >>  RGB (esetleg hexadecimlis)	f
1730	A betszneknl, a lenyithat listnl: >> Sznek... >>Egyni fl >> RGB (esetleg hexadecimlis)	f
1815	A vide szneit halvnyabbra lltom.	f
1816	Rossz diaszm volt megadva.	f
1731	Lenyitom a bettpus panelt (Kezdlap men >> Bettpus rsz >> jobb als sarok >> jobbra lefel mutat nyl >> Bettpus prbeszdablak >> alhzs szne	t
1732	Lenyitom a bettpus panelt (Kezdlap men >> Bettpus rsz >> bal als sarok >> jobbra lefel mutat nyl >> Bettpus prbeszdablak >> alhzs szne	f
1733	Lenyitom a bettpus panelt (Kezdlap men >> Bettpus rsz >> jobb als sarok >> balra lefel mutat nyl >> Bettpus prbeszdablak >> alhzs szne	f
1734	Lenyitom a bettpus panelt (Kezdlap men >> Bettpus rsz >> jobb als sarok >> jobbra felfel mutat nyl >> Bettpus prbeszdablak >> alhzs szne	f
1735	sorok	f
1736	betk	f
1737	bekezdsek	t
1738	dik	f
1739	balra	f
1740	kzpre	f
1741	fel	t
1742	jobbra	f
1743	A WordArt-ot 100-nl kevesebb sznnel tlthetem ki.	t
1744	A WordArt-ot kppel is kitlthetem.	f
1745	A WordArt-ot  PowerPoint ltal megadott sznekkel is kitlthetem.	f
1746	A WordArt-ot az internetrl letlttt kppel is kitlthetem.	f
1747	ttetszsg	f
1748	Mret	f
1749	Elmoss	f
1750	Trkz	t
1751	Tervezs men >> Diamret >> Egyni diamret 	t
1752	A kp beszrsa utn kattintok a WordArton - majd a Kiigazts menben a Szn ikonra kattintok. Ott a lenyl menben vlasztom ki a megfelel sznt. 	f
1753	A kp beszrsa utn kattintok a WordArton - majd a Kpformtum menn a Szn rszben a Kiigazts ikonra kattintok. Ott a lenyl menben vlasztom ki a megfelel sznt. 	f
1754	A kp beszrsa utn kattintok a WordArton - majd a Kpformtum menn a Kiigazts rszben a Szn ikonra kattintok. Ott a lenyl menben vlasztom ki a megfelel sznt. 	t
1755	Nem lehet a beszrt kpet formzni.	f
1756	Els oszlop	f
1757	Kzps oszlop	t
1758	Utols oszlop	f
1759	sszegsor	f
1760	Keretezs	f
1761	rnykols	f
1762	Tkrzds	f
1763	Fazetta	t
1764	A szvegdoboz vonalain 8 darab pont van.	f
1765	A cscsokon lv pontok segtsgvel nyjtom a szvegdobozt.	f
1766	Az oldalfelezkn lv pontok segtsgvel elforgatom a szvegdobozt.	t
1767	A nyjts mretarnyos tmretezs.	f
1768	A PowerPoint automatikusan a szvegdobozhoz igaztja a bert szveg betmrett.	t
1769	A PowerPoint automatikusan a szvegdobozt igaztja a bert szveg betmrethez.	f
1770	A PowerPoint nem igaztja automatikusan a szvegdobozhoz a bert szveg betmrett.	f
1771	A PowerPoint automatikusan a szvegdobozhoz igaztja a bert szveg bettpust.	f
1772	Igen, a szvegdobozra kattintva a Szaggatott vonal menn, a Krvonal ikonjn kattintva a lenyl menben az Alakzat formtuma lehetsgnl.	f
1773	Igen, a dira kattintva az Alakzat formtuma menn, a Krvonal ikonjn kattintva a lenyl menben a Szaggatott vonal lehetsgnl.	f
1774	Igen, a szvegdobozra kattintva a Krvonal menn, az Alakzat formtuma ikonjn kattintva a lenyl menben a Szaggatott vonal lehetsgnl.	f
1775	Igen, a szvegdobozra kattintva az Alakzat formtuma menn a Krvonal ikonjn kattintva a lenyl menben a Szaggatott vonal lehetsgnl.	t
1776	Word	f
1777	Access	f
1778	Excel	t
1779	Publisher	f
1780	Minl ttetszbb az rnyk, annl jobban lthat az rnyk szne.	f
1781	Az rnyk tvolsga lland.	f
1782	Minl kevsb ttetsz az rnyk, annl jobban lthat az rnyk szne.	t
1783	A tkrzds mrete lland.	f
1784	Fels fazetta	f
1785	Als fazetta	f
1786	WordArt	t
1787	Megvilgts	f
1788	Fekete-fehrr teszi azt.	f
1789	Egybl trli.	f
1790	Feketbe bortja.	f
1791	Ciklmen sznnel.	t
1792	Kattintok a beszrt kpen a jobb egrgombbal, a megjelen Kpformtum menben a Krlvgsra kattintok, majd a lenyl menben a Krlvgs alakzatra lehetsgei kzl kivlasztom a szvet, s kattintok a bal egrgombbal.	f
1793	Kattintok a beszrt kpen a bal egrgombbal, a megjelen Kpformtum menben a Krlvgsra kattintok, majd a lenyl menben a Krlvgs alakzatra lehetsgei kzl kivlasztom a szvet, s kattintok a bal egrgombbal.	t
1794	Kattintok a beszrt kpen a bal egrgombbal, a megjelen Krlvgs alakzatra menben a Krlvgsra kattintok, majd a lenyl menben a Kpformtum  lehetsgei kzl kivlasztom a szvet, s kattintok a bal egrgombbal.	f
1795	Erre nincs lehetsg	f
1796	Cmdit.	t
1797	Htteret.	f
1798	Trhatst.	f
1799	Brmit.	f
1800	Win + Alt + Q	f
1801	Win + Ctrl + Q	f
1802	Win + Ctrl + Q + Enter	f
1803	Win + Shift + Q	t
1804	A vide vgn lv kp.	f
1805	Az a kp, ami a beszrt viden van annak elindtsig, s teljesen testreszabhat.	t
1806	Az a kp, ami a beszrt vide vgn van, a lejtszs utn kerl oda, s teljesen testreszabhat.	f
1807	Az a kp, ami a beszrt viden van annak elindtsig, s a vide egyik kockjt mutatja.	f
1808	Msodperc pontossggal.	f
1809	Nem vghat.	f
1810	Perc pontossggal.	f
1811	Ezredmsodperc pontossggal.	t
1812	A vide lejtszsnak ltalam belltott els szakaszban a nyitkp elhavnyul, s ezzel ellenttesen egyre ersebben tnik el a vide.	f
1813	A vide lejtszsnak ltalam belltott utols szakaszban a vide elhavnyul, s ezzel ellenttesen egyre ersebben tnik el a nyitkp.	t
1814	A vide szneit sttebbre lltom.	f
1817	Pratlan sorszm dira kerlhet csak lfej s llb.	f
1818	A cmdit duplikltuk, s a belltsnal nem krtnk a cmdira lfejet, llbat. gy a dupliklt dia sem kap ilyet.	t
1819	Nem volt hiba a vgrehajtsban. A PowerPoint nha hibzik, ilyenkor frissteni kell.	f
1820	Kezdlap men >> Elrendezsek rsz >> Dik gomb (a viden: beptett elrendezsek).	f
1821	Csak a szveget lehet formzni a ments utn.	f
1822	Nem lehet utlag trendezni.	f
1823	Kezdlap men >> Dik rsz >> Elrendezsek gomb (a viden: beptett elrendezsek).	t
1824	Diamret men >> Tervezs >> Dia mrete prbeszdablak >> Szlessg >> itt megadom a krt adatot.	f
1825	Diamret men >> Dia mrete >>  Tervezs prbeszdablak >> Szlessg >> itt megadom a krt adatot.	f
1826	Tervezs men >> Diamret >> Dia mrete prbeszdablak >> Szlessg >> itt megadom a krt adatot.	t
1827	Csak centimteres pontossg bellts rvnyes.	f
1828	Ha ketten nzzk a diavettst.	f
1829	Ha pldul projektorra ki tudom vetteni az eladst, s a nzk a kivettst nzik, nekem meg a PowerPoint a laptopomon mutatja, hogy mi kvetkezik, s mit mondjak mg el a dia mell.	t
1830	Ha makrra rgztem a prezentcit.	f
1831	Ha nismtl prezentcit adok el.	f
1832	Diavetts men >> Nzet >> Dia elrejtse.	f
1833	Diavetts men >> Dia elrejtse.	t
1834	Csak trlni lehet.	f
1835	Ctrl kattints >> Dia elrejtse	f
1836	Ctrl + Shift +K	f
1837	Shift + K	f
1838	Alt + Ctrl + K	f
1839	Ctrl + K	t
1840	A teljes eltelt idt.	t
1841	A htralv idt.	f
1842	Az aktv dinl eltlttt idt.	f
1843	A dik sorszmt.	f
1844	.pptx	f
1845	.ppsx	t
1846	.pppsx	f
1847	.ptpx	f
1848	Lista	f
1849	Folyamat	f
1850	Hierarchia	f
1851	Parabola	t
1852	Trhatst ad.	f
1853	Az ttnst a dik kztt.	f
1854	A szvegdobozt.	t
1855	A bekezdseket.	f
1856	CTRL + X	f
1857	Ctrl + Z	f
1858	A mgis nyila a gyorselrsi eszkztron (balra visszafordul nyl)	f
1859	A mgis nyila a gyorselrsi eszkztron (jobbra visszafordul nyl)	t
1860	Nyomtatst	f
1861	Mentst	f
1862	j dia beszrst	t
1863	j prezentci ltrehozst	f
1864	A fjl trolsa egy tvoli szerveren trtnik, gy az n gpemen nem foglal helyet	f
1865	Lehetsgem van egyszerre tbb emberrel is egytt dolgozni egy fjlon	t
1866	A fjl tkerl egy msik szmtgpre, amelyen ksbb lehetsgem van megtartani a prezentcit	f
1867	Lehetsgem van tbb emberrel egytt dolgozni, egyszerre azonban csak maximum 3 fvel. 	f
1868	Csak szabvnymretek vannak.	f
1869	Tervezs men >> Diamret >> Egyni diamret 	t
1870	Nzet men >> Egyni diamret	f
1871	Formtum men >> Diamret >> Egyni diamret.	f
1872	Ctrl	t
1873	Shift	f
1874	Alt	f
1875	Win	f
1876	Nem.	f
1877	Beilleszts kpknt - ezutn igen.	t
1878	Forrsformtum megrzse - ezutn kovertls kpp, s azutn mehet.	f
1879	Clformtum megrzse - ezutn kovertls kpp, s azutn mehet.	f
1880	12 a PowerPointbl.	f
1881	24 a PowerPointbl.	f
1882	24 a PowerPointbl s ms alkalmazsokbl.	t
1883	12 a PowerPointbl s ms alkalmazsokbl.	f
1884	Arra, hogy nagy legyen	f
1885	Arra, hogy kicsi legyen	f
1886	Tartalmazza a magyar kezetes magnhangzkat. 	t
1887	Ne tartalmazza a magyar kezetes magnhangzkat. 	f
1888	L	f
1889	I	f
1890	Y	f
1891	D	t
1892	Nem.	f
1893	1 s 10 kztt.	f
1894	Igen. Pozitv s negatv % rtkekkel.	t
1895	1 s 5 kztt	f
1896	Kezdlap men >> Nzet >> Trkz s pozci.	f
1897	Nzet men >> Bettipus rsz >> Trkz s pozci.	f
1898	Kezdlap men >> Bettipus rsz >> Trkz s pozci.	t
1899	Kezdlap men >> Bettipus rsz >> Trkz s betkz.	f
1900	A kijellt rsz betit mindenkppen kisbetre lltja	f
1901	A kijellt rsz betmrett kisebbre vagy nagyobbra lltja	f
1902	A kijellt rsz beti kzl az eredetileg nagybetket kicsire cserli, a kisbetket pedig nagyra.	t
1903	Az alaprtelmezett bettpust vltoztatja meg.	f
1904	Lenyitom a bettpus panelt (Kezdlap men >> Bettpus rsz >> jobb als sarok >> jobbra lefel mutat nyl >> Bettpus prbeszdablak >> alhzs szne	t
1905	Lenyitom a bettpus panelt (Kezdlap men >> Bettpus rsz >> bal als sarok >> jobbra lefel mutat nyl >> Bettpus prbeszdablak >> alhzs szne	f
1906	Lenyitom a bettpus panelt (Kezdlap men >> Bettpus rsz >> jobb als sarok >> balra lefel mutat nyl >> Bettpus prbeszdablak >> alhzs szne	f
1907	Lenyitom a bettpus panelt (Kezdlap men >> Bettpus rsz >> jobb als sarok >> jobbra felfel mutat nyl >> Bettpus prbeszdablak >> alhzs szne	f
1908	sorok	f
1909	betk	f
1910	bekezdsek	t
1911	dik	f
1912	A WordArt-ot 100-nl kevesebb sznnel tlthetem ki.	t
1913	A WordArt-ot kppel is kitlthetem.	f
1914	A WordArt-ot  PowerPoint ltal megadott sznekkel is kitlthetem.	f
2013	Bettpust	f
1915	A WordArt-ot az internetrl letlttt kppel is kitlthetem.	f
1916	ttetszsg	f
1917	Mret	f
1918	Elmoss	f
1919	Trkz	t
1920	A kp beszrsa utn kattintok a WordArton - majd a Kiigazts menben a Szn ikonra kattintok. Ott a lenyl menben vlasztom ki a megfelel sznt. 	f
1921	A kp beszrsa utn kattintok a WordArton - majd a Kpformtum menn a Szn rszben a Kiigazts ikonra kattintok. Ott a lenyl menben vlasztom ki a megfelel sznt. 	f
1922	A kp beszrsa utn kattintok a WordArton - majd a Kpformtum menn a Kiigazts rszben a Szn ikonra kattintok. Ott a lenyl menben vlasztom ki a megfelel sznt. 	t
1923	Nem lehet a beszrt kpet formzni.	f
1924	Els oszlop	f
1925	Kzps oszlop	t
1926	Utols oszlop	f
1927	sszegsor	f
1928	Keretezs	f
1929	rnykols	f
1930	Tkrzds	f
1931	Fazetta	t
1932	Semmiben.	f
1933	A csatolt kp kveti az eredeti kpen a PowerPointtl fggetlenl elvgzett vltoztatsokat. 	t
1934	A csatolt kp nagyobb felbonts.	f
1935	A csatolt kp nem szekeszthet, de a beszrt igen.	f
1936	A szvegdoboz vonalain 8 darab pont van.	f
1937	A cscsokon lv pontok segtsgvel nyjtom a szvegdobozt.	f
1938	Az oldalfelezkn lv pontok segtsgvel elforgatom a szvegdobozt.	t
1939	A nyjts mretarnyos tmretezs.	f
1940	Igen, jelkpes 1 eurs rrt.	f
1941	Nem.	f
1942	Igen, a szerz feltntetsvel.	t
1943	Igen, de csak, ha a Chrome bngszvel kerestem a kpet.	f
1944	Fels fazetta	f
1945	Als fazetta	f
1946	WordArt	t
1947	Megvilgts	f
1948	Fekete-fehrr teszi azt.	f
1949	Egybl trli.	f
1950	Feketbe bortja.	f
1951	Ciklmen sznnel.	t
1952	Win + Alt + Q	f
1953	Win + Ctrl + Q	f
1954	Win + Ctrl + Q + Enter	f
1955	Win + Shift + Q	t
1956	A vide vgn lv kp.	f
1957	Az a kp, ami a beszrt viden van annak elindtsig, s teljesen testreszabhat.	t
1958	Az a kp, ami a beszrt vide vgn van, a lejtszs utn kerl oda, s teljesen testreszabhat.	f
1959	Az a kp, ami a beszrt viden van annak elindtsig, s a vide egyik kockjt mutatja.	f
1960	Msodperc pontossggal.	f
1961	Nem vghat.	f
1962	Perc pontossggal.	f
1963	Ezredmsodperc pontossggal.	t
1964	A vide lejtszsnak ltalam belltott els szakaszban a nyitkp elhavnyul, s ezzel ellenttesen egyre ersebben tnik el a vide.	f
1965	A vide lejtszsnak ltalam belltott utols szakaszban a vide elhavnyul, s ezzel ellenttesen egyre ersebben tnik el a nyitkp.	t
1966	A vide szneit sttebbre lltom.	f
1967	A vide szneit halvnyabbra lltom.	f
1968	Rossz diaszm volt megadva.	f
1969	Pratlan sorszm dira kerlhet csak lfej s llb.	f
1970	A cmdit duplikltuk, s a belltsnal nem krtnk a cmdira lfejet, llbat. gy a dupliklt dia sem kap ilyet.	t
1971	Nem volt hiba a vgrehajtsban. A PowerPoint nha hibzik, ilyenkor frissteni kell.	f
1972	Kezdlap men >> Elrendezsek rsz >> Dik gomb (a viden: beptett elrendezsek).	f
1973	Csak a szveget lehet formzni a ments utn.	f
1974	Nem lehet utlag trendezni.	f
1975	Kezdlap men >> Dik rsz >> Elrendezsek gomb (a viden: beptett elrendezsek).	t
1976	Diamret men >> Tervezs >> Dia mrete prbeszdablak >> Szlessg >> itt megadom a krt adatot.	f
1977	Diamret men >> Dia mrete >>  Tervezs prbeszdablak >> Szlessg >> itt megadom a krt adatot.	f
1978	Tervezs men >> Diamret >> Dia mrete prbeszdablak >> Szlessg >> itt megadom a krt adatot.	t
1979	Csak centimteres pontossg bellts rvnyes.	f
1980	Ha ketten nzzk a diavettst.	f
1981	Ha pldul projektorra ki tudom vetteni az eladst, s a nzk a kivettst nzik, nekem meg a PowerPoint a laptopomon mutatja, hogy mi kvetkezik, s mit mondjak mg el a dia mell.	t
1982	Ha makrra rgztem a prezentcit. 	f
1983	Ha nismtl prezentcit adok el.	f
1984	Nem ktelez szmozni a dikat.	f
1985	A szmozs mell a dtumot is odailleszthetem, s bellthatom, hogy a dtum fix legyen, azaz ne frissljn.	f
1986	A cmdin mindig van szmozs, ezt nem lehet letiltani.	t
1987	A szmozs mell a dtumot is odailleszthetem, s bellthatom, hogy a dtum frissljn.	f
1988	Ctrl + Shift +K	f
1989	Shift + K	f
1990	Alt + Ctrl + K	f
1991	Ctrl + K	t
1992	.pptx	f
1993	.ppsx	t
1994	.pppsx	f
1995	.ptpx	f
1996	Nem lehet.	f
1997	Csak az alaprtelmezett helyekre lehet. 	f
1998	Beszrs men >> Szveg >> Szvegdoboz >> majd egrrel kijellm a din a helyet.	t
1999	Nzet men >> Szvegdoboz.	f
2000	Nyomtatst	f
2001	Mentst	f
2002	j dia beszrst	t
2003	j prezentci ltrehozst	f
2004	Csak szabvnymretek vannak.	f
2005	Tervezs men >> Diamret >> Egyni diamret 	t
2006	Nzet men >> Egyni diamret	f
2007	Formtum men >> Diamret >> Egyni diamret.	f
2008	AltGr	f
2009	Alt	f
2010	Shift	f
2011	Ctrl	t
2012	Betsznt	f
2014	Mretet s a szvegkiemels sznt	f
2015	Igaztst	t
2016	kb. 60cm	f
2017	kb. 6 cm	f
2018	kb. 24 cm	f
2019	kb 2,4 cm	t
2020	A kijellt rsz betit mindenkppen kisbetre lltja	f
2021	A kijellt rsz betmrett kisebbre vagy nagyobbra lltja	f
2022	A kijellt rsz beti kzl az eredetileg nagybetket kicsire cserli, a kisbetket pedig nagyra.	t
2023	Az alaprtelmezett bettpust vltoztatja meg.	f
2024	balra zr	f
2025	jobbra zr	f
2026	kzpre zr	f
2027	mindkt marghoz igazt	t
2028	A kp beszrsa utn kattintok a WordArton - majd a Kiigazts menben a Szn ikonra kattintok. Ott a lenyl menben vlasztom ki a megfelel sznt. 	f
2029	A kp beszrsa utn kattintok a WordArton - majd a Kpformtum menn a Szn rszben a Kiigazts ikonra kattintok. Ott a lenyl menben vlasztom ki a megfelel sznt. 	f
2030	A kp beszrsa utn kattintok a WordArton - majd a Kpformtum menn a Kiigazts rszben a Szn ikonra kattintok. Ott a lenyl menben vlasztom ki a megfelel sznt. 	t
2031	Nem lehet a beszrt kpet formzni.	f
2032	Keretezs	f
2033	rnykols	f
2034	Tkrzds	f
2035	Fazetta	t
2036	Kattintok az els, majd a msodik din >> ttnsek men >> Idzts rsznl >> Tovbbts >> Ennyi id utn: >> Belltom a megfelel idt.  	f
2037	Kattintok a msodik din >> ttnsek men >> Idzts rsznl >> Tovbbts >> Ennyi id utn: >> Belltom a megfelel idt.  	f
2038	Kattintok az els din >> Idzts men >> ttnsek rsznl >> Tovbbts >> Ennyi id utn: >> Belltom a megfelel idt.  	f
2039	Kattintok az els din >> ttnsek men >> Idzts rsznl >> Tovbbts >> Ennyi id utn: >> Belltom a megfelel idt.  	t
2040	A jobb oldalon a dia szma alatt van egy csillag.	f
2041	A bal oldalon a dia szma alatt van egy csillag.	t
2042	A dia piros keretet kap a jobb oldalon.	f
2043	Elindul az ttns, ha jobb egrgombbal kattintok kettt.	f
2044	A PowerPoint automatikusan a szvegdobozhoz igaztja a bert szveg betmrett.	t
2045	A PowerPoint automatikusan a szvegdobozt igaztja a bert szveg betmrethez.	f
2046	A PowerPoint nem igaztja automatikusan a szvegdobozhoz a bert szveg betmrett.	f
2047	A PowerPoint automatikusan a szvegdobozhoz igaztja a bert szveg bettpust.	f
2048	Fekete-fehrr teszi azt.	f
2049	Egybl trli.	f
2050	Feketbe bortja.	f
2051	Ciklmen sznnel.	t
2052	Cmdit.	t
2053	Htteret.	f
2054	Trhatst.	f
2055	Brmit.	f
2056	A vide lejtszsnak ltalam belltott els szakaszban a nyitkp elhavnyul, s ezzel ellenttesen egyre ersebben tnik el a vide.	f
2057	A vide lejtszsnak ltalam belltott utols szakaszban a vide elhavnyul, s ezzel ellenttesen egyre ersebben tnik el a nyitkp.	t
2058	A vide szneit sttebbre lltom.	f
2059	A vide szneit halvnyabbra lltom.	f
2060	Ha ketten nzzk a diavettst.	f
2061	Ha pldul projektorra ki tudom vetteni az eladst, s a nzk a kivettst nzik, nekem meg a PowerPoint a laptopomon mutatja, hogy mi kvetkezik, s mit mondjak mg el a dia mell.	t
2062	Ha makrra rgztem a prezentcit.	f
2063	Ha nismtl prezentcit adok el.	f
2064	A jobb oldalon a Httr formzsa munkaablakon kattintok a Mindegyikre felirat gombra. Ekkor az aktv dia httere kerl az sszes dira.	t
2065	A jobb oldalon a Httr formzsa munkaablakon kattintok a Mindegyikre felirat gombra. Ekkor a cmdia httere kerl az sszes dira.	f
2066	A bal oldalon a Httr formzsa munkaablakon kattintok a Mindegyikre felirat gombra. Ekkor a cmdia httere kerl az sszes dira.	f
2067	A Tervezs menban a Diaformtum ikonra kattintok.	f
2068	Jobb vagy bal kattints.	f
2069	A rmutats, vagy a kattints a gombon.	t
2070	F1 vagy rmutats.	f
2071	Csak a kattints.	f
2072	Kezdlap	f
2073	Beszrs	f
2074	Adatok	t
2075	Kpletek	f
2076	Nem lehet	f
2077	Formtum	f
2078	Adatok rvnyestse	f
2079	Adatok rvnyestse >> Hibajelzs fl	t
2080	Mert ha tagolva van s nem szm a formtum, akkor a tagolst szkznek veszi az Excel s nem fog tudni szmolni.	t
2081	Mert gy kevesebb lesz az adat, amit t kell konvertlni	f
2082	Nem kell	f
2083	Mert tizedes trtet nem tud tkonvertlni	f
2084	ttekinthetbb lesz a tblzat de a felesleges adatokat nem trli az Excel, csak elrejti	t
2085	ttekinthetbb lesz a tblzat, a felesleges adatokat trli az Excel	f
2086	ttekinthetbb lesz a tblzat de a felesleges adatokat nem trli az Excel, csak msik munkalapra menti	f
2087	Az Excel a kiszrt adatokat trli	f
2088	Igen, de csak szaggatott vonallal	f
2089	Igen, de csak dupla vonallal	f
2090	Igen	t
2091	Nem	f
2092	Adott lapra kevesebb szveg kerl fel, azaz ugyanannyi szveghez kevesebb oldal kell	f
2093	Adott lapra tbb szveg kerl fel, azaz ugyanannyi szveghez tbb oldal kell	f
2094	Adott lapra tbb szveg kerl fel, azaz ugyanannyi szveghez kevesebb oldal kell	f
2095	Adott lapra kevesebb szveg kerl fel, azaz ugyanannyi szveghez tbb oldal kell	t
2096	Trkz	t
2097	Sorkz	f
2098	Behzs	f
2099	Enter	f
2100	Gyorsabb a szkznl	f
2101	Ritktja a betk kzti tvolsgot.	f
2102	Trkzt is ad.	f
2103	Stabilabban tartja a tvolsgot, mint a szkzk.	t
2104	a	f
2105	b	f
2106	c	t
2107	d	f
2108	A (incorrect)	f
2109	B (incorrect)	f
2110	C (correct)	t
2111	D (incorrect)	f
2112	Ctrl	t
2113	Shift	f
2114	Alt	f
2115	Win	f
2116	Tbben ltjk a fjlt.	f
2117	Egyszerre tbben is dolgozhatunk egy fjlon.	t
2118	Elkldhetem a fjlt brkinek.	f
2119	Felvltva tbben is dolgozhatuk egy fjlon.	f
2120	sorok	f
2121	betk	f
2122	bekezdsek	t
2123	dik	f
\.


--
-- Data for Name: answer_given_answer_bridge; Type: TABLE DATA; Schema: public; Owner: dev_service_user
--

COPY public.answer_given_answer_bridge (id, deletion_date, given_answer_id, answer_version_id) FROM stdin;
1	\N	1	2070
2	\N	2	2073
3	\N	3	2076
4	\N	4	2081
5	\N	5	2085
6	\N	6	43
7	\N	7	43
8	\N	8	43
9	\N	9	37
10	\N	10	37
11	\N	11	37
12	\N	12	37
13	\N	13	27
14	\N	14	27
15	\N	15	27
16	\N	16	49
17	\N	17	49
18	\N	18	25
19	\N	19	25
20	\N	20	9
21	\N	21	9
22	\N	22	7
23	\N	23	7
24	\N	24	59
25	\N	25	59
26	\N	26	19
27	\N	27	19
28	\N	28	19
29	\N	29	3
30	\N	30	3
31	\N	31	3
32	\N	32	67
33	\N	33	67
34	\N	34	67
35	\N	35	15
36	\N	36	15
37	\N	37	23
38	\N	38	23
39	\N	39	23
40	\N	40	17
41	\N	41	1
42	\N	42	1
43	\N	43	21
44	\N	44	21
45	\N	45	65
46	\N	46	65
47	\N	47	39
48	\N	48	39
49	\N	49	39
50	\N	50	53
51	\N	51	11
52	\N	52	11
53	\N	53	45
54	\N	54	57
55	\N	55	61
56	\N	56	33
57	\N	57	29
58	\N	58	29
59	\N	59	51
60	\N	60	31
61	\N	61	31
62	\N	62	5
63	\N	63	63
64	\N	64	13
65	\N	65	55
66	\N	66	41
67	\N	67	69
68	\N	68	47
69	\N	69	35
70	\N	70	2111
71	\N	71	2089
72	\N	72	2089
73	\N	73	2101
74	\N	74	3387
75	\N	75	44
76	\N	76	44
77	\N	77	44
78	\N	78	38
79	\N	79	38
80	\N	80	28
81	\N	81	28
82	\N	82	50
83	\N	83	50
84	\N	84	50
85	\N	85	26
86	\N	86	26
87	\N	87	26
88	\N	88	10
89	\N	89	10
90	\N	90	10
91	\N	91	8
92	\N	92	8
93	\N	93	8
94	\N	94	8
95	\N	95	60
96	\N	96	60
97	\N	97	60
98	\N	98	20
99	\N	99	20
100	\N	100	20
101	\N	101	4
102	\N	102	4
103	\N	103	4
104	\N	104	68
105	\N	105	68
106	\N	106	68
107	\N	107	16
108	\N	108	16
109	\N	109	16
110	\N	110	16
111	\N	111	24
112	\N	112	24
113	\N	113	18
114	\N	114	18
115	\N	115	18
116	\N	116	2
117	\N	117	2
118	\N	118	22
119	\N	119	22
120	\N	120	66
121	\N	121	66
122	\N	122	40
123	\N	123	40
124	\N	124	40
125	\N	125	54
126	\N	126	54
127	\N	127	54
128	\N	128	12
129	\N	129	12
130	\N	130	12
131	\N	131	46
132	\N	132	46
133	\N	133	46
134	\N	134	58
135	\N	135	58
136	\N	136	58
137	\N	137	58
138	\N	138	62
139	\N	139	62
140	\N	140	62
141	\N	141	34
142	\N	142	34
143	\N	143	34
144	\N	144	30
145	\N	145	30
146	\N	146	30
147	\N	147	52
148	\N	148	52
149	\N	149	32
150	\N	150	32
151	\N	151	32
152	\N	152	32
153	\N	153	6
154	\N	154	6
155	\N	155	6
156	\N	156	64
157	\N	157	64
158	\N	158	14
159	\N	159	14
160	\N	160	56
161	\N	161	56
162	\N	162	42
163	\N	163	42
164	\N	164	70
165	\N	165	48
166	\N	166	36
167	\N	167	4265
168	\N	168	2939
169	\N	169	4705
170	\N	170	4705
171	\N	171	4711
172	\N	172	4705
173	\N	173	4711
174	\N	174	4715
175	\N	175	4704
176	\N	176	4709
177	\N	177	4715
178	\N	178	5145
179	\N	178	5147
180	\N	179	2939
181	\N	180	2943
182	\N	181	2947
183	\N	182	2951
184	\N	183	2955
185	\N	184	5145
186	\N	185	5151
187	\N	186	5155
188	\N	187	5145
189	\N	188	5151
190	\N	189	5155
191	\N	190	5145
192	\N	191	5151
193	\N	192	5155
194	\N	193	2936
195	\N	194	2936
196	\N	195	2937
197	\N	196	2937
198	\N	197	2937
199	\N	198	5145
200	\N	199	5144
201	\N	200	5145
202	\N	201	2091
203	\N	202	2093
204	\N	203	2937
205	\N	204	2936
206	\N	205	2100
207	\N	206	44
208	\N	207	38
209	\N	208	27
210	\N	209	49
211	\N	210	26
212	\N	211	2100
213	\N	212	9
214	\N	213	7
215	\N	214	59
216	\N	215	19
217	\N	216	3
218	\N	217	2091
219	\N	218	68
220	\N	219	16
221	\N	220	24
222	\N	221	17
223	\N	222	1
224	\N	223	2
225	\N	224	1
226	\N	225	22
227	\N	226	65
228	\N	227	40
229	\N	228	54
230	\N	229	43
231	\N	230	37
232	\N	231	27
233	\N	232	49
234	\N	233	25
235	\N	234	25
236	\N	235	9
237	\N	236	7
238	\N	237	7
239	\N	238	59
240	\N	239	19
241	\N	240	19
242	\N	241	3
243	\N	242	67
244	\N	243	67
245	\N	244	15
246	\N	245	15
247	\N	246	23
248	\N	247	17
249	\N	248	17
250	\N	249	1
251	\N	250	21
252	\N	251	21
253	\N	252	65
254	\N	253	65
255	\N	254	65
256	\N	255	65
257	\N	256	39
258	\N	257	39
259	\N	258	39
260	\N	259	53
261	\N	260	53
262	\N	261	11
263	\N	262	11
264	\N	263	11
265	\N	264	11
266	\N	265	45
267	\N	266	45
268	\N	267	45
269	\N	268	57
270	\N	269	57
271	\N	270	61
272	\N	271	61
273	\N	272	61
274	\N	273	33
275	\N	274	33
276	\N	275	33
277	\N	276	29
278	\N	277	29
279	\N	278	51
280	\N	279	51
281	\N	280	51
282	\N	281	51
283	\N	282	31
284	\N	283	31
285	\N	284	31
286	\N	285	5
287	\N	286	5
288	\N	287	63
289	\N	288	63
290	\N	289	13
291	\N	290	13
292	\N	291	55
293	\N	292	55
294	\N	293	41
295	\N	294	69
296	\N	295	47
297	\N	296	35
298	\N	297	2936
299	\N	298	2941
300	\N	299	2945
301	\N	300	2951
302	\N	301	2953
303	\N	302	5145
304	\N	303	5149
305	\N	304	5155
306	\N	305	2089
307	\N	306	2095
308	\N	307	2101
309	\N	308	2937
310	\N	309	2941
311	\N	310	2945
312	\N	311	2949
313	\N	312	2953
314	\N	313	43
315	\N	314	37
316	\N	315	27
317	\N	316	49
318	\N	317	25
319	\N	318	25
320	\N	319	25
321	\N	320	9
322	\N	321	9
323	\N	322	9
324	\N	323	7
325	\N	324	59
326	\N	325	59
327	\N	326	59
328	\N	327	19
329	\N	328	19
330	\N	329	3
331	\N	330	3
332	\N	331	67
333	\N	332	67
334	\N	333	67
335	\N	334	15
336	\N	335	15
337	\N	336	15
338	\N	337	15
339	\N	338	23
340	\N	339	23
341	\N	340	17
342	\N	341	17
343	\N	342	17
344	\N	343	1
345	\N	344	1
346	\N	345	1
347	\N	346	21
348	\N	347	21
349	\N	348	21
350	\N	349	65
351	\N	350	65
352	\N	351	65
353	\N	352	39
354	\N	353	39
355	\N	354	39
356	\N	355	39
357	\N	356	53
358	\N	357	53
359	\N	358	53
360	\N	359	53
361	\N	360	11
362	\N	361	11
363	\N	362	11
364	\N	363	11
365	\N	364	45
366	\N	365	45
367	\N	366	45
368	\N	367	45
369	\N	368	57
370	\N	369	61
371	\N	370	61
372	\N	371	33
374	\N	373	33
380	\N	379	51
387	\N	386	5
389	\N	388	5
393	\N	392	63
399	\N	398	55
402	\N	401	41
408	\N	407	47
410	\N	409	47
411	\N	410	35
373	\N	372	33
375	\N	374	33
378	\N	377	29
379	\N	378	51
381	\N	380	51
384	\N	383	31
386	\N	385	31
390	\N	389	63
398	\N	397	55
405	\N	404	69
409	\N	408	47
412	\N	411	35
376	\N	375	29
382	\N	381	51
383	\N	382	31
385	\N	384	31
388	\N	387	5
394	\N	393	13
396	\N	395	13
397	\N	396	55
401	\N	400	41
403	\N	402	41
404	\N	403	69
406	\N	405	69
377	\N	376	29
391	\N	390	63
392	\N	391	63
395	\N	394	13
400	\N	399	55
407	\N	406	69
413	\N	412	5145
414	\N	413	5149
415	\N	414	5153
416	\N	415	2937
417	\N	416	2941
418	\N	417	2945
419	\N	418	2949
420	\N	419	2953
421	\N	420	6809
422	\N	421	6821
423	\N	422	6825
424	\N	423	43
425	\N	424	37
426	\N	425	37
427	\N	426	37
428	\N	427	27
429	\N	428	27
430	\N	429	27
431	\N	430	49
432	\N	431	49
433	\N	432	25
434	\N	433	9
435	\N	434	9
436	\N	435	9
437	\N	436	7
438	\N	437	7
439	\N	438	7
440	\N	439	7
441	\N	440	59
442	\N	441	59
443	\N	442	59
444	\N	443	19
445	\N	444	19
446	\N	445	19
447	\N	446	3
448	\N	447	67
449	\N	448	67
450	\N	449	15
451	\N	450	15
452	\N	451	15
453	\N	452	23
454	\N	453	23
455	\N	454	23
456	\N	455	17
457	\N	456	17
458	\N	457	1
459	\N	458	1
460	\N	459	1
461	\N	460	21
462	\N	461	21
463	\N	462	21
464	\N	463	65
465	\N	464	65
466	\N	465	65
467	\N	466	65
468	\N	467	39
469	\N	468	39
470	\N	469	53
471	\N	470	53
472	\N	471	11
473	\N	472	11
474	\N	473	45
475	\N	474	45
476	\N	475	45
477	\N	476	57
478	\N	477	57
479	\N	478	61
480	\N	479	61
481	\N	480	33
482	\N	481	33
483	\N	482	29
484	\N	483	29
485	\N	484	29
486	\N	485	51
487	\N	486	31
488	\N	487	31
489	\N	488	31
490	\N	489	5
491	\N	490	5
492	\N	491	5
493	\N	492	63
494	\N	493	63
495	\N	494	63
496	\N	495	13
497	\N	496	13
498	\N	497	13
499	\N	498	55
500	\N	499	55
501	\N	500	55
502	\N	501	41
503	\N	502	41
504	\N	503	41
505	\N	504	69
506	\N	505	69
507	\N	506	69
508	\N	507	69
509	\N	508	47
510	\N	509	47
511	\N	510	47
512	\N	511	35
513	\N	512	35
514	\N	513	35
515	\N	514	35
516	\N	515	5145
517	\N	516	5149
518	\N	517	5153
519	\N	518	2089
520	\N	519	2093
521	\N	520	2097
522	\N	521	2101
523	\N	522	44
524	\N	523	43
525	\N	524	37
526	\N	525	27
527	\N	526	28
528	\N	527	49
529	\N	528	50
530	\N	529	25
531	\N	530	26
532	\N	531	9
533	\N	532	10
534	\N	533	7
535	\N	534	59
536	\N	535	20
537	\N	536	3
538	\N	537	68
539	\N	538	16
540	\N	539	24
541	\N	540	23
542	\N	541	18
543	\N	542	1
544	\N	543	22
545	\N	544	22
546	\N	545	22
547	\N	546	65
548	\N	547	40
549	\N	548	53
550	\N	549	54
551	\N	550	11
552	\N	551	46
553	\N	552	57
554	\N	553	62
555	\N	554	33
556	\N	555	29
557	\N	556	52
558	\N	557	31
559	\N	558	6
560	\N	559	64
561	\N	560	14
562	\N	561	55
563	\N	562	41
564	\N	563	70
565	\N	564	47
566	\N	565	36
567	\N	566	5147
568	\N	567	2091
569	\N	568	6809
570	\N	569	6813
571	\N	570	43
572	\N	571	44
573	\N	572	37
574	\N	573	37
575	\N	574	37
576	\N	575	27
577	\N	576	27
578	\N	577	27
579	\N	578	49
580	\N	579	49
581	\N	580	49
582	\N	581	49
583	\N	582	26
584	\N	583	26
585	\N	584	26
586	\N	585	26
587	\N	586	10
588	\N	587	7
589	\N	588	7
590	\N	589	7
591	\N	590	59
592	\N	591	59
593	\N	592	19
595	\N	594	19
598	\N	597	67
600	\N	599	15
601	\N	600	23
602	\N	601	23
606	\N	605	1
607	\N	606	1
608	\N	607	21
614	\N	613	53
615	\N	614	53
618	\N	617	45
624	\N	623	61
625	\N	624	61
594	\N	593	19
596	\N	595	3
604	\N	603	17
605	\N	604	1
610	\N	609	65
611	\N	610	65
612	\N	611	39
616	\N	615	11
619	\N	618	45
622	\N	621	61
627	\N	626	33
628	\N	627	29
630	\N	629	51
631	\N	630	51
632	\N	631	51
641	\N	640	13
642	\N	641	13
643	\N	642	55
644	\N	643	55
647	\N	646	69
648	\N	647	48
649	\N	648	35
597	\N	596	3
599	\N	598	15
603	\N	602	17
609	\N	608	21
613	\N	612	39
617	\N	616	11
620	\N	619	57
621	\N	620	57
623	\N	622	61
626	\N	625	33
629	\N	628	29
633	\N	632	31
634	\N	633	31
635	\N	634	31
636	\N	635	5
637	\N	636	5
638	\N	637	63
639	\N	638	63
640	\N	639	13
645	\N	644	55
646	\N	645	41
650	\N	649	43
651	\N	650	43
652	\N	651	43
653	\N	652	37
654	\N	653	37
655	\N	654	27
656	\N	655	27
657	\N	656	49
658	\N	657	49
659	\N	658	49
660	\N	659	25
661	\N	660	25
662	\N	661	9
663	\N	662	9
664	\N	663	7
665	\N	664	7
666	\N	665	7
667	\N	666	59
668	\N	667	59
669	\N	668	19
670	\N	669	19
671	\N	670	19
672	\N	671	3
673	\N	672	3
674	\N	673	67
675	\N	674	67
676	\N	675	15
677	\N	676	15
678	\N	677	23
679	\N	678	23
680	\N	679	23
681	\N	680	23
682	\N	681	17
683	\N	682	17
684	\N	683	17
685	\N	684	17
686	\N	685	6811
687	\N	686	1
688	\N	687	1
689	\N	688	21
690	\N	689	21
691	\N	690	65
692	\N	691	65
693	\N	692	39
694	\N	693	39
695	\N	694	39
696	\N	695	39
697	\N	696	53
698	\N	697	53
699	\N	698	11
700	\N	699	11
701	\N	700	11
702	\N	701	45
703	\N	702	45
704	\N	703	45
705	\N	704	45
706	\N	705	57
707	\N	706	57
708	\N	707	61
709	\N	708	61
710	\N	709	61
711	\N	710	33
712	\N	711	33
713	\N	712	33
714	\N	713	29
715	\N	714	29
716	\N	715	51
717	\N	716	51
718	\N	717	51
719	\N	718	31
720	\N	719	31
721	\N	720	5
722	\N	721	5
723	\N	722	63
724	\N	723	63
725	\N	724	13
726	\N	725	13
727	\N	726	55
728	\N	727	55
729	\N	728	41
730	\N	729	41
731	\N	730	41
732	\N	731	69
733	\N	732	69
734	\N	733	47
735	\N	734	47
736	\N	735	47
737	\N	736	35
738	\N	737	35
739	\N	738	35
740	\N	739	6809
741	\N	740	6813
742	\N	741	6817
743	\N	742	6821
744	\N	743	6825
745	\N	744	6809
746	\N	745	6813
747	\N	746	6817
748	\N	747	6821
749	\N	748	6825
750	\N	749	6474
751	\N	750	6469
752	\N	751	6479
753	\N	752	6483
754	\N	753	6467
755	\N	754	6486
756	\N	755	6490
757	\N	756	6494
758	\N	757	6497
759	\N	758	6503
760	\N	759	6505
761	\N	759	6504
762	\N	760	6508
763	\N	761	6515
764	\N	762	6809
765	\N	763	6813
766	\N	764	6817
767	\N	765	6821
768	\N	766	6827
769	\N	767	5147
770	\N	768	5151
771	\N	769	5153
772	\N	770	5145
773	\N	771	5149
774	\N	772	5153
775	\N	773	2091
776	\N	774	2092
777	\N	775	2099
778	\N	775	2096
779	\N	776	6809
780	\N	777	6808
781	\N	778	44
782	\N	779	37
783	\N	780	38
784	\N	781	27
785	\N	782	28
786	\N	783	49
787	\N	784	49
788	\N	785	49
789	\N	786	49
790	\N	787	25
791	\N	788	25
792	\N	789	25
793	\N	790	9
794	\N	791	7
795	\N	792	59
796	\N	793	59
797	\N	794	19
798	\N	795	3
799	\N	796	3
800	\N	797	67
801	\N	798	15
802	\N	799	15
803	\N	800	23
804	\N	801	17
805	\N	802	1
806	\N	803	1
807	\N	804	21
808	\N	805	21
809	\N	806	65
810	\N	807	39
811	\N	808	53
812	\N	809	11
813	\N	810	45
814	\N	811	45
815	\N	812	45
816	\N	813	57
817	\N	814	61
819	\N	816	33
822	\N	819	51
823	\N	820	31
827	\N	824	64
828	\N	825	64
831	\N	828	56
832	\N	829	56
833	\N	830	56
836	\N	833	70
837	\N	834	48
818	\N	815	61
820	\N	817	33
821	\N	818	29
824	\N	821	6
825	\N	822	6
826	\N	823	64
829	\N	826	14
830	\N	827	14
834	\N	831	42
835	\N	832	70
838	\N	835	35
839	\N	836	6808
840	\N	837	6813
841	\N	838	6816
842	\N	839	6823
843	\N	840	6824
844	\N	841	43
845	\N	842	37
846	\N	843	37
847	\N	844	37
848	\N	845	27
849	\N	846	27
850	\N	847	27
851	\N	848	49
852	\N	849	49
853	\N	850	49
854	\N	851	25
855	\N	852	25
856	\N	853	25
857	\N	854	9
858	\N	855	9
859	\N	856	9
860	\N	857	9
861	\N	858	7
862	\N	859	7
863	\N	860	7
864	\N	861	7
865	\N	862	7
866	\N	863	59
867	\N	864	59
868	\N	865	19
869	\N	866	19
870	\N	867	3
871	\N	868	3
872	\N	869	3
873	\N	870	67
874	\N	871	67
875	\N	872	67
876	\N	873	15
877	\N	874	15
878	\N	875	23
879	\N	876	23
880	\N	877	17
881	\N	878	17
882	\N	879	17
883	\N	880	1
884	\N	881	1
885	\N	882	1
886	\N	883	21
887	\N	884	21
888	\N	885	21
889	\N	886	65
890	\N	887	65
891	\N	888	65
892	\N	889	39
893	\N	890	39
894	\N	891	53
895	\N	892	53
896	\N	893	53
897	\N	894	11
898	\N	895	11
899	\N	896	45
900	\N	897	45
901	\N	898	45
902	\N	899	57
903	\N	900	57
904	\N	901	57
905	\N	902	61
906	\N	903	61
907	\N	904	33
908	\N	905	33
909	\N	906	29
910	\N	907	29
911	\N	908	51
912	\N	909	51
913	\N	910	31
914	\N	911	31
915	\N	912	31
916	\N	913	31
917	\N	914	5
918	\N	915	5
919	\N	916	63
920	\N	917	63
921	\N	918	63
922	\N	919	63
923	\N	920	13
924	\N	921	13
925	\N	922	55
926	\N	923	55
927	\N	924	41
928	\N	925	41
929	\N	926	69
930	\N	927	69
931	\N	928	47
932	\N	929	47
933	\N	930	47
934	\N	931	35
935	\N	932	35
936	\N	933	6809
937	\N	934	6812
938	\N	935	6817
939	\N	936	6820
940	\N	937	6825
941	\N	938	6809
942	\N	939	6813
943	\N	940	6817
944	\N	941	6821
945	\N	942	6825
946	\N	943	6809
947	\N	944	6815
948	\N	945	6817
949	\N	946	6821
950	\N	947	6825
951	\N	948	6012
952	\N	949	2100
953	\N	950	1383
954	\N	951	1389
955	\N	952	44
956	\N	953	38
957	\N	954	37
958	\N	955	28
959	\N	956	27
960	\N	957	50
961	\N	958	26
962	\N	959	25
963	\N	960	10
964	\N	961	7
965	\N	962	59
966	\N	963	19
967	\N	964	20
968	\N	965	3
969	\N	966	4
970	\N	967	67
971	\N	968	68
972	\N	969	15
973	\N	970	16
974	\N	971	23
975	\N	972	24
976	\N	973	17
977	\N	974	18
978	\N	975	1
979	\N	976	2
980	\N	977	21
981	\N	978	22
982	\N	979	65
983	\N	980	40
984	\N	981	39
985	\N	982	53
986	\N	983	53
987	\N	984	12
988	\N	985	12
989	\N	986	12
990	\N	987	46
991	\N	988	46
992	\N	989	46
993	\N	990	58
994	\N	991	61
995	\N	992	61
996	\N	993	61
997	\N	994	33
998	\N	995	33
999	\N	996	33
1000	\N	997	29
1001	\N	998	29
1002	\N	999	29
1003	\N	1000	29
1004	\N	1001	51
1005	\N	1002	52
1006	\N	1003	31
1007	\N	1004	31
1008	\N	1005	31
1009	\N	1006	31
1010	\N	1007	5
1011	\N	1008	5
1012	\N	1009	5
1013	\N	1010	5
1014	\N	1011	63
1015	\N	1012	63
1016	\N	1013	63
1017	\N	1014	13
1018	\N	1015	13
1019	\N	1016	13
1020	\N	1017	55
1021	\N	1018	55
1022	\N	1019	41
1023	\N	1020	41
1024	\N	1021	69
1025	\N	1022	47
1026	\N	1023	36
1027	\N	1024	35
1028	\N	1025	6809
1029	\N	1026	6814
1030	\N	1027	6817
1031	\N	1028	6823
1032	\N	1029	6825
1033	\N	1030	44
1034	\N	1031	44
1035	\N	1032	44
1036	\N	1033	44
1037	\N	1034	38
1038	\N	1035	38
1039	\N	1036	38
1040	\N	1037	28
1041	\N	1038	28
1042	\N	1039	50
1043	\N	1040	50
1044	\N	1041	26
1045	\N	1042	26
1046	\N	1043	26
1047	\N	1044	10
1048	\N	1045	10
1049	\N	1046	10
1050	\N	1047	8
1051	\N	1048	8
1052	\N	1049	8
1053	\N	1050	8
1054	\N	1051	60
1055	\N	1052	60
1056	\N	1053	60
1057	\N	1054	20
1058	\N	1055	20
1059	\N	1056	4
1060	\N	1057	4
1061	\N	1058	4
1062	\N	1059	68
1063	\N	1060	68
1064	\N	1061	68
1065	\N	1062	16
1066	\N	1063	16
1067	\N	1064	16
1068	\N	1065	24
1069	\N	1066	24
1070	\N	1067	24
1071	\N	1068	18
1072	\N	1069	18
1073	\N	1070	2
1074	\N	1071	22
1075	\N	1072	22
1076	\N	1073	22
1077	\N	1074	66
1078	\N	1075	66
1079	\N	1076	40
1080	\N	1077	40
1081	\N	1078	40
1082	\N	1079	54
1083	\N	1080	54
1084	\N	1081	54
1085	\N	1082	12
1086	\N	1083	12
1087	\N	1084	12
1088	\N	1085	46
1089	\N	1086	46
1090	\N	1087	46
1091	\N	1088	58
1092	\N	1089	58
1093	\N	1090	58
1094	\N	1091	62
1095	\N	1092	62
1096	\N	1093	34
1097	\N	1094	34
1098	\N	1095	34
1099	\N	1096	34
1100	\N	1097	30
1101	\N	1098	30
1102	\N	1099	52
1103	\N	1100	52
1104	\N	1101	32
1105	\N	1102	32
1106	\N	1103	32
1107	\N	1104	6
1108	\N	1105	6
1109	\N	1106	6
1110	\N	1107	64
1111	\N	1108	64
1113	\N	1110	14
1114	\N	1111	14
1115	\N	1112	56
1120	\N	1117	70
1124	\N	1121	48
1112	\N	1109	14
1117	\N	1114	42
1125	\N	1122	36
1116	\N	1113	56
1122	\N	1119	70
1123	\N	1120	48
1127	\N	1124	6811
1118	\N	1115	42
1119	\N	1116	42
1121	\N	1118	70
1126	\N	1123	36
1128	\N	1125	6465
1129	\N	1126	43
1130	\N	1127	37
1131	\N	1128	38
1132	\N	1129	28
1133	\N	1130	50
1134	\N	1131	26
1135	\N	1132	9
1136	\N	1133	8
1137	\N	1134	59
1138	\N	1135	19
1139	\N	1136	4
1140	\N	1137	68
1141	\N	1138	16
1142	\N	1139	23
1143	\N	1140	17
1144	\N	1141	1
1145	\N	1142	22
1146	\N	1143	65
1147	\N	1144	39
1148	\N	1145	54
1149	\N	1146	12
1150	\N	1147	45
1151	\N	1148	58
1152	\N	1149	62
1153	\N	1150	34
1154	\N	1151	30
1155	\N	1152	51
1156	\N	1153	32
1157	\N	1154	5
1158	\N	1155	64
1159	\N	1156	14
1160	\N	1157	56
1161	\N	1158	42
1162	\N	1159	69
1163	\N	1160	48
1164	\N	1161	36
1165	\N	1162	6810
1166	\N	1163	6815
1167	\N	1164	6816
1168	\N	1165	6820
1169	\N	1166	6826
1170	\N	1167	6252
1171	\N	1168	6471
1172	\N	1169	6467
1173	\N	1170	6499
1174	\N	1171	6503
1175	\N	1171	6501
1176	\N	1172	9333
1177	\N	1173	9333
1178	\N	1174	9335
1179	\N	1175	1367
1180	\N	1176	1383
1181	\N	1177	1554
1182	\N	1178	1560
1183	\N	1179	1571
1184	\N	1180	1573
1185	\N	1180	1574
1186	\N	1181	1577
1187	\N	1181	1578
1188	\N	1182	1562
1189	\N	1183	1511
1190	\N	1183	1638
1191	\N	1183	1637
1192	\N	1184	1567
1193	\N	1185	43
1194	\N	1186	37
1195	\N	1187	8704
1196	\N	1188	8596
1197	\N	1189	8706
1198	\N	1190	8599
1199	\N	1191	8713
1200	\N	1192	1554
1201	\N	1193	1557
1202	\N	1194	1511
1203	\N	1194	1639
1204	\N	1195	793
1205	\N	1196	798
1206	\N	1197	6013
1207	\N	1198	28
1208	\N	1199	28
1209	\N	1200	49
1210	\N	1201	50
1211	\N	1202	26
1212	\N	1203	26
1213	\N	1204	26
1214	\N	1205	26
1215	\N	1206	10
1216	\N	1207	9
1217	\N	1208	7
1218	\N	1209	8
1219	\N	1210	60
1220	\N	1211	59
1221	\N	1212	19
1222	\N	1213	20
1223	\N	1214	3
1224	\N	1215	4
1225	\N	1216	67
1226	\N	1217	68
1227	\N	1218	16
1228	\N	1219	15
1229	\N	1220	24
1230	\N	1221	23
1231	\N	1222	17
1232	\N	1223	18
1233	\N	1224	1
1234	\N	1225	21
1235	\N	1226	65
1236	\N	1227	65
1237	\N	1228	65
1238	\N	1229	39
1239	\N	1230	39
1240	\N	1231	53
1241	\N	1232	54
1242	\N	1233	53
1243	\N	1234	12
1244	\N	1235	11
1245	\N	1236	12
1246	\N	1237	46
1247	\N	1238	46
1248	\N	1239	46
1249	\N	1240	46
1250	\N	1241	58
1251	\N	1242	58
1252	\N	1243	58
1253	\N	1244	58
1254	\N	1245	58
1255	\N	1246	62
1256	\N	1247	62
1257	\N	1248	34
1258	\N	1249	33
1259	\N	1250	29
1260	\N	1251	30
1261	\N	1252	52
1262	\N	1253	52
1263	\N	1254	52
1264	\N	1255	52
1265	\N	1256	32
1266	\N	1257	31
1267	\N	1258	32
1268	\N	1259	5
1269	\N	1260	6
1270	\N	1261	64
1271	\N	1262	63
1272	\N	1263	14
1273	\N	1264	13
1274	\N	1265	56
1275	\N	1266	55
1276	\N	1267	42
1277	\N	1268	42
1278	\N	1269	42
1279	\N	1270	70
1280	\N	1271	70
1281	\N	1272	47
1282	\N	1273	48
1283	\N	1274	35
1284	\N	1275	36
1285	\N	1276	8708
1286	\N	1277	8601
1287	\N	1278	8705
1288	\N	1279	8596
1289	\N	1280	8712
1290	\N	1281	8710
1291	\N	1282	8706
1292	\N	1283	8599
1293	\N	1284	8703
1294	\N	1285	8595
1295	\N	1286	8711
1296	\N	1287	8711
1297	\N	1288	4725
1298	\N	1289	795
1299	\N	1290	4725
1300	\N	1291	9391
1301	\N	1292	9395
1302	\N	1293	44
1303	\N	1294	37
1304	\N	1295	37
1305	\N	1296	37
1306	\N	1297	37
1307	\N	1298	37
1308	\N	1299	37
1309	\N	1300	37
1310	\N	1301	27
1311	\N	1302	27
1312	\N	1303	27
1313	\N	1304	27
1314	\N	1305	27
1315	\N	1306	27
1316	\N	1307	27
1317	\N	1308	28
1318	\N	1309	49
1319	\N	1310	26
1320	\N	1311	10
1321	\N	1312	7
1322	\N	1313	60
1323	\N	1314	19
1324	\N	1315	4
1325	\N	1316	67
1326	\N	1317	16
1327	\N	1318	23
1328	\N	1319	18
1329	\N	1320	1
1330	\N	1321	22
1331	\N	1322	65
1332	\N	1323	40
1333	\N	1324	53
1334	\N	1325	12
1335	\N	1326	45
1336	\N	1327	58
1337	\N	1328	61
1338	\N	1329	34
1339	\N	1330	33
1340	\N	1331	29
1341	\N	1332	51
1342	\N	1333	31
1343	\N	1334	32
1344	\N	1335	5
1345	\N	1336	6
1346	\N	1337	63
1347	\N	1338	13
1348	\N	1339	13
1349	\N	1340	55
1350	\N	1341	41
1351	\N	1342	69
1352	\N	1343	47
1353	\N	1344	35
1354	\N	1345	9393
1355	\N	1346	9397
1356	\N	1347	9401
1357	\N	1348	8703
1358	\N	1349	43
1359	\N	1350	38
1360	\N	1351	27
1361	\N	1352	49
1362	\N	1353	25
1363	\N	1354	9
1364	\N	1355	7
1365	\N	1356	7
1366	\N	1357	59
1367	\N	1358	59
1368	\N	1359	59
1369	\N	1360	59
1370	\N	1361	19
1371	\N	1362	19
1372	\N	1363	19
1373	\N	1364	3
1374	\N	1365	67
1375	\N	1366	67
1376	\N	1367	67
1377	\N	1368	15
1378	\N	1369	15
1379	\N	1370	15
1380	\N	1371	15
1381	\N	1372	15
1382	\N	1373	15
1383	\N	1374	23
1384	\N	1375	23
1385	\N	1376	23
1386	\N	1377	23
1387	\N	1378	17
1388	\N	1379	1
1389	\N	1380	21
1390	\N	1381	65
1391	\N	1382	39
1392	\N	1383	53
1393	\N	1384	11
1394	\N	1385	45
1395	\N	1386	57
1396	\N	1387	61
1397	\N	1388	33
1398	\N	1389	29
1399	\N	1390	51
1400	\N	1391	31
1401	\N	1392	5
1402	\N	1393	63
1403	\N	1394	13
1404	\N	1395	55
1405	\N	1396	41
1406	\N	1397	69
1407	\N	1398	47
1408	\N	1399	35
1409	\N	1400	9391
1410	\N	1401	44
1411	\N	1402	44
1412	\N	1403	37
1413	\N	1404	38
1414	\N	1405	27
1415	\N	1406	28
1416	\N	1407	50
1417	\N	1408	49
1418	\N	1409	26
1419	\N	1410	25
1420	\N	1411	9
1421	\N	1412	10
1422	\N	1413	8
1423	\N	1414	7
1424	\N	1415	59
1425	\N	1416	60
1426	\N	1417	20
1427	\N	1418	19
1428	\N	1419	3
1429	\N	1420	4
1430	\N	1421	68
1431	\N	1422	67
1432	\N	1423	15
1433	\N	1424	16
1434	\N	1425	23
1435	\N	1426	24
1436	\N	1427	17
1437	\N	1428	18
1438	\N	1429	2
1439	\N	1430	1
1440	\N	1431	22
1441	\N	1432	21
1442	\N	1433	65
1443	\N	1434	66
1444	\N	1435	40
1445	\N	1436	39
1446	\N	1437	53
1447	\N	1438	54
1448	\N	1439	11
1449	\N	1440	12
1450	\N	1441	46
1451	\N	1442	57
1452	\N	1443	62
1453	\N	1444	33
1454	\N	1445	29
1455	\N	1446	52
1456	\N	1447	31
1457	\N	1448	6
1458	\N	1449	63
1459	\N	1450	13
1460	\N	1451	56
1461	\N	1452	41
1462	\N	1453	70
1463	\N	1454	69
1464	\N	1455	48
1465	\N	1456	47
1466	\N	1457	36
1467	\N	1458	6897
1468	\N	1459	44
1469	\N	1460	37
1470	\N	1461	10166
1471	\N	1461	10167
1472	\N	1462	10170
1473	\N	1463	4726
1474	\N	1464	4940
1475	\N	1464	4941
1476	\N	1465	4945
1477	\N	1466	4950
1478	\N	1467	4954
1479	\N	1468	4958
1480	\N	1469	4961
1481	\N	1470	4967
1482	\N	1471	10195
1483	\N	1472	10199
1484	\N	1473	10204
1485	\N	1474	10209
1486	\N	1475	10176
1487	\N	1476	10179
1488	\N	1477	10166
1489	\N	1478	10173
1490	\N	1479	10184
1491	\N	1480	10186
1492	\N	1481	10193
1500	\N	1489	10227
1501	\N	1490	10227
1502	\N	1491	10229
1503	\N	1492	2089
1504	\N	1492	2091
\.


--
-- Data for Name: answer_session; Type: TABLE DATA; Schema: public; Owner: dev_service_user
--

COPY public.answer_session (id, start_date, is_practise, exam_version_id, video_version_id, user_id) FROM stdin;
1	2022-10-04 10:02:36.048+00	t	\N	\N	1
2	2022-10-04 10:02:36.048+00	t	\N	\N	2
3	2022-10-04 10:02:36.048+00	t	\N	\N	3
4	2022-10-04 10:02:36.048+00	f	1	\N	1
5	2022-10-04 10:02:36.048+00	f	1	\N	2
6	2022-10-04 10:02:36.048+00	f	1	\N	3
7	2022-09-28 12:37:36.048+00	f	33	\N	1
8	2022-10-04 10:23:47.027+00	f	1	\N	5
9	2022-10-04 10:23:47.051+00	t	\N	\N	5
10	2022-10-04 10:26:19.195+00	f	1	\N	6
11	2022-10-04 10:26:19.22+00	t	\N	\N	6
12	2022-10-04 10:36:13.49+00	f	1	\N	7
13	2022-10-04 10:36:13.515+00	t	\N	\N	7
14	2022-10-04 10:37:45.261+00	f	33	\N	7
15	2022-10-04 10:39:28.814+00	f	33	\N	7
16	2022-10-04 10:40:17.247+00	f	33	\N	7
17	2022-10-04 10:42:36.167+00	f	31	\N	7
18	2022-10-04 10:42:53.622+00	f	33	\N	7
19	2022-10-04 10:43:55.419+00	f	28	\N	1
20	2022-10-04 10:45:09.041+00	f	29	\N	1
21	2022-10-04 10:45:54.553+00	f	\N	89	1
22	2022-10-04 11:21:10.833+00	f	49	\N	1
23	2022-10-04 11:24:29.485+00	f	49	\N	1
24	2022-10-04 11:24:32.058+00	f	\N	405	1
25	2022-10-04 11:24:37.081+00	f	\N	405	1
26	2022-10-04 11:33:51.177+00	f	1	\N	8
27	2022-10-04 11:33:51.201+00	t	\N	\N	8
28	2022-10-04 11:35:01.214+00	f	49	\N	8
29	2022-10-04 11:35:10.589+00	f	49	\N	8
30	2022-10-04 11:35:52.842+00	f	29	\N	8
31	2022-10-04 11:42:13.214+00	f	63	\N	8
32	2022-10-04 11:43:46.034+00	f	42	\N	8
33	2022-10-04 11:46:26.98+00	f	\N	405	1
34	2022-10-04 12:03:00.073+00	f	63	\N	1
35	2022-10-04 12:03:38.153+00	f	63	\N	1
36	2022-10-04 12:04:01.954+00	f	63	\N	1
37	2022-10-04 12:04:31.351+00	f	\N	405	1
38	2022-10-04 12:04:45.636+00	f	70	\N	1
39	2022-10-04 12:05:27.373+00	f	70	\N	1
40	2022-10-04 12:05:44.634+00	f	70	\N	8
41	2022-10-04 12:06:29.316+00	f	77	\N	8
42	2022-10-04 12:07:23.177+00	f	42	\N	8
43	2022-10-04 12:08:40.878+00	f	77	\N	8
44	2022-10-04 12:09:06.825+00	f	42	\N	8
45	2022-10-04 12:09:56.691+00	f	42	\N	8
46	2022-10-04 12:10:23.251+00	f	77	\N	1
47	2022-10-04 12:10:30.538+00	f	42	\N	8
48	2022-10-04 12:10:49.674+00	f	42	\N	8
49	2022-10-04 13:08:36.35+00	f	77	\N	1
50	2022-10-04 13:21:21.741+00	f	1	\N	9
51	2022-10-04 13:21:21.765+00	t	\N	\N	9
52	2022-10-04 13:25:45.534+00	f	\N	405	1
53	2022-10-04 14:15:39.915+00	f	77	\N	1
54	2022-10-04 14:15:47.6+00	f	\N	924	1
55	2022-10-04 14:16:01.087+00	f	77	\N	8
56	2022-10-04 14:16:53.371+00	f	77	\N	8
57	2022-10-04 14:17:08.447+00	f	28	\N	1
58	2022-10-04 14:17:21.899+00	f	\N	192	1
59	2022-10-04 14:17:53.748+00	f	\N	192	1
60	2022-10-04 14:18:25.756+00	f	\N	924	8
61	2022-10-04 14:19:08.789+00	f	42	\N	8
62	2022-10-04 14:19:27.96+00	f	\N	924	8
63	2022-10-04 14:20:12.355+00	f	42	\N	8
64	2022-10-04 14:20:37.081+00	f	\N	924	8
65	2022-10-04 14:23:43.561+00	f	\N	924	8
66	2022-10-04 15:06:58.848+00	f	\N	924	8
67	2022-10-04 15:08:40.927+00	f	29	\N	1
68	2022-10-04 15:08:53.699+00	f	\N	49	1
69	2022-10-04 15:09:35.869+00	f	42	\N	8
70	2022-10-04 15:09:37.826+00	f	42	\N	8
71	2022-10-04 15:12:55.1+00	f	\N	924	8
72	2022-10-04 15:13:10.26+00	f	28	\N	8
73	2022-10-04 15:13:17.739+00	f	\N	192	8
74	2022-10-04 15:13:30.322+00	f	\N	192	8
75	2022-10-04 15:34:51.477+00	f	1	\N	10
76	2022-10-04 15:34:51.502+00	t	\N	\N	10
77	2022-10-04 15:36:37.663+00	f	42	\N	10
78	2022-10-04 15:39:06.205+00	f	77	\N	10
79	2022-10-04 15:39:19.953+00	f	\N	924	10
80	2022-10-04 15:39:33.907+00	f	28	\N	10
81	2022-10-04 15:39:43.04+00	f	\N	192	10
82	2022-10-04 15:39:59.047+00	f	29	\N	10
83	2022-10-04 15:40:06.267+00	f	\N	49	10
84	2022-10-04 15:40:17.661+00	f	42	\N	10
85	2022-10-04 15:41:38.879+00	f	1	\N	11
86	2022-10-04 15:41:38.904+00	t	\N	\N	11
87	2022-10-04 15:43:13.679+00	f	77	\N	11
88	2022-10-04 15:43:23.491+00	f	\N	924	11
89	2022-10-04 15:43:38.695+00	f	42	\N	11
90	2022-10-04 15:45:49.325+00	f	95	\N	11
91	2022-10-04 15:50:59.552+00	f	1	\N	12
92	2022-10-04 15:50:59.577+00	t	\N	\N	12
93	2022-10-04 15:52:12.882+00	f	77	\N	12
94	2022-10-04 15:52:23.082+00	f	\N	924	12
95	2022-10-04 15:52:37.896+00	f	28	\N	12
96	2022-10-04 15:52:48.741+00	f	\N	192	12
97	2022-10-04 15:53:07.173+00	f	29	\N	12
98	2022-10-04 15:53:13.84+00	f	\N	49	12
99	2022-10-04 15:53:21.888+00	f	\N	49	12
100	2022-10-04 17:04:32.362+00	f	\N	192	1
101	2022-10-04 17:04:55.822+00	f	\N	924	8
102	2022-10-04 17:05:31.494+00	f	1	\N	13
103	2022-10-04 17:05:31.521+00	t	\N	\N	13
104	2022-10-04 17:06:19.221+00	f	\N	938	12
105	2022-10-04 17:07:07.49+00	f	77	\N	13
106	2022-10-04 17:07:14.897+00	f	\N	924	13
107	2022-10-04 17:09:16.098+00	f	28	\N	13
108	2022-10-04 17:09:22.812+00	f	\N	192	13
109	2022-10-04 17:10:30.31+00	f	95	\N	13
110	2022-10-04 17:10:41.293+00	f	\N	1175	13
111	2022-10-04 17:13:10.053+00	f	\N	1175	13
112	2022-10-04 17:13:15.965+00	f	\N	1183	13
113	2022-10-04 18:30:06.129+00	f	\N	1183	13
114	2022-10-04 18:30:47.863+00	f	1	\N	14
115	2022-10-04 18:30:47.887+00	t	\N	\N	14
116	2022-10-04 18:32:57.187+00	f	1	\N	15
117	2022-10-04 18:32:57.21+00	t	\N	\N	15
118	2022-10-04 18:33:30.075+00	f	95	\N	14
119	2022-10-04 18:33:39.931+00	f	\N	1175	14
120	2022-10-04 18:33:47.505+00	f	88	\N	14
121	2022-10-04 18:34:16.412+00	f	95	\N	15
122	2022-10-04 18:35:03.656+00	f	95	\N	15
123	2022-10-04 18:36:21.833+00	f	\N	1202	14
124	2022-10-04 18:36:24.85+00	f	95	\N	15
125	2022-10-04 18:37:11.298+00	f	\N	1202	14
126	2022-10-04 18:37:17.423+00	f	95	\N	15
127	2022-10-04 18:37:22.911+00	f	77	\N	14
128	2022-10-04 18:37:38.171+00	f	95	\N	15
129	2022-10-04 18:37:43.762+00	f	\N	924	14
130	2022-10-04 18:38:12.027+00	f	77	\N	15
131	2022-10-04 18:38:17.115+00	f	28	\N	14
132	2022-10-04 18:38:30.246+00	f	\N	924	15
133	2022-10-04 18:38:46.181+00	f	95	\N	15
134	2022-10-04 18:39:09.101+00	f	\N	1202	14
135	2022-10-04 18:39:17.765+00	f	\N	1203	14
136	2022-10-04 18:39:38.297+00	f	\N	1175	14
137	2022-10-04 18:40:10.646+00	f	\N	1175	15
138	2022-10-04 18:40:24.385+00	f	\N	1175	15
139	2022-10-04 18:41:10.864+00	f	\N	1202	15
140	2022-10-04 18:41:19.443+00	f	95	\N	15
141	2022-10-04 18:41:54.725+00	f	95	\N	15
142	2022-10-04 18:42:31.334+00	f	95	\N	15
143	2022-10-04 18:42:50.139+00	f	\N	924	15
144	2022-10-04 18:44:23.151+00	f	95	\N	8
145	2022-10-04 18:45:32.569+00	f	1	\N	16
146	2022-10-04 18:45:32.594+00	t	\N	\N	16
147	2022-10-04 18:48:24.667+00	f	95	\N	16
148	2022-10-04 18:48:50.358+00	f	\N	1175	16
149	2022-10-05 08:06:46.955+00	f	1	\N	17
150	2022-10-05 08:06:46.979+00	t	\N	\N	17
151	2022-10-05 08:08:17.063+00	f	95	\N	17
152	2022-10-05 08:08:51.677+00	f	\N	1175	17
153	2022-10-05 08:09:25.355+00	f	95	\N	15
154	2022-10-05 08:12:51.294+00	f	95	\N	15
155	2022-10-05 08:15:03.223+00	f	\N	1176	8
156	2022-10-05 08:15:07.685+00	f	\N	924	8
157	2022-10-05 08:15:11.329+00	f	\N	192	8
158	2022-10-05 10:22:23.145+00	f	\N	1176	8
159	2022-10-05 10:22:37.154+00	f	\N	1177	8
160	2022-10-05 10:22:52.642+00	f	\N	1177	8
161	2022-10-05 10:51:53.991+00	f	\N	1178	8
162	2022-10-05 10:52:14.432+00	f	\N	1178	8
163	2022-10-05 11:53:15.222+00	f	\N	1178	8
164	2022-10-05 12:56:30.583+00	f	\N	1178	8
165	2022-10-05 13:11:58.175+00	f	\N	49	1
166	2022-10-05 13:12:08.445+00	f	\N	192	1
167	2022-10-05 13:22:26.384+00	f	\N	1178	8
168	2022-10-05 13:25:17.09+00	f	29	\N	8
169	2022-10-05 13:25:26.716+00	f	\N	49	8
170	2022-10-05 14:14:22.929+00	f	\N	192	8
171	2022-10-05 14:14:27.933+00	f	9	\N	8
172	2022-10-05 14:14:40.961+00	f	\N	192	8
173	2022-10-05 14:46:18.211+00	f	1	\N	18
174	2022-10-05 14:46:18.236+00	t	\N	\N	18
175	2022-10-05 14:47:32.507+00	f	1	\N	19
176	2022-10-05 14:47:32.532+00	t	\N	\N	19
177	2022-10-05 15:25:59.426+00	f	95	\N	18
178	2022-10-05 15:26:15.689+00	f	\N	1175	18
179	2022-10-05 15:50:14.04+00	f	1	\N	20
180	2022-10-05 15:50:14.064+00	t	\N	\N	20
181	2022-10-05 15:51:22.303+00	f	95	\N	20
182	2022-10-05 15:51:29.802+00	f	\N	1175	20
183	2022-10-05 17:46:01.545+00	f	\N	1175	1
184	2022-10-05 17:46:23.673+00	f	\N	1175	1
185	2022-10-05 17:46:37.983+00	f	\N	1176	1
186	2022-10-05 17:47:23.752+00	f	\N	1177	1
187	2022-10-05 17:47:27.783+00	f	\N	1176	1
188	2022-10-05 17:47:32.24+00	f	\N	1177	1
189	2022-10-05 17:47:35.963+00	f	\N	1176	1
190	2022-10-05 17:47:53.204+00	f	\N	1175	1
191	2022-10-05 17:47:58.26+00	f	\N	1176	1
192	2022-10-05 17:48:01.529+00	f	\N	1177	1
193	2022-10-05 17:48:06.361+00	f	\N	1178	1
194	2022-10-05 18:39:03.305+00	f	\N	192	8
195	2022-10-05 18:39:06.691+00	f	\N	1178	8
196	2022-10-05 20:13:07.965+00	f	\N	1178	1
197	2022-10-05 20:13:29.723+00	f	\N	1178	1
198	2022-10-05 20:13:31.603+00	f	\N	1179	1
199	2022-10-05 20:13:45.243+00	f	\N	1179	1
200	2022-10-05 20:15:15.247+00	f	95	\N	15
201	2022-10-05 20:15:27.732+00	f	\N	1175	15
202	2022-10-05 20:15:32.247+00	f	\N	1182	15
203	2022-10-05 20:15:46.22+00	f	88	\N	15
204	2022-10-05 20:16:06.552+00	f	\N	1175	15
205	2022-10-06 08:29:13.14+00	f	1	\N	21
206	2022-10-06 08:29:13.166+00	t	\N	\N	21
207	2022-10-06 09:13:07.156+00	f	95	\N	21
208	2022-10-06 09:14:44.596+00	f	\N	1175	21
209	2022-10-06 09:14:58.589+00	f	\N	1175	21
210	2022-10-06 09:15:33.858+00	f	\N	1184	21
211	2022-10-06 09:15:38.172+00	f	\N	1187	21
212	2022-10-06 09:16:15.2+00	f	\N	1187	21
213	2022-10-06 09:16:32.814+00	f	88	\N	21
214	2022-10-06 09:27:40.677+00	f	88	\N	21
215	2022-10-06 09:27:55.519+00	f	\N	1270	21
216	2022-10-06 09:28:19.236+00	f	\N	1270	21
217	2022-10-06 12:06:03.42+00	f	\N	1178	8
218	2022-10-07 08:43:24.519+00	f	\N	1175	15
219	2022-10-07 18:04:27.955+00	f	\N	1193	1
220	2022-10-07 18:04:42.295+00	f	\N	1193	1
221	2022-10-07 18:05:06.029+00	f	\N	1189	1
222	2022-10-07 18:05:42.374+00	f	\N	1179	1
223	2022-10-07 18:06:13.456+00	f	\N	1179	1
224	2022-10-07 19:07:36.921+00	f	1	\N	22
225	2022-10-07 19:07:36.945+00	t	\N	\N	22
226	2022-10-07 19:39:15.739+00	f	\N	1191	1
227	2022-10-07 19:43:42.823+00	f	\N	1194	1
228	2022-10-07 19:43:54.33+00	f	\N	1186	1
229	2022-10-08 06:24:21.081+00	f	\N	1186	1
230	2022-10-08 06:24:34.733+00	f	88	\N	1
231	2022-10-08 06:25:11.991+00	f	\N	1202	1
232	2022-10-08 06:28:20.541+00	f	\N	1698	1
233	2022-10-08 06:28:25.516+00	f	\N	1663	1
234	2022-10-08 06:29:47.931+00	f	\N	1665	1
235	2022-10-08 06:29:52.587+00	f	120	\N	1
236	2022-10-08 06:30:16.458+00	f	\N	1665	1
237	2022-10-08 06:30:20.963+00	f	120	\N	1
238	2022-10-08 06:50:54.634+00	f	\N	1664	1
239	2022-10-08 06:53:59.98+00	f	120	\N	1
240	2022-10-08 06:54:40.333+00	f	120	\N	1
241	2022-10-08 17:43:50.944+00	f	\N	1663	1
242	2022-10-09 10:34:06.356+00	f	\N	1674	1
243	2022-10-09 10:36:56.098+00	f	\N	1671	1
244	2022-10-09 10:37:02.472+00	f	\N	1671	1
245	2022-10-09 10:37:16.34+00	f	\N	1671	1
246	2022-10-09 10:37:35.434+00	f	\N	1672	1
247	2022-10-09 10:45:51.821+00	f	\N	1672	1
248	2022-10-09 19:37:24.678+00	f	\N	192	1
249	2022-10-10 09:15:23.954+00	f	\N	192	1
250	2022-10-10 09:15:34.38+00	f	9	\N	1
251	2022-10-10 09:15:53.569+00	f	\N	190	1
252	2022-10-10 09:16:52.772+00	f	16	\N	1
253	2022-10-10 10:03:13.478+00	f	1	\N	23
254	2022-10-10 10:03:13.505+00	t	\N	\N	23
255	2022-10-10 10:10:33.413+00	f	\N	1336	1
256	2022-10-10 10:10:47.04+00	f	\N	1336	1
257	2022-10-10 10:10:54.569+00	f	\N	1337	1
258	2022-10-10 10:10:57.665+00	f	\N	1336	1
259	2022-10-10 10:12:37.349+00	f	\N	1672	1
260	2022-10-10 10:12:43.745+00	f	120	\N	1
261	2022-10-10 10:18:46.02+00	f	\N	1664	1
262	2022-10-10 10:18:59.677+00	f	\N	1664	1
263	2022-10-10 10:19:23.839+00	f	\N	1664	1
264	2022-10-10 10:19:28.006+00	f	\N	1669	1
265	2022-10-10 10:19:32.926+00	f	120	\N	1
266	2022-10-10 12:06:09.429+00	f	1	\N	24
267	2022-10-10 12:06:09.453+00	t	\N	\N	24
268	2022-10-10 12:16:04.389+00	f	1	\N	25
269	2022-10-10 12:16:04.413+00	t	\N	\N	25
270	2022-10-10 12:21:28.965+00	f	1	\N	26
271	2022-10-10 12:21:28.989+00	t	\N	\N	26
272	2022-10-10 12:30:45.834+00	f	1	\N	27
273	2022-10-10 12:30:45.858+00	t	\N	\N	27
274	2022-10-10 18:28:23.772+00	f	1	\N	28
275	2022-10-10 18:28:23.796+00	t	\N	\N	28
276	2022-10-10 18:58:22.341+00	f	1	\N	29
277	2022-10-10 18:58:22.365+00	t	\N	\N	29
278	2022-10-10 20:55:38.492+00	f	120	\N	1
279	2022-10-10 20:55:44.006+00	f	\N	1672	1
280	2022-10-10 20:56:03+00	f	\N	1672	1
281	2022-10-10 21:17:39.068+00	f	\N	1673	1
282	2022-10-10 21:17:53.133+00	f	\N	1673	1
283	2022-10-10 21:20:09.794+00	f	\N	1674	1
284	2022-10-10 21:20:28.785+00	f	\N	1674	1
285	2022-10-10 21:24:19.068+00	f	\N	1675	1
286	2022-10-10 21:24:34.077+00	f	\N	1675	1
287	2022-10-10 21:28:03.525+00	f	\N	1676	1
288	2022-10-10 21:28:22.811+00	f	\N	1676	1
289	2022-10-10 21:28:47.6+00	f	\N	1677	1
290	2022-10-11 07:57:56.049+00	f	\N	1677	1
291	2022-10-11 08:07:23.652+00	f	16	\N	1
292	2022-10-11 08:07:39.019+00	f	16	\N	1
293	2022-10-11 09:39:09.045+00	f	16	\N	1
294	2022-10-11 10:38:30.124+00	f	16	\N	1
295	2022-10-11 10:38:39.93+00	f	\N	1677	1
296	2022-10-11 12:59:49.927+00	f	\N	1741	1
297	2022-10-11 13:31:49.373+00	f	\N	1741	1
298	2022-10-11 13:32:03.271+00	f	\N	1741	1
299	2022-10-11 13:32:07.395+00	f	120	\N	1
300	2022-10-11 13:42:19.356+00	f	\N	1674	8
301	2022-10-11 13:43:11.525+00	f	\N	192	8
302	2022-10-11 13:43:13.739+00	f	\N	234	8
303	2022-10-11 13:43:22.313+00	f	\N	234	8
304	2022-10-11 13:44:52.666+00	f	\N	237	8
305	2022-10-11 13:45:06.552+00	f	\N	237	8
306	2022-10-11 13:46:57.991+00	f	\N	202	8
307	2022-10-11 13:47:12.474+00	f	\N	202	8
308	2022-10-12 08:57:38.636+00	f	16	\N	1
309	2022-10-12 09:47:38.021+00	f	120	\N	1
310	2022-10-12 09:47:46.777+00	f	\N	1676	1
311	2022-10-12 11:48:01.437+00	f	\N	1678	1
312	2022-10-12 11:48:16.9+00	f	\N	1678	1
313	2022-10-12 11:58:49.145+00	f	\N	924	1
314	2022-10-12 11:59:10.424+00	f	\N	924	1
315	2022-10-12 11:59:39.586+00	f	\N	1678	1
316	2022-10-12 11:59:50.137+00	f	\N	1677	1
317	2022-10-12 11:59:58.198+00	f	\N	1679	1
318	2022-10-12 12:00:16.372+00	f	\N	1679	1
319	2022-10-12 12:00:24.459+00	f	\N	1680	1
320	2022-10-12 14:33:19.021+00	f	\N	202	8
321	2022-10-12 17:07:34.037+00	f	1	\N	33
322	2022-10-12 17:07:34.061+00	t	\N	\N	33
323	2022-10-12 17:30:36.973+00	f	16	\N	1
324	2022-10-12 18:46:56.636+00	f	16	\N	1
325	2022-10-13 11:03:40.586+00	f	1	\N	34
326	2022-10-13 11:03:40.61+00	t	\N	\N	34
327	2022-10-13 11:19:49.724+00	f	1	\N	35
328	2022-10-13 11:19:49.748+00	t	\N	\N	35
329	2022-10-13 11:23:08.25+00	f	1	\N	36
330	2022-10-13 11:23:08.273+00	t	\N	\N	36
331	2022-10-13 11:59:47.672+00	f	1	\N	37
332	2022-10-13 11:59:47.696+00	t	\N	\N	37
333	2022-10-13 12:09:59.356+00	f	128	\N	36
334	2022-10-13 12:10:14.746+00	f	\N	1671	36
335	2022-10-13 12:11:40.804+00	f	\N	1671	36
336	2022-10-13 12:11:49.9+00	f	\N	1671	36
337	2022-10-13 12:29:11.179+00	f	\N	1672	36
338	2022-10-13 12:29:13.167+00	f	\N	1676	36
339	2022-10-13 12:29:15.182+00	f	\N	1671	36
340	2022-10-13 13:21:48.562+00	f	\N	1680	1
341	2022-10-13 13:34:09.328+00	f	\N	1680	1
342	2022-10-13 13:34:33.264+00	f	\N	1680	1
343	2022-10-13 13:35:07.389+00	f	\N	1680	1
344	2022-10-13 13:39:23.496+00	f	\N	1680	1
345	2022-10-13 13:40:14.76+00	f	\N	1680	1
346	2022-10-13 13:40:46.406+00	f	\N	1680	1
347	2022-10-13 13:41:12.238+00	f	\N	1680	1
348	2022-10-13 16:48:02.33+00	f	1	\N	38
349	2022-10-13 16:48:02.359+00	t	\N	\N	38
350	2022-10-13 19:04:35.102+00	f	128	\N	38
351	2022-10-13 19:04:47.949+00	f	\N	1671	38
352	2022-10-13 19:04:57.45+00	f	\N	1671	38
353	2022-10-13 19:05:02.251+00	f	\N	1672	38
354	2022-10-13 19:10:53.78+00	f	\N	1672	38
355	2022-10-13 19:16:40.65+00	f	\N	1672	38
356	2022-10-13 19:16:59.772+00	f	\N	1672	38
357	2022-10-13 19:20:38.32+00	f	\N	1673	38
358	2022-10-13 19:23:08.18+00	f	1	\N	39
359	2022-10-13 19:23:08.291+00	t	\N	\N	39
360	2022-10-13 19:25:25.378+00	f	128	\N	39
361	2022-10-13 19:25:38.618+00	f	\N	1671	39
362	2022-10-13 20:11:48.355+00	f	\N	1680	1
363	2022-10-13 20:12:14.853+00	f	127	\N	1
364	2022-10-13 20:14:57.519+00	f	127	\N	1
365	2022-10-13 20:15:15.101+00	f	127	\N	1
366	2022-10-13 20:15:30.564+00	f	120	\N	1
367	2022-10-13 20:30:04.873+00	f	1	\N	40
368	2022-10-13 20:30:04.898+00	t	\N	\N	40
369	2022-10-13 20:33:01.801+00	f	1	\N	41
370	2022-10-13 20:33:01.825+00	t	\N	\N	41
371	2022-10-14 07:02:06.407+00	f	1	\N	42
372	2022-10-14 07:02:06.431+00	t	\N	\N	42
373	2022-10-14 08:08:34.562+00	f	1	\N	43
374	2022-10-14 08:08:34.586+00	t	\N	\N	43
375	2022-10-14 08:27:50.748+00	f	1	\N	44
376	2022-10-14 08:27:50.773+00	t	\N	\N	44
377	2022-10-14 09:28:40.259+00	f	1	\N	45
378	2022-10-14 09:28:40.285+00	t	\N	\N	45
379	2022-10-14 09:34:39.373+00	f	1	\N	46
380	2022-10-14 09:34:39.397+00	t	\N	\N	46
381	2022-10-14 09:39:10.093+00	f	100	\N	46
382	2022-10-14 09:39:19.412+00	f	\N	1336	46
383	2022-10-14 09:44:00.994+00	f	1	\N	47
384	2022-10-14 09:44:01.017+00	t	\N	\N	47
385	2022-10-14 13:17:15.35+00	f	1	\N	48
386	2022-10-14 13:17:15.374+00	t	\N	\N	48
387	2022-10-17 09:45:23.601+00	f	16	\N	1
388	2022-10-17 09:45:29.669+00	f	\N	192	1
389	2022-10-17 09:45:58.001+00	f	\N	1336	1
390	2022-10-17 13:36:47.323+00	f	129	\N	1
391	2022-10-17 13:40:07.222+00	f	\N	924	1
392	2022-10-17 13:40:31.958+00	f	72	\N	1
393	2022-10-17 13:45:02.945+00	f	\N	957	1
394	2022-10-17 13:48:22.628+00	f	129	\N	1
395	2022-10-17 14:52:00.811+00	f	\N	192	1
396	2022-10-18 06:08:04.972+00	f	129	\N	1
397	2022-10-20 15:04:05.952+00	f	129	\N	1
398	2022-10-20 15:07:15.686+00	f	\N	1978	1
399	2022-10-24 11:28:29.303+00	f	137	\N	41
400	2022-10-24 11:28:38.927+00	f	137	\N	41
401	2022-10-24 11:31:34.081+00	f	137	\N	41
402	2022-10-24 11:34:51.123+00	f	77	\N	41
403	2022-10-24 11:35:16.503+00	f	\N	924	41
404	2022-10-24 11:35:21.507+00	f	137	\N	41
405	2022-10-24 11:40:14.773+00	f	137	\N	41
406	2022-10-24 11:41:24.453+00	f	28	\N	41
407	2022-10-24 11:43:42.116+00	f	\N	924	41
408	2022-10-24 11:43:47.186+00	f	137	\N	41
409	2022-10-24 11:44:10.404+00	f	100	\N	41
410	2022-10-24 11:44:17.455+00	f	\N	1336	41
411	2022-10-24 11:46:07.65+00	f	\N	1978	1
412	2022-10-24 11:47:01.514+00	f	136	\N	1
413	2022-10-24 11:56:49.892+00	f	\N	1336	41
414	2022-10-24 13:01:45.492+00	f	137	\N	41
415	2022-10-24 13:02:04.274+00	f	137	\N	41
416	2022-10-24 13:02:08.371+00	f	137	\N	41
417	2022-10-24 13:02:29.001+00	f	\N	924	41
418	2022-10-24 13:02:34.303+00	f	\N	1336	41
419	2022-10-24 13:02:38.98+00	f	28	\N	41
420	2022-10-24 13:09:26.06+00	f	\N	1336	41
421	2022-10-24 13:09:33.125+00	f	28	\N	41
422	2022-10-24 13:09:38.603+00	f	\N	924	41
423	2022-10-24 13:10:00.795+00	f	137	\N	41
\.


--
-- Data for Name: answer_version; Type: TABLE DATA; Schema: public; Owner: dev_service_user
--

COPY public.answer_version (id, question_version_id, answer_id, answer_data_id) FROM stdin;
1	1	1	1
2	1	2	2
3	2	3	3
4	2	4	4
5	3	5	5
6	3	6	6
7	4	7	7
8	4	8	8
9	5	9	9
10	5	10	10
11	6	11	11
12	6	12	12
13	7	13	13
14	7	14	14
15	8	15	15
16	8	16	16
17	9	17	17
18	9	18	18
19	10	19	19
20	10	20	20
21	11	21	21
22	11	22	22
23	12	23	23
24	12	24	24
25	13	25	25
26	13	26	26
27	14	27	27
28	14	28	28
29	15	29	29
30	15	30	30
31	16	31	31
32	16	32	32
33	17	33	33
34	17	34	34
35	18	35	35
36	18	36	36
37	19	37	37
38	19	38	38
39	20	39	39
40	20	40	40
41	21	41	41
42	21	42	42
43	22	43	43
44	22	44	44
45	23	45	45
46	23	46	46
47	24	47	47
48	24	48	48
49	25	49	49
50	25	50	50
51	26	51	51
52	26	52	52
53	27	53	53
54	27	54	54
55	28	55	55
56	28	56	56
57	29	57	57
58	29	58	58
59	30	59	59
60	30	60	60
61	31	61	61
62	31	62	62
63	32	63	63
64	32	64	64
65	33	65	65
66	33	66	66
67	34	67	67
68	34	68	68
69	35	69	69
70	35	70	70
71	37	71	71
72	37	72	72
73	37	73	73
74	37	74	74
75	36	75	75
76	36	76	76
77	36	77	77
78	36	78	78
79	52	79	79
80	52	80	80
81	52	81	81
82	52	82	82
83	53	83	83
84	53	84	84
85	53	85	85
86	53	86	86
87	42	87	87
88	42	88	88
89	42	89	89
90	42	90	90
91	39	91	91
92	39	92	92
93	39	93	93
94	39	94	94
95	38	95	95
96	38	96	96
97	38	97	97
98	38	98	98
99	40	99	99
100	40	100	100
101	40	101	101
102	40	102	102
103	41	103	103
104	41	104	104
105	41	105	105
106	41	106	106
107	55	111	111
108	55	112	112
109	55	113	113
110	55	114	114
111	54	115	115
112	54	116	116
113	54	117	117
114	54	118	118
115	56	119	119
116	56	120	120
117	56	121	121
118	56	122	122
119	57	123	123
120	57	124	124
121	57	125	125
122	57	126	126
123	58	127	127
124	58	128	128
125	58	129	129
126	58	130	130
127	59	131	131
128	59	132	132
129	59	133	133
130	59	134	134
131	60	135	135
132	60	136	136
133	60	137	137
134	60	138	138
135	61	139	139
136	61	140	140
137	92	141	141
138	92	142	142
139	62	143	143
140	62	144	144
141	62	145	145
142	63	146	146
143	63	147	147
144	63	148	148
145	64	149	149
146	64	150	150
147	64	151	151
148	64	152	152
149	65	153	153
150	65	154	154
151	66	155	155
152	66	156	156
153	67	157	157
154	67	158	158
155	67	159	159
156	68	160	160
157	68	161	161
158	68	162	162
159	69	163	163
160	69	164	164
161	69	165	165
162	69	166	166
163	70	167	167
164	70	168	168
165	70	169	169
166	70	170	170
167	71	171	171
168	71	172	172
169	71	173	173
170	71	174	174
171	72	175	175
172	72	176	176
173	72	177	177
174	72	178	178
175	73	179	179
176	73	180	180
177	73	181	181
178	73	182	182
179	74	183	183
180	74	184	184
181	74	185	185
182	74	186	186
183	75	187	187
184	75	188	188
185	75	189	189
186	75	190	190
187	76	191	191
188	76	192	192
189	76	193	193
190	76	194	194
191	77	195	195
192	77	196	196
193	77	197	197
194	77	198	198
195	78	199	199
196	78	200	200
197	78	201	201
198	78	202	202
199	79	203	203
200	79	204	204
201	79	205	205
202	79	206	206
203	80	207	207
204	80	208	208
205	80	209	209
206	80	210	210
207	81	211	211
208	81	212	212
209	81	213	213
210	81	214	214
211	82	215	215
212	82	216	216
213	82	217	217
214	82	218	218
215	83	219	219
216	83	220	220
217	83	221	221
218	83	222	222
219	84	223	223
220	84	224	224
221	84	225	225
222	84	226	226
223	85	227	227
224	85	228	228
225	85	229	229
226	85	230	230
227	86	231	231
228	86	232	232
229	86	233	233
230	86	234	234
231	87	235	235
232	87	236	236
233	87	237	237
234	87	238	238
235	88	239	239
236	88	240	240
237	88	241	241
238	88	242	242
239	89	243	243
240	89	244	244
241	89	245	245
242	89	246	246
243	90	247	247
244	90	248	248
245	90	249	249
246	90	250	250
247	92	251	251
248	93	252	252
249	93	253	253
250	93	254	254
251	93	255	255
252	95	256	256
253	95	257	257
254	95	258	258
255	95	259	259
256	96	260	260
257	96	261	261
258	96	262	262
259	96	263	263
260	94	264	264
261	94	265	265
262	94	266	266
263	94	267	267
264	97	268	268
265	97	269	269
266	97	270	270
267	97	271	271
268	98	272	272
269	98	273	273
270	98	274	274
271	98	275	275
272	99	276	276
273	99	277	277
274	99	278	278
275	99	279	279
276	100	280	280
277	100	281	281
278	100	282	282
279	100	283	283
280	101	284	284
281	101	285	285
282	101	286	286
283	101	287	287
284	102	288	288
285	102	289	289
286	102	290	290
287	102	291	291
288	164	292	292
289	164	293	293
290	164	294	294
291	103	295	295
292	103	296	296
293	103	297	297
294	104	298	298
295	104	299	299
296	104	300	300
297	104	301	301
298	105	302	302
299	105	303	303
300	105	304	304
301	105	305	305
302	109	306	306
303	109	307	307
304	109	308	308
305	109	309	309
306	110	310	310
307	110	311	311
308	110	312	312
309	110	313	313
310	111	314	314
311	111	315	315
312	111	316	316
313	111	317	317
314	166	318	318
315	166	319	319
316	166	320	320
317	113	321	321
318	113	322	322
319	113	323	323
320	113	324	324
321	114	325	325
322	114	326	326
323	114	327	327
324	114	328	328
325	115	329	329
326	115	330	330
327	115	331	331
328	115	332	332
329	116	333	333
330	116	334	334
331	116	335	335
332	116	336	336
333	117	337	337
334	117	338	338
335	117	339	339
336	117	340	340
337	118	341	341
338	118	342	342
339	118	343	343
340	118	344	344
341	119	345	345
342	119	346	346
343	119	347	347
344	119	348	348
345	120	349	349
346	120	350	350
347	120	351	351
348	120	352	352
349	121	353	353
350	121	354	354
351	121	355	355
352	121	356	356
353	122	357	357
354	122	358	358
355	122	359	359
356	122	360	360
357	123	361	361
358	123	362	362
359	123	363	363
360	123	364	364
361	124	365	365
362	124	366	366
363	124	367	367
364	124	368	368
365	125	369	369
366	125	370	370
367	125	371	371
368	125	372	372
369	127	373	373
370	127	374	374
371	127	375	375
372	103	376	376
373	166	377	377
374	112	378	378
375	112	379	379
376	112	380	380
377	112	381	381
378	127	382	382
379	135	383	383
380	129	384	384
381	129	385	385
382	129	386	386
383	129	387	387
384	130	388	388
385	130	389	389
386	130	390	390
387	130	391	391
388	131	392	392
389	131	393	393
390	131	394	394
391	131	395	395
392	132	396	396
393	132	397	397
394	132	398	398
395	132	399	399
396	133	400	400
397	133	401	401
398	133	402	402
399	133	403	403
400	134	404	404
401	134	405	405
402	134	406	406
403	134	407	407
404	135	408	408
405	136	409	409
406	136	410	410
407	136	411	411
408	136	412	412
409	128	413	413
410	128	414	414
411	128	415	415
412	139	416	416
413	139	417	417
414	139	418	418
415	139	419	419
416	140	420	420
417	140	421	421
418	140	422	422
419	140	423	423
420	141	424	424
421	141	425	425
422	141	426	426
423	141	427	427
424	142	428	428
425	142	429	429
426	142	430	430
427	142	431	431
428	143	432	432
429	143	433	433
430	143	434	434
431	143	435	435
432	144	436	436
433	144	437	437
434	144	438	438
435	144	439	439
436	145	440	440
437	145	441	441
438	145	442	442
439	145	443	443
440	146	444	444
441	146	445	445
442	146	446	446
443	146	447	447
444	147	448	448
445	147	449	449
446	147	450	450
447	147	451	451
448	148	452	452
449	148	453	453
450	148	454	454
451	148	455	455
452	149	456	456
453	149	457	457
454	149	458	458
455	149	459	459
456	150	460	460
457	150	461	461
458	150	462	462
459	150	463	463
460	151	464	464
461	151	465	465
462	151	466	466
463	135	467	467
464	135	468	468
465	128	469	469
466	151	470	470
467	152	471	471
468	152	472	472
469	152	473	473
470	152	474	474
471	138	475	475
472	138	476	476
473	138	477	477
474	138	478	478
475	153	479	479
476	153	480	480
477	153	481	481
478	153	482	482
479	154	483	483
480	154	484	484
481	154	485	485
482	154	486	486
483	155	487	487
484	155	488	488
485	155	489	489
486	155	490	490
487	137	491	491
488	137	492	492
489	156	493	493
490	156	494	494
491	156	495	495
492	156	496	496
493	157	497	497
494	157	498	498
495	157	499	499
496	157	500	500
497	158	501	501
498	158	502	502
499	158	503	503
500	158	504	504
501	159	505	505
502	159	506	506
503	159	507	507
504	159	508	508
505	160	509	509
506	160	510	510
507	160	511	511
508	160	512	512
509	161	513	513
510	161	514	514
511	161	515	515
512	161	516	516
513	162	517	517
514	162	518	518
515	162	519	519
516	162	520	520
517	106	521	521
518	106	522	522
519	106	523	523
520	106	524	524
521	163	525	525
522	163	526	526
523	163	527	527
524	163	528	528
525	164	529	529
526	165	530	530
527	165	531	531
528	165	532	532
529	165	533	533
530	167	534	534
531	167	535	535
532	167	536	536
533	167	537	537
534	168	538	538
535	168	539	539
536	168	540	540
537	168	541	541
538	169	542	542
539	169	543	543
540	169	544	544
541	169	545	545
542	170	546	546
543	170	547	547
544	170	548	548
545	170	549	549
546	126	550	550
547	126	551	551
548	126	552	552
549	126	553	553
550	171	554	554
551	171	555	555
552	171	556	556
553	171	557	557
554	172	558	558
555	172	559	559
556	172	560	560
557	172	561	561
558	173	562	562
559	173	563	563
560	173	564	564
561	173	565	565
562	174	566	566
563	174	567	567
564	174	568	568
565	174	569	569
566	175	570	570
567	175	571	571
568	175	572	572
569	175	573	573
570	176	574	574
571	176	575	575
572	176	576	576
573	176	577	577
574	177	578	578
575	177	579	579
576	177	580	580
577	177	581	581
578	178	582	582
579	178	583	583
580	178	584	584
581	178	585	585
582	179	586	586
583	179	587	587
584	179	588	588
585	179	589	589
586	180	590	590
587	180	591	591
588	180	592	592
589	180	593	593
590	137	594	594
591	137	595	595
592	181	596	596
593	181	597	597
594	181	598	598
595	181	599	599
596	182	600	600
597	182	601	601
598	182	602	602
599	182	603	603
600	183	604	604
601	183	605	605
602	183	606	606
603	183	607	607
604	184	608	608
605	184	609	609
606	184	610	610
607	184	611	611
608	185	612	612
609	185	613	613
610	185	614	614
611	185	615	615
612	186	616	616
613	186	617	617
614	186	618	618
615	186	619	619
616	187	620	620
617	187	621	621
618	187	622	622
619	187	623	623
620	188	624	624
621	188	625	625
622	188	626	626
623	188	627	627
624	189	628	628
625	189	629	629
626	189	630	630
627	189	631	631
628	190	632	632
629	190	633	633
630	190	634	634
631	190	635	635
632	43	636	636
633	43	637	637
634	43	638	638
635	43	639	639
636	44	640	640
637	44	641	641
638	44	642	642
639	44	643	643
640	45	644	644
641	45	645	645
642	45	646	646
643	45	647	647
644	46	648	648
645	46	649	649
646	46	650	650
647	46	651	651
648	47	652	652
649	47	653	653
650	47	654	654
651	47	655	655
652	48	656	656
653	48	657	657
654	48	658	658
655	280	659	659
656	48	660	660
657	49	661	661
658	49	662	662
659	49	663	663
660	49	664	664
661	50	665	665
662	50	666	666
663	50	667	667
664	50	668	668
665	193	669	669
666	193	670	670
667	193	671	671
668	193	672	672
669	194	673	673
670	194	674	674
671	194	675	675
672	194	676	676
673	195	677	677
674	195	678	678
675	195	679	679
676	195	680	680
677	196	681	681
678	196	682	682
679	196	683	683
680	196	684	684
681	197	685	685
682	197	686	686
683	197	687	687
684	197	688	688
685	198	689	689
686	198	690	690
687	198	691	691
688	198	692	692
689	199	693	693
690	199	694	694
691	199	695	695
692	199	696	696
693	200	697	697
694	200	698	698
695	200	699	699
696	200	700	700
697	201	701	701
698	201	702	702
699	201	703	703
700	201	704	704
701	202	705	705
702	202	706	706
703	202	707	707
704	202	708	708
705	203	709	709
706	203	710	710
707	203	711	711
708	203	712	712
709	204	713	713
710	204	714	714
711	204	715	715
712	204	716	716
713	205	717	717
714	205	718	718
715	205	719	719
716	206	720	720
717	206	721	721
718	206	722	722
719	206	723	723
720	207	724	724
721	207	725	725
722	207	726	726
723	207	727	727
724	191	728	728
725	191	729	729
726	191	730	730
727	191	731	731
728	319	732	732
729	319	733	733
730	319	734	734
731	319	735	735
732	320	736	736
733	320	737	737
734	320	738	738
735	320	739	739
736	321	740	740
737	321	741	741
738	321	742	742
739	321	743	743
740	322	744	744
741	322	745	745
742	322	746	746
743	322	747	747
744	323	748	748
745	323	749	749
746	323	750	750
747	323	751	751
748	324	752	752
749	324	753	753
750	324	754	754
751	324	755	755
752	192	756	756
753	192	757	757
754	192	758	758
755	192	759	759
756	205	760	760
757	317	761	761
758	317	762	762
759	317	763	763
760	317	764	764
761	318	765	765
762	318	766	766
763	318	767	767
764	318	768	768
765	209	769	769
766	209	770	770
767	209	771	771
768	209	772	772
769	210	773	773
770	210	774	774
771	210	775	775
772	210	776	776
773	211	777	777
774	211	778	778
775	211	779	779
776	211	780	780
777	212	781	781
778	212	782	782
779	212	783	783
780	212	784	784
781	213	785	785
782	213	786	786
783	213	787	787
784	213	788	788
785	214	789	789
786	214	790	790
787	214	791	791
788	214	792	792
789	215	793	793
790	215	794	794
791	215	795	795
792	215	796	796
793	216	797	797
794	216	798	798
795	216	799	799
796	216	800	800
797	208	801	801
798	208	802	802
799	208	803	803
800	208	804	804
801	217	805	805
802	217	806	806
803	217	807	807
804	217	808	808
805	218	809	809
806	218	810	810
807	218	811	811
808	218	812	812
809	219	813	813
810	219	814	814
811	219	815	815
812	219	816	816
813	220	817	817
814	220	818	818
815	220	819	819
816	220	820	820
817	221	821	821
818	221	822	822
819	221	823	823
820	221	824	824
821	222	825	825
822	222	826	826
823	222	827	827
824	222	828	828
825	223	829	829
826	223	830	830
827	223	831	831
828	223	832	832
829	224	833	833
830	224	834	834
831	224	835	835
832	224	836	836
833	225	837	837
834	225	838	838
835	225	839	839
836	225	840	840
837	226	841	841
838	226	842	842
839	226	843	843
840	226	844	844
841	227	845	845
842	227	846	846
843	227	847	847
844	278	848	848
845	279	849	849
846	280	850	850
847	280	851	851
848	326	852	852
849	326	853	853
850	227	854	854
851	228	855	855
852	228	856	856
853	228	857	857
854	228	858	858
855	229	859	859
856	229	860	860
857	229	861	861
858	229	862	862
859	230	863	863
860	230	864	864
861	230	865	865
862	230	866	866
863	231	867	867
864	231	868	868
865	231	869	869
866	231	870	870
867	232	871	871
868	232	872	872
869	232	873	873
870	232	874	874
871	233	875	875
872	233	876	876
873	233	877	877
874	233	878	878
875	234	879	879
876	234	880	880
877	234	881	881
878	234	882	882
879	235	883	883
880	235	884	884
881	235	885	885
882	235	886	886
883	236	887	887
884	236	888	888
885	236	889	889
886	236	890	890
887	237	891	891
888	237	892	892
889	237	893	893
890	237	894	894
891	238	895	895
892	238	896	896
893	238	897	897
894	238	898	898
895	239	899	899
896	239	900	900
897	239	901	901
898	239	902	902
899	240	903	903
900	240	904	904
901	240	905	905
902	240	906	906
903	241	907	907
904	241	908	908
905	241	909	909
906	241	910	910
907	242	911	911
908	242	912	912
909	279	913	913
910	279	914	914
911	242	915	915
912	242	916	916
913	243	917	917
914	243	918	918
915	243	919	919
916	243	920	920
917	244	921	921
918	244	922	922
919	244	923	923
920	244	924	924
921	245	925	925
922	245	926	926
923	245	927	927
924	245	928	928
925	246	929	929
926	246	930	930
927	246	931	931
928	246	932	932
929	247	933	933
930	247	934	934
931	247	935	935
932	247	936	936
933	248	937	937
934	248	938	938
935	248	939	939
936	248	940	940
937	249	941	941
938	249	942	942
939	249	943	943
940	249	944	944
941	250	945	945
942	250	946	946
943	250	947	947
944	250	948	948
945	251	949	949
946	251	950	950
947	251	951	951
948	251	952	952
949	252	953	953
950	252	954	954
951	252	955	955
952	252	956	956
953	253	957	957
954	253	958	958
955	253	959	959
956	253	960	960
957	254	961	961
958	254	962	962
959	254	963	963
960	254	964	964
961	255	965	965
962	255	966	966
963	255	967	967
964	255	968	968
965	256	969	969
966	256	970	970
967	256	971	971
968	256	972	972
969	257	973	973
970	257	974	974
971	257	975	975
972	257	976	976
973	258	977	977
974	258	978	978
975	258	979	979
976	258	980	980
977	259	981	981
978	259	982	982
979	259	983	983
980	259	984	984
981	260	985	985
982	260	986	986
983	260	987	987
984	260	988	988
985	261	989	989
986	261	990	990
987	261	991	991
988	261	992	992
989	262	993	993
990	262	994	994
991	262	995	995
992	262	996	996
993	263	997	997
994	263	998	998
995	263	999	999
996	263	1000	1000
997	264	1001	1001
998	264	1002	1002
999	264	1003	1003
1000	264	1004	1004
1001	265	1005	1005
1002	265	1006	1006
1003	265	1007	1007
1004	265	1008	1008
1005	279	1009	1009
1006	280	1010	1010
1007	266	1011	1011
1008	266	1012	1012
1009	266	1013	1013
1010	266	1014	1014
1011	267	1015	1015
1012	267	1016	1016
1013	267	1017	1017
1014	267	1018	1018
1015	268	1019	1019
1016	268	1020	1020
1017	268	1021	1021
1018	268	1022	1022
1019	269	1023	1023
1020	269	1024	1024
1021	269	1025	1025
1022	269	1026	1026
1023	270	1027	1027
1024	270	1028	1028
1025	270	1029	1029
1026	270	1030	1030
1027	271	1031	1031
1028	271	1032	1032
1029	271	1033	1033
1030	271	1034	1034
1031	272	1035	1035
1032	272	1036	1036
1033	272	1037	1037
1034	272	1038	1038
1035	273	1039	1039
1036	273	1040	1040
1037	273	1041	1041
1038	273	1042	1042
1039	274	1043	1043
1040	274	1044	1044
1041	274	1045	1045
1042	274	1046	1046
1043	275	1047	1047
1044	275	1048	1048
1045	275	1049	1049
1046	275	1050	1050
1047	276	1051	1051
1048	276	1052	1052
1049	276	1053	1053
1050	276	1054	1054
1051	277	1055	1055
1052	277	1056	1056
1053	277	1057	1057
1054	277	1058	1058
1055	278	1059	1059
1056	278	1060	1060
1057	278	1061	1061
1058	281	1062	1062
1059	281	1063	1063
1060	281	1064	1064
1061	281	1065	1065
1062	282	1066	1066
1063	282	1067	1067
1064	282	1068	1068
1065	282	1069	1069
1066	283	1070	1070
1067	283	1071	1071
1068	283	1072	1072
1069	283	1073	1073
1070	284	1074	1074
1071	284	1075	1075
1072	284	1076	1076
1073	284	1077	1077
1074	285	1078	1078
1075	285	1079	1079
1076	285	1080	1080
1077	285	1081	1081
1078	286	1082	1082
1079	286	1083	1083
1080	286	1084	1084
1081	286	1085	1085
1082	287	1086	1086
1083	287	1087	1087
1084	287	1088	1088
1085	287	1089	1089
1086	288	1090	1090
1087	288	1091	1091
1088	288	1092	1092
1089	288	1093	1093
1090	289	1094	1094
1091	289	1095	1095
1092	289	1096	1096
1093	289	1097	1097
1094	290	1098	1098
1095	290	1099	1099
1096	290	1100	1100
1097	290	1101	1101
1098	291	1102	1102
1099	291	1103	1103
1100	291	1104	1104
1101	291	1105	1105
1102	292	1106	1106
1103	292	1107	1107
1104	292	1108	1108
1105	292	1109	1109
1106	293	1110	1110
1107	293	1111	1111
1108	293	1112	1112
1109	293	1113	1113
1110	294	1114	1114
1111	294	1115	1115
1112	294	1116	1116
1113	294	1117	1117
1114	295	1118	1118
1115	295	1119	1119
1116	326	1120	1120
1117	295	1121	1121
1118	295	1122	1122
1119	296	1123	1123
1120	296	1124	1124
1121	296	1125	1125
1122	296	1126	1126
1123	297	1127	1127
1124	297	1128	1128
1125	297	1129	1129
1126	297	1130	1130
1127	298	1131	1131
1128	298	1132	1132
1129	298	1133	1133
1130	298	1134	1134
1131	299	1135	1135
1132	299	1136	1136
1133	299	1137	1137
1134	299	1138	1138
1135	300	1139	1139
1136	300	1140	1140
1137	300	1141	1141
1138	300	1142	1142
1139	301	1143	1143
1140	301	1144	1144
1141	301	1145	1145
1142	301	1146	1146
1143	302	1147	1147
1144	302	1148	1148
1145	302	1149	1149
1146	302	1150	1150
1147	303	1151	1151
1148	303	1152	1152
1149	303	1153	1153
1150	303	1154	1154
1151	304	1155	1155
1152	304	1156	1156
1153	304	1157	1157
1154	304	1158	1158
1155	305	1159	1159
1156	305	1160	1160
1157	305	1161	1161
1158	305	1162	1162
1159	306	1163	1163
1160	306	1164	1164
1161	306	1165	1165
1162	306	1166	1166
1163	307	1167	1167
1164	307	1168	1168
1165	307	1169	1169
1166	307	1170	1170
1167	308	1171	1171
1168	308	1172	1172
1169	308	1173	1173
1170	308	1174	1174
1171	309	1175	1175
1172	309	1176	1176
1173	309	1177	1177
1174	309	1178	1178
1175	310	1179	1179
1176	310	1180	1180
1177	310	1181	1181
1178	310	1182	1182
1179	311	1183	1183
1180	311	1184	1184
1181	311	1185	1185
1182	311	1186	1186
1183	312	1187	1187
1184	312	1188	1188
1185	312	1189	1189
1186	312	1190	1190
1187	313	1191	1191
1188	313	1192	1192
1189	313	1193	1193
1190	313	1194	1194
1191	314	1195	1195
1192	314	1196	1196
1193	314	1197	1197
1194	314	1198	1198
1195	315	1199	1199
1196	315	1200	1200
1197	315	1201	1201
1198	315	1202	1202
1199	316	1203	1203
1200	316	1204	1204
1201	316	1205	1205
1202	316	1206	1206
1203	325	1207	1207
1204	325	1208	1208
1205	325	1209	1209
1206	325	1210	1210
1207	326	1211	1211
1208	331	1212	1212
1209	331	1213	1213
1210	331	1214	1214
1211	331	1215	1215
1212	332	1216	1216
1213	332	1217	1217
1214	332	1218	1218
1215	332	1219	1219
1216	333	1220	1220
1217	333	1221	1221
1218	333	1222	1222
1219	333	1223	1223
1220	334	1224	1224
1221	334	1225	1225
1222	334	1226	1226
1223	334	1227	1227
1224	335	1228	1228
1225	335	1229	1229
1226	335	1230	1230
1227	336	1231	1231
1228	336	1232	1232
1229	336	1233	1233
1230	336	1234	1234
1231	337	1235	1235
1232	337	1236	1236
1233	337	1237	1237
1234	337	1238	1238
1235	338	1239	1239
1236	338	1240	1240
1237	338	1241	1241
1238	338	1242	1242
1239	329	1243	1243
1240	329	1244	1244
1241	329	1245	1245
1242	329	1246	1246
1243	330	1247	1247
1244	330	1248	1248
1245	330	1249	1249
1246	330	1250	1250
1247	335	1251	1251
1248	327	1252	1252
1249	327	1253	1253
1250	327	1254	1254
1251	327	1255	1255
1252	328	1256	1256
1253	328	1257	1257
1254	328	1258	1258
1255	328	1259	1259
1256	371	1260	1260
1257	371	1261	1261
1258	371	1262	1262
1259	371	1263	1263
1260	372	1264	1264
1261	372	1265	1265
1262	372	1266	1266
1263	372	1267	1267
1264	373	1268	1268
1265	373	1269	1269
1266	373	1270	1270
1267	373	1271	1271
1268	374	1272	1272
1269	374	1273	1273
1270	374	1274	1274
1271	374	1275	1275
1272	341	1276	1276
1273	341	1277	1277
1274	341	1278	1278
1275	341	1279	1279
1276	364	1280	1280
1277	364	1281	1281
1278	364	1282	1282
1279	364	1283	1283
1280	365	1284	1284
1281	365	1285	1285
1282	365	1286	1286
1283	365	1287	1287
1284	366	1288	1288
1285	366	1289	1289
1286	366	1290	1290
1287	366	1291	1291
1288	367	1292	1292
1289	367	1293	1293
1290	367	1294	1294
1291	367	1295	1295
1292	368	1296	1296
1293	368	1297	1297
1294	368	1298	1298
1295	368	1299	1299
1296	356	1300	1300
1297	356	1301	1301
1298	369	1302	1302
1299	369	1303	1303
1300	369	1304	1304
1301	369	1305	1305
1302	370	1306	1306
1303	370	1307	1307
1304	370	1308	1308
1305	370	1309	1309
1306	350	1310	1310
1307	350	1311	1311
1308	350	1312	1312
1309	350	1313	1313
1310	351	1314	1314
1311	351	1315	1315
1312	351	1316	1316
1313	351	1317	1317
1314	348	1318	1318
1315	348	1319	1319
1316	348	1320	1320
1317	348	1321	1321
1318	349	1322	1322
1319	349	1323	1323
1320	349	1324	1324
1321	349	1325	1325
1322	352	1326	1326
1323	352	1327	1327
1324	352	1328	1328
1325	352	1329	1329
1326	377	1330	1330
1327	377	1331	1331
1328	377	1332	1332
1329	377	1333	1333
1330	381	1334	1334
1331	381	1335	1335
1332	381	1336	1336
1333	381	1337	1337
1334	342	1338	1338
1335	342	1339	1339
1336	342	1340	1340
1337	342	1341	1341
1338	343	1342	1342
1339	343	1343	1343
1340	343	1344	1344
1341	343	1345	1345
1342	345	1346	1346
1343	345	1347	1347
1344	345	1348	1348
1345	345	1349	1349
1346	347	1350	1350
1347	347	1351	1351
1348	347	1352	1352
1349	347	1353	1353
1350	344	1354	1354
1351	344	1355	1355
1352	344	1356	1356
1353	344	1357	1357
1354	380	1358	1358
1355	380	1359	1359
1356	380	1360	1360
1357	380	1361	1361
1358	346	1362	1362
1359	346	1363	1363
1360	346	1364	1364
1361	346	1365	1365
1362	353	1366	1366
1363	353	1367	1367
1364	353	1368	1368
1365	353	1369	1369
1366	339	1370	1370
1367	339	1371	1371
1368	339	1372	1372
1369	339	1373	1373
1370	340	1374	1374
1371	340	1375	1375
1372	340	1376	1376
1373	340	1377	1377
1374	354	1378	1378
1375	354	1379	1379
1376	354	1380	1380
1377	354	1381	1381
1378	355	1382	1382
1379	355	1383	1383
1380	355	1384	1384
1381	355	1385	1385
1382	356	1386	1386
1383	356	1387	1387
1384	357	1388	1388
1385	357	1389	1389
1386	357	1390	1390
1387	357	1391	1391
1388	358	1392	1392
1389	358	1393	1393
1390	358	1394	1394
1391	358	1395	1395
1392	359	1396	1396
1393	359	1397	1397
1394	359	1398	1398
1395	359	1399	1399
1396	360	1400	1400
1397	360	1401	1401
1398	360	1402	1402
1399	360	1403	1403
1400	361	1404	1404
1401	361	1405	1405
1402	361	1406	1406
1403	361	1407	1407
1404	391	1408	1408
1405	391	1409	1409
1406	391	1410	1410
1407	391	1411	1411
1408	392	1412	1412
1409	392	1413	1413
1410	392	1414	1414
1411	392	1415	1415
1412	393	1416	1416
1413	393	1417	1417
1414	393	1418	1418
1415	393	1419	1419
1416	395	1420	1420
1417	395	1421	1421
1418	395	1422	1422
1419	395	1423	1423
1420	362	1424	1424
1421	362	1425	1425
1422	362	1426	1426
1423	362	1427	1427
1424	386	1428	1428
1425	386	1429	1429
1426	386	1430	1430
1427	386	1431	1431
1428	387	1432	1432
1429	387	1433	1433
1430	387	1434	1434
1431	387	1435	1435
1432	389	1436	1436
1433	389	1437	1437
1434	389	1438	1438
1435	389	1439	1439
1436	390	1440	1440
1437	390	1441	1441
1438	390	1442	1442
1439	390	1443	1443
1440	388	1444	1444
1441	388	1445	1445
1442	388	1446	1446
1443	388	1447	1447
1444	363	1448	1448
1445	363	1449	1449
1446	363	1450	1450
1447	363	1451	1451
1448	375	1452	1452
1449	375	1453	1453
1450	375	1454	1454
1451	375	1455	1455
1452	376	1456	1456
1453	376	1457	1457
1454	376	1458	1458
1455	376	1459	1459
1456	378	1460	1460
1457	378	1461	1461
1458	378	1462	1462
1459	378	1463	1463
1460	379	1464	1464
1461	379	1465	1465
1462	379	1466	1466
1463	379	1467	1467
1464	382	1468	1468
1465	382	1469	1469
1466	382	1470	1470
1467	382	1471	1471
1468	383	1472	1472
1469	383	1473	1473
1470	383	1474	1474
1471	383	1475	1475
1472	384	1476	1476
1473	384	1477	1477
1474	384	1478	1478
1475	384	1479	1479
1476	385	1480	1480
1477	385	1481	1481
1478	385	1482	1482
1479	385	1483	1483
1480	394	1484	1484
1481	394	1485	1485
1482	394	1486	1486
1483	394	1487	1487
1484	396	1488	1488
1485	396	1489	1489
1486	396	1490	1490
1487	396	1491	1491
1488	397	1492	1492
1489	397	1493	1493
1490	397	1494	1494
1491	397	1495	1495
1492	398	1496	1496
1493	398	1497	1497
1494	398	1498	1498
1495	398	1499	1499
1496	399	1500	1500
1497	399	1501	1501
1498	399	1502	1502
1499	399	1503	1503
1500	400	1504	1504
1501	400	1505	1505
1502	400	1506	1506
1503	400	1507	1507
1504	401	1508	1508
1505	401	1509	1509
1506	401	1510	1510
1507	401	1511	1511
1508	402	1512	1512
1509	402	1513	1513
1510	402	1514	1514
1511	450	1515	1515
1512	402	1516	1516
1513	412	1517	1517
1514	412	1518	1518
1515	412	1519	1519
1516	412	1520	1520
1517	403	1521	1521
1518	403	1522	1522
1519	403	1523	1523
1520	403	1524	1524
1521	404	1525	1525
1522	404	1526	1526
1523	404	1527	1527
1524	404	1528	1528
1525	405	1529	1529
1526	405	1530	1530
1527	405	1531	1531
1528	405	1532	1532
1529	406	1533	1533
1530	406	1534	1534
1531	406	1535	1535
1532	406	1536	1536
1533	407	1537	1537
1534	407	1538	1538
1535	407	1539	1539
1536	407	1540	1540
1537	408	1541	1541
1538	408	1542	1542
1539	408	1543	1543
1540	408	1544	1544
1541	409	1545	1545
1542	409	1546	1546
1543	409	1547	1547
1544	409	1548	1548
1545	410	1549	1549
1546	410	1550	1550
1547	410	1551	1551
1548	410	1552	1552
1549	411	1553	1553
1550	411	1554	1554
1551	411	1555	1555
1552	411	1556	1556
1553	413	1557	1557
1554	413	1558	1558
1555	413	1559	1559
1556	413	1560	1560
1557	414	1561	1561
1558	414	1562	1562
1559	414	1563	1563
1560	414	1564	1564
1561	448	1565	1565
1562	448	1566	1566
1563	448	1567	1567
1564	448	1568	1568
1565	452	1569	1569
1566	452	1570	1570
1567	452	1571	1571
1568	452	1572	1572
1569	415	1573	1573
1570	415	1574	1574
1571	415	1575	1575
1572	415	1576	1576
1573	418	1577	1577
1574	418	1578	1578
1575	418	1579	1579
1576	418	1580	1580
1577	429	1581	1581
1578	429	1582	1582
1579	429	1583	1583
1580	429	1584	1584
1581	430	1585	1585
1582	430	1586	1586
1583	430	1587	1587
1584	430	1588	1588
1585	432	1589	1589
1586	432	1590	1590
1587	432	1591	1591
1588	432	1592	1592
1589	446	1593	1593
1590	446	1594	1594
1591	446	1595	1595
1592	446	1596	1596
1593	449	1597	1597
1594	449	1598	1598
1595	449	1599	1599
1596	449	1600	1600
1597	433	1601	1601
1598	433	1602	1602
1599	433	1603	1603
1600	433	1604	1604
1601	420	1605	1605
1602	420	1606	1606
1603	420	1607	1607
1604	420	1608	1608
1605	447	1609	1609
1606	447	1610	1610
1607	447	1611	1611
1608	447	1612	1612
1609	417	1613	1613
1610	417	1614	1614
1611	417	1615	1615
1612	417	1616	1616
1613	419	1617	1617
1614	419	1618	1618
1615	419	1619	1619
1616	419	1620	1620
1617	431	1621	1621
1618	431	1622	1622
1619	431	1623	1623
1620	431	1624	1624
1621	434	1625	1625
1622	434	1626	1626
1623	434	1627	1627
1624	434	1628	1628
1625	437	1629	1629
1626	437	1630	1630
1627	437	1631	1631
1628	437	1632	1632
1629	435	1633	1633
1630	435	1634	1634
1631	435	1635	1635
1632	435	1636	1636
1633	416	1637	1637
1634	416	1638	1638
1635	416	1639	1639
1636	416	1640	1640
1637	450	1641	1641
1638	450	1642	1642
1639	450	1643	1643
1640	438	1644	1644
1641	438	1645	1645
1642	438	1646	1646
1643	438	1647	1647
1644	439	1648	1648
1645	439	1649	1649
1646	439	1650	1650
1647	439	1651	1651
1648	440	1652	1652
1649	440	1653	1653
1650	440	1654	1654
1651	440	1655	1655
1652	453	1656	1656
1653	453	1657	1657
1654	453	1658	1658
1655	453	1659	1659
1656	421	1660	1660
1657	421	1661	1661
1658	421	1662	1662
1659	421	1663	1663
1660	422	1664	1664
1661	422	1665	1665
1662	422	1666	1666
1663	422	1667	1667
1664	462	1668	1668
1665	462	1669	1669
1666	462	1670	1670
1667	462	1671	1671
1668	425	1672	1672
1669	425	1673	1673
1670	425	1674	1674
1671	425	1675	1675
1672	426	1676	1676
1673	426	1677	1677
1674	426	1678	1678
1675	427	1679	1679
1676	427	1680	1680
1677	427	1681	1681
1678	427	1682	1682
1679	428	1683	1683
1680	428	1684	1684
1681	428	1685	1685
1682	428	1686	1686
1683	436	1687	1687
1684	436	1688	1688
1685	436	1689	1689
1686	436	1690	1690
1687	444	1691	1691
1688	444	1692	1692
1689	444	1693	1693
1690	444	1694	1694
1691	445	1695	1695
1692	445	1696	1696
1693	445	1697	1697
1694	445	1698	1698
1695	451	1699	1699
1696	451	1700	1700
1697	451	1701	1701
1698	451	1702	1702
1699	454	1703	1703
1700	454	1704	1704
1701	454	1705	1705
1702	454	1706	1706
1703	423	1707	1707
1704	423	1708	1708
1705	423	1709	1709
1706	423	1710	1710
1707	441	1711	1711
1708	441	1712	1712
1709	441	1713	1713
1710	441	1714	1714
1711	443	1715	1715
1712	443	1716	1716
1713	443	1717	1717
1714	443	1718	1718
1715	455	1719	1719
1716	455	1720	1720
1717	455	1721	1721
1718	455	1722	1722
1719	456	1723	1723
1720	456	1724	1724
1721	456	1725	1725
1722	456	1726	1726
1723	457	1727	1727
1724	457	1728	1728
1725	457	1729	1729
1726	457	1730	1730
1727	442	1731	1731
1728	442	1732	1732
1729	442	1733	1733
1730	442	1734	1734
1731	458	1735	1735
1732	458	1736	1736
1733	458	1737	1737
1734	458	1738	1738
1735	459	1739	1739
1736	459	1740	1740
1737	459	1741	1741
1738	459	1742	1742
1739	460	1743	1743
1740	460	1744	1744
1741	460	1745	1745
1742	460	1746	1746
1743	461	1747	1747
1744	461	1748	1748
1745	461	1749	1749
1746	461	1750	1750
1747	426	1751	1751
1748	424	1752	1752
1749	424	1753	1753
1750	424	1754	1754
1751	424	1755	1755
1752	463	1756	1756
1753	463	1757	1757
1754	463	1758	1758
1755	463	1759	1759
1756	107	1760	1760
1757	107	1761	1761
1758	107	1762	1762
1759	107	1763	1763
1760	108	1764	1764
1761	108	1765	1765
1762	108	1766	1766
1763	108	1767	1767
1764	464	1768	1768
1765	464	1769	1769
1766	464	1770	1770
1767	464	1771	1771
1768	465	1772	1772
1769	465	1773	1773
1770	465	1774	1774
1771	465	1775	1775
1772	466	1776	1776
1773	466	1777	1777
1774	466	1778	1778
1775	466	1779	1779
1776	467	1780	1780
1777	467	1781	1781
1778	467	1782	1782
1779	467	1783	1783
1780	468	1784	1784
1781	468	1785	1785
1782	468	1786	1786
1783	468	1787	1787
1784	469	1788	1788
1785	469	1789	1789
1786	469	1790	1790
1787	469	1791	1791
1788	470	1792	1792
1789	470	1793	1793
1790	470	1794	1794
1791	470	1795	1795
1792	471	1796	1796
1793	471	1797	1797
1794	471	1798	1798
1795	471	1799	1799
1796	472	1800	1800
1797	472	1801	1801
1798	472	1802	1802
1799	472	1803	1803
1800	473	1804	1804
1801	473	1805	1805
1802	473	1806	1806
1803	473	1807	1807
1804	474	1808	1808
1805	474	1809	1809
1806	474	1810	1810
1807	474	1811	1811
1808	475	1812	1812
1809	475	1813	1813
1810	475	1814	1814
1811	475	1815	1815
1812	476	1816	1816
1813	476	1817	1817
1814	476	1818	1818
1815	476	1819	1819
1816	477	1820	1820
1817	477	1821	1821
1818	477	1822	1822
1819	477	1823	1823
1820	478	1824	1824
1821	478	1825	1825
1822	478	1826	1826
1823	478	1827	1827
1824	479	1828	1828
1825	479	1829	1829
1826	479	1830	1830
1827	479	1831	1831
1828	480	1832	1832
1829	480	1833	1833
1830	480	1834	1834
1831	480	1835	1835
1832	481	1836	1836
1833	481	1837	1837
1834	481	1838	1838
1835	481	1839	1839
1836	482	1840	1840
1837	482	1841	1841
1838	482	1842	1842
1839	482	1843	1843
1840	483	1844	1844
1841	483	1845	1845
1842	483	1846	1846
1843	483	1847	1847
1844	484	1848	1848
1845	484	1849	1849
1846	484	1850	1850
1847	484	1851	1851
1848	485	1852	1852
1849	485	1853	1853
1850	485	1854	1854
1851	485	1855	1855
1852	486	1856	1856
1853	486	1857	1857
1854	486	1858	1858
1855	486	1859	1859
1856	487	1860	1860
1857	487	1861	1861
1858	487	1862	1862
1859	487	1863	1863
1860	488	1864	1864
1861	488	1865	1865
1862	488	1866	1866
1863	488	1867	1867
1864	489	1868	1868
1865	489	1869	1869
1866	489	1870	1870
1867	489	1871	1871
1868	490	1872	1872
1869	490	1873	1873
1870	490	1874	1874
1871	490	1875	1875
1872	491	1876	1876
1873	491	1877	1877
1874	491	1878	1878
1875	491	1879	1879
1876	492	1880	1880
1877	492	1881	1881
1878	492	1882	1882
1879	492	1883	1883
1880	493	1884	1884
1881	493	1885	1885
1882	493	1886	1886
1883	493	1887	1887
1884	494	1888	1888
1885	494	1889	1889
1886	494	1890	1890
1887	494	1891	1891
1888	495	1892	1892
1889	495	1893	1893
1890	495	1894	1894
1891	495	1895	1895
1892	496	1896	1896
1893	496	1897	1897
1894	496	1898	1898
1895	496	1899	1899
1896	497	1900	1900
1897	497	1901	1901
1898	497	1902	1902
1899	497	1903	1903
1900	498	1904	1904
1901	498	1905	1905
1902	498	1906	1906
1903	498	1907	1907
1904	499	1908	1908
1905	499	1909	1909
1906	499	1910	1910
1907	499	1911	1911
1908	500	1912	1912
1909	500	1913	1913
1910	500	1914	1914
1911	500	1915	1915
1912	501	1916	1916
1913	501	1917	1917
1914	501	1918	1918
1915	501	1919	1919
1916	502	1920	1920
1917	502	1921	1921
1918	502	1922	1922
1919	502	1923	1923
1920	503	1924	1924
1921	503	1925	1925
1922	503	1926	1926
1923	503	1927	1927
1924	504	1928	1928
1925	504	1929	1929
1926	504	1930	1930
1927	504	1931	1931
1928	505	1932	1932
1929	505	1933	1933
1930	505	1934	1934
1931	505	1935	1935
1932	506	1936	1936
1933	506	1937	1937
1934	506	1938	1938
1935	506	1939	1939
1936	507	1940	1940
1937	507	1941	1941
1938	507	1942	1942
1939	507	1943	1943
1940	508	1944	1944
1941	508	1945	1945
1942	508	1946	1946
1943	508	1947	1947
1944	509	1948	1948
1945	509	1949	1949
1946	509	1950	1950
1947	509	1951	1951
1948	510	1952	1952
1949	510	1953	1953
1950	510	1954	1954
1951	510	1955	1955
1952	511	1956	1956
1953	511	1957	1957
1954	511	1958	1958
1955	511	1959	1959
1956	512	1960	1960
1957	512	1961	1961
1958	512	1962	1962
1959	512	1963	1963
1960	513	1964	1964
1961	513	1965	1965
1962	513	1966	1966
1963	513	1967	1967
1964	514	1968	1968
1965	514	1969	1969
1966	514	1970	1970
1967	514	1971	1971
1968	515	1972	1972
1969	515	1973	1973
1970	515	1974	1974
1971	515	1975	1975
1972	516	1976	1976
1973	516	1977	1977
1974	516	1978	1978
1975	516	1979	1979
1976	517	1980	1980
1977	517	1981	1981
1978	517	1982	1982
1979	517	1983	1983
1980	518	1984	1984
1981	518	1985	1985
1982	518	1986	1986
1983	518	1987	1987
1984	519	1988	1988
1985	519	1989	1989
1986	519	1990	1990
1987	519	1991	1991
1988	520	1992	1992
1989	520	1993	1993
1990	520	1994	1994
1991	520	1995	1995
1992	521	1996	1996
1993	521	1997	1997
1994	521	1998	1998
1995	521	1999	1999
1996	522	2000	2000
1997	522	2001	2001
1998	522	2002	2002
1999	522	2003	2003
2000	525	2004	2004
2001	525	2005	2005
2002	525	2006	2006
2003	525	2007	2007
2004	526	2008	2008
2005	526	2009	2009
2006	526	2010	2010
2007	526	2011	2011
2008	527	2012	2012
2009	527	2013	2013
2010	527	2014	2014
2011	527	2015	2015
2012	529	2016	2016
2013	529	2017	2017
2014	529	2018	2018
2015	529	2019	2019
2016	531	2020	2020
2017	531	2021	2021
2018	531	2022	2022
2019	531	2023	2023
2020	533	2024	2024
2021	533	2025	2025
2022	533	2026	2026
2023	533	2027	2027
2024	534	2028	2028
2025	534	2029	2029
2026	534	2030	2030
2027	534	2031	2031
2028	537	2032	2032
2029	537	2033	2033
2030	537	2034	2034
2031	537	2035	2035
2032	523	2036	2036
2033	523	2037	2037
2034	523	2038	2038
2035	523	2039	2039
2036	524	2040	2040
2037	524	2041	2041
2038	524	2042	2042
2039	524	2043	2043
2040	539	2044	2044
2041	539	2045	2045
2042	539	2046	2046
2043	539	2047	2047
2044	536	2048	2048
2045	536	2049	2049
2046	536	2050	2050
2047	536	2051	2051
2048	530	2052	2052
2049	530	2053	2053
2050	530	2054	2054
2051	530	2055	2055
2052	538	2056	2056
2053	538	2057	2057
2054	538	2058	2058
2055	538	2059	2059
2056	528	2060	2060
2057	528	2061	2061
2058	528	2062	2062
2059	528	2063	2063
2060	532	2064	2064
2061	532	2065	2065
2062	532	2066	2066
2063	532	2067	2067
2064	535	2068	2068
2065	535	2069	2069
2066	535	2070	2070
2067	535	2071	2071
2068	540	2072	2072
2069	540	2073	2073
2070	540	2074	2074
2071	540	2075	2075
2072	541	2076	2076
2073	541	2077	2077
2074	541	2078	2078
2075	541	2079	2079
2076	542	2080	2080
2077	542	2081	2081
2078	542	2082	2082
2079	542	2083	2083
2080	543	2084	2084
2081	543	2085	2085
2082	543	2086	2086
2083	543	2087	2087
2084	544	2088	2088
2085	544	2089	2089
2086	544	2090	2090
2087	544	2091	2091
2088	545	2092	2092
2089	545	2093	2093
2090	545	2094	2094
2091	545	2095	2095
2092	546	2096	2096
2093	546	2097	2097
2094	546	2098	2098
2095	546	2099	2099
2096	547	2100	2100
2097	547	2101	2101
2098	547	2102	2102
2099	547	2103	2103
2100	548	2104	2104
2101	548	2105	2105
2102	548	2106	2106
2103	548	2107	2107
2104	549	2108	2108
2105	549	2109	2109
2106	549	2110	2110
2107	549	2111	2111
2108	550	2112	2112
2109	550	2113	2113
2110	550	2114	2114
2111	550	2115	2115
2112	551	2116	2116
2113	551	2117	2117
2114	551	2118	2118
2115	551	2119	2119
2116	552	2120	2120
2117	552	2121	2121
2118	552	2122	2122
2119	552	2123	2123
2120	554	71	71
2121	554	72	72
2122	554	73	73
2123	554	74	74
2124	553	75	75
2125	553	76	76
2126	553	77	77
2127	553	78	78
2128	556	79	79
2129	556	80	80
2130	556	81	81
2131	556	82	82
2132	557	83	83
2133	557	84	84
2134	557	85	85
2135	557	86	86
2136	559	111	111
2137	559	112	112
2138	559	113	113
2139	559	114	114
2140	558	115	115
2141	558	116	116
2142	558	117	117
2143	558	118	118
2144	560	119	119
2145	560	120	120
2146	560	121	121
2147	560	122	122
2148	561	123	123
2149	561	124	124
2150	561	125	125
2151	561	126	126
2152	562	127	127
2153	562	128	128
2154	562	129	129
2155	562	130	130
2156	563	131	131
2157	563	132	132
2158	563	133	133
2159	563	134	134
2160	564	163	163
2161	564	164	164
2162	564	165	165
2163	564	166	166
2164	565	167	167
2165	565	168	168
2166	565	169	169
2167	565	170	170
2168	566	171	171
2169	566	172	172
2170	566	173	173
2171	566	174	174
2172	567	175	175
2173	567	176	176
2174	567	177	177
2175	567	178	178
2176	568	179	179
2177	568	180	180
2178	568	181	181
2179	568	182	182
2180	569	183	183
2181	569	184	184
2182	569	185	185
2183	569	186	186
2184	570	187	187
2185	570	188	188
2186	570	189	189
2187	570	190	190
2188	571	191	191
2189	571	192	192
2190	571	193	193
2191	571	194	194
2192	572	195	195
2193	572	196	196
2194	572	197	197
2195	572	198	198
2196	573	199	199
2197	573	200	200
2198	573	201	201
2199	573	202	202
2200	574	203	203
2201	574	204	204
2202	574	205	205
2203	574	206	206
2204	575	207	207
2205	575	208	208
2206	575	209	209
2207	575	210	210
2208	576	211	211
2209	576	212	212
2210	576	213	213
2211	576	214	214
2212	577	215	215
2213	577	216	216
2214	577	217	217
2215	577	218	218
2216	578	219	219
2217	578	220	220
2218	578	221	221
2219	578	222	222
2220	579	223	223
2221	579	224	224
2222	579	225	225
2223	579	226	226
2224	580	227	227
2225	580	228	228
2226	580	229	229
2227	580	230	230
2228	581	231	231
2229	581	232	232
2230	581	233	233
2231	581	234	234
2232	582	235	235
2233	582	236	236
2234	582	237	237
2235	582	238	238
2236	583	239	239
2237	583	240	240
2238	583	241	241
2239	583	242	242
2240	584	243	243
2241	584	244	244
2242	584	245	245
2243	584	246	246
2244	585	247	247
2245	585	248	248
2246	585	249	249
2247	585	250	250
2248	587	252	252
2249	587	253	253
2250	587	254	254
2251	587	255	255
2252	589	256	256
2253	589	257	257
2254	589	258	258
2255	589	259	259
2256	590	260	260
2257	590	261	261
2258	590	262	262
2259	590	263	263
2260	588	264	264
2261	588	265	265
2262	588	266	266
2263	588	267	267
2264	591	268	268
2265	591	269	269
2266	591	270	270
2267	591	271	271
2268	592	272	272
2269	592	273	273
2270	592	274	274
2271	592	275	275
2272	593	276	276
2273	593	277	277
2274	593	278	278
2275	593	279	279
2276	594	280	280
2277	594	281	281
2278	594	282	282
2279	594	283	283
2280	595	284	284
2281	595	285	285
2282	595	286	286
2283	595	287	287
2284	596	288	288
2285	596	289	289
2286	596	290	290
2287	596	291	291
2288	656	292	292
2289	656	293	293
2290	656	294	294
2291	597	295	295
2292	597	296	296
2293	597	297	297
2294	598	298	298
2295	598	299	299
2296	598	300	300
2297	598	301	301
2298	599	302	302
2299	599	303	303
2300	599	304	304
2301	599	305	305
2302	601	306	306
2303	601	307	307
2304	601	308	308
2305	601	309	309
2306	602	310	310
2307	602	311	311
2308	602	312	312
2309	602	313	313
2310	603	314	314
2311	603	315	315
2312	603	316	316
2313	603	317	317
2314	658	318	318
2315	658	319	319
2316	658	320	320
2317	605	321	321
2318	605	322	322
2319	605	323	323
2320	605	324	324
2321	606	325	325
2322	606	326	326
2323	606	327	327
2324	606	328	328
2325	607	329	329
2326	607	330	330
2327	607	331	331
2328	607	332	332
2329	608	333	333
2330	608	334	334
2331	608	335	335
2332	608	336	336
2333	609	337	337
2334	609	338	338
2335	609	339	339
2336	609	340	340
2337	610	341	341
2338	610	342	342
2339	610	343	343
2340	610	344	344
2341	611	345	345
2342	611	346	346
2343	611	347	347
2344	611	348	348
2345	612	349	349
2346	612	350	350
2347	612	351	351
2348	612	352	352
2349	613	353	353
2350	613	354	354
2351	613	355	355
2352	613	356	356
2353	614	357	357
2354	614	358	358
2355	614	359	359
2356	614	360	360
2357	615	361	361
2358	615	362	362
2359	615	363	363
2360	615	364	364
2361	616	365	365
2362	616	366	366
2363	616	367	367
2364	616	368	368
2365	617	369	369
2366	617	370	370
2367	617	371	371
2368	617	372	372
2369	619	373	373
2370	619	374	374
2371	619	375	375
2372	597	376	376
2373	658	377	377
2374	604	378	378
2375	604	379	379
2376	604	380	380
2377	604	381	381
2378	619	382	382
2379	627	383	383
2380	621	384	384
2381	621	385	385
2382	621	386	386
2383	621	387	387
2384	622	388	388
2385	622	389	389
2386	622	390	390
2387	622	391	391
2388	623	392	392
2389	623	393	393
2390	623	394	394
2391	623	395	395
2392	624	396	396
2393	624	397	397
2394	624	398	398
2395	624	399	399
2396	625	400	400
2397	625	401	401
2398	625	402	402
2399	625	403	403
2400	626	404	404
2401	626	405	405
2402	626	406	406
2403	626	407	407
2404	627	408	408
2405	628	409	409
2406	628	410	410
2407	628	411	411
2408	628	412	412
2409	620	413	413
2410	620	414	414
2411	620	415	415
2412	631	416	416
2413	631	417	417
2414	631	418	418
2415	631	419	419
2416	632	420	420
2417	632	421	421
2418	632	422	422
2419	632	423	423
2420	633	424	424
2421	633	425	425
2422	633	426	426
2423	633	427	427
2424	634	428	428
2425	634	429	429
2426	634	430	430
2427	634	431	431
2428	635	432	432
2429	635	433	433
2430	635	434	434
2431	635	435	435
2432	636	436	436
2433	636	437	437
2434	636	438	438
2435	636	439	439
2436	637	440	440
2437	637	441	441
2438	637	442	442
2439	637	443	443
2440	638	444	444
2441	638	445	445
2442	638	446	446
2443	638	447	447
2444	639	448	448
2445	639	449	449
2446	639	450	450
2447	639	451	451
2448	640	452	452
2449	640	453	453
2450	640	454	454
2451	640	455	455
2452	641	456	456
2453	641	457	457
2454	641	458	458
2455	641	459	459
2456	642	460	460
2457	642	461	461
2458	642	462	462
2459	642	463	463
2460	643	464	464
2461	643	465	465
2462	643	466	466
2463	627	467	467
2464	627	468	468
2465	620	469	469
2466	643	470	470
2467	644	471	471
2468	644	472	472
2469	644	473	473
2470	644	474	474
2471	630	475	475
2472	630	476	476
2473	630	477	477
2474	630	478	478
2475	645	479	479
2476	645	480	480
2477	645	481	481
2478	645	482	482
2479	646	483	483
2480	646	484	484
2481	646	485	485
2482	646	486	486
2483	647	487	487
2484	647	488	488
2485	647	489	489
2486	647	490	490
2487	629	491	491
2488	629	492	492
2489	648	493	493
2490	648	494	494
2491	648	495	495
2492	648	496	496
2493	649	497	497
2494	649	498	498
2495	649	499	499
2496	649	500	500
2497	650	501	501
2498	650	502	502
2499	650	503	503
2500	650	504	504
2501	651	505	505
2502	651	506	506
2503	651	507	507
2504	651	508	508
2505	652	509	509
2506	652	510	510
2507	652	511	511
2508	652	512	512
2509	653	513	513
2510	653	514	514
2511	653	515	515
2512	653	516	516
2513	654	517	517
2514	654	518	518
2515	654	519	519
2516	654	520	520
2517	600	521	521
2518	600	522	522
2519	600	523	523
2520	600	524	524
2521	655	525	525
2522	655	526	526
2523	655	527	527
2524	655	528	528
2525	656	529	529
2526	657	530	530
2527	657	531	531
2528	657	532	532
2529	657	533	533
2530	659	534	534
2531	659	535	535
2532	659	536	536
2533	659	537	537
2534	660	538	538
2535	660	539	539
2536	660	540	540
2537	660	541	541
2538	661	542	542
2539	661	543	543
2540	661	544	544
2541	661	545	545
2542	662	546	546
2543	662	547	547
2544	662	548	548
2545	662	549	549
2546	618	550	550
2547	618	551	551
2548	618	552	552
2549	618	553	553
2550	663	554	554
2551	663	555	555
2552	663	556	556
2553	663	557	557
2554	664	558	558
2555	664	559	559
2556	664	560	560
2557	664	561	561
2558	665	562	562
2559	665	563	563
2560	665	564	564
2561	665	565	565
2562	666	566	566
2563	666	567	567
2564	666	568	568
2565	666	569	569
2566	667	570	570
2567	667	571	571
2568	667	572	572
2569	667	573	573
2570	668	574	574
2571	668	575	575
2572	668	576	576
2573	668	577	577
2574	669	578	578
2575	669	579	579
2576	669	580	580
2577	669	581	581
2578	670	582	582
2579	670	583	583
2580	670	584	584
2581	670	585	585
2582	671	586	586
2583	671	587	587
2584	671	588	588
2585	671	589	589
2586	672	590	590
2587	672	591	591
2588	672	592	592
2589	672	593	593
2590	629	594	594
2591	629	595	595
2592	677	87	87
2593	677	88	88
2594	677	89	89
2595	677	90	90
2596	674	91	91
2597	674	92	92
2598	674	93	93
2599	674	94	94
2600	673	95	95
2601	673	96	96
2602	673	97	97
2603	673	98	98
2604	675	99	99
2605	675	100	100
2606	675	101	101
2607	675	102	102
2608	676	103	103
2609	676	104	104
2610	676	105	105
2611	676	106	106
2612	678	636	636
2613	678	637	637
2614	678	638	638
2615	678	639	639
2616	679	640	640
2617	679	641	641
2618	679	642	642
2619	679	643	643
2620	680	644	644
2621	680	645	645
2622	680	646	646
2623	680	647	647
2624	681	648	648
2625	681	649	649
2626	681	650	650
2627	681	651	651
2628	682	652	652
2629	682	653	653
2630	682	654	654
2631	682	655	655
2632	683	656	656
2633	683	657	657
2634	683	658	658
2635	683	660	660
2636	684	661	661
2637	684	662	662
2638	684	663	663
2639	684	664	664
2640	685	665	665
2641	685	666	666
2642	685	667	667
2643	685	668	668
2644	688	669	669
2645	688	670	670
2646	688	671	671
2647	688	672	672
2648	689	673	673
2649	689	674	674
2650	689	675	675
2651	689	676	676
2652	690	677	677
2653	690	678	678
2654	690	679	679
2655	690	680	680
2656	691	681	681
2657	691	682	682
2658	691	683	683
2659	691	684	684
2660	692	685	685
2661	692	686	686
2662	692	687	687
2663	692	688	688
2664	693	689	689
2665	693	690	690
2666	693	691	691
2667	693	692	692
2668	694	693	693
2669	694	694	694
2670	694	695	695
2671	694	696	696
2672	695	697	697
2673	695	698	698
2674	695	699	699
2675	695	700	700
2676	696	701	701
2677	696	702	702
2678	696	703	703
2679	696	704	704
2680	697	705	705
2681	697	706	706
2682	697	707	707
2683	697	708	708
2684	698	709	709
2685	698	710	710
2686	698	711	711
2687	698	712	712
2688	699	713	713
2689	699	714	714
2690	699	715	715
2691	699	716	716
2692	700	717	717
2693	700	718	718
2694	700	719	719
2695	701	720	720
2696	701	721	721
2697	701	722	722
2698	701	723	723
2699	702	724	724
2700	702	725	725
2701	702	726	726
2702	702	727	727
2703	686	728	728
2704	686	729	729
2705	686	730	730
2706	686	731	731
2707	712	732	732
2708	712	733	733
2709	712	734	734
2710	712	735	735
2711	713	736	736
2712	713	737	737
2713	713	738	738
2714	713	739	739
2715	714	740	740
2716	714	741	741
2717	714	742	742
2718	714	743	743
2719	715	744	744
2720	715	745	745
2721	715	746	746
2722	715	747	747
2723	716	748	748
2724	716	749	749
2725	716	750	750
2726	716	751	751
2727	717	752	752
2728	717	753	753
2729	717	754	754
2730	717	755	755
2731	687	756	756
2732	687	757	757
2733	687	758	758
2734	687	759	759
2735	700	760	760
2736	710	761	761
2737	710	762	762
2738	710	763	763
2739	710	764	764
2740	711	765	765
2741	711	766	766
2742	711	767	767
2743	711	768	768
2744	703	769	769
2745	703	770	770
2746	703	771	771
2747	703	772	772
2748	704	773	773
2749	704	774	774
2750	704	775	775
2751	704	776	776
2752	705	777	777
2753	705	778	778
2754	705	779	779
2755	705	780	780
2756	706	781	781
2757	706	782	782
2758	706	783	783
2759	706	784	784
2760	707	785	785
2761	707	786	786
2762	707	787	787
2763	707	788	788
2764	708	789	789
2765	708	790	790
2766	708	791	791
2767	708	792	792
2768	709	793	793
2769	709	794	794
2770	709	795	795
2771	709	796	796
2772	719	852	852
2773	719	853	853
2774	719	1120	1120
2775	718	1207	1207
2776	718	1208	1208
2777	718	1209	1209
2778	718	1210	1210
2779	719	1211	1211
2780	724	1212	1212
2781	724	1213	1213
2782	724	1214	1214
2783	724	1215	1215
2784	725	1216	1216
2785	725	1217	1217
2786	725	1218	1218
2787	725	1219	1219
2788	726	1220	1220
2789	726	1221	1221
2790	726	1222	1222
2791	726	1223	1223
2792	727	1224	1224
2793	727	1225	1225
2794	727	1226	1226
2795	727	1227	1227
2796	728	1228	1228
2797	728	1229	1229
2798	728	1230	1230
2799	729	1231	1231
2800	729	1232	1232
2801	729	1233	1233
2802	729	1234	1234
2803	730	1235	1235
2804	730	1236	1236
2805	730	1237	1237
2806	730	1238	1238
2807	731	1239	1239
2808	731	1240	1240
2809	731	1241	1241
2810	731	1242	1242
2811	722	1243	1243
2812	722	1244	1244
2813	722	1245	1245
2814	722	1246	1246
2815	723	1247	1247
2816	723	1248	1248
2817	723	1249	1249
2818	723	1250	1250
2819	728	1251	1251
2820	720	1252	1252
2821	720	1253	1253
2822	720	1254	1254
2823	720	1255	1255
2824	721	1256	1256
2825	721	1257	1257
2826	721	1258	1258
2827	721	1259	1259
2828	752	1260	1260
2829	752	1261	1261
2830	752	1262	1262
2831	752	1263	1263
2832	753	1264	1264
2833	753	1265	1265
2834	753	1266	1266
2835	753	1267	1267
2836	754	1268	1268
2837	754	1269	1269
2838	754	1270	1270
2839	754	1271	1271
2840	755	1272	1272
2841	755	1273	1273
2842	755	1274	1274
2843	755	1275	1275
2844	732	1276	1276
2845	732	1277	1277
2846	732	1278	1278
2847	732	1279	1279
2848	745	1280	1280
2849	745	1281	1281
2850	745	1282	1282
2851	745	1283	1283
2852	746	1284	1284
2853	746	1285	1285
2854	746	1286	1286
2855	746	1287	1287
2856	747	1288	1288
2857	747	1289	1289
2858	747	1290	1290
2859	747	1291	1291
2860	748	1292	1292
2861	748	1293	1293
2862	748	1294	1294
2863	748	1295	1295
2864	749	1296	1296
2865	749	1297	1297
2866	749	1298	1298
2867	749	1299	1299
2868	750	1302	1302
2869	750	1303	1303
2870	750	1304	1304
2871	750	1305	1305
2872	751	1306	1306
2873	751	1307	1307
2874	751	1308	1308
2875	751	1309	1309
2876	741	1310	1310
2877	741	1311	1311
2878	741	1312	1312
2879	741	1313	1313
2880	742	1314	1314
2881	742	1315	1315
2882	742	1316	1316
2883	742	1317	1317
2884	739	1318	1318
2885	739	1319	1319
2886	739	1320	1320
2887	739	1321	1321
2888	740	1322	1322
2889	740	1323	1323
2890	740	1324	1324
2891	740	1325	1325
2892	743	1326	1326
2893	743	1327	1327
2894	743	1328	1328
2895	743	1329	1329
2896	756	1330	1330
2897	756	1331	1331
2898	756	1332	1332
2899	756	1333	1333
2900	758	1334	1334
2901	758	1335	1335
2902	758	1336	1336
2903	758	1337	1337
2904	733	1338	1338
2905	733	1339	1339
2906	733	1340	1340
2907	733	1341	1341
2908	734	1342	1342
2909	734	1343	1343
2910	734	1344	1344
2911	734	1345	1345
2912	736	1346	1346
2913	736	1347	1347
2914	736	1348	1348
2915	736	1349	1349
2916	738	1350	1350
2917	738	1351	1351
2918	738	1352	1352
2919	738	1353	1353
2920	735	1354	1354
2921	735	1355	1355
2922	735	1356	1356
2923	735	1357	1357
2924	757	1358	1358
2925	757	1359	1359
2926	757	1360	1360
2927	757	1361	1361
2928	737	1362	1362
2929	737	1363	1363
2930	737	1364	1364
2931	737	1365	1365
2932	744	1366	1366
2933	744	1367	1367
2934	744	1368	1368
2935	744	1369	1369
2936	759	2072	2072
2937	759	2073	2073
2938	759	2074	2074
2939	759	2075	2075
2940	760	2076	2076
2941	760	2077	2077
2942	760	2078	2078
2943	760	2079	2079
2944	761	2080	2080
2945	761	2081	2081
2946	761	2082	2082
2947	761	2083	2083
2948	762	2084	2084
2949	762	2085	2085
2950	762	2086	2086
2951	762	2087	2087
2952	763	2088	2088
2953	763	2089	2089
2954	763	2090	2090
2955	763	2091	2091
2956	775	1644	1644
2957	775	1645	1645
2958	775	1646	1646
2959	775	1647	1647
2960	776	1648	1648
2961	776	1649	1649
2962	776	1650	1650
2963	776	1651	1651
2964	777	1652	1652
2965	777	1653	1653
2966	777	1654	1654
2967	777	1655	1655
2968	784	1656	1656
2969	784	1657	1657
2970	784	1658	1658
2971	784	1659	1659
2972	766	1660	1660
2973	766	1661	1661
2974	766	1662	1662
2975	766	1663	1663
2976	767	1664	1664
2977	767	1665	1665
2978	767	1666	1666
2979	767	1667	1667
2980	793	1668	1668
2981	793	1669	1669
2982	793	1670	1670
2983	793	1671	1671
2984	770	1672	1672
2985	770	1673	1673
2986	770	1674	1674
2987	770	1675	1675
2988	771	1676	1676
2989	771	1677	1677
2990	771	1678	1678
2991	772	1679	1679
2992	772	1680	1680
2993	772	1681	1681
2994	772	1682	1682
2995	773	1683	1683
2996	773	1684	1684
2997	773	1685	1685
2998	773	1686	1686
2999	774	1687	1687
3000	774	1688	1688
3001	774	1689	1689
3002	774	1690	1690
3003	781	1691	1691
3004	781	1692	1692
3005	781	1693	1693
3006	781	1694	1694
3007	782	1695	1695
3008	782	1696	1696
3009	782	1697	1697
3010	782	1698	1698
3011	783	1699	1699
3012	783	1700	1700
3013	783	1701	1701
3014	783	1702	1702
3015	785	1703	1703
3016	785	1704	1704
3017	785	1705	1705
3018	785	1706	1706
3019	768	1707	1707
3020	768	1708	1708
3021	768	1709	1709
3022	768	1710	1710
3023	778	1711	1711
3024	778	1712	1712
3025	778	1713	1713
3026	778	1714	1714
3027	780	1715	1715
3028	780	1716	1716
3029	780	1717	1717
3030	780	1718	1718
3031	786	1719	1719
3032	786	1720	1720
3033	786	1721	1721
3034	786	1722	1722
3035	787	1723	1723
3036	787	1724	1724
3037	787	1725	1725
3038	787	1726	1726
3039	788	1727	1727
3040	788	1728	1728
3041	788	1729	1729
3042	788	1730	1730
3043	779	1731	1731
3044	779	1732	1732
3045	779	1733	1733
3046	779	1734	1734
3047	789	1735	1735
3048	789	1736	1736
3049	789	1737	1737
3050	789	1738	1738
3051	790	1739	1739
3052	790	1740	1740
3053	790	1741	1741
3054	790	1742	1742
3055	791	1743	1743
3056	791	1744	1744
3057	791	1745	1745
3058	791	1746	1746
3059	792	1747	1747
3060	792	1748	1748
3061	792	1749	1749
3062	792	1750	1750
3063	771	1751	1751
3064	769	1752	1752
3065	769	1753	1753
3066	769	1754	1754
3067	769	1755	1755
3068	794	1756	1756
3069	794	1757	1757
3070	794	1758	1758
3071	794	1759	1759
3072	764	1760	1760
3073	764	1761	1761
3074	764	1762	1762
3075	764	1763	1763
3076	765	1764	1764
3077	765	1765	1765
3078	765	1766	1766
3079	765	1767	1767
3080	795	1768	1768
3081	795	1769	1769
3082	795	1770	1770
3083	795	1771	1771
3084	796	1772	1772
3085	796	1773	1773
3086	796	1774	1774
3087	796	1775	1775
3088	797	1776	1776
3089	797	1777	1777
3090	797	1778	1778
3091	797	1779	1779
3092	798	1780	1780
3093	798	1781	1781
3094	798	1782	1782
3095	798	1783	1783
3096	799	1784	1784
3097	799	1785	1785
3098	799	1786	1786
3099	799	1787	1787
3100	800	1788	1788
3101	800	1789	1789
3102	800	1790	1790
3103	800	1791	1791
3104	801	1792	1792
3105	801	1793	1793
3106	801	1794	1794
3107	801	1795	1795
3108	802	1796	1796
3109	802	1797	1797
3110	802	1798	1798
3111	802	1799	1799
3112	803	1800	1800
3113	803	1801	1801
3114	803	1802	1802
3115	803	1803	1803
3116	804	1804	1804
3117	804	1805	1805
3118	804	1806	1806
3119	804	1807	1807
3120	805	1808	1808
3121	805	1809	1809
3122	805	1810	1810
3123	805	1811	1811
3124	806	1812	1812
3125	806	1813	1813
3126	806	1814	1814
3127	806	1815	1815
3128	807	1816	1816
3129	807	1817	1817
3130	807	1818	1818
3131	807	1819	1819
3132	808	1820	1820
3133	808	1821	1821
3134	808	1822	1822
3135	808	1823	1823
3136	809	1824	1824
3137	809	1825	1825
3138	809	1826	1826
3139	809	1827	1827
3140	810	1828	1828
3141	810	1829	1829
3142	810	1830	1830
3143	810	1831	1831
3144	811	1832	1832
3145	811	1833	1833
3146	811	1834	1834
3147	811	1835	1835
3148	812	1836	1836
3149	812	1837	1837
3150	812	1838	1838
3151	812	1839	1839
3152	813	1840	1840
3153	813	1841	1841
3154	813	1842	1842
3155	813	1843	1843
3156	814	1844	1844
3157	814	1845	1845
3158	814	1846	1846
3159	814	1847	1847
3160	815	1848	1848
3161	815	1849	1849
3162	815	1850	1850
3163	815	1851	1851
3164	816	1852	1852
3165	816	1853	1853
3166	816	1854	1854
3167	816	1855	1855
3168	817	2036	2036
3169	817	2037	2037
3170	817	2038	2038
3171	817	2039	2039
3172	818	2040	2040
3173	818	2041	2041
3174	818	2042	2042
3175	818	2043	2043
3176	819	2068	2068
3177	819	2069	2069
3178	819	2070	2070
3179	819	2071	2071
3180	820	1856	1856
3181	820	1857	1857
3182	820	1858	1858
3183	820	1859	1859
3184	821	1860	1860
3185	821	1861	1861
3186	821	1862	1862
3187	821	1863	1863
3188	822	1864	1864
3189	822	1865	1865
3190	822	1866	1866
3191	822	1867	1867
3192	823	1868	1868
3193	823	1869	1869
3194	823	1870	1870
3195	823	1871	1871
3196	824	1872	1872
3197	824	1873	1873
3198	824	1874	1874
3199	824	1875	1875
3200	825	1876	1876
3201	825	1877	1877
3202	825	1878	1878
3203	825	1879	1879
3204	826	1880	1880
3205	826	1881	1881
3206	826	1882	1882
3207	826	1883	1883
3208	827	1884	1884
3209	827	1885	1885
3210	827	1886	1886
3211	827	1887	1887
3212	828	1888	1888
3213	828	1889	1889
3214	828	1890	1890
3215	828	1891	1891
3216	829	1892	1892
3217	829	1893	1893
3218	829	1894	1894
3219	829	1895	1895
3220	830	1896	1896
3221	830	1897	1897
3222	830	1898	1898
3223	830	1899	1899
3224	831	1900	1900
3225	831	1901	1901
3226	831	1902	1902
3227	831	1903	1903
3228	832	1904	1904
3229	832	1905	1905
3230	832	1906	1906
3231	832	1907	1907
3232	833	1908	1908
3233	833	1909	1909
3234	833	1910	1910
3235	833	1911	1911
3236	834	1912	1912
3237	834	1913	1913
3238	834	1914	1914
3239	834	1915	1915
3240	835	1916	1916
3241	835	1917	1917
3242	835	1918	1918
3243	835	1919	1919
3244	836	1920	1920
3245	836	1921	1921
3246	836	1922	1922
3247	836	1923	1923
3248	837	1924	1924
3249	837	1925	1925
3250	837	1926	1926
3251	837	1927	1927
3252	838	1928	1928
3253	838	1929	1929
3254	838	1930	1930
3255	838	1931	1931
3256	839	1932	1932
3257	839	1933	1933
3258	839	1934	1934
3259	839	1935	1935
3260	840	1936	1936
3261	840	1937	1937
3262	840	1938	1938
3263	840	1939	1939
3264	841	1940	1940
3265	841	1941	1941
3266	841	1942	1942
3267	841	1943	1943
3268	842	1944	1944
3269	842	1945	1945
3270	842	1946	1946
3271	842	1947	1947
3272	843	1948	1948
3273	843	1949	1949
3274	843	1950	1950
3275	843	1951	1951
3276	844	1952	1952
3277	844	1953	1953
3278	844	1954	1954
3279	844	1955	1955
3280	845	1956	1956
3281	845	1957	1957
3282	845	1958	1958
3283	845	1959	1959
3284	846	1960	1960
3285	846	1961	1961
3286	846	1962	1962
3287	846	1963	1963
3288	847	1964	1964
3289	847	1965	1965
3290	847	1966	1966
3291	847	1967	1967
3292	848	1968	1968
3293	848	1969	1969
3294	848	1970	1970
3295	848	1971	1971
3296	849	1972	1972
3297	849	1973	1973
3298	849	1974	1974
3299	849	1975	1975
3300	850	1976	1976
3301	850	1977	1977
3302	850	1978	1978
3303	850	1979	1979
3304	851	1980	1980
3305	851	1981	1981
3306	851	1982	1982
3307	851	1983	1983
3308	852	1984	1984
3309	852	1985	1985
3310	852	1986	1986
3311	852	1987	1987
3312	853	1988	1988
3313	853	1989	1989
3314	853	1990	1990
3315	853	1991	1991
3316	854	1992	1992
3317	854	1993	1993
3318	854	1994	1994
3319	854	1995	1995
3320	855	1996	1996
3321	855	1997	1997
3322	855	1998	1998
3323	855	1999	1999
3324	856	2000	2000
3325	856	2001	2001
3326	856	2002	2002
3327	856	2003	2003
3328	857	2004	2004
3329	857	2005	2005
3330	857	2006	2006
3331	857	2007	2007
3332	858	2008	2008
3333	858	2009	2009
3334	858	2010	2010
3335	858	2011	2011
3336	859	2012	2012
3337	859	2013	2013
3338	859	2014	2014
3339	859	2015	2015
3340	861	2016	2016
3341	861	2017	2017
3342	861	2018	2018
3343	861	2019	2019
3344	863	2020	2020
3345	863	2021	2021
3346	863	2022	2022
3347	863	2023	2023
3348	865	2024	2024
3349	865	2025	2025
3350	865	2026	2026
3351	865	2027	2027
3352	866	2028	2028
3353	866	2029	2029
3354	866	2030	2030
3355	866	2031	2031
3356	868	2032	2032
3357	868	2033	2033
3358	868	2034	2034
3359	868	2035	2035
3360	870	2044	2044
3361	870	2045	2045
3362	870	2046	2046
3363	870	2047	2047
3364	867	2048	2048
3365	867	2049	2049
3366	867	2050	2050
3367	867	2051	2051
3368	862	2052	2052
3369	862	2053	2053
3370	862	2054	2054
3371	862	2055	2055
3372	869	2056	2056
3373	869	2057	2057
3374	869	2058	2058
3375	869	2059	2059
3376	860	2060	2060
3377	860	2061	2061
3378	860	2062	2062
3379	860	2063	2063
3380	864	2064	2064
3381	864	2065	2065
3382	864	2066	2066
3383	864	2067	2067
3384	871	2112	2112
3385	871	2113	2113
3386	871	2114	2114
3387	871	2115	2115
3388	872	2116	2116
3389	872	2117	2117
3390	872	2118	2118
3391	872	2119	2119
3392	873	2120	2120
3393	873	2121	2121
3394	873	2122	2122
3395	873	2123	2123
3396	885	1644	1644
3397	885	1645	1645
3398	885	1646	1646
3399	885	1647	1647
3400	886	1648	1648
3401	886	1649	1649
3402	886	1650	1650
3403	886	1651	1651
3404	887	1652	1652
3405	887	1653	1653
3406	887	1654	1654
3407	887	1655	1655
3408	894	1656	1656
3409	894	1657	1657
3410	894	1658	1658
3411	894	1659	1659
3412	876	1660	1660
3413	876	1661	1661
3414	876	1662	1662
3415	876	1663	1663
3416	877	1664	1664
3417	877	1665	1665
3418	877	1666	1666
3419	877	1667	1667
3420	903	1668	1668
3421	903	1669	1669
3422	903	1670	1670
3423	903	1671	1671
3424	880	1672	1672
3425	880	1673	1673
3426	880	1674	1674
3427	880	1675	1675
3428	881	1676	1676
3429	881	1677	1677
3430	881	1678	1678
3431	882	1679	1679
3432	882	1680	1680
3433	882	1681	1681
3434	882	1682	1682
3435	883	1683	1683
3436	883	1684	1684
3437	883	1685	1685
3438	883	1686	1686
3439	884	1687	1687
3440	884	1688	1688
3441	884	1689	1689
3442	884	1690	1690
3443	891	1691	1691
3444	891	1692	1692
3445	891	1693	1693
3446	891	1694	1694
3447	892	1695	1695
3448	892	1696	1696
3449	892	1697	1697
3450	892	1698	1698
3451	893	1699	1699
3452	893	1700	1700
3453	893	1701	1701
3454	893	1702	1702
3455	895	1703	1703
3456	895	1704	1704
3457	895	1705	1705
3458	895	1706	1706
3459	878	1707	1707
3460	878	1708	1708
3461	878	1709	1709
3462	878	1710	1710
3463	888	1711	1711
3464	888	1712	1712
3465	888	1713	1713
3466	888	1714	1714
3467	890	1715	1715
3468	890	1716	1716
3469	890	1717	1717
3470	890	1718	1718
3471	896	1719	1719
3472	896	1720	1720
3473	896	1721	1721
3474	896	1722	1722
3475	897	1723	1723
3476	897	1724	1724
3477	897	1725	1725
3478	897	1726	1726
3479	898	1727	1727
3480	898	1728	1728
3481	898	1729	1729
3482	898	1730	1730
3483	889	1731	1731
3484	889	1732	1732
3485	889	1733	1733
3486	889	1734	1734
3487	899	1735	1735
3488	899	1736	1736
3489	899	1737	1737
3490	899	1738	1738
3491	900	1739	1739
3492	900	1740	1740
3493	900	1741	1741
3494	900	1742	1742
3495	901	1743	1743
3496	901	1744	1744
3497	901	1745	1745
3498	901	1746	1746
3499	902	1747	1747
3500	902	1748	1748
3501	902	1749	1749
3502	902	1750	1750
3503	881	1751	1751
3504	879	1752	1752
3505	879	1753	1753
3506	879	1754	1754
3507	879	1755	1755
3508	904	1756	1756
3509	904	1757	1757
3510	904	1758	1758
3511	904	1759	1759
3512	874	1760	1760
3513	874	1761	1761
3514	874	1762	1762
3515	874	1763	1763
3516	875	1764	1764
3517	875	1765	1765
3518	875	1766	1766
3519	875	1767	1767
3520	905	1768	1768
3521	905	1769	1769
3522	905	1770	1770
3523	905	1771	1771
3524	906	1772	1772
3525	906	1773	1773
3526	906	1774	1774
3527	906	1775	1775
3528	907	1776	1776
3529	907	1777	1777
3530	907	1778	1778
3531	907	1779	1779
3532	908	1780	1780
3533	908	1781	1781
3534	908	1782	1782
3535	908	1783	1783
3536	909	1784	1784
3537	909	1785	1785
3538	909	1786	1786
3539	909	1787	1787
3540	910	1788	1788
3541	910	1789	1789
3542	910	1790	1790
3543	910	1791	1791
3544	911	1792	1792
3545	911	1793	1793
3546	911	1794	1794
3547	911	1795	1795
3548	912	1796	1796
3549	912	1797	1797
3550	912	1798	1798
3551	912	1799	1799
3552	913	1800	1800
3553	913	1801	1801
3554	913	1802	1802
3555	913	1803	1803
3556	914	1804	1804
3557	914	1805	1805
3558	914	1806	1806
3559	914	1807	1807
3560	915	1808	1808
3561	915	1809	1809
3562	915	1810	1810
3563	915	1811	1811
3564	916	1812	1812
3565	916	1813	1813
3566	916	1814	1814
3567	916	1815	1815
3568	917	1816	1816
3569	917	1817	1817
3570	917	1818	1818
3571	917	1819	1819
3572	918	1820	1820
3573	918	1821	1821
3574	918	1822	1822
3575	918	1823	1823
3576	919	1824	1824
3577	919	1825	1825
3578	919	1826	1826
3579	919	1827	1827
3580	920	1828	1828
3581	920	1829	1829
3582	920	1830	1830
3583	920	1831	1831
3584	921	1832	1832
3585	921	1833	1833
3586	921	1834	1834
3587	921	1835	1835
3588	922	1836	1836
3589	922	1837	1837
3590	922	1838	1838
3591	922	1839	1839
3592	923	1840	1840
3593	923	1841	1841
3594	923	1842	1842
3595	923	1843	1843
3596	924	1844	1844
3597	924	1845	1845
3598	924	1846	1846
3599	924	1847	1847
3600	925	1848	1848
3601	925	1849	1849
3602	925	1850	1850
3603	925	1851	1851
3604	926	1852	1852
3605	926	1853	1853
3606	926	1854	1854
3607	926	1855	1855
3608	927	2036	2036
3609	927	2037	2037
3610	927	2038	2038
3611	927	2039	2039
3612	928	2040	2040
3613	928	2041	2041
3614	928	2042	2042
3615	928	2043	2043
3616	929	2068	2068
3617	929	2069	2069
3618	929	2070	2070
3619	929	2071	2071
3620	930	1856	1856
3621	930	1857	1857
3622	930	1858	1858
3623	930	1859	1859
3624	931	1860	1860
3625	931	1861	1861
3626	931	1862	1862
3627	931	1863	1863
3628	932	1864	1864
3629	932	1865	1865
3630	932	1866	1866
3631	932	1867	1867
3632	933	1868	1868
3633	933	1869	1869
3634	933	1870	1870
3635	933	1871	1871
3636	934	1872	1872
3637	934	1873	1873
3638	934	1874	1874
3639	934	1875	1875
3640	935	1876	1876
3641	935	1877	1877
3642	935	1878	1878
3643	935	1879	1879
3644	936	1880	1880
3645	936	1881	1881
3646	936	1882	1882
3647	936	1883	1883
3648	937	1884	1884
3649	937	1885	1885
3650	937	1886	1886
3651	937	1887	1887
3652	938	1888	1888
3653	938	1889	1889
3654	938	1890	1890
3655	938	1891	1891
3656	939	1892	1892
3657	939	1893	1893
3658	939	1894	1894
3659	939	1895	1895
3660	940	1896	1896
3661	940	1897	1897
3662	940	1898	1898
3663	940	1899	1899
3664	941	1900	1900
3665	941	1901	1901
3666	941	1902	1902
3667	941	1903	1903
3668	942	1904	1904
3669	942	1905	1905
3670	942	1906	1906
3671	942	1907	1907
3672	943	1908	1908
3673	943	1909	1909
3674	943	1910	1910
3675	943	1911	1911
3676	944	1912	1912
3677	944	1913	1913
3678	944	1914	1914
3679	944	1915	1915
3680	945	1916	1916
3681	945	1917	1917
3682	945	1918	1918
3683	945	1919	1919
3684	946	1920	1920
3685	946	1921	1921
3686	946	1922	1922
3687	946	1923	1923
3688	947	1924	1924
3689	947	1925	1925
3690	947	1926	1926
3691	947	1927	1927
3692	948	1928	1928
3693	948	1929	1929
3694	948	1930	1930
3695	948	1931	1931
3696	949	1932	1932
3697	949	1933	1933
3698	949	1934	1934
3699	949	1935	1935
3700	950	1936	1936
3701	950	1937	1937
3702	950	1938	1938
3703	950	1939	1939
3704	951	1940	1940
3705	951	1941	1941
3706	951	1942	1942
3707	951	1943	1943
3708	952	1944	1944
3709	952	1945	1945
3710	952	1946	1946
3711	952	1947	1947
3712	953	1948	1948
3713	953	1949	1949
3714	953	1950	1950
3715	953	1951	1951
3716	954	1952	1952
3717	954	1953	1953
3718	954	1954	1954
3719	954	1955	1955
3720	955	1956	1956
3721	955	1957	1957
3722	955	1958	1958
3723	955	1959	1959
3724	956	1960	1960
3725	956	1961	1961
3726	956	1962	1962
3727	956	1963	1963
3728	957	1964	1964
3729	957	1965	1965
3730	957	1966	1966
3731	957	1967	1967
3732	958	1968	1968
3733	958	1969	1969
3734	958	1970	1970
3735	958	1971	1971
3736	959	1972	1972
3737	959	1973	1973
3738	959	1974	1974
3739	959	1975	1975
3740	960	1976	1976
3741	960	1977	1977
3742	960	1978	1978
3743	960	1979	1979
3744	961	1980	1980
3745	961	1981	1981
3746	961	1982	1982
3747	961	1983	1983
3748	962	1984	1984
3749	962	1985	1985
3750	962	1986	1986
3751	962	1987	1987
3752	963	1988	1988
3753	963	1989	1989
3754	963	1990	1990
3755	963	1991	1991
3756	964	1992	1992
3757	964	1993	1993
3758	964	1994	1994
3759	964	1995	1995
3760	965	1996	1996
3761	965	1997	1997
3762	965	1998	1998
3763	965	1999	1999
3764	966	2000	2000
3765	966	2001	2001
3766	966	2002	2002
3767	966	2003	2003
3768	967	2004	2004
3769	967	2005	2005
3770	967	2006	2006
3771	967	2007	2007
3772	968	2008	2008
3773	968	2009	2009
3774	968	2010	2010
3775	968	2011	2011
3776	969	2012	2012
3777	969	2013	2013
3778	969	2014	2014
3779	969	2015	2015
3780	971	2016	2016
3781	971	2017	2017
3782	971	2018	2018
3783	971	2019	2019
3784	973	2020	2020
3785	973	2021	2021
3786	973	2022	2022
3787	973	2023	2023
3788	975	2024	2024
3789	975	2025	2025
3790	975	2026	2026
3791	975	2027	2027
3792	976	2028	2028
3793	976	2029	2029
3794	976	2030	2030
3795	976	2031	2031
3796	978	2032	2032
3797	978	2033	2033
3798	978	2034	2034
3799	978	2035	2035
3800	980	2044	2044
3801	980	2045	2045
3802	980	2046	2046
3803	980	2047	2047
3804	977	2048	2048
3805	977	2049	2049
3806	977	2050	2050
3807	977	2051	2051
3808	972	2052	2052
3809	972	2053	2053
3810	972	2054	2054
3811	972	2055	2055
3812	979	2056	2056
3813	979	2057	2057
3814	979	2058	2058
3815	979	2059	2059
3816	970	2060	2060
3817	970	2061	2061
3818	970	2062	2062
3819	970	2063	2063
3820	974	2064	2064
3821	974	2065	2065
3822	974	2066	2066
3823	974	2067	2067
3824	981	2112	2112
3825	981	2113	2113
3826	981	2114	2114
3827	981	2115	2115
3828	982	2116	2116
3829	982	2117	2117
3830	982	2118	2118
3831	982	2119	2119
3832	983	2120	2120
3833	983	2121	2121
3834	983	2122	2122
3835	983	2123	2123
3836	995	1644	1644
3837	995	1645	1645
3838	995	1646	1646
3839	995	1647	1647
3840	996	1648	1648
3841	996	1649	1649
3842	996	1650	1650
3843	996	1651	1651
3844	997	1652	1652
3845	997	1653	1653
3846	997	1654	1654
3847	997	1655	1655
3848	1004	1656	1656
3849	1004	1657	1657
3850	1004	1658	1658
3851	1004	1659	1659
3852	986	1660	1660
3853	986	1661	1661
3854	986	1662	1662
3855	986	1663	1663
3856	987	1664	1664
3857	987	1665	1665
3858	987	1666	1666
3859	987	1667	1667
3860	1013	1668	1668
3861	1013	1669	1669
3862	1013	1670	1670
3863	1013	1671	1671
3864	990	1672	1672
3865	990	1673	1673
3866	990	1674	1674
3867	990	1675	1675
3868	991	1676	1676
3869	991	1677	1677
3870	991	1678	1678
3871	992	1679	1679
3872	992	1680	1680
3873	992	1681	1681
3874	992	1682	1682
3875	993	1683	1683
3876	993	1684	1684
3877	993	1685	1685
3878	993	1686	1686
3879	994	1687	1687
3880	994	1688	1688
3881	994	1689	1689
3882	994	1690	1690
3883	1001	1691	1691
3884	1001	1692	1692
3885	1001	1693	1693
3886	1001	1694	1694
3887	1002	1695	1695
3888	1002	1696	1696
3889	1002	1697	1697
3890	1002	1698	1698
3891	1003	1699	1699
3892	1003	1700	1700
3893	1003	1701	1701
3894	1003	1702	1702
3895	1005	1703	1703
3896	1005	1704	1704
3897	1005	1705	1705
3898	1005	1706	1706
3899	988	1707	1707
3900	988	1708	1708
3901	988	1709	1709
3902	988	1710	1710
3903	998	1711	1711
3904	998	1712	1712
3905	998	1713	1713
3906	998	1714	1714
3907	1000	1715	1715
3908	1000	1716	1716
3909	1000	1717	1717
3910	1000	1718	1718
3911	1006	1719	1719
3912	1006	1720	1720
3913	1006	1721	1721
3914	1006	1722	1722
3915	1007	1723	1723
3916	1007	1724	1724
3917	1007	1725	1725
3918	1007	1726	1726
3919	1008	1727	1727
3920	1008	1728	1728
3921	1008	1729	1729
3922	1008	1730	1730
3923	999	1731	1731
3924	999	1732	1732
3925	999	1733	1733
3926	999	1734	1734
3927	1009	1735	1735
3928	1009	1736	1736
3929	1009	1737	1737
3930	1009	1738	1738
3931	1010	1739	1739
3932	1010	1740	1740
3933	1010	1741	1741
3934	1010	1742	1742
3935	1011	1743	1743
3936	1011	1744	1744
3937	1011	1745	1745
3938	1011	1746	1746
3939	1012	1747	1747
3940	1012	1748	1748
3941	1012	1749	1749
3942	1012	1750	1750
3943	991	1751	1751
3944	989	1752	1752
3945	989	1753	1753
3946	989	1754	1754
3947	989	1755	1755
3948	1014	1756	1756
3949	1014	1757	1757
3950	1014	1758	1758
3951	1014	1759	1759
3952	984	1760	1760
3953	984	1761	1761
3954	984	1762	1762
3955	984	1763	1763
3956	985	1764	1764
3957	985	1765	1765
3958	985	1766	1766
3959	985	1767	1767
3960	1015	1768	1768
3961	1015	1769	1769
3962	1015	1770	1770
3963	1015	1771	1771
3964	1016	1772	1772
3965	1016	1773	1773
3966	1016	1774	1774
3967	1016	1775	1775
3968	1017	1776	1776
3969	1017	1777	1777
3970	1017	1778	1778
3971	1017	1779	1779
3972	1018	1780	1780
3973	1018	1781	1781
3974	1018	1782	1782
3975	1018	1783	1783
3976	1019	1784	1784
3977	1019	1785	1785
3978	1019	1786	1786
3979	1019	1787	1787
3980	1020	1788	1788
3981	1020	1789	1789
3982	1020	1790	1790
3983	1020	1791	1791
3984	1021	1792	1792
3985	1021	1793	1793
3986	1021	1794	1794
3987	1021	1795	1795
3988	1022	1796	1796
3989	1022	1797	1797
3990	1022	1798	1798
3991	1022	1799	1799
3992	1023	1800	1800
3993	1023	1801	1801
3994	1023	1802	1802
3995	1023	1803	1803
3996	1024	1804	1804
3997	1024	1805	1805
3998	1024	1806	1806
3999	1024	1807	1807
4000	1025	1808	1808
4001	1025	1809	1809
4002	1025	1810	1810
4003	1025	1811	1811
4004	1026	1812	1812
4005	1026	1813	1813
4006	1026	1814	1814
4007	1026	1815	1815
4008	1027	1816	1816
4009	1027	1817	1817
4010	1027	1818	1818
4011	1027	1819	1819
4012	1028	1820	1820
4013	1028	1821	1821
4014	1028	1822	1822
4015	1028	1823	1823
4016	1029	1824	1824
4017	1029	1825	1825
4018	1029	1826	1826
4019	1029	1827	1827
4020	1030	1828	1828
4021	1030	1829	1829
4022	1030	1830	1830
4023	1030	1831	1831
4024	1031	1832	1832
4025	1031	1833	1833
4026	1031	1834	1834
4027	1031	1835	1835
4028	1032	1836	1836
4029	1032	1837	1837
4030	1032	1838	1838
4031	1032	1839	1839
4032	1033	1840	1840
4033	1033	1841	1841
4034	1033	1842	1842
4035	1033	1843	1843
4036	1034	1844	1844
4037	1034	1845	1845
4038	1034	1846	1846
4039	1034	1847	1847
4040	1035	1848	1848
4041	1035	1849	1849
4042	1035	1850	1850
4043	1035	1851	1851
4044	1036	1852	1852
4045	1036	1853	1853
4046	1036	1854	1854
4047	1036	1855	1855
4048	1037	2036	2036
4049	1037	2037	2037
4050	1037	2038	2038
4051	1037	2039	2039
4052	1038	2040	2040
4053	1038	2041	2041
4054	1038	2042	2042
4055	1038	2043	2043
4056	1039	2068	2068
4057	1039	2069	2069
4058	1039	2070	2070
4059	1039	2071	2071
4060	1040	1856	1856
4061	1040	1857	1857
4062	1040	1858	1858
4063	1040	1859	1859
4064	1041	1860	1860
4065	1041	1861	1861
4066	1041	1862	1862
4067	1041	1863	1863
4068	1042	1864	1864
4069	1042	1865	1865
4070	1042	1866	1866
4071	1042	1867	1867
4072	1043	1868	1868
4073	1043	1869	1869
4074	1043	1870	1870
4075	1043	1871	1871
4076	1044	1872	1872
4077	1044	1873	1873
4078	1044	1874	1874
4079	1044	1875	1875
4080	1045	1876	1876
4081	1045	1877	1877
4082	1045	1878	1878
4083	1045	1879	1879
4084	1046	1880	1880
4085	1046	1881	1881
4086	1046	1882	1882
4087	1046	1883	1883
4088	1047	1884	1884
4089	1047	1885	1885
4090	1047	1886	1886
4091	1047	1887	1887
4092	1048	1888	1888
4093	1048	1889	1889
4094	1048	1890	1890
4095	1048	1891	1891
4096	1049	1892	1892
4097	1049	1893	1893
4098	1049	1894	1894
4099	1049	1895	1895
4100	1050	1896	1896
4101	1050	1897	1897
4102	1050	1898	1898
4103	1050	1899	1899
4104	1051	1900	1900
4105	1051	1901	1901
4106	1051	1902	1902
4107	1051	1903	1903
4108	1052	1904	1904
4109	1052	1905	1905
4110	1052	1906	1906
4111	1052	1907	1907
4112	1053	1908	1908
4113	1053	1909	1909
4114	1053	1910	1910
4115	1053	1911	1911
4116	1054	1912	1912
4117	1054	1913	1913
4118	1054	1914	1914
4119	1054	1915	1915
4120	1055	1916	1916
4121	1055	1917	1917
4122	1055	1918	1918
4123	1055	1919	1919
4124	1056	1920	1920
4125	1056	1921	1921
4126	1056	1922	1922
4127	1056	1923	1923
4128	1057	1924	1924
4129	1057	1925	1925
4130	1057	1926	1926
4131	1057	1927	1927
4132	1058	1928	1928
4133	1058	1929	1929
4134	1058	1930	1930
4135	1058	1931	1931
4136	1059	1932	1932
4137	1059	1933	1933
4138	1059	1934	1934
4139	1059	1935	1935
4140	1060	1936	1936
4141	1060	1937	1937
4142	1060	1938	1938
4143	1060	1939	1939
4144	1061	1940	1940
4145	1061	1941	1941
4146	1061	1942	1942
4147	1061	1943	1943
4148	1062	1944	1944
4149	1062	1945	1945
4150	1062	1946	1946
4151	1062	1947	1947
4152	1063	1948	1948
4153	1063	1949	1949
4154	1063	1950	1950
4155	1063	1951	1951
4156	1064	1952	1952
4157	1064	1953	1953
4158	1064	1954	1954
4159	1064	1955	1955
4160	1065	1956	1956
4161	1065	1957	1957
4162	1065	1958	1958
4163	1065	1959	1959
4164	1066	1960	1960
4165	1066	1961	1961
4166	1066	1962	1962
4167	1066	1963	1963
4168	1067	1964	1964
4169	1067	1965	1965
4170	1067	1966	1966
4171	1067	1967	1967
4172	1068	1968	1968
4173	1068	1969	1969
4174	1068	1970	1970
4175	1068	1971	1971
4176	1069	1972	1972
4177	1069	1973	1973
4178	1069	1974	1974
4179	1069	1975	1975
4180	1070	1976	1976
4181	1070	1977	1977
4182	1070	1978	1978
4183	1070	1979	1979
4184	1071	1980	1980
4185	1071	1981	1981
4186	1071	1982	1982
4187	1071	1983	1983
4188	1072	1984	1984
4189	1072	1985	1985
4190	1072	1986	1986
4191	1072	1987	1987
4192	1073	1988	1988
4193	1073	1989	1989
4194	1073	1990	1990
4195	1073	1991	1991
4196	1074	1992	1992
4197	1074	1993	1993
4198	1074	1994	1994
4199	1074	1995	1995
4200	1075	1996	1996
4201	1075	1997	1997
4202	1075	1998	1998
4203	1075	1999	1999
4204	1076	2000	2000
4205	1076	2001	2001
4206	1076	2002	2002
4207	1076	2003	2003
4208	1077	2004	2004
4209	1077	2005	2005
4210	1077	2006	2006
4211	1077	2007	2007
4212	1078	2008	2008
4213	1078	2009	2009
4214	1078	2010	2010
4215	1078	2011	2011
4216	1079	2012	2012
4217	1079	2013	2013
4218	1079	2014	2014
4219	1079	2015	2015
4220	1081	2016	2016
4221	1081	2017	2017
4222	1081	2018	2018
4223	1081	2019	2019
4224	1083	2020	2020
4225	1083	2021	2021
4226	1083	2022	2022
4227	1083	2023	2023
4228	1085	2024	2024
4229	1085	2025	2025
4230	1085	2026	2026
4231	1085	2027	2027
4232	1086	2028	2028
4233	1086	2029	2029
4234	1086	2030	2030
4235	1086	2031	2031
4236	1088	2032	2032
4237	1088	2033	2033
4238	1088	2034	2034
4239	1088	2035	2035
4240	1090	2044	2044
4241	1090	2045	2045
4242	1090	2046	2046
4243	1090	2047	2047
4244	1087	2048	2048
4245	1087	2049	2049
4246	1087	2050	2050
4247	1087	2051	2051
4248	1082	2052	2052
4249	1082	2053	2053
4250	1082	2054	2054
4251	1082	2055	2055
4252	1089	2056	2056
4253	1089	2057	2057
4254	1089	2058	2058
4255	1089	2059	2059
4256	1080	2060	2060
4257	1080	2061	2061
4258	1080	2062	2062
4259	1080	2063	2063
4260	1084	2064	2064
4261	1084	2065	2065
4262	1084	2066	2066
4263	1084	2067	2067
4264	1091	2112	2112
4265	1091	2113	2113
4266	1091	2114	2114
4267	1091	2115	2115
4268	1092	2116	2116
4269	1092	2117	2117
4270	1092	2118	2118
4271	1092	2119	2119
4272	1093	2120	2120
4273	1093	2121	2121
4274	1093	2122	2122
4275	1093	2123	2123
4276	1105	1644	1644
4277	1105	1645	1645
4278	1105	1646	1646
4279	1105	1647	1647
4280	1106	1648	1648
4281	1106	1649	1649
4282	1106	1650	1650
4283	1106	1651	1651
4284	1107	1652	1652
4285	1107	1653	1653
4286	1107	1654	1654
4287	1107	1655	1655
4288	1114	1656	1656
4289	1114	1657	1657
4290	1114	1658	1658
4291	1114	1659	1659
4292	1096	1660	1660
4293	1096	1661	1661
4294	1096	1662	1662
4295	1096	1663	1663
4296	1097	1664	1664
4297	1097	1665	1665
4298	1097	1666	1666
4299	1097	1667	1667
4300	1123	1668	1668
4301	1123	1669	1669
4302	1123	1670	1670
4303	1123	1671	1671
4304	1100	1672	1672
4305	1100	1673	1673
4306	1100	1674	1674
4307	1100	1675	1675
4308	1101	1676	1676
4309	1101	1677	1677
4310	1101	1678	1678
4311	1102	1679	1679
4312	1102	1680	1680
4313	1102	1681	1681
4314	1102	1682	1682
4315	1103	1683	1683
4316	1103	1684	1684
4317	1103	1685	1685
4318	1103	1686	1686
4319	1104	1687	1687
4320	1104	1688	1688
4321	1104	1689	1689
4322	1104	1690	1690
4323	1111	1691	1691
4324	1111	1692	1692
4325	1111	1693	1693
4326	1111	1694	1694
4327	1112	1695	1695
4328	1112	1696	1696
4329	1112	1697	1697
4330	1112	1698	1698
4331	1113	1699	1699
4332	1113	1700	1700
4333	1113	1701	1701
4334	1113	1702	1702
4335	1115	1703	1703
4336	1115	1704	1704
4337	1115	1705	1705
4338	1115	1706	1706
4339	1098	1707	1707
4340	1098	1708	1708
4341	1098	1709	1709
4342	1098	1710	1710
4343	1108	1711	1711
4344	1108	1712	1712
4345	1108	1713	1713
4346	1108	1714	1714
4347	1110	1715	1715
4348	1110	1716	1716
4349	1110	1717	1717
4350	1110	1718	1718
4351	1116	1719	1719
4352	1116	1720	1720
4353	1116	1721	1721
4354	1116	1722	1722
4355	1117	1723	1723
4356	1117	1724	1724
4357	1117	1725	1725
4358	1117	1726	1726
4359	1118	1727	1727
4360	1118	1728	1728
4361	1118	1729	1729
4362	1118	1730	1730
4363	1109	1731	1731
4364	1109	1732	1732
4365	1109	1733	1733
4366	1109	1734	1734
4367	1119	1735	1735
4368	1119	1736	1736
4369	1119	1737	1737
4370	1119	1738	1738
4371	1120	1739	1739
4372	1120	1740	1740
4373	1120	1741	1741
4374	1120	1742	1742
4375	1121	1743	1743
4376	1121	1744	1744
4377	1121	1745	1745
4378	1121	1746	1746
4379	1122	1747	1747
4380	1122	1748	1748
4381	1122	1749	1749
4382	1122	1750	1750
4383	1101	1751	1751
4384	1099	1752	1752
4385	1099	1753	1753
4386	1099	1754	1754
4387	1099	1755	1755
4388	1124	1756	1756
4389	1124	1757	1757
4390	1124	1758	1758
4391	1124	1759	1759
4392	1094	1760	1760
4393	1094	1761	1761
4394	1094	1762	1762
4395	1094	1763	1763
4396	1095	1764	1764
4397	1095	1765	1765
4398	1095	1766	1766
4399	1095	1767	1767
4400	1125	1768	1768
4401	1125	1769	1769
4402	1125	1770	1770
4403	1125	1771	1771
4404	1126	1772	1772
4405	1126	1773	1773
4406	1126	1774	1774
4407	1126	1775	1775
4408	1127	1776	1776
4409	1127	1777	1777
4410	1127	1778	1778
4411	1127	1779	1779
4412	1128	1780	1780
4413	1128	1781	1781
4414	1128	1782	1782
4415	1128	1783	1783
4416	1129	1784	1784
4417	1129	1785	1785
4418	1129	1786	1786
4419	1129	1787	1787
4420	1130	1788	1788
4421	1130	1789	1789
4422	1130	1790	1790
4423	1130	1791	1791
4424	1131	1792	1792
4425	1131	1793	1793
4426	1131	1794	1794
4427	1131	1795	1795
4428	1132	1796	1796
4429	1132	1797	1797
4430	1132	1798	1798
4431	1132	1799	1799
4432	1133	1800	1800
4433	1133	1801	1801
4434	1133	1802	1802
4435	1133	1803	1803
4436	1134	1804	1804
4437	1134	1805	1805
4438	1134	1806	1806
4439	1134	1807	1807
4440	1135	1808	1808
4441	1135	1809	1809
4442	1135	1810	1810
4443	1135	1811	1811
4444	1136	1812	1812
4445	1136	1813	1813
4446	1136	1814	1814
4447	1136	1815	1815
4448	1137	1816	1816
4449	1137	1817	1817
4450	1137	1818	1818
4451	1137	1819	1819
4452	1138	1820	1820
4453	1138	1821	1821
4454	1138	1822	1822
4455	1138	1823	1823
4456	1139	1824	1824
4457	1139	1825	1825
4458	1139	1826	1826
4459	1139	1827	1827
4460	1140	1828	1828
4461	1140	1829	1829
4462	1140	1830	1830
4463	1140	1831	1831
4464	1141	1832	1832
4465	1141	1833	1833
4466	1141	1834	1834
4467	1141	1835	1835
4468	1142	1836	1836
4469	1142	1837	1837
4470	1142	1838	1838
4471	1142	1839	1839
4472	1143	1840	1840
4473	1143	1841	1841
4474	1143	1842	1842
4475	1143	1843	1843
4476	1144	1844	1844
4477	1144	1845	1845
4478	1144	1846	1846
4479	1144	1847	1847
4480	1145	1848	1848
4481	1145	1849	1849
4482	1145	1850	1850
4483	1145	1851	1851
4484	1146	1852	1852
4485	1146	1853	1853
4486	1146	1854	1854
4487	1146	1855	1855
4488	1147	2036	2036
4489	1147	2037	2037
4490	1147	2038	2038
4491	1147	2039	2039
4492	1148	2040	2040
4493	1148	2041	2041
4494	1148	2042	2042
4495	1148	2043	2043
4496	1149	2068	2068
4497	1149	2069	2069
4498	1149	2070	2070
4499	1149	2071	2071
4500	1150	1856	1856
4501	1150	1857	1857
4502	1150	1858	1858
4503	1150	1859	1859
4504	1151	1860	1860
4505	1151	1861	1861
4506	1151	1862	1862
4507	1151	1863	1863
4508	1152	1864	1864
4509	1152	1865	1865
4510	1152	1866	1866
4511	1152	1867	1867
4512	1153	1868	1868
4513	1153	1869	1869
4514	1153	1870	1870
4515	1153	1871	1871
4516	1154	1872	1872
4517	1154	1873	1873
4518	1154	1874	1874
4519	1154	1875	1875
4520	1155	1876	1876
4521	1155	1877	1877
4522	1155	1878	1878
4523	1155	1879	1879
4524	1156	1880	1880
4525	1156	1881	1881
4526	1156	1882	1882
4527	1156	1883	1883
4528	1157	1884	1884
4529	1157	1885	1885
4530	1157	1886	1886
4531	1157	1887	1887
4532	1158	1888	1888
4533	1158	1889	1889
4534	1158	1890	1890
4535	1158	1891	1891
4536	1159	1892	1892
4537	1159	1893	1893
4538	1159	1894	1894
4539	1159	1895	1895
4540	1160	1896	1896
4541	1160	1897	1897
4542	1160	1898	1898
4543	1160	1899	1899
4544	1161	1900	1900
4545	1161	1901	1901
4546	1161	1902	1902
4547	1161	1903	1903
4548	1162	1904	1904
4549	1162	1905	1905
4550	1162	1906	1906
4551	1162	1907	1907
4552	1163	1908	1908
4553	1163	1909	1909
4554	1163	1910	1910
4555	1163	1911	1911
4556	1164	1912	1912
4557	1164	1913	1913
4558	1164	1914	1914
4559	1164	1915	1915
4560	1165	1916	1916
4561	1165	1917	1917
4562	1165	1918	1918
4563	1165	1919	1919
4564	1166	1920	1920
4565	1166	1921	1921
4566	1166	1922	1922
4567	1166	1923	1923
4568	1167	1924	1924
4569	1167	1925	1925
4570	1167	1926	1926
4571	1167	1927	1927
4572	1168	1928	1928
4573	1168	1929	1929
4574	1168	1930	1930
4575	1168	1931	1931
4576	1169	1932	1932
4577	1169	1933	1933
4578	1169	1934	1934
4579	1169	1935	1935
4580	1170	1936	1936
4581	1170	1937	1937
4582	1170	1938	1938
4583	1170	1939	1939
4584	1171	1940	1940
4585	1171	1941	1941
4586	1171	1942	1942
4587	1171	1943	1943
4588	1172	1944	1944
4589	1172	1945	1945
4590	1172	1946	1946
4591	1172	1947	1947
4592	1173	1948	1948
4593	1173	1949	1949
4594	1173	1950	1950
4595	1173	1951	1951
4596	1174	1952	1952
4597	1174	1953	1953
4598	1174	1954	1954
4599	1174	1955	1955
4600	1175	1956	1956
4601	1175	1957	1957
4602	1175	1958	1958
4603	1175	1959	1959
4604	1176	1960	1960
4605	1176	1961	1961
4606	1176	1962	1962
4607	1176	1963	1963
4608	1177	1964	1964
4609	1177	1965	1965
4610	1177	1966	1966
4611	1177	1967	1967
4612	1178	1968	1968
4613	1178	1969	1969
4614	1178	1970	1970
4615	1178	1971	1971
4616	1179	1972	1972
4617	1179	1973	1973
4618	1179	1974	1974
4619	1179	1975	1975
4620	1180	1976	1976
4621	1180	1977	1977
4622	1180	1978	1978
4623	1180	1979	1979
4624	1181	1980	1980
4625	1181	1981	1981
4626	1181	1982	1982
4627	1181	1983	1983
4628	1182	1984	1984
4629	1182	1985	1985
4630	1182	1986	1986
4631	1182	1987	1987
4632	1183	1988	1988
4633	1183	1989	1989
4634	1183	1990	1990
4635	1183	1991	1991
4636	1184	1992	1992
4637	1184	1993	1993
4638	1184	1994	1994
4639	1184	1995	1995
4640	1185	1996	1996
4641	1185	1997	1997
4642	1185	1998	1998
4643	1185	1999	1999
4644	1186	2000	2000
4645	1186	2001	2001
4646	1186	2002	2002
4647	1186	2003	2003
4648	1187	2004	2004
4649	1187	2005	2005
4650	1187	2006	2006
4651	1187	2007	2007
4652	1188	2008	2008
4653	1188	2009	2009
4654	1188	2010	2010
4655	1188	2011	2011
4656	1189	2012	2012
4657	1189	2013	2013
4658	1189	2014	2014
4659	1189	2015	2015
4660	1191	2016	2016
4661	1191	2017	2017
4662	1191	2018	2018
4663	1191	2019	2019
4664	1193	2020	2020
4665	1193	2021	2021
4666	1193	2022	2022
4667	1193	2023	2023
4668	1195	2024	2024
4669	1195	2025	2025
4670	1195	2026	2026
4671	1195	2027	2027
4672	1196	2028	2028
4673	1196	2029	2029
4674	1196	2030	2030
4675	1196	2031	2031
4676	1198	2032	2032
4677	1198	2033	2033
4678	1198	2034	2034
4679	1198	2035	2035
4680	1200	2044	2044
4681	1200	2045	2045
4682	1200	2046	2046
4683	1200	2047	2047
4684	1197	2048	2048
4685	1197	2049	2049
4686	1197	2050	2050
4687	1197	2051	2051
4688	1192	2052	2052
4689	1192	2053	2053
4690	1192	2054	2054
4691	1192	2055	2055
4692	1199	2056	2056
4693	1199	2057	2057
4694	1199	2058	2058
4695	1199	2059	2059
4696	1190	2060	2060
4697	1190	2061	2061
4698	1190	2062	2062
4699	1190	2063	2063
4700	1194	2064	2064
4701	1194	2065	2065
4702	1194	2066	2066
4703	1194	2067	2067
4704	1201	2112	2112
4705	1201	2113	2113
4706	1201	2114	2114
4707	1201	2115	2115
4708	1202	2116	2116
4709	1202	2117	2117
4710	1202	2118	2118
4711	1202	2119	2119
4712	1203	2120	2120
4713	1203	2121	2121
4714	1203	2122	2122
4715	1203	2123	2123
4716	1215	1644	1644
4717	1215	1645	1645
4718	1215	1646	1646
4719	1215	1647	1647
4720	1216	1648	1648
4721	1216	1649	1649
4722	1216	1650	1650
4723	1216	1651	1651
4724	1217	1652	1652
4725	1217	1653	1653
4726	1217	1654	1654
4727	1217	1655	1655
4728	1224	1656	1656
4729	1224	1657	1657
4730	1224	1658	1658
4731	1224	1659	1659
4732	1206	1660	1660
4733	1206	1661	1661
4734	1206	1662	1662
4735	1206	1663	1663
4736	1207	1664	1664
4737	1207	1665	1665
4738	1207	1666	1666
4739	1207	1667	1667
4740	1233	1668	1668
4741	1233	1669	1669
4742	1233	1670	1670
4743	1233	1671	1671
4744	1210	1672	1672
4745	1210	1673	1673
4746	1210	1674	1674
4747	1210	1675	1675
4748	1211	1676	1676
4749	1211	1677	1677
4750	1211	1678	1678
4751	1212	1679	1679
4752	1212	1680	1680
4753	1212	1681	1681
4754	1212	1682	1682
4755	1213	1683	1683
4756	1213	1684	1684
4757	1213	1685	1685
4758	1213	1686	1686
4759	1214	1687	1687
4760	1214	1688	1688
4761	1214	1689	1689
4762	1214	1690	1690
4763	1221	1691	1691
4764	1221	1692	1692
4765	1221	1693	1693
4766	1221	1694	1694
4767	1222	1695	1695
4768	1222	1696	1696
4769	1222	1697	1697
4770	1222	1698	1698
4771	1223	1699	1699
4772	1223	1700	1700
4773	1223	1701	1701
4774	1223	1702	1702
4775	1225	1703	1703
4776	1225	1704	1704
4777	1225	1705	1705
4778	1225	1706	1706
4779	1208	1707	1707
4780	1208	1708	1708
4781	1208	1709	1709
4782	1208	1710	1710
4783	1218	1711	1711
4784	1218	1712	1712
4785	1218	1713	1713
4786	1218	1714	1714
4787	1220	1715	1715
4788	1220	1716	1716
4789	1220	1717	1717
4790	1220	1718	1718
4791	1226	1719	1719
4792	1226	1720	1720
4793	1226	1721	1721
4794	1226	1722	1722
4795	1227	1723	1723
4796	1227	1724	1724
4797	1227	1725	1725
4798	1227	1726	1726
4799	1228	1727	1727
4800	1228	1728	1728
4801	1228	1729	1729
4802	1228	1730	1730
4803	1219	1731	1731
4804	1219	1732	1732
4805	1219	1733	1733
4806	1219	1734	1734
4807	1229	1735	1735
4808	1229	1736	1736
4809	1229	1737	1737
4810	1229	1738	1738
4811	1230	1739	1739
4812	1230	1740	1740
4813	1230	1741	1741
4814	1230	1742	1742
4815	1231	1743	1743
4816	1231	1744	1744
4817	1231	1745	1745
4818	1231	1746	1746
4819	1232	1747	1747
4820	1232	1748	1748
4821	1232	1749	1749
4822	1232	1750	1750
4823	1211	1751	1751
4824	1209	1752	1752
4825	1209	1753	1753
4826	1209	1754	1754
4827	1209	1755	1755
4828	1234	1756	1756
4829	1234	1757	1757
4830	1234	1758	1758
4831	1234	1759	1759
4832	1204	1760	1760
4833	1204	1761	1761
4834	1204	1762	1762
4835	1204	1763	1763
4836	1205	1764	1764
4837	1205	1765	1765
4838	1205	1766	1766
4839	1205	1767	1767
4840	1235	1768	1768
4841	1235	1769	1769
4842	1235	1770	1770
4843	1235	1771	1771
4844	1236	1772	1772
4845	1236	1773	1773
4846	1236	1774	1774
4847	1236	1775	1775
4848	1237	1776	1776
4849	1237	1777	1777
4850	1237	1778	1778
4851	1237	1779	1779
4852	1238	1780	1780
4853	1238	1781	1781
4854	1238	1782	1782
4855	1238	1783	1783
4856	1239	1784	1784
4857	1239	1785	1785
4858	1239	1786	1786
4859	1239	1787	1787
4860	1240	1788	1788
4861	1240	1789	1789
4862	1240	1790	1790
4863	1240	1791	1791
4864	1241	1792	1792
4865	1241	1793	1793
4866	1241	1794	1794
4867	1241	1795	1795
4868	1242	1796	1796
4869	1242	1797	1797
4870	1242	1798	1798
4871	1242	1799	1799
4872	1243	1800	1800
4873	1243	1801	1801
4874	1243	1802	1802
4875	1243	1803	1803
4876	1244	1804	1804
4877	1244	1805	1805
4878	1244	1806	1806
4879	1244	1807	1807
4880	1245	1808	1808
4881	1245	1809	1809
4882	1245	1810	1810
4883	1245	1811	1811
4884	1246	1812	1812
4885	1246	1813	1813
4886	1246	1814	1814
4887	1246	1815	1815
4888	1247	1816	1816
4889	1247	1817	1817
4890	1247	1818	1818
4891	1247	1819	1819
4892	1248	1820	1820
4893	1248	1821	1821
4894	1248	1822	1822
4895	1248	1823	1823
4896	1249	1824	1824
4897	1249	1825	1825
4898	1249	1826	1826
4899	1249	1827	1827
4900	1250	1828	1828
4901	1250	1829	1829
4902	1250	1830	1830
4903	1250	1831	1831
4904	1251	1832	1832
4905	1251	1833	1833
4906	1251	1834	1834
4907	1251	1835	1835
4908	1252	1836	1836
4909	1252	1837	1837
4910	1252	1838	1838
4911	1252	1839	1839
4912	1253	1840	1840
4913	1253	1841	1841
4914	1253	1842	1842
4915	1253	1843	1843
4916	1254	1844	1844
4917	1254	1845	1845
4918	1254	1846	1846
4919	1254	1847	1847
4920	1255	1848	1848
4921	1255	1849	1849
4922	1255	1850	1850
4923	1255	1851	1851
4924	1256	1852	1852
4925	1256	1853	1853
4926	1256	1854	1854
4927	1256	1855	1855
4928	1257	2036	2036
4929	1257	2037	2037
4930	1257	2038	2038
4931	1257	2039	2039
4932	1258	2040	2040
4933	1258	2041	2041
4934	1258	2042	2042
4935	1258	2043	2043
4936	1259	2068	2068
4937	1259	2069	2069
4938	1259	2070	2070
4939	1259	2071	2071
4940	1260	1856	1856
4941	1260	1857	1857
4942	1260	1858	1858
4943	1260	1859	1859
4944	1261	1860	1860
4945	1261	1861	1861
4946	1261	1862	1862
4947	1261	1863	1863
4948	1262	1864	1864
4949	1262	1865	1865
4950	1262	1866	1866
4951	1262	1867	1867
4952	1263	1868	1868
4953	1263	1869	1869
4954	1263	1870	1870
4955	1263	1871	1871
4956	1264	1872	1872
4957	1264	1873	1873
4958	1264	1874	1874
4959	1264	1875	1875
4960	1265	1876	1876
4961	1265	1877	1877
4962	1265	1878	1878
4963	1265	1879	1879
4964	1266	1880	1880
4965	1266	1881	1881
4966	1266	1882	1882
4967	1266	1883	1883
4968	1267	1884	1884
4969	1267	1885	1885
4970	1267	1886	1886
4971	1267	1887	1887
4972	1268	1888	1888
4973	1268	1889	1889
4974	1268	1890	1890
4975	1268	1891	1891
4976	1269	1892	1892
4977	1269	1893	1893
4978	1269	1894	1894
4979	1269	1895	1895
4980	1270	1896	1896
4981	1270	1897	1897
4982	1270	1898	1898
4983	1270	1899	1899
4984	1271	1900	1900
4985	1271	1901	1901
4986	1271	1902	1902
4987	1271	1903	1903
4988	1272	1904	1904
4989	1272	1905	1905
4990	1272	1906	1906
4991	1272	1907	1907
4992	1273	1908	1908
4993	1273	1909	1909
4994	1273	1910	1910
4995	1273	1911	1911
4996	1274	1912	1912
4997	1274	1913	1913
4998	1274	1914	1914
4999	1274	1915	1915
5000	1275	1916	1916
5001	1275	1917	1917
5002	1275	1918	1918
5003	1275	1919	1919
5004	1276	1920	1920
5005	1276	1921	1921
5006	1276	1922	1922
5007	1276	1923	1923
5008	1277	1924	1924
5009	1277	1925	1925
5010	1277	1926	1926
5011	1277	1927	1927
5012	1278	1928	1928
5013	1278	1929	1929
5014	1278	1930	1930
5015	1278	1931	1931
5016	1279	1932	1932
5017	1279	1933	1933
5018	1279	1934	1934
5019	1279	1935	1935
5020	1280	1936	1936
5021	1280	1937	1937
5022	1280	1938	1938
5023	1280	1939	1939
5024	1281	1940	1940
5025	1281	1941	1941
5026	1281	1942	1942
5027	1281	1943	1943
5028	1282	1944	1944
5029	1282	1945	1945
5030	1282	1946	1946
5031	1282	1947	1947
5032	1283	1948	1948
5033	1283	1949	1949
5034	1283	1950	1950
5035	1283	1951	1951
5036	1284	1952	1952
5037	1284	1953	1953
5038	1284	1954	1954
5039	1284	1955	1955
5040	1285	1956	1956
5041	1285	1957	1957
5042	1285	1958	1958
5043	1285	1959	1959
5044	1286	1960	1960
5045	1286	1961	1961
5046	1286	1962	1962
5047	1286	1963	1963
5048	1287	1964	1964
5049	1287	1965	1965
5050	1287	1966	1966
5051	1287	1967	1967
5052	1288	1968	1968
5053	1288	1969	1969
5054	1288	1970	1970
5055	1288	1971	1971
5056	1289	1972	1972
5057	1289	1973	1973
5058	1289	1974	1974
5059	1289	1975	1975
5060	1290	1976	1976
5061	1290	1977	1977
5062	1290	1978	1978
5063	1290	1979	1979
5064	1291	1980	1980
5065	1291	1981	1981
5066	1291	1982	1982
5067	1291	1983	1983
5068	1292	1984	1984
5069	1292	1985	1985
5070	1292	1986	1986
5071	1292	1987	1987
5072	1293	1988	1988
5073	1293	1989	1989
5074	1293	1990	1990
5075	1293	1991	1991
5076	1294	1992	1992
5077	1294	1993	1993
5078	1294	1994	1994
5079	1294	1995	1995
5080	1295	1996	1996
5081	1295	1997	1997
5082	1295	1998	1998
5083	1295	1999	1999
5084	1296	2000	2000
5085	1296	2001	2001
5086	1296	2002	2002
5087	1296	2003	2003
5088	1297	2004	2004
5089	1297	2005	2005
5090	1297	2006	2006
5091	1297	2007	2007
5092	1298	2008	2008
5093	1298	2009	2009
5094	1298	2010	2010
5095	1298	2011	2011
5096	1299	2012	2012
5097	1299	2013	2013
5098	1299	2014	2014
5099	1299	2015	2015
5100	1301	2016	2016
5101	1301	2017	2017
5102	1301	2018	2018
5103	1301	2019	2019
5104	1303	2020	2020
5105	1303	2021	2021
5106	1303	2022	2022
5107	1303	2023	2023
5108	1305	2024	2024
5109	1305	2025	2025
5110	1305	2026	2026
5111	1305	2027	2027
5112	1306	2028	2028
5113	1306	2029	2029
5114	1306	2030	2030
5115	1306	2031	2031
5116	1308	2032	2032
5117	1308	2033	2033
5118	1308	2034	2034
5119	1308	2035	2035
5120	1310	2044	2044
5121	1310	2045	2045
5122	1310	2046	2046
5123	1310	2047	2047
5124	1307	2048	2048
5125	1307	2049	2049
5126	1307	2050	2050
5127	1307	2051	2051
5128	1302	2052	2052
5129	1302	2053	2053
5130	1302	2054	2054
5131	1302	2055	2055
5132	1309	2056	2056
5133	1309	2057	2057
5134	1309	2058	2058
5135	1309	2059	2059
5136	1300	2060	2060
5137	1300	2061	2061
5138	1300	2062	2062
5139	1300	2063	2063
5140	1304	2064	2064
5141	1304	2065	2065
5142	1304	2066	2066
5143	1304	2067	2067
5144	1311	2112	2112
5145	1311	2113	2113
5146	1311	2114	2114
5147	1311	2115	2115
5148	1312	2116	2116
5149	1312	2117	2117
5150	1312	2118	2118
5151	1312	2119	2119
5152	1313	2120	2120
5153	1313	2121	2121
5154	1313	2122	2122
5155	1313	2123	2123
5156	1315	71	71
5157	1315	72	72
5158	1315	73	73
5159	1315	74	74
5160	1314	75	75
5161	1314	76	76
5162	1314	77	77
5163	1314	78	78
5164	1317	79	79
5165	1317	80	80
5166	1317	81	81
5167	1317	82	82
5168	1318	83	83
5169	1318	84	84
5170	1318	85	85
5171	1318	86	86
5172	1320	111	111
5173	1320	112	112
5174	1320	113	113
5175	1320	114	114
5176	1319	115	115
5177	1319	116	116
5178	1319	117	117
5179	1319	118	118
5180	1321	119	119
5181	1321	120	120
5182	1321	121	121
5183	1321	122	122
5184	1322	123	123
5185	1322	124	124
5186	1322	125	125
5187	1322	126	126
5188	1323	127	127
5189	1323	128	128
5190	1323	129	129
5191	1323	130	130
5192	1324	131	131
5193	1324	132	132
5194	1324	133	133
5195	1324	134	134
5196	1325	163	163
5197	1325	164	164
5198	1325	165	165
5199	1325	166	166
5200	1326	167	167
5201	1326	168	168
5202	1326	169	169
5203	1326	170	170
5204	1327	171	171
5205	1327	172	172
5206	1327	173	173
5207	1327	174	174
5208	1328	175	175
5209	1328	176	176
5210	1328	177	177
5211	1328	178	178
5212	1329	179	179
5213	1329	180	180
5214	1329	181	181
5215	1329	182	182
5216	1330	183	183
5217	1330	184	184
5218	1330	185	185
5219	1330	186	186
5220	1331	187	187
5221	1331	188	188
5222	1331	189	189
5223	1331	190	190
5224	1332	191	191
5225	1332	192	192
5226	1332	193	193
5227	1332	194	194
5228	1333	195	195
5229	1333	196	196
5230	1333	197	197
5231	1333	198	198
5232	1334	199	199
5233	1334	200	200
5234	1334	201	201
5235	1334	202	202
5236	1335	203	203
5237	1335	204	204
5238	1335	205	205
5239	1335	206	206
5240	1336	207	207
5241	1336	208	208
5242	1336	209	209
5243	1336	210	210
5244	1337	211	211
5245	1337	212	212
5246	1337	213	213
5247	1337	214	214
5248	1338	215	215
5249	1338	216	216
5250	1338	217	217
5251	1338	218	218
5252	1339	219	219
5253	1339	220	220
5254	1339	221	221
5255	1339	222	222
5256	1340	223	223
5257	1340	224	224
5258	1340	225	225
5259	1340	226	226
5260	1341	227	227
5261	1341	228	228
5262	1341	229	229
5263	1341	230	230
5264	1342	231	231
5265	1342	232	232
5266	1342	233	233
5267	1342	234	234
5268	1343	235	235
5269	1343	236	236
5270	1343	237	237
5271	1343	238	238
5272	1344	239	239
5273	1344	240	240
5274	1344	241	241
5275	1344	242	242
5276	1345	243	243
5277	1345	244	244
5278	1345	245	245
5279	1345	246	246
5280	1346	247	247
5281	1346	248	248
5282	1346	249	249
5283	1346	250	250
5284	1348	252	252
5285	1348	253	253
5286	1348	254	254
5287	1348	255	255
5288	1350	256	256
5289	1350	257	257
5290	1350	258	258
5291	1350	259	259
5292	1351	260	260
5293	1351	261	261
5294	1351	262	262
5295	1351	263	263
5296	1349	264	264
5297	1349	265	265
5298	1349	266	266
5299	1349	267	267
5300	1352	268	268
5301	1352	269	269
5302	1352	270	270
5303	1352	271	271
5304	1353	272	272
5305	1353	273	273
5306	1353	274	274
5307	1353	275	275
5308	1354	276	276
5309	1354	277	277
5310	1354	278	278
5311	1354	279	279
5312	1355	280	280
5313	1355	281	281
5314	1355	282	282
5315	1355	283	283
5316	1356	284	284
5317	1356	285	285
5318	1356	286	286
5319	1356	287	287
5320	1357	288	288
5321	1357	289	289
5322	1357	290	290
5323	1357	291	291
5324	1417	292	292
5325	1417	293	293
5326	1417	294	294
5327	1358	295	295
5328	1358	296	296
5329	1358	297	297
5330	1359	298	298
5331	1359	299	299
5332	1359	300	300
5333	1359	301	301
5334	1360	302	302
5335	1360	303	303
5336	1360	304	304
5337	1360	305	305
5338	1362	306	306
5339	1362	307	307
5340	1362	308	308
5341	1362	309	309
5342	1363	310	310
5343	1363	311	311
5344	1363	312	312
5345	1363	313	313
5346	1364	314	314
5347	1364	315	315
5348	1364	316	316
5349	1364	317	317
5350	1419	318	318
5351	1419	319	319
5352	1419	320	320
5353	1366	321	321
5354	1366	322	322
5355	1366	323	323
5356	1366	324	324
5357	1367	325	325
5358	1367	326	326
5359	1367	327	327
5360	1367	328	328
5361	1368	329	329
5362	1368	330	330
5363	1368	331	331
5364	1368	332	332
5365	1369	333	333
5366	1369	334	334
5367	1369	335	335
5368	1369	336	336
5369	1370	337	337
5370	1370	338	338
5371	1370	339	339
5372	1370	340	340
5373	1371	341	341
5374	1371	342	342
5375	1371	343	343
5376	1371	344	344
5377	1372	345	345
5378	1372	346	346
5379	1372	347	347
5380	1372	348	348
5381	1373	349	349
5382	1373	350	350
5383	1373	351	351
5384	1373	352	352
5385	1374	353	353
5386	1374	354	354
5387	1374	355	355
5388	1374	356	356
5389	1375	357	357
5390	1375	358	358
5391	1375	359	359
5392	1375	360	360
5393	1376	361	361
5394	1376	362	362
5395	1376	363	363
5396	1376	364	364
5397	1377	365	365
5398	1377	366	366
5399	1377	367	367
5400	1377	368	368
5401	1378	369	369
5402	1378	370	370
5403	1378	371	371
5404	1378	372	372
5405	1380	373	373
5406	1380	374	374
5407	1380	375	375
5408	1358	376	376
5409	1419	377	377
5410	1365	378	378
5411	1365	379	379
5412	1365	380	380
5413	1365	381	381
5414	1380	382	382
5415	1388	383	383
5416	1382	384	384
5417	1382	385	385
5418	1382	386	386
5419	1382	387	387
5420	1383	388	388
5421	1383	389	389
5422	1383	390	390
5423	1383	391	391
5424	1384	392	392
5425	1384	393	393
5426	1384	394	394
5427	1384	395	395
5428	1385	396	396
5429	1385	397	397
5430	1385	398	398
5431	1385	399	399
5432	1386	400	400
5433	1386	401	401
5434	1386	402	402
5435	1386	403	403
5436	1387	404	404
5437	1387	405	405
5438	1387	406	406
5439	1387	407	407
5440	1388	408	408
5441	1389	409	409
5442	1389	410	410
5443	1389	411	411
5444	1389	412	412
5445	1381	413	413
5446	1381	414	414
5447	1381	415	415
5448	1392	416	416
5449	1392	417	417
5450	1392	418	418
5451	1392	419	419
5452	1393	420	420
5453	1393	421	421
5454	1393	422	422
5455	1393	423	423
5456	1394	424	424
5457	1394	425	425
5458	1394	426	426
5459	1394	427	427
5460	1395	428	428
5461	1395	429	429
5462	1395	430	430
5463	1395	431	431
5464	1396	432	432
5465	1396	433	433
5466	1396	434	434
5467	1396	435	435
5468	1397	436	436
5469	1397	437	437
5470	1397	438	438
5471	1397	439	439
5472	1398	440	440
5473	1398	441	441
5474	1398	442	442
5475	1398	443	443
5476	1399	444	444
5477	1399	445	445
5478	1399	446	446
5479	1399	447	447
5480	1400	448	448
5481	1400	449	449
5482	1400	450	450
5483	1400	451	451
5484	1401	452	452
5485	1401	453	453
5486	1401	454	454
5487	1401	455	455
5488	1402	456	456
5489	1402	457	457
5490	1402	458	458
5491	1402	459	459
5492	1403	460	460
5493	1403	461	461
5494	1403	462	462
5495	1403	463	463
5496	1404	464	464
5497	1404	465	465
5498	1404	466	466
5499	1388	467	467
5500	1388	468	468
5501	1381	469	469
5502	1404	470	470
5503	1405	471	471
5504	1405	472	472
5505	1405	473	473
5506	1405	474	474
5507	1391	475	475
5508	1391	476	476
5509	1391	477	477
5510	1391	478	478
5511	1406	479	479
5512	1406	480	480
5513	1406	481	481
5514	1406	482	482
5515	1407	483	483
5516	1407	484	484
5517	1407	485	485
5518	1407	486	486
5519	1408	487	487
5520	1408	488	488
5521	1408	489	489
5522	1408	490	490
5523	1390	491	491
5524	1390	492	492
5525	1409	493	493
5526	1409	494	494
5527	1409	495	495
5528	1409	496	496
5529	1410	497	497
5530	1410	498	498
5531	1410	499	499
5532	1410	500	500
5533	1411	501	501
5534	1411	502	502
5535	1411	503	503
5536	1411	504	504
5537	1412	505	505
5538	1412	506	506
5539	1412	507	507
5540	1412	508	508
5541	1413	509	509
5542	1413	510	510
5543	1413	511	511
5544	1413	512	512
5545	1414	513	513
5546	1414	514	514
5547	1414	515	515
5548	1414	516	516
5549	1415	517	517
5550	1415	518	518
5551	1415	519	519
5552	1415	520	520
5553	1361	521	521
5554	1361	522	522
5555	1361	523	523
5556	1361	524	524
5557	1416	525	525
5558	1416	526	526
5559	1416	527	527
5560	1416	528	528
5561	1417	529	529
5562	1418	530	530
5563	1418	531	531
5564	1418	532	532
5565	1418	533	533
5566	1420	534	534
5567	1420	535	535
5568	1420	536	536
5569	1420	537	537
5570	1421	538	538
5571	1421	539	539
5572	1421	540	540
5573	1421	541	541
5574	1422	542	542
5575	1422	543	543
5576	1422	544	544
5577	1422	545	545
5578	1423	546	546
5579	1423	547	547
5580	1423	548	548
5581	1423	549	549
5582	1379	550	550
5583	1379	551	551
5584	1379	552	552
5585	1379	553	553
5586	1424	554	554
5587	1424	555	555
5588	1424	556	556
5589	1424	557	557
5590	1425	558	558
5591	1425	559	559
5592	1425	560	560
5593	1425	561	561
5594	1426	562	562
5595	1426	563	563
5596	1426	564	564
5597	1426	565	565
5598	1427	566	566
5599	1427	567	567
5600	1427	568	568
5601	1427	569	569
5602	1428	570	570
5603	1428	571	571
5604	1428	572	572
5605	1428	573	573
5606	1429	574	574
5607	1429	575	575
5608	1429	576	576
5609	1429	577	577
5610	1430	578	578
5611	1430	579	579
5612	1430	580	580
5613	1430	581	581
5614	1431	582	582
5615	1431	583	583
5616	1431	584	584
5617	1431	585	585
5618	1432	586	586
5619	1432	587	587
5620	1432	588	588
5621	1432	589	589
5622	1433	590	590
5623	1433	591	591
5624	1433	592	592
5625	1433	593	593
5626	1390	594	594
5627	1390	595	595
5628	1438	87	87
5629	1438	88	88
5630	1438	89	89
5631	1438	90	90
5632	1435	91	91
5633	1435	92	92
5634	1435	93	93
5635	1435	94	94
5636	1434	95	95
5637	1434	96	96
5638	1434	97	97
5639	1434	98	98
5640	1436	99	99
5641	1436	100	100
5642	1436	101	101
5643	1436	102	102
5644	1437	103	103
5645	1437	104	104
5646	1437	105	105
5647	1437	106	106
5648	1439	636	636
5649	1439	637	637
5650	1439	638	638
5651	1439	639	639
5652	1440	640	640
5653	1440	641	641
5654	1440	642	642
5655	1440	643	643
5656	1441	644	644
5657	1441	645	645
5658	1441	646	646
5659	1441	647	647
5660	1442	648	648
5661	1442	649	649
5662	1442	650	650
5663	1442	651	651
5664	1443	652	652
5665	1443	653	653
5666	1443	654	654
5667	1443	655	655
5668	1444	656	656
5669	1444	657	657
5670	1444	658	658
5671	1444	660	660
5672	1445	661	661
5673	1445	662	662
5674	1445	663	663
5675	1445	664	664
5676	1446	665	665
5677	1446	666	666
5678	1446	667	667
5679	1446	668	668
5680	1449	669	669
5681	1449	670	670
5682	1449	671	671
5683	1449	672	672
5684	1450	673	673
5685	1450	674	674
5686	1450	675	675
5687	1450	676	676
5688	1451	677	677
5689	1451	678	678
5690	1451	679	679
5691	1451	680	680
5692	1452	681	681
5693	1452	682	682
5694	1452	683	683
5695	1452	684	684
5696	1453	685	685
5697	1453	686	686
5698	1453	687	687
5699	1453	688	688
5700	1454	689	689
5701	1454	690	690
5702	1454	691	691
5703	1454	692	692
5704	1455	693	693
5705	1455	694	694
5706	1455	695	695
5707	1455	696	696
5708	1456	697	697
5709	1456	698	698
5710	1456	699	699
5711	1456	700	700
5712	1457	701	701
5713	1457	702	702
5714	1457	703	703
5715	1457	704	704
5716	1458	705	705
5717	1458	706	706
5718	1458	707	707
5719	1458	708	708
5720	1459	709	709
5721	1459	710	710
5722	1459	711	711
5723	1459	712	712
5724	1460	713	713
5725	1460	714	714
5726	1460	715	715
5727	1460	716	716
5728	1461	717	717
5729	1461	718	718
5730	1461	719	719
5731	1462	720	720
5732	1462	721	721
5733	1462	722	722
5734	1462	723	723
5735	1463	724	724
5736	1463	725	725
5737	1463	726	726
5738	1463	727	727
5739	1447	728	728
5740	1447	729	729
5741	1447	730	730
5742	1447	731	731
5743	1473	732	732
5744	1473	733	733
5745	1473	734	734
5746	1473	735	735
5747	1474	736	736
5748	1474	737	737
5749	1474	738	738
5750	1474	739	739
5751	1475	740	740
5752	1475	741	741
5753	1475	742	742
5754	1475	743	743
5755	1476	744	744
5756	1476	745	745
5757	1476	746	746
5758	1476	747	747
5759	1477	748	748
5760	1477	749	749
5761	1477	750	750
5762	1477	751	751
5763	1478	752	752
5764	1478	753	753
5765	1478	754	754
5766	1478	755	755
5767	1448	756	756
5768	1448	757	757
5769	1448	758	758
5770	1448	759	759
5771	1461	760	760
5772	1471	761	761
5773	1471	762	762
5774	1471	763	763
5775	1471	764	764
5776	1472	765	765
5777	1472	766	766
5778	1472	767	767
5779	1472	768	768
5780	1464	769	769
5781	1464	770	770
5782	1464	771	771
5783	1464	772	772
5784	1465	773	773
5785	1465	774	774
5786	1465	775	775
5787	1465	776	776
5788	1466	777	777
5789	1466	778	778
5790	1466	779	779
5791	1466	780	780
5792	1467	781	781
5793	1467	782	782
5794	1467	783	783
5795	1467	784	784
5796	1468	785	785
5797	1468	786	786
5798	1468	787	787
5799	1468	788	788
5800	1469	789	789
5801	1469	790	790
5802	1469	791	791
5803	1469	792	792
5804	1470	793	793
5805	1470	794	794
5806	1470	795	795
5807	1470	796	796
5808	1480	852	852
5809	1480	853	853
5810	1480	1120	1120
5811	1479	1207	1207
5812	1479	1208	1208
5813	1479	1209	1209
5814	1479	1210	1210
5815	1480	1211	1211
5816	1485	1212	1212
5817	1485	1213	1213
5818	1485	1214	1214
5819	1485	1215	1215
5820	1486	1216	1216
5821	1486	1217	1217
5822	1486	1218	1218
5823	1486	1219	1219
5824	1487	1220	1220
5825	1487	1221	1221
5826	1487	1222	1222
5827	1487	1223	1223
5828	1488	1224	1224
5829	1488	1225	1225
5830	1488	1226	1226
5831	1488	1227	1227
5832	1489	1228	1228
5833	1489	1229	1229
5834	1489	1230	1230
5835	1490	1231	1231
5836	1490	1232	1232
5837	1490	1233	1233
5838	1490	1234	1234
5839	1491	1235	1235
5840	1491	1236	1236
5841	1491	1237	1237
5842	1491	1238	1238
5843	1492	1239	1239
5844	1492	1240	1240
5845	1492	1241	1241
5846	1492	1242	1242
5847	1483	1243	1243
5848	1483	1244	1244
5849	1483	1245	1245
5850	1483	1246	1246
5851	1484	1247	1247
5852	1484	1248	1248
5853	1484	1249	1249
5854	1484	1250	1250
5855	1489	1251	1251
5856	1481	1252	1252
5857	1481	1253	1253
5858	1481	1254	1254
5859	1481	1255	1255
5860	1482	1256	1256
5861	1482	1257	1257
5862	1482	1258	1258
5863	1482	1259	1259
5864	1513	1260	1260
5865	1513	1261	1261
5866	1513	1262	1262
5867	1513	1263	1263
5868	1514	1264	1264
5869	1514	1265	1265
5870	1514	1266	1266
5871	1514	1267	1267
5872	1515	1268	1268
5873	1515	1269	1269
5874	1515	1270	1270
5875	1515	1271	1271
5876	1516	1272	1272
5877	1516	1273	1273
5878	1516	1274	1274
5879	1516	1275	1275
5880	1493	1276	1276
5881	1493	1277	1277
5882	1493	1278	1278
5883	1493	1279	1279
5884	1506	1280	1280
5885	1506	1281	1281
5886	1506	1282	1282
5887	1506	1283	1283
5888	1507	1284	1284
5889	1507	1285	1285
5890	1507	1286	1286
5891	1507	1287	1287
5892	1508	1288	1288
5893	1508	1289	1289
5894	1508	1290	1290
5895	1508	1291	1291
5896	1509	1292	1292
5897	1509	1293	1293
5898	1509	1294	1294
5899	1509	1295	1295
5900	1510	1296	1296
5901	1510	1297	1297
5902	1510	1298	1298
5903	1510	1299	1299
5904	1511	1302	1302
5905	1511	1303	1303
5906	1511	1304	1304
5907	1511	1305	1305
5908	1512	1306	1306
5909	1512	1307	1307
5910	1512	1308	1308
5911	1512	1309	1309
5912	1502	1310	1310
5913	1502	1311	1311
5914	1502	1312	1312
5915	1502	1313	1313
5916	1503	1314	1314
5917	1503	1315	1315
5918	1503	1316	1316
5919	1503	1317	1317
5920	1500	1318	1318
5921	1500	1319	1319
5922	1500	1320	1320
5923	1500	1321	1321
5924	1501	1322	1322
5925	1501	1323	1323
5926	1501	1324	1324
5927	1501	1325	1325
5928	1504	1326	1326
5929	1504	1327	1327
5930	1504	1328	1328
5931	1504	1329	1329
5932	1517	1330	1330
5933	1517	1331	1331
5934	1517	1332	1332
5935	1517	1333	1333
5936	1519	1334	1334
5937	1519	1335	1335
5938	1519	1336	1336
5939	1519	1337	1337
5940	1494	1338	1338
5941	1494	1339	1339
5942	1494	1340	1340
5943	1494	1341	1341
5944	1495	1342	1342
5945	1495	1343	1343
5946	1495	1344	1344
5947	1495	1345	1345
5948	1497	1346	1346
5949	1497	1347	1347
5950	1497	1348	1348
5951	1497	1349	1349
5952	1499	1350	1350
5953	1499	1351	1351
5954	1499	1352	1352
5955	1499	1353	1353
5956	1496	1354	1354
5957	1496	1355	1355
5958	1496	1356	1356
5959	1496	1357	1357
5960	1518	1358	1358
5961	1518	1359	1359
5962	1518	1360	1360
5963	1518	1361	1361
5964	1498	1362	1362
5965	1498	1363	1363
5966	1498	1364	1364
5967	1498	1365	1365
5968	1505	1366	1366
5969	1505	1367	1367
5970	1505	1368	1368
5971	1505	1369	1369
5972	1520	2072	2072
5973	1520	2073	2073
5974	1520	2074	2074
5975	1520	2075	2075
5976	1521	2076	2076
5977	1521	2077	2077
5978	1521	2078	2078
5979	1521	2079	2079
5980	1522	2080	2080
5981	1522	2081	2081
5982	1522	2082	2082
5983	1522	2083	2083
5984	1523	2084	2084
5985	1523	2085	2085
5986	1523	2086	2086
5987	1523	2087	2087
5988	1524	2088	2088
5989	1524	2089	2089
5990	1524	2090	2090
5991	1524	2091	2091
5992	1526	71	71
5993	1526	72	72
5994	1526	73	73
5995	1526	74	74
5996	1525	75	75
5997	1525	76	76
5998	1525	77	77
5999	1525	78	78
6000	1528	79	79
6001	1528	80	80
6002	1528	81	81
6003	1528	82	82
6004	1529	83	83
6005	1529	84	84
6006	1529	85	85
6007	1529	86	86
6008	1531	111	111
6009	1531	112	112
6010	1531	113	113
6011	1531	114	114
6012	1530	115	115
6013	1530	116	116
6014	1530	117	117
6015	1530	118	118
6016	1532	119	119
6017	1532	120	120
6018	1532	121	121
6019	1532	122	122
6020	1533	123	123
6021	1533	124	124
6022	1533	125	125
6023	1533	126	126
6024	1534	127	127
6025	1534	128	128
6026	1534	129	129
6027	1534	130	130
6028	1535	131	131
6029	1535	132	132
6030	1535	133	133
6031	1535	134	134
6032	1536	163	163
6033	1536	164	164
6034	1536	165	165
6035	1536	166	166
6036	1537	167	167
6037	1537	168	168
6038	1537	169	169
6039	1537	170	170
6040	1538	171	171
6041	1538	172	172
6042	1538	173	173
6043	1538	174	174
6044	1539	175	175
6045	1539	176	176
6046	1539	177	177
6047	1539	178	178
6048	1540	179	179
6049	1540	180	180
6050	1540	181	181
6051	1540	182	182
6052	1541	183	183
6053	1541	184	184
6054	1541	185	185
6055	1541	186	186
6056	1542	187	187
6057	1542	188	188
6058	1542	189	189
6059	1542	190	190
6060	1543	191	191
6061	1543	192	192
6062	1543	193	193
6063	1543	194	194
6064	1544	195	195
6065	1544	196	196
6066	1544	197	197
6067	1544	198	198
6068	1545	199	199
6069	1545	200	200
6070	1545	201	201
6071	1545	202	202
6072	1546	203	203
6073	1546	204	204
6074	1546	205	205
6075	1546	206	206
6076	1547	207	207
6077	1547	208	208
6078	1547	209	209
6079	1547	210	210
6080	1548	211	211
6081	1548	212	212
6082	1548	213	213
6083	1548	214	214
6084	1549	215	215
6085	1549	216	216
6086	1549	217	217
6087	1549	218	218
6088	1550	219	219
6089	1550	220	220
6090	1550	221	221
6091	1550	222	222
6092	1551	223	223
6093	1551	224	224
6094	1551	225	225
6095	1551	226	226
6096	1552	227	227
6097	1552	228	228
6098	1552	229	229
6099	1552	230	230
6100	1553	231	231
6101	1553	232	232
6102	1553	233	233
6103	1553	234	234
6104	1554	235	235
6105	1554	236	236
6106	1554	237	237
6107	1554	238	238
6108	1555	239	239
6109	1555	240	240
6110	1555	241	241
6111	1555	242	242
6112	1556	243	243
6113	1556	244	244
6114	1556	245	245
6115	1556	246	246
6116	1557	247	247
6117	1557	248	248
6118	1557	249	249
6119	1557	250	250
6120	1559	252	252
6121	1559	253	253
6122	1559	254	254
6123	1559	255	255
6124	1561	256	256
6125	1561	257	257
6126	1561	258	258
6127	1561	259	259
6128	1562	260	260
6129	1562	261	261
6130	1562	262	262
6131	1562	263	263
6132	1560	264	264
6133	1560	265	265
6134	1560	266	266
6135	1560	267	267
6136	1563	268	268
6137	1563	269	269
6138	1563	270	270
6139	1563	271	271
6140	1564	272	272
6141	1564	273	273
6142	1564	274	274
6143	1564	275	275
6144	1565	276	276
6145	1565	277	277
6146	1565	278	278
6147	1565	279	279
6148	1566	280	280
6149	1566	281	281
6150	1566	282	282
6151	1566	283	283
6152	1567	284	284
6153	1567	285	285
6154	1567	286	286
6155	1567	287	287
6156	1568	288	288
6157	1568	289	289
6158	1568	290	290
6159	1568	291	291
6160	1628	292	292
6161	1628	293	293
6162	1628	294	294
6163	1569	295	295
6164	1569	296	296
6165	1569	297	297
6166	1570	298	298
6167	1570	299	299
6168	1570	300	300
6169	1570	301	301
6170	1571	302	302
6171	1571	303	303
6172	1571	304	304
6173	1571	305	305
6174	1573	306	306
6175	1573	307	307
6176	1573	308	308
6177	1573	309	309
6178	1574	310	310
6179	1574	311	311
6180	1574	312	312
6181	1574	313	313
6182	1575	314	314
6183	1575	315	315
6184	1575	316	316
6185	1575	317	317
6186	1630	318	318
6187	1630	319	319
6188	1630	320	320
6189	1577	321	321
6190	1577	322	322
6191	1577	323	323
6192	1577	324	324
6193	1578	325	325
6194	1578	326	326
6195	1578	327	327
6196	1578	328	328
6197	1579	329	329
6198	1579	330	330
6199	1579	331	331
6200	1579	332	332
6201	1580	333	333
6202	1580	334	334
6203	1580	335	335
6204	1580	336	336
6205	1581	337	337
6206	1581	338	338
6207	1581	339	339
6208	1581	340	340
6209	1582	341	341
6210	1582	342	342
6211	1582	343	343
6212	1582	344	344
6213	1583	345	345
6214	1583	346	346
6215	1583	347	347
6216	1583	348	348
6217	1584	349	349
6218	1584	350	350
6219	1584	351	351
6220	1584	352	352
6221	1585	353	353
6222	1585	354	354
6223	1585	355	355
6224	1585	356	356
6225	1586	357	357
6226	1586	358	358
6227	1586	359	359
6228	1586	360	360
6229	1587	361	361
6230	1587	362	362
6231	1587	363	363
6232	1587	364	364
6233	1588	365	365
6234	1588	366	366
6235	1588	367	367
6236	1588	368	368
6237	1589	369	369
6238	1589	370	370
6239	1589	371	371
6240	1589	372	372
6241	1591	373	373
6242	1591	374	374
6243	1591	375	375
6244	1569	376	376
6245	1630	377	377
6246	1576	378	378
6247	1576	379	379
6248	1576	380	380
6249	1576	381	381
6250	1591	382	382
6251	1599	383	383
6252	1593	384	384
6253	1593	385	385
6254	1593	386	386
6255	1593	387	387
6256	1594	388	388
6257	1594	389	389
6258	1594	390	390
6259	1594	391	391
6260	1595	392	392
6261	1595	393	393
6262	1595	394	394
6263	1595	395	395
6264	1596	396	396
6265	1596	397	397
6266	1596	398	398
6267	1596	399	399
6268	1597	400	400
6269	1597	401	401
6270	1597	402	402
6271	1597	403	403
6272	1598	404	404
6273	1598	405	405
6274	1598	406	406
6275	1598	407	407
6276	1599	408	408
6277	1600	409	409
6278	1600	410	410
6279	1600	411	411
6280	1600	412	412
6281	1592	413	413
6282	1592	414	414
6283	1592	415	415
6284	1603	416	416
6285	1603	417	417
6286	1603	418	418
6287	1603	419	419
6288	1604	420	420
6289	1604	421	421
6290	1604	422	422
6291	1604	423	423
6292	1605	424	424
6293	1605	425	425
6294	1605	426	426
6295	1605	427	427
6296	1606	428	428
6297	1606	429	429
6298	1606	430	430
6299	1606	431	431
6300	1607	432	432
6301	1607	433	433
6302	1607	434	434
6303	1607	435	435
6304	1608	436	436
6305	1608	437	437
6306	1608	438	438
6307	1608	439	439
6308	1609	440	440
6309	1609	441	441
6310	1609	442	442
6311	1609	443	443
6312	1610	444	444
6313	1610	445	445
6314	1610	446	446
6315	1610	447	447
6316	1611	448	448
6317	1611	449	449
6318	1611	450	450
6319	1611	451	451
6320	1612	452	452
6321	1612	453	453
6322	1612	454	454
6323	1612	455	455
6324	1613	456	456
6325	1613	457	457
6326	1613	458	458
6327	1613	459	459
6328	1614	460	460
6329	1614	461	461
6330	1614	462	462
6331	1614	463	463
6332	1615	464	464
6333	1615	465	465
6334	1615	466	466
6335	1599	467	467
6336	1599	468	468
6337	1592	469	469
6338	1615	470	470
6339	1616	471	471
6340	1616	472	472
6341	1616	473	473
6342	1616	474	474
6343	1602	475	475
6344	1602	476	476
6345	1602	477	477
6346	1602	478	478
6347	1617	479	479
6348	1617	480	480
6349	1617	481	481
6350	1617	482	482
6351	1618	483	483
6352	1618	484	484
6353	1618	485	485
6354	1618	486	486
6355	1619	487	487
6356	1619	488	488
6357	1619	489	489
6358	1619	490	490
6359	1601	491	491
6360	1601	492	492
6361	1620	493	493
6362	1620	494	494
6363	1620	495	495
6364	1620	496	496
6365	1621	497	497
6366	1621	498	498
6367	1621	499	499
6368	1621	500	500
6369	1622	501	501
6370	1622	502	502
6371	1622	503	503
6372	1622	504	504
6373	1623	505	505
6374	1623	506	506
6375	1623	507	507
6376	1623	508	508
6377	1624	509	509
6378	1624	510	510
6379	1624	511	511
6380	1624	512	512
6381	1625	513	513
6382	1625	514	514
6383	1625	515	515
6384	1625	516	516
6385	1626	517	517
6386	1626	518	518
6387	1626	519	519
6388	1626	520	520
6389	1572	521	521
6390	1572	522	522
6391	1572	523	523
6392	1572	524	524
6393	1627	525	525
6394	1627	526	526
6395	1627	527	527
6396	1627	528	528
6397	1628	529	529
6398	1629	530	530
6399	1629	531	531
6400	1629	532	532
6401	1629	533	533
6402	1631	534	534
6403	1631	535	535
6404	1631	536	536
6405	1631	537	537
6406	1632	538	538
6407	1632	539	539
6408	1632	540	540
6409	1632	541	541
6410	1633	542	542
6411	1633	543	543
6412	1633	544	544
6413	1633	545	545
6414	1634	546	546
6415	1634	547	547
6416	1634	548	548
6417	1634	549	549
6418	1590	550	550
6419	1590	551	551
6420	1590	552	552
6421	1590	553	553
6422	1635	554	554
6423	1635	555	555
6424	1635	556	556
6425	1635	557	557
6426	1636	558	558
6427	1636	559	559
6428	1636	560	560
6429	1636	561	561
6430	1637	562	562
6431	1637	563	563
6432	1637	564	564
6433	1637	565	565
6434	1638	566	566
6435	1638	567	567
6436	1638	568	568
6437	1638	569	569
6438	1639	570	570
6439	1639	571	571
6440	1639	572	572
6441	1639	573	573
6442	1640	574	574
6443	1640	575	575
6444	1640	576	576
6445	1640	577	577
6446	1641	578	578
6447	1641	579	579
6448	1641	580	580
6449	1641	581	581
6450	1642	582	582
6451	1642	583	583
6452	1642	584	584
6453	1642	585	585
6454	1643	586	586
6455	1643	587	587
6456	1643	588	588
6457	1643	589	589
6458	1644	590	590
6459	1644	591	591
6460	1644	592	592
6461	1644	593	593
6462	1601	594	594
6463	1601	595	595
6464	1649	87	87
6465	1649	88	88
6466	1649	89	89
6467	1649	90	90
6468	1646	91	91
6469	1646	92	92
6470	1646	93	93
6471	1646	94	94
6472	1645	95	95
6473	1645	96	96
6474	1645	97	97
6475	1645	98	98
6476	1647	99	99
6477	1647	100	100
6478	1647	101	101
6479	1647	102	102
6480	1648	103	103
6481	1648	104	104
6482	1648	105	105
6483	1648	106	106
6484	1650	636	636
6485	1650	637	637
6486	1650	638	638
6487	1650	639	639
6488	1651	640	640
6489	1651	641	641
6490	1651	642	642
6491	1651	643	643
6492	1652	644	644
6493	1652	645	645
6494	1652	646	646
6495	1652	647	647
6496	1653	648	648
6497	1653	649	649
6498	1653	650	650
6499	1653	651	651
6500	1654	652	652
6501	1654	653	653
6502	1654	654	654
6503	1654	655	655
6504	1655	656	656
6505	1655	657	657
6506	1655	658	658
6507	1655	660	660
6508	1656	661	661
6509	1656	662	662
6510	1656	663	663
6511	1656	664	664
6512	1657	665	665
6513	1657	666	666
6514	1657	667	667
6515	1657	668	668
6516	1660	669	669
6517	1660	670	670
6518	1660	671	671
6519	1660	672	672
6520	1661	673	673
6521	1661	674	674
6522	1661	675	675
6523	1661	676	676
6524	1662	677	677
6525	1662	678	678
6526	1662	679	679
6527	1662	680	680
6528	1663	681	681
6529	1663	682	682
6530	1663	683	683
6531	1663	684	684
6532	1664	685	685
6533	1664	686	686
6534	1664	687	687
6535	1664	688	688
6536	1665	689	689
6537	1665	690	690
6538	1665	691	691
6539	1665	692	692
6540	1666	693	693
6541	1666	694	694
6542	1666	695	695
6543	1666	696	696
6544	1667	697	697
6545	1667	698	698
6546	1667	699	699
6547	1667	700	700
6548	1668	701	701
6549	1668	702	702
6550	1668	703	703
6551	1668	704	704
6552	1669	705	705
6553	1669	706	706
6554	1669	707	707
6555	1669	708	708
6556	1670	709	709
6557	1670	710	710
6558	1670	711	711
6559	1670	712	712
6560	1671	713	713
6561	1671	714	714
6562	1671	715	715
6563	1671	716	716
6564	1672	717	717
6565	1672	718	718
6566	1672	719	719
6567	1673	720	720
6568	1673	721	721
6569	1673	722	722
6570	1673	723	723
6571	1674	724	724
6572	1674	725	725
6573	1674	726	726
6574	1674	727	727
6575	1658	728	728
6576	1658	729	729
6577	1658	730	730
6578	1658	731	731
6579	1684	732	732
6580	1684	733	733
6581	1684	734	734
6582	1684	735	735
6583	1685	736	736
6584	1685	737	737
6585	1685	738	738
6586	1685	739	739
6587	1686	740	740
6588	1686	741	741
6589	1686	742	742
6590	1686	743	743
6591	1687	744	744
6592	1687	745	745
6593	1687	746	746
6594	1687	747	747
6595	1688	748	748
6596	1688	749	749
6597	1688	750	750
6598	1688	751	751
6599	1689	752	752
6600	1689	753	753
6601	1689	754	754
6602	1689	755	755
6603	1659	756	756
6604	1659	757	757
6605	1659	758	758
6606	1659	759	759
6607	1672	760	760
6608	1682	761	761
6609	1682	762	762
6610	1682	763	763
6611	1682	764	764
6612	1683	765	765
6613	1683	766	766
6614	1683	767	767
6615	1683	768	768
6616	1675	769	769
6617	1675	770	770
6618	1675	771	771
6619	1675	772	772
6620	1676	773	773
6621	1676	774	774
6622	1676	775	775
6623	1676	776	776
6624	1677	777	777
6625	1677	778	778
6626	1677	779	779
6627	1677	780	780
6628	1678	781	781
6629	1678	782	782
6630	1678	783	783
6631	1678	784	784
6632	1679	785	785
6633	1679	786	786
6634	1679	787	787
6635	1679	788	788
6636	1680	789	789
6637	1680	790	790
6638	1680	791	791
6639	1680	792	792
6640	1681	793	793
6641	1681	794	794
6642	1681	795	795
6643	1681	796	796
6644	1691	852	852
6645	1691	853	853
6646	1691	1120	1120
6647	1690	1207	1207
6648	1690	1208	1208
6649	1690	1209	1209
6650	1690	1210	1210
6651	1691	1211	1211
6652	1696	1212	1212
6653	1696	1213	1213
6654	1696	1214	1214
6655	1696	1215	1215
6656	1697	1216	1216
6657	1697	1217	1217
6658	1697	1218	1218
6659	1697	1219	1219
6660	1698	1220	1220
6661	1698	1221	1221
6662	1698	1222	1222
6663	1698	1223	1223
6664	1699	1224	1224
6665	1699	1225	1225
6666	1699	1226	1226
6667	1699	1227	1227
6668	1700	1228	1228
6669	1700	1229	1229
6670	1700	1230	1230
6671	1701	1231	1231
6672	1701	1232	1232
6673	1701	1233	1233
6674	1701	1234	1234
6675	1702	1235	1235
6676	1702	1236	1236
6677	1702	1237	1237
6678	1702	1238	1238
6679	1703	1239	1239
6680	1703	1240	1240
6681	1703	1241	1241
6682	1703	1242	1242
6683	1694	1243	1243
6684	1694	1244	1244
6685	1694	1245	1245
6686	1694	1246	1246
6687	1695	1247	1247
6688	1695	1248	1248
6689	1695	1249	1249
6690	1695	1250	1250
6691	1700	1251	1251
6692	1692	1252	1252
6693	1692	1253	1253
6694	1692	1254	1254
6695	1692	1255	1255
6696	1693	1256	1256
6697	1693	1257	1257
6698	1693	1258	1258
6699	1693	1259	1259
6700	1724	1260	1260
6701	1724	1261	1261
6702	1724	1262	1262
6703	1724	1263	1263
6704	1725	1264	1264
6705	1725	1265	1265
6706	1725	1266	1266
6707	1725	1267	1267
6708	1726	1268	1268
6709	1726	1269	1269
6710	1726	1270	1270
6711	1726	1271	1271
6712	1727	1272	1272
6713	1727	1273	1273
6714	1727	1274	1274
6715	1727	1275	1275
6716	1704	1276	1276
6717	1704	1277	1277
6718	1704	1278	1278
6719	1704	1279	1279
6720	1717	1280	1280
6721	1717	1281	1281
6722	1717	1282	1282
6723	1717	1283	1283
6724	1718	1284	1284
6725	1718	1285	1285
6726	1718	1286	1286
6727	1718	1287	1287
6728	1719	1288	1288
6729	1719	1289	1289
6730	1719	1290	1290
6731	1719	1291	1291
6732	1720	1292	1292
6733	1720	1293	1293
6734	1720	1294	1294
6735	1720	1295	1295
6736	1721	1296	1296
6737	1721	1297	1297
6738	1721	1298	1298
6739	1721	1299	1299
6740	1722	1302	1302
6741	1722	1303	1303
6742	1722	1304	1304
6743	1722	1305	1305
6744	1723	1306	1306
6745	1723	1307	1307
6746	1723	1308	1308
6747	1723	1309	1309
6748	1713	1310	1310
6749	1713	1311	1311
6750	1713	1312	1312
6751	1713	1313	1313
6752	1714	1314	1314
6753	1714	1315	1315
6754	1714	1316	1316
6755	1714	1317	1317
6756	1711	1318	1318
6757	1711	1319	1319
6758	1711	1320	1320
6759	1711	1321	1321
6760	1712	1322	1322
6761	1712	1323	1323
6762	1712	1324	1324
6763	1712	1325	1325
6764	1715	1326	1326
6765	1715	1327	1327
6766	1715	1328	1328
6767	1715	1329	1329
6768	1728	1330	1330
6769	1728	1331	1331
6770	1728	1332	1332
6771	1728	1333	1333
6772	1730	1334	1334
6773	1730	1335	1335
6774	1730	1336	1336
6775	1730	1337	1337
6776	1705	1338	1338
6777	1705	1339	1339
6778	1705	1340	1340
6779	1705	1341	1341
6780	1706	1342	1342
6781	1706	1343	1343
6782	1706	1344	1344
6783	1706	1345	1345
6784	1708	1346	1346
6785	1708	1347	1347
6786	1708	1348	1348
6787	1708	1349	1349
6788	1710	1350	1350
6789	1710	1351	1351
6790	1710	1352	1352
6791	1710	1353	1353
6792	1707	1354	1354
6793	1707	1355	1355
6794	1707	1356	1356
6795	1707	1357	1357
6796	1729	1358	1358
6797	1729	1359	1359
6798	1729	1360	1360
6799	1729	1361	1361
6800	1709	1362	1362
6801	1709	1363	1363
6802	1709	1364	1364
6803	1709	1365	1365
6804	1716	1366	1366
6805	1716	1367	1367
6806	1716	1368	1368
6807	1716	1369	1369
6808	1731	2072	2072
6809	1731	2073	2073
6810	1731	2074	2074
6811	1731	2075	2075
6812	1732	2076	2076
6813	1732	2077	2077
6814	1732	2078	2078
6815	1732	2079	2079
6816	1733	2080	2080
6817	1733	2081	2081
6818	1733	2082	2082
6819	1733	2083	2083
6820	1734	2084	2084
6821	1734	2085	2085
6822	1734	2086	2086
6823	1734	2087	2087
6824	1735	2088	2088
6825	1735	2089	2089
6826	1735	2090	2090
6827	1735	2091	2091
6828	1736	135	135
6829	1736	136	136
6830	1736	137	137
6831	1736	138	138
6832	1737	139	139
6833	1737	140	140
6834	1739	141	141
6835	1739	142	142
6836	1738	143	143
6837	1738	144	144
6838	1738	145	145
6839	1739	251	251
6840	1740	146	146
6841	1740	147	147
6842	1740	148	148
6843	1741	149	149
6844	1741	150	150
6845	1741	151	151
6846	1741	152	152
6847	1742	153	153
6848	1742	154	154
6849	1743	155	155
6850	1743	156	156
6851	1744	157	157
6852	1744	158	158
6853	1744	159	159
6854	1745	160	160
6855	1745	161	161
6856	1745	162	162
6857	1746	2104	2104
6858	1746	2105	2105
6859	1746	2106	2106
6860	1746	2107	2107
6861	1747	2108	2108
6862	1747	2109	2109
6863	1747	2110	2110
6864	1747	2111	2111
6865	1748	135	135
6866	1748	136	136
6867	1748	137	137
6868	1748	138	138
6869	1749	139	139
6870	1749	140	140
6871	1751	141	141
6872	1751	142	142
6873	1750	143	143
6874	1750	144	144
6875	1750	145	145
6876	1751	251	251
6877	1752	146	146
6878	1752	147	147
6879	1752	148	148
6880	1753	149	149
6881	1753	150	150
6882	1753	151	151
6883	1753	152	152
6884	1754	153	153
6885	1754	154	154
6886	1755	155	155
6887	1755	156	156
6888	1756	157	157
6889	1756	158	158
6890	1756	159	159
6891	1757	160	160
6892	1757	161	161
6893	1757	162	162
6894	1758	2104	2104
6895	1758	2105	2105
6896	1758	2106	2106
6897	1758	2107	2107
6898	1759	2108	2108
6899	1759	2109	2109
6900	1759	2110	2110
6901	1759	2111	2111
6902	1761	71	71
6903	1761	72	72
6904	1761	73	73
6905	1761	74	74
6906	1760	75	75
6907	1760	76	76
6908	1760	77	77
6909	1760	78	78
6910	1763	79	79
6911	1763	80	80
6912	1763	81	81
6913	1763	82	82
6914	1764	83	83
6915	1764	84	84
6916	1764	85	85
6917	1764	86	86
6918	1766	111	111
6919	1766	112	112
6920	1766	113	113
6921	1766	114	114
6922	1765	115	115
6923	1765	116	116
6924	1765	117	117
6925	1765	118	118
6926	1767	119	119
6927	1767	120	120
6928	1767	121	121
6929	1767	122	122
6930	1768	123	123
6931	1768	124	124
6932	1768	125	125
6933	1768	126	126
6934	1769	127	127
6935	1769	128	128
6936	1769	129	129
6937	1769	130	130
6938	1770	131	131
6939	1770	132	132
6940	1770	133	133
6941	1770	134	134
6942	1771	163	163
6943	1771	164	164
6944	1771	165	165
6945	1771	166	166
6946	1772	167	167
6947	1772	168	168
6948	1772	169	169
6949	1772	170	170
6950	1773	171	171
6951	1773	172	172
6952	1773	173	173
6953	1773	174	174
6954	1774	175	175
6955	1774	176	176
6956	1774	177	177
6957	1774	178	178
6958	1775	179	179
6959	1775	180	180
6960	1775	181	181
6961	1775	182	182
6962	1776	183	183
6963	1776	184	184
6964	1776	185	185
6965	1776	186	186
6966	1777	187	187
6967	1777	188	188
6968	1777	189	189
6969	1777	190	190
6970	1778	191	191
6971	1778	192	192
6972	1778	193	193
6973	1778	194	194
6974	1779	195	195
6975	1779	196	196
6976	1779	197	197
6977	1779	198	198
6978	1780	199	199
6979	1780	200	200
6980	1780	201	201
6981	1780	202	202
6982	1781	203	203
6983	1781	204	204
6984	1781	205	205
6985	1781	206	206
6986	1782	207	207
6987	1782	208	208
6988	1782	209	209
6989	1782	210	210
6990	1783	211	211
6991	1783	212	212
6992	1783	213	213
6993	1783	214	214
6994	1784	215	215
6995	1784	216	216
6996	1784	217	217
6997	1784	218	218
6998	1785	219	219
6999	1785	220	220
7000	1785	221	221
7001	1785	222	222
7002	1786	223	223
7003	1786	224	224
7004	1786	225	225
7005	1786	226	226
7006	1787	227	227
7007	1787	228	228
7008	1787	229	229
7009	1787	230	230
7010	1788	231	231
7011	1788	232	232
7012	1788	233	233
7013	1788	234	234
7014	1789	235	235
7015	1789	236	236
7016	1789	237	237
7017	1789	238	238
7018	1790	239	239
7019	1790	240	240
7020	1790	241	241
7021	1790	242	242
7022	1791	243	243
7023	1791	244	244
7024	1791	245	245
7025	1791	246	246
7026	1792	247	247
7027	1792	248	248
7028	1792	249	249
7029	1792	250	250
7030	1794	252	252
7031	1794	253	253
7032	1794	254	254
7033	1794	255	255
7034	1796	256	256
7035	1796	257	257
7036	1796	258	258
7037	1796	259	259
7038	1797	260	260
7039	1797	261	261
7040	1797	262	262
7041	1797	263	263
7042	1795	264	264
7043	1795	265	265
7044	1795	266	266
7045	1795	267	267
7046	1798	268	268
7047	1798	269	269
7048	1798	270	270
7049	1798	271	271
7050	1799	272	272
7051	1799	273	273
7052	1799	274	274
7053	1799	275	275
7054	1800	276	276
7055	1800	277	277
7056	1800	278	278
7057	1800	279	279
7058	1801	280	280
7059	1801	281	281
7060	1801	282	282
7061	1801	283	283
7062	1802	284	284
7063	1802	285	285
7064	1802	286	286
7065	1802	287	287
7066	1803	288	288
7067	1803	289	289
7068	1803	290	290
7069	1803	291	291
7070	1863	292	292
7071	1863	293	293
7072	1863	294	294
7073	1804	295	295
7074	1804	296	296
7075	1804	297	297
7076	1805	298	298
7077	1805	299	299
7078	1805	300	300
7079	1805	301	301
7080	1806	302	302
7081	1806	303	303
7082	1806	304	304
7083	1806	305	305
7084	1808	306	306
7085	1808	307	307
7086	1808	308	308
7087	1808	309	309
7088	1809	310	310
7089	1809	311	311
7090	1809	312	312
7091	1809	313	313
7092	1810	314	314
7093	1810	315	315
7094	1810	316	316
7095	1810	317	317
7096	1865	318	318
7097	1865	319	319
7098	1865	320	320
7099	1812	321	321
7100	1812	322	322
7101	1812	323	323
7102	1812	324	324
7103	1813	325	325
7104	1813	326	326
7105	1813	327	327
7106	1813	328	328
7107	1814	329	329
7108	1814	330	330
7109	1814	331	331
7110	1814	332	332
7111	1815	333	333
7112	1815	334	334
7113	1815	335	335
7114	1815	336	336
7115	1816	337	337
7116	1816	338	338
7117	1816	339	339
7118	1816	340	340
7119	1817	341	341
7120	1817	342	342
7121	1817	343	343
7122	1817	344	344
7123	1818	345	345
7124	1818	346	346
7125	1818	347	347
7126	1818	348	348
7127	1819	349	349
7128	1819	350	350
7129	1819	351	351
7130	1819	352	352
7131	1820	353	353
7132	1820	354	354
7133	1820	355	355
7134	1820	356	356
7135	1821	357	357
7136	1821	358	358
7137	1821	359	359
7138	1821	360	360
7139	1822	361	361
7140	1822	362	362
7141	1822	363	363
7142	1822	364	364
7143	1823	365	365
7144	1823	366	366
7145	1823	367	367
7146	1823	368	368
7147	1824	369	369
7148	1824	370	370
7149	1824	371	371
7150	1824	372	372
7151	1826	373	373
7152	1826	374	374
7153	1826	375	375
7154	1804	376	376
7155	1865	377	377
7156	1811	378	378
7157	1811	379	379
7158	1811	380	380
7159	1811	381	381
7160	1826	382	382
7161	1834	383	383
7162	1828	384	384
7163	1828	385	385
7164	1828	386	386
7165	1828	387	387
7166	1829	388	388
7167	1829	389	389
7168	1829	390	390
7169	1829	391	391
7170	1830	392	392
7171	1830	393	393
7172	1830	394	394
7173	1830	395	395
7174	1831	396	396
7175	1831	397	397
7176	1831	398	398
7177	1831	399	399
7178	1832	400	400
7179	1832	401	401
7180	1832	402	402
7181	1832	403	403
7182	1833	404	404
7183	1833	405	405
7184	1833	406	406
7185	1833	407	407
7186	1834	408	408
7187	1835	409	409
7188	1835	410	410
7189	1835	411	411
7190	1835	412	412
7191	1827	413	413
7192	1827	414	414
7193	1827	415	415
7194	1838	416	416
7195	1838	417	417
7196	1838	418	418
7197	1838	419	419
7198	1839	420	420
7199	1839	421	421
7200	1839	422	422
7201	1839	423	423
7202	1840	424	424
7203	1840	425	425
7204	1840	426	426
7205	1840	427	427
7206	1841	428	428
7207	1841	429	429
7208	1841	430	430
7209	1841	431	431
7210	1842	432	432
7211	1842	433	433
7212	1842	434	434
7213	1842	435	435
7214	1843	436	436
7215	1843	437	437
7216	1843	438	438
7217	1843	439	439
7218	1844	440	440
7219	1844	441	441
7220	1844	442	442
7221	1844	443	443
7222	1845	444	444
7223	1845	445	445
7224	1845	446	446
7225	1845	447	447
7226	1846	448	448
7227	1846	449	449
7228	1846	450	450
7229	1846	451	451
7230	1847	452	452
7231	1847	453	453
7232	1847	454	454
7233	1847	455	455
7234	1848	456	456
7235	1848	457	457
7236	1848	458	458
7237	1848	459	459
7238	1849	460	460
7239	1849	461	461
7240	1849	462	462
7241	1849	463	463
7242	1850	464	464
7243	1850	465	465
7244	1850	466	466
7245	1834	467	467
7246	1834	468	468
7247	1827	469	469
7248	1850	470	470
7249	1851	471	471
7250	1851	472	472
7251	1851	473	473
7252	1851	474	474
7253	1837	475	475
7254	1837	476	476
7255	1837	477	477
7256	1837	478	478
7257	1852	479	479
7258	1852	480	480
7259	1852	481	481
7260	1852	482	482
7261	1853	483	483
7262	1853	484	484
7263	1853	485	485
7264	1853	486	486
7265	1854	487	487
7266	1854	488	488
7267	1854	489	489
7268	1854	490	490
7269	1836	491	491
7270	1836	492	492
7271	1855	493	493
7272	1855	494	494
7273	1855	495	495
7274	1855	496	496
7275	1856	497	497
7276	1856	498	498
7277	1856	499	499
7278	1856	500	500
7279	1857	501	501
7280	1857	502	502
7281	1857	503	503
7282	1857	504	504
7283	1858	505	505
7284	1858	506	506
7285	1858	507	507
7286	1858	508	508
7287	1859	509	509
7288	1859	510	510
7289	1859	511	511
7290	1859	512	512
7291	1860	513	513
7292	1860	514	514
7293	1860	515	515
7294	1860	516	516
7295	1861	517	517
7296	1861	518	518
7297	1861	519	519
7298	1861	520	520
7299	1807	521	521
7300	1807	522	522
7301	1807	523	523
7302	1807	524	524
7303	1862	525	525
7304	1862	526	526
7305	1862	527	527
7306	1862	528	528
7307	1863	529	529
7308	1864	530	530
7309	1864	531	531
7310	1864	532	532
7311	1864	533	533
7312	1866	534	534
7313	1866	535	535
7314	1866	536	536
7315	1866	537	537
7316	1867	538	538
7317	1867	539	539
7318	1867	540	540
7319	1867	541	541
7320	1868	542	542
7321	1868	543	543
7322	1868	544	544
7323	1868	545	545
7324	1869	546	546
7325	1869	547	547
7326	1869	548	548
7327	1869	549	549
7328	1825	550	550
7329	1825	551	551
7330	1825	552	552
7331	1825	553	553
7332	1870	554	554
7333	1870	555	555
7334	1870	556	556
7335	1870	557	557
7336	1871	558	558
7337	1871	559	559
7338	1871	560	560
7339	1871	561	561
7340	1872	562	562
7341	1872	563	563
7342	1872	564	564
7343	1872	565	565
7344	1873	566	566
7345	1873	567	567
7346	1873	568	568
7347	1873	569	569
7348	1874	570	570
7349	1874	571	571
7350	1874	572	572
7351	1874	573	573
7352	1875	574	574
7353	1875	575	575
7354	1875	576	576
7355	1875	577	577
7356	1876	578	578
7357	1876	579	579
7358	1876	580	580
7359	1876	581	581
7360	1877	582	582
7361	1877	583	583
7362	1877	584	584
7363	1877	585	585
7364	1878	586	586
7365	1878	587	587
7366	1878	588	588
7367	1878	589	589
7368	1879	590	590
7369	1879	591	591
7370	1879	592	592
7371	1879	593	593
7372	1836	594	594
7373	1836	595	595
7374	1884	87	87
7375	1884	88	88
7376	1884	89	89
7377	1884	90	90
7378	1881	91	91
7379	1881	92	92
7380	1881	93	93
7381	1881	94	94
7382	1880	95	95
7383	1880	96	96
7384	1880	97	97
7385	1880	98	98
7386	1882	99	99
7387	1882	100	100
7388	1882	101	101
7389	1882	102	102
7390	1883	103	103
7391	1883	104	104
7392	1883	105	105
7393	1883	106	106
7394	1885	636	636
7395	1885	637	637
7396	1885	638	638
7397	1885	639	639
7398	1886	640	640
7399	1886	641	641
7400	1886	642	642
7401	1886	643	643
7402	1887	644	644
7403	1887	645	645
7404	1887	646	646
7405	1887	647	647
7406	1888	648	648
7407	1888	649	649
7408	1888	650	650
7409	1888	651	651
7410	1889	652	652
7411	1889	653	653
7412	1889	654	654
7413	1889	655	655
7414	1890	656	656
7415	1890	657	657
7416	1890	658	658
7417	1890	660	660
7418	1891	661	661
7419	1891	662	662
7420	1891	663	663
7421	1891	664	664
7422	1892	665	665
7423	1892	666	666
7424	1892	667	667
7425	1892	668	668
7426	1895	669	669
7427	1895	670	670
7428	1895	671	671
7429	1895	672	672
7430	1896	673	673
7431	1896	674	674
7432	1896	675	675
7433	1896	676	676
7434	1897	677	677
7435	1897	678	678
7436	1897	679	679
7437	1897	680	680
7438	1898	681	681
7439	1898	682	682
7440	1898	683	683
7441	1898	684	684
7442	1899	685	685
7443	1899	686	686
7444	1899	687	687
7445	1899	688	688
7446	1900	689	689
7447	1900	690	690
7448	1900	691	691
7449	1900	692	692
7450	1901	693	693
7451	1901	694	694
7452	1901	695	695
7453	1901	696	696
7454	1902	697	697
7455	1902	698	698
7456	1902	699	699
7457	1902	700	700
7458	1903	701	701
7459	1903	702	702
7460	1903	703	703
7461	1903	704	704
7462	1904	705	705
7463	1904	706	706
7464	1904	707	707
7465	1904	708	708
7466	1905	709	709
7467	1905	710	710
7468	1905	711	711
7469	1905	712	712
7470	1906	713	713
7471	1906	714	714
7472	1906	715	715
7473	1906	716	716
7474	1907	717	717
7475	1907	718	718
7476	1907	719	719
7477	1908	720	720
7478	1908	721	721
7479	1908	722	722
7480	1908	723	723
7481	1909	724	724
7482	1909	725	725
7483	1909	726	726
7484	1909	727	727
7485	1893	728	728
7486	1893	729	729
7487	1893	730	730
7488	1893	731	731
7489	1919	732	732
7490	1919	733	733
7491	1919	734	734
7492	1919	735	735
7493	1920	736	736
7494	1920	737	737
7495	1920	738	738
7496	1920	739	739
7497	1921	740	740
7498	1921	741	741
7499	1921	742	742
7500	1921	743	743
7501	1922	744	744
7502	1922	745	745
7503	1922	746	746
7504	1922	747	747
7505	1923	748	748
7506	1923	749	749
7507	1923	750	750
7508	1923	751	751
7509	1924	752	752
7510	1924	753	753
7511	1924	754	754
7512	1924	755	755
7513	1894	756	756
7514	1894	757	757
7515	1894	758	758
7516	1894	759	759
7517	1907	760	760
7518	1917	761	761
7519	1917	762	762
7520	1917	763	763
7521	1917	764	764
7522	1918	765	765
7523	1918	766	766
7524	1918	767	767
7525	1918	768	768
7526	1910	769	769
7527	1910	770	770
7528	1910	771	771
7529	1910	772	772
7530	1911	773	773
7531	1911	774	774
7532	1911	775	775
7533	1911	776	776
7534	1912	777	777
7535	1912	778	778
7536	1912	779	779
7537	1912	780	780
7538	1913	781	781
7539	1913	782	782
7540	1913	783	783
7541	1913	784	784
7542	1914	785	785
7543	1914	786	786
7544	1914	787	787
7545	1914	788	788
7546	1915	789	789
7547	1915	790	790
7548	1915	791	791
7549	1915	792	792
7550	1916	793	793
7551	1916	794	794
7552	1916	795	795
7553	1916	796	796
7554	1926	852	852
7555	1926	853	853
7556	1926	1120	1120
7557	1925	1207	1207
7558	1925	1208	1208
7559	1925	1209	1209
7560	1925	1210	1210
7561	1926	1211	1211
7562	1931	1212	1212
7563	1931	1213	1213
7564	1931	1214	1214
7565	1931	1215	1215
7566	1932	1216	1216
7567	1932	1217	1217
7568	1932	1218	1218
7569	1932	1219	1219
7570	1933	1220	1220
7571	1933	1221	1221
7572	1933	1222	1222
7573	1933	1223	1223
7574	1934	1224	1224
7575	1934	1225	1225
7576	1934	1226	1226
7577	1934	1227	1227
7578	1935	1228	1228
7579	1935	1229	1229
7580	1935	1230	1230
7581	1936	1231	1231
7582	1936	1232	1232
7583	1936	1233	1233
7584	1936	1234	1234
7585	1937	1235	1235
7586	1937	1236	1236
7587	1937	1237	1237
7588	1937	1238	1238
7589	1938	1239	1239
7590	1938	1240	1240
7591	1938	1241	1241
7592	1938	1242	1242
7593	1929	1243	1243
7594	1929	1244	1244
7595	1929	1245	1245
7596	1929	1246	1246
7597	1930	1247	1247
7598	1930	1248	1248
7599	1930	1249	1249
7600	1930	1250	1250
7601	1935	1251	1251
7602	1927	1252	1252
7603	1927	1253	1253
7604	1927	1254	1254
7605	1927	1255	1255
7606	1928	1256	1256
7607	1928	1257	1257
7608	1928	1258	1258
7609	1928	1259	1259
7610	1959	1260	1260
7611	1959	1261	1261
7612	1959	1262	1262
7613	1959	1263	1263
7614	1960	1264	1264
7615	1960	1265	1265
7616	1960	1266	1266
7617	1960	1267	1267
7618	1961	1268	1268
7619	1961	1269	1269
7620	1961	1270	1270
7621	1961	1271	1271
7622	1962	1272	1272
7623	1962	1273	1273
7624	1962	1274	1274
7625	1962	1275	1275
7626	1939	1276	1276
7627	1939	1277	1277
7628	1939	1278	1278
7629	1939	1279	1279
7630	1952	1280	1280
7631	1952	1281	1281
7632	1952	1282	1282
7633	1952	1283	1283
7634	1953	1284	1284
7635	1953	1285	1285
7636	1953	1286	1286
7637	1953	1287	1287
7638	1954	1288	1288
7639	1954	1289	1289
7640	1954	1290	1290
7641	1954	1291	1291
7642	1955	1292	1292
7643	1955	1293	1293
7644	1955	1294	1294
7645	1955	1295	1295
7646	1956	1296	1296
7647	1956	1297	1297
7648	1956	1298	1298
7649	1956	1299	1299
7650	1957	1302	1302
7651	1957	1303	1303
7652	1957	1304	1304
7653	1957	1305	1305
7654	1958	1306	1306
7655	1958	1307	1307
7656	1958	1308	1308
7657	1958	1309	1309
7658	1948	1310	1310
7659	1948	1311	1311
7660	1948	1312	1312
7661	1948	1313	1313
7662	1949	1314	1314
7663	1949	1315	1315
7664	1949	1316	1316
7665	1949	1317	1317
7666	1946	1318	1318
7667	1946	1319	1319
7668	1946	1320	1320
7669	1946	1321	1321
7670	1947	1322	1322
7671	1947	1323	1323
7672	1947	1324	1324
7673	1947	1325	1325
7674	1950	1326	1326
7675	1950	1327	1327
7676	1950	1328	1328
7677	1950	1329	1329
7678	1963	1330	1330
7679	1963	1331	1331
7680	1963	1332	1332
7681	1963	1333	1333
7682	1965	1334	1334
7683	1965	1335	1335
7684	1965	1336	1336
7685	1965	1337	1337
7686	1940	1338	1338
7687	1940	1339	1339
7688	1940	1340	1340
7689	1940	1341	1341
7690	1941	1342	1342
7691	1941	1343	1343
7692	1941	1344	1344
7693	1941	1345	1345
7694	1943	1346	1346
7695	1943	1347	1347
7696	1943	1348	1348
7697	1943	1349	1349
7698	1945	1350	1350
7699	1945	1351	1351
7700	1945	1352	1352
7701	1945	1353	1353
7702	1942	1354	1354
7703	1942	1355	1355
7704	1942	1356	1356
7705	1942	1357	1357
7706	1964	1358	1358
7707	1964	1359	1359
7708	1964	1360	1360
7709	1964	1361	1361
7710	1944	1362	1362
7711	1944	1363	1363
7712	1944	1364	1364
7713	1944	1365	1365
7714	1951	1366	1366
7715	1951	1367	1367
7716	1951	1368	1368
7717	1951	1369	1369
7718	1966	2072	2072
7719	1966	2073	2073
7720	1966	2074	2074
7721	1966	2075	2075
7722	1967	2076	2076
7723	1967	2077	2077
7724	1967	2078	2078
7725	1967	2079	2079
7726	1968	2080	2080
7727	1968	2081	2081
7728	1968	2082	2082
7729	1968	2083	2083
7730	1969	2084	2084
7731	1969	2085	2085
7732	1969	2086	2086
7733	1969	2087	2087
7734	1970	2088	2088
7735	1970	2089	2089
7736	1970	2090	2090
7737	1970	2091	2091
7738	1972	71	71
7739	1972	72	72
7740	1972	73	73
7741	1972	74	74
7742	1971	75	75
7743	1971	76	76
7744	1971	77	77
7745	1971	78	78
7746	1974	79	79
7747	1974	80	80
7748	1974	81	81
7749	1974	82	82
7750	1975	83	83
7751	1975	84	84
7752	1975	85	85
7753	1975	86	86
7754	1977	111	111
7755	1977	112	112
7756	1977	113	113
7757	1977	114	114
7758	1976	115	115
7759	1976	116	116
7760	1976	117	117
7761	1976	118	118
7762	1978	119	119
7763	1978	120	120
7764	1978	121	121
7765	1978	122	122
7766	1979	123	123
7767	1979	124	124
7768	1979	125	125
7769	1979	126	126
7770	1980	127	127
7771	1980	128	128
7772	1980	129	129
7773	1980	130	130
7774	1981	131	131
7775	1981	132	132
7776	1981	133	133
7777	1981	134	134
7778	1982	163	163
7779	1982	164	164
7780	1982	165	165
7781	1982	166	166
7782	1983	167	167
7783	1983	168	168
7784	1983	169	169
7785	1983	170	170
7786	1984	171	171
7787	1984	172	172
7788	1984	173	173
7789	1984	174	174
7790	1985	175	175
7791	1985	176	176
7792	1985	177	177
7793	1985	178	178
7794	1986	179	179
7795	1986	180	180
7796	1986	181	181
7797	1986	182	182
7798	1987	183	183
7799	1987	184	184
7800	1987	185	185
7801	1987	186	186
7802	1988	187	187
7803	1988	188	188
7804	1988	189	189
7805	1988	190	190
7806	1989	191	191
7807	1989	192	192
7808	1989	193	193
7809	1989	194	194
7810	1990	195	195
7811	1990	196	196
7812	1990	197	197
7813	1990	198	198
7814	1991	199	199
7815	1991	200	200
7816	1991	201	201
7817	1991	202	202
7818	1992	203	203
7819	1992	204	204
7820	1992	205	205
7821	1992	206	206
7822	1993	207	207
7823	1993	208	208
7824	1993	209	209
7825	1993	210	210
7826	1994	211	211
7827	1994	212	212
7828	1994	213	213
7829	1994	214	214
7830	1995	215	215
7831	1995	216	216
7832	1995	217	217
7833	1995	218	218
7834	1996	219	219
7835	1996	220	220
7836	1996	221	221
7837	1996	222	222
7838	1997	223	223
7839	1997	224	224
7840	1997	225	225
7841	1997	226	226
7842	1998	227	227
7843	1998	228	228
7844	1998	229	229
7845	1998	230	230
7846	1999	231	231
7847	1999	232	232
7848	1999	233	233
7849	1999	234	234
7850	2000	235	235
7851	2000	236	236
7852	2000	237	237
7853	2000	238	238
7854	2001	239	239
7855	2001	240	240
7856	2001	241	241
7857	2001	242	242
7858	2002	243	243
7859	2002	244	244
7860	2002	245	245
7861	2002	246	246
7862	2003	247	247
7863	2003	248	248
7864	2003	249	249
7865	2003	250	250
7866	2005	252	252
7867	2005	253	253
7868	2005	254	254
7869	2005	255	255
7870	2007	256	256
7871	2007	257	257
7872	2007	258	258
7873	2007	259	259
7874	2008	260	260
7875	2008	261	261
7876	2008	262	262
7877	2008	263	263
7878	2006	264	264
7879	2006	265	265
7880	2006	266	266
7881	2006	267	267
7882	2009	268	268
7883	2009	269	269
7884	2009	270	270
7885	2009	271	271
7886	2010	272	272
7887	2010	273	273
7888	2010	274	274
7889	2010	275	275
7890	2011	276	276
7891	2011	277	277
7892	2011	278	278
7893	2011	279	279
7894	2012	280	280
7895	2012	281	281
7896	2012	282	282
7897	2012	283	283
7898	2013	284	284
7899	2013	285	285
7900	2013	286	286
7901	2013	287	287
7902	2014	288	288
7903	2014	289	289
7904	2014	290	290
7905	2014	291	291
7906	2074	292	292
7907	2074	293	293
7908	2074	294	294
7909	2015	295	295
7910	2015	296	296
7911	2015	297	297
7912	2016	298	298
7913	2016	299	299
7914	2016	300	300
7915	2016	301	301
7916	2017	302	302
7917	2017	303	303
7918	2017	304	304
7919	2017	305	305
7920	2019	306	306
7921	2019	307	307
7922	2019	308	308
7923	2019	309	309
7924	2020	310	310
7925	2020	311	311
7926	2020	312	312
7927	2020	313	313
7928	2021	314	314
7929	2021	315	315
7930	2021	316	316
7931	2021	317	317
7932	2076	318	318
7933	2076	319	319
7934	2076	320	320
7935	2023	321	321
7936	2023	322	322
7937	2023	323	323
7938	2023	324	324
7939	2024	325	325
7940	2024	326	326
7941	2024	327	327
7942	2024	328	328
7943	2025	329	329
7944	2025	330	330
7945	2025	331	331
7946	2025	332	332
7947	2026	333	333
7948	2026	334	334
7949	2026	335	335
7950	2026	336	336
7951	2027	337	337
7952	2027	338	338
7953	2027	339	339
7954	2027	340	340
7955	2028	341	341
7956	2028	342	342
7957	2028	343	343
7958	2028	344	344
7959	2029	345	345
7960	2029	346	346
7961	2029	347	347
7962	2029	348	348
7963	2030	349	349
7964	2030	350	350
7965	2030	351	351
7966	2030	352	352
7967	2031	353	353
7968	2031	354	354
7969	2031	355	355
7970	2031	356	356
7971	2032	357	357
7972	2032	358	358
7973	2032	359	359
7974	2032	360	360
7975	2033	361	361
7976	2033	362	362
7977	2033	363	363
7978	2033	364	364
7979	2034	365	365
7980	2034	366	366
7981	2034	367	367
7982	2034	368	368
7983	2035	369	369
7984	2035	370	370
7985	2035	371	371
7986	2035	372	372
7987	2037	373	373
7988	2037	374	374
7989	2037	375	375
7990	2015	376	376
7991	2076	377	377
7992	2022	378	378
7993	2022	379	379
7994	2022	380	380
7995	2022	381	381
7996	2037	382	382
7997	2045	383	383
7998	2039	384	384
7999	2039	385	385
8000	2039	386	386
8001	2039	387	387
8002	2040	388	388
8003	2040	389	389
8004	2040	390	390
8005	2040	391	391
8006	2041	392	392
8007	2041	393	393
8008	2041	394	394
8009	2041	395	395
8010	2042	396	396
8011	2042	397	397
8012	2042	398	398
8013	2042	399	399
8014	2043	400	400
8015	2043	401	401
8016	2043	402	402
8017	2043	403	403
8018	2044	404	404
8019	2044	405	405
8020	2044	406	406
8021	2044	407	407
8022	2045	408	408
8023	2046	409	409
8024	2046	410	410
8025	2046	411	411
8026	2046	412	412
8027	2038	413	413
8028	2038	414	414
8029	2038	415	415
8030	2049	416	416
8031	2049	417	417
8032	2049	418	418
8033	2049	419	419
8034	2050	420	420
8035	2050	421	421
8036	2050	422	422
8037	2050	423	423
8038	2051	424	424
8039	2051	425	425
8040	2051	426	426
8041	2051	427	427
8042	2052	428	428
8043	2052	429	429
8044	2052	430	430
8045	2052	431	431
8046	2053	432	432
8047	2053	433	433
8048	2053	434	434
8049	2053	435	435
8050	2054	436	436
8051	2054	437	437
8052	2054	438	438
8053	2054	439	439
8054	2055	440	440
8055	2055	441	441
8056	2055	442	442
8057	2055	443	443
8058	2056	444	444
8059	2056	445	445
8060	2056	446	446
8061	2056	447	447
8062	2057	448	448
8063	2057	449	449
8064	2057	450	450
8065	2057	451	451
8066	2058	452	452
8067	2058	453	453
8068	2058	454	454
8069	2058	455	455
8070	2059	456	456
8071	2059	457	457
8072	2059	458	458
8073	2059	459	459
8074	2060	460	460
8075	2060	461	461
8076	2060	462	462
8077	2060	463	463
8078	2061	464	464
8079	2061	465	465
8080	2061	466	466
8081	2045	467	467
8082	2045	468	468
8083	2038	469	469
8084	2061	470	470
8085	2062	471	471
8086	2062	472	472
8087	2062	473	473
8088	2062	474	474
8089	2048	475	475
8090	2048	476	476
8091	2048	477	477
8092	2048	478	478
8093	2063	479	479
8094	2063	480	480
8095	2063	481	481
8096	2063	482	482
8097	2064	483	483
8098	2064	484	484
8099	2064	485	485
8100	2064	486	486
8101	2065	487	487
8102	2065	488	488
8103	2065	489	489
8104	2065	490	490
8105	2047	491	491
8106	2047	492	492
8107	2066	493	493
8108	2066	494	494
8109	2066	495	495
8110	2066	496	496
8111	2067	497	497
8112	2067	498	498
8113	2067	499	499
8114	2067	500	500
8115	2068	501	501
8116	2068	502	502
8117	2068	503	503
8118	2068	504	504
8119	2069	505	505
8120	2069	506	506
8121	2069	507	507
8122	2069	508	508
8123	2070	509	509
8124	2070	510	510
8125	2070	511	511
8126	2070	512	512
8127	2071	513	513
8128	2071	514	514
8129	2071	515	515
8130	2071	516	516
8131	2072	517	517
8132	2072	518	518
8133	2072	519	519
8134	2072	520	520
8135	2018	521	521
8136	2018	522	522
8137	2018	523	523
8138	2018	524	524
8139	2073	525	525
8140	2073	526	526
8141	2073	527	527
8142	2073	528	528
8143	2074	529	529
8144	2075	530	530
8145	2075	531	531
8146	2075	532	532
8147	2075	533	533
8148	2077	534	534
8149	2077	535	535
8150	2077	536	536
8151	2077	537	537
8152	2078	538	538
8153	2078	539	539
8154	2078	540	540
8155	2078	541	541
8156	2079	542	542
8157	2079	543	543
8158	2079	544	544
8159	2079	545	545
8160	2080	546	546
8161	2080	547	547
8162	2080	548	548
8163	2080	549	549
8164	2036	550	550
8165	2036	551	551
8166	2036	552	552
8167	2036	553	553
8168	2081	554	554
8169	2081	555	555
8170	2081	556	556
8171	2081	557	557
8172	2082	558	558
8173	2082	559	559
8174	2082	560	560
8175	2082	561	561
8176	2083	562	562
8177	2083	563	563
8178	2083	564	564
8179	2083	565	565
8180	2084	566	566
8181	2084	567	567
8182	2084	568	568
8183	2084	569	569
8184	2085	570	570
8185	2085	571	571
8186	2085	572	572
8187	2085	573	573
8188	2086	574	574
8189	2086	575	575
8190	2086	576	576
8191	2086	577	577
8192	2087	578	578
8193	2087	579	579
8194	2087	580	580
8195	2087	581	581
8196	2088	582	582
8197	2088	583	583
8198	2088	584	584
8199	2088	585	585
8200	2089	586	586
8201	2089	587	587
8202	2089	588	588
8203	2089	589	589
8204	2090	590	590
8205	2090	591	591
8206	2090	592	592
8207	2090	593	593
8208	2047	594	594
8209	2047	595	595
8210	2095	87	87
8211	2095	88	88
8212	2095	89	89
8213	2095	90	90
8214	2092	91	91
8215	2092	92	92
8216	2092	93	93
8217	2092	94	94
8218	2091	95	95
8219	2091	96	96
8220	2091	97	97
8221	2091	98	98
8222	2093	99	99
8223	2093	100	100
8224	2093	101	101
8225	2093	102	102
8226	2094	103	103
8227	2094	104	104
8228	2094	105	105
8229	2094	106	106
8230	2096	636	636
8231	2096	637	637
8232	2096	638	638
8233	2096	639	639
8234	2097	640	640
8235	2097	641	641
8236	2097	642	642
8237	2097	643	643
8238	2098	644	644
8239	2098	645	645
8240	2098	646	646
8241	2098	647	647
8242	2099	648	648
8243	2099	649	649
8244	2099	650	650
8245	2099	651	651
8246	2100	652	652
8247	2100	653	653
8248	2100	654	654
8249	2100	655	655
8250	2101	656	656
8251	2101	657	657
8252	2101	658	658
8253	2101	660	660
8254	2102	661	661
8255	2102	662	662
8256	2102	663	663
8257	2102	664	664
8258	2103	665	665
8259	2103	666	666
8260	2103	667	667
8261	2103	668	668
8262	2106	669	669
8263	2106	670	670
8264	2106	671	671
8265	2106	672	672
8266	2107	673	673
8267	2107	674	674
8268	2107	675	675
8269	2107	676	676
8270	2108	677	677
8271	2108	678	678
8272	2108	679	679
8273	2108	680	680
8274	2109	681	681
8275	2109	682	682
8276	2109	683	683
8277	2109	684	684
8278	2110	685	685
8279	2110	686	686
8280	2110	687	687
8281	2110	688	688
8282	2111	689	689
8283	2111	690	690
8284	2111	691	691
8285	2111	692	692
8286	2112	693	693
8287	2112	694	694
8288	2112	695	695
8289	2112	696	696
8290	2113	697	697
8291	2113	698	698
8292	2113	699	699
8293	2113	700	700
8294	2114	701	701
8295	2114	702	702
8296	2114	703	703
8297	2114	704	704
8298	2115	705	705
8299	2115	706	706
8300	2115	707	707
8301	2115	708	708
8302	2116	709	709
8303	2116	710	710
8304	2116	711	711
8305	2116	712	712
8306	2117	713	713
8307	2117	714	714
8308	2117	715	715
8309	2117	716	716
8310	2118	717	717
8311	2118	718	718
8312	2118	719	719
8313	2119	720	720
8314	2119	721	721
8315	2119	722	722
8316	2119	723	723
8317	2120	724	724
8318	2120	725	725
8319	2120	726	726
8320	2120	727	727
8321	2104	728	728
8322	2104	729	729
8323	2104	730	730
8324	2104	731	731
8325	2130	732	732
8326	2130	733	733
8327	2130	734	734
8328	2130	735	735
8329	2131	736	736
8330	2131	737	737
8331	2131	738	738
8332	2131	739	739
8333	2132	740	740
8334	2132	741	741
8335	2132	742	742
8336	2132	743	743
8337	2133	744	744
8338	2133	745	745
8339	2133	746	746
8340	2133	747	747
8341	2134	748	748
8342	2134	749	749
8343	2134	750	750
8344	2134	751	751
8345	2135	752	752
8346	2135	753	753
8347	2135	754	754
8348	2135	755	755
8349	2105	756	756
8350	2105	757	757
8351	2105	758	758
8352	2105	759	759
8353	2118	760	760
8354	2128	761	761
8355	2128	762	762
8356	2128	763	763
8357	2128	764	764
8358	2129	765	765
8359	2129	766	766
8360	2129	767	767
8361	2129	768	768
8362	2121	769	769
8363	2121	770	770
8364	2121	771	771
8365	2121	772	772
8366	2122	773	773
8367	2122	774	774
8368	2122	775	775
8369	2122	776	776
8370	2123	777	777
8371	2123	778	778
8372	2123	779	779
8373	2123	780	780
8374	2124	781	781
8375	2124	782	782
8376	2124	783	783
8377	2124	784	784
8378	2125	785	785
8379	2125	786	786
8380	2125	787	787
8381	2125	788	788
8382	2126	789	789
8383	2126	790	790
8384	2126	791	791
8385	2126	792	792
8386	2127	793	793
8387	2127	794	794
8388	2127	795	795
8389	2127	796	796
8390	2137	852	852
8391	2137	853	853
8392	2137	1120	1120
8393	2136	1207	1207
8394	2136	1208	1208
8395	2136	1209	1209
8396	2136	1210	1210
8397	2137	1211	1211
8398	2142	1212	1212
8399	2142	1213	1213
8400	2142	1214	1214
8401	2142	1215	1215
8402	2143	1216	1216
8403	2143	1217	1217
8404	2143	1218	1218
8405	2143	1219	1219
8406	2144	1220	1220
8407	2144	1221	1221
8408	2144	1222	1222
8409	2144	1223	1223
8410	2145	1224	1224
8411	2145	1225	1225
8412	2145	1226	1226
8413	2145	1227	1227
8414	2146	1228	1228
8415	2146	1229	1229
8416	2146	1230	1230
8417	2147	1231	1231
8418	2147	1232	1232
8419	2147	1233	1233
8420	2147	1234	1234
8421	2148	1235	1235
8422	2148	1236	1236
8423	2148	1237	1237
8424	2148	1238	1238
8425	2149	1239	1239
8426	2149	1240	1240
8427	2149	1241	1241
8428	2149	1242	1242
8429	2140	1243	1243
8430	2140	1244	1244
8431	2140	1245	1245
8432	2140	1246	1246
8433	2141	1247	1247
8434	2141	1248	1248
8435	2141	1249	1249
8436	2141	1250	1250
8437	2146	1251	1251
8438	2138	1252	1252
8439	2138	1253	1253
8440	2138	1254	1254
8441	2138	1255	1255
8442	2139	1256	1256
8443	2139	1257	1257
8444	2139	1258	1258
8445	2139	1259	1259
8446	2170	1260	1260
8447	2170	1261	1261
8448	2170	1262	1262
8449	2170	1263	1263
8450	2171	1264	1264
8451	2171	1265	1265
8452	2171	1266	1266
8453	2171	1267	1267
8454	2172	1268	1268
8455	2172	1269	1269
8456	2172	1270	1270
8457	2172	1271	1271
8458	2173	1272	1272
8459	2173	1273	1273
8460	2173	1274	1274
8461	2173	1275	1275
8462	2150	1276	1276
8463	2150	1277	1277
8464	2150	1278	1278
8465	2150	1279	1279
8466	2163	1280	1280
8467	2163	1281	1281
8468	2163	1282	1282
8469	2163	1283	1283
8470	2164	1284	1284
8471	2164	1285	1285
8472	2164	1286	1286
8473	2164	1287	1287
8474	2165	1288	1288
8475	2165	1289	1289
8476	2165	1290	1290
8477	2165	1291	1291
8478	2166	1292	1292
8479	2166	1293	1293
8480	2166	1294	1294
8481	2166	1295	1295
8482	2167	1296	1296
8483	2167	1297	1297
8484	2167	1298	1298
8485	2167	1299	1299
8486	2168	1302	1302
8487	2168	1303	1303
8488	2168	1304	1304
8489	2168	1305	1305
8490	2169	1306	1306
8491	2169	1307	1307
8492	2169	1308	1308
8493	2169	1309	1309
8494	2159	1310	1310
8495	2159	1311	1311
8496	2159	1312	1312
8497	2159	1313	1313
8498	2160	1314	1314
8499	2160	1315	1315
8500	2160	1316	1316
8501	2160	1317	1317
8502	2157	1318	1318
8503	2157	1319	1319
8504	2157	1320	1320
8505	2157	1321	1321
8506	2158	1322	1322
8507	2158	1323	1323
8508	2158	1324	1324
8509	2158	1325	1325
8510	2161	1326	1326
8511	2161	1327	1327
8512	2161	1328	1328
8513	2161	1329	1329
8514	2174	1330	1330
8515	2174	1331	1331
8516	2174	1332	1332
8517	2174	1333	1333
8518	2176	1334	1334
8519	2176	1335	1335
8520	2176	1336	1336
8521	2176	1337	1337
8522	2151	1338	1338
8523	2151	1339	1339
8524	2151	1340	1340
8525	2151	1341	1341
8526	2152	1342	1342
8527	2152	1343	1343
8528	2152	1344	1344
8529	2152	1345	1345
8530	2154	1346	1346
8531	2154	1347	1347
8532	2154	1348	1348
8533	2154	1349	1349
8534	2156	1350	1350
8535	2156	1351	1351
8536	2156	1352	1352
8537	2156	1353	1353
8538	2153	1354	1354
8539	2153	1355	1355
8540	2153	1356	1356
8541	2153	1357	1357
8542	2175	1358	1358
8543	2175	1359	1359
8544	2175	1360	1360
8545	2175	1361	1361
8546	2155	1362	1362
8547	2155	1363	1363
8548	2155	1364	1364
8549	2155	1365	1365
8550	2162	1366	1366
8551	2162	1367	1367
8552	2162	1368	1368
8553	2162	1369	1369
8554	2177	2072	2072
8555	2177	2073	2073
8556	2177	2074	2074
8557	2177	2075	2075
8558	2178	2076	2076
8559	2178	2077	2077
8560	2178	2078	2078
8561	2178	2079	2079
8562	2179	2080	2080
8563	2179	2081	2081
8564	2179	2082	2082
8565	2179	2083	2083
8566	2180	2084	2084
8567	2180	2085	2085
8568	2180	2086	2086
8569	2180	2087	2087
8570	2181	2088	2088
8571	2181	2089	2089
8572	2181	2090	2090
8573	2181	2091	2091
8574	2183	71	71
8575	2183	72	72
8576	2183	73	73
8577	2183	74	74
8578	2182	75	75
8579	2182	76	76
8580	2182	77	77
8581	2182	78	78
8582	2185	79	79
8583	2185	80	80
8584	2185	81	81
8585	2185	82	82
8586	2186	83	83
8587	2186	84	84
8588	2186	85	85
8589	2186	86	86
8590	2188	111	111
8591	2188	112	112
8592	2188	113	113
8593	2188	114	114
8594	2187	115	115
8595	2187	116	116
8596	2187	117	117
8597	2187	118	118
8598	2189	119	119
8599	2189	120	120
8600	2189	121	121
8601	2189	122	122
8602	2190	123	123
8603	2190	124	124
8604	2190	125	125
8605	2190	126	126
8606	2191	127	127
8607	2191	128	128
8608	2191	129	129
8609	2191	130	130
8610	2192	131	131
8611	2192	132	132
8612	2192	133	133
8613	2192	134	134
8614	2193	163	163
8615	2193	164	164
8616	2193	165	165
8617	2193	166	166
8618	2194	167	167
8619	2194	168	168
8620	2194	169	169
8621	2194	170	170
8622	2195	171	171
8623	2195	172	172
8624	2195	173	173
8625	2195	174	174
8626	2196	175	175
8627	2196	176	176
8628	2196	177	177
8629	2196	178	178
8630	2197	179	179
8631	2197	180	180
8632	2197	181	181
8633	2197	182	182
8634	2198	183	183
8635	2198	184	184
8636	2198	185	185
8637	2198	186	186
8638	2199	187	187
8639	2199	188	188
8640	2199	189	189
8641	2199	190	190
8642	2200	191	191
8643	2200	192	192
8644	2200	193	193
8645	2200	194	194
8646	2201	195	195
8647	2201	196	196
8648	2201	197	197
8649	2201	198	198
8650	2202	199	199
8651	2202	200	200
8652	2202	201	201
8653	2202	202	202
8654	2203	203	203
8655	2203	204	204
8656	2203	205	205
8657	2203	206	206
8658	2204	207	207
8659	2204	208	208
8660	2204	209	209
8661	2204	210	210
8662	2205	211	211
8663	2205	212	212
8664	2205	213	213
8665	2205	214	214
8666	2206	215	215
8667	2206	216	216
8668	2206	217	217
8669	2206	218	218
8670	2207	219	219
8671	2207	220	220
8672	2207	221	221
8673	2207	222	222
8674	2208	223	223
8675	2208	224	224
8676	2208	225	225
8677	2208	226	226
8678	2209	227	227
8679	2209	228	228
8680	2209	229	229
8681	2209	230	230
8682	2210	231	231
8683	2210	232	232
8684	2210	233	233
8685	2210	234	234
8686	2211	235	235
8687	2211	236	236
8688	2211	237	237
8689	2211	238	238
8690	2212	239	239
8691	2212	240	240
8692	2212	241	241
8693	2212	242	242
8694	2213	243	243
8695	2213	244	244
8696	2213	245	245
8697	2213	246	246
8698	2214	247	247
8699	2214	248	248
8700	2214	249	249
8701	2214	250	250
8702	2216	252	252
8703	2216	253	253
8704	2216	254	254
8705	2216	255	255
8706	2218	256	256
8707	2218	257	257
8708	2218	258	258
8709	2218	259	259
8710	2219	260	260
8711	2219	261	261
8712	2219	262	262
8713	2219	263	263
8714	2217	264	264
8715	2217	265	265
8716	2217	266	266
8717	2217	267	267
8718	2220	268	268
8719	2220	269	269
8720	2220	270	270
8721	2220	271	271
8722	2221	272	272
8723	2221	273	273
8724	2221	274	274
8725	2221	275	275
8726	2222	276	276
8727	2222	277	277
8728	2222	278	278
8729	2222	279	279
8730	2223	280	280
8731	2223	281	281
8732	2223	282	282
8733	2223	283	283
8734	2224	284	284
8735	2224	285	285
8736	2224	286	286
8737	2224	287	287
8738	2225	288	288
8739	2225	289	289
8740	2225	290	290
8741	2225	291	291
8742	2285	292	292
8743	2285	293	293
8744	2285	294	294
8745	2226	295	295
8746	2226	296	296
8747	2226	297	297
8748	2227	298	298
8749	2227	299	299
8750	2227	300	300
8751	2227	301	301
8752	2228	302	302
8753	2228	303	303
8754	2228	304	304
8755	2228	305	305
8756	2230	306	306
8757	2230	307	307
8758	2230	308	308
8759	2230	309	309
8760	2231	310	310
8761	2231	311	311
8762	2231	312	312
8763	2231	313	313
8764	2232	314	314
8765	2232	315	315
8766	2232	316	316
8767	2232	317	317
8768	2287	318	318
8769	2287	319	319
8770	2287	320	320
8771	2234	321	321
8772	2234	322	322
8773	2234	323	323
8774	2234	324	324
8775	2235	325	325
8776	2235	326	326
8777	2235	327	327
8778	2235	328	328
8779	2236	329	329
8780	2236	330	330
8781	2236	331	331
8782	2236	332	332
8783	2237	333	333
8784	2237	334	334
8785	2237	335	335
8786	2237	336	336
8787	2238	337	337
8788	2238	338	338
8789	2238	339	339
8790	2238	340	340
8791	2239	341	341
8792	2239	342	342
8793	2239	343	343
8794	2239	344	344
8795	2240	345	345
8796	2240	346	346
8797	2240	347	347
8798	2240	348	348
8799	2241	349	349
8800	2241	350	350
8801	2241	351	351
8802	2241	352	352
8803	2242	353	353
8804	2242	354	354
8805	2242	355	355
8806	2242	356	356
8807	2243	357	357
8808	2243	358	358
8809	2243	359	359
8810	2243	360	360
8811	2244	361	361
8812	2244	362	362
8813	2244	363	363
8814	2244	364	364
8815	2245	365	365
8816	2245	366	366
8817	2245	367	367
8818	2245	368	368
8819	2246	369	369
8820	2246	370	370
8821	2246	371	371
8822	2246	372	372
8823	2248	373	373
8824	2248	374	374
8825	2248	375	375
8826	2226	376	376
8827	2287	377	377
8828	2233	378	378
8829	2233	379	379
8830	2233	380	380
8831	2233	381	381
8832	2248	382	382
8833	2256	383	383
8834	2250	384	384
8835	2250	385	385
8836	2250	386	386
8837	2250	387	387
8838	2251	388	388
8839	2251	389	389
8840	2251	390	390
8841	2251	391	391
8842	2252	392	392
8843	2252	393	393
8844	2252	394	394
8845	2252	395	395
8846	2253	396	396
8847	2253	397	397
8848	2253	398	398
8849	2253	399	399
8850	2254	400	400
8851	2254	401	401
8852	2254	402	402
8853	2254	403	403
8854	2255	404	404
8855	2255	405	405
8856	2255	406	406
8857	2255	407	407
8858	2256	408	408
8859	2257	409	409
8860	2257	410	410
8861	2257	411	411
8862	2257	412	412
8863	2249	413	413
8864	2249	414	414
8865	2249	415	415
8866	2260	416	416
8867	2260	417	417
8868	2260	418	418
8869	2260	419	419
8870	2261	420	420
8871	2261	421	421
8872	2261	422	422
8873	2261	423	423
8874	2262	424	424
8875	2262	425	425
8876	2262	426	426
8877	2262	427	427
8878	2263	428	428
8879	2263	429	429
8880	2263	430	430
8881	2263	431	431
8882	2264	432	432
8883	2264	433	433
8884	2264	434	434
8885	2264	435	435
8886	2265	436	436
8887	2265	437	437
8888	2265	438	438
8889	2265	439	439
8890	2266	440	440
8891	2266	441	441
8892	2266	442	442
8893	2266	443	443
8894	2267	444	444
8895	2267	445	445
8896	2267	446	446
8897	2267	447	447
8898	2268	448	448
8899	2268	449	449
8900	2268	450	450
8901	2268	451	451
8902	2269	452	452
8903	2269	453	453
8904	2269	454	454
8905	2269	455	455
8906	2270	456	456
8907	2270	457	457
8908	2270	458	458
8909	2270	459	459
8910	2271	460	460
8911	2271	461	461
8912	2271	462	462
8913	2271	463	463
8914	2272	464	464
8915	2272	465	465
8916	2272	466	466
8917	2256	467	467
8918	2256	468	468
8919	2249	469	469
8920	2272	470	470
8921	2273	471	471
8922	2273	472	472
8923	2273	473	473
8924	2273	474	474
8925	2259	475	475
8926	2259	476	476
8927	2259	477	477
8928	2259	478	478
8929	2274	479	479
8930	2274	480	480
8931	2274	481	481
8932	2274	482	482
8933	2275	483	483
8934	2275	484	484
8935	2275	485	485
8936	2275	486	486
8937	2276	487	487
8938	2276	488	488
8939	2276	489	489
8940	2276	490	490
8941	2258	491	491
8942	2258	492	492
8943	2277	493	493
8944	2277	494	494
8945	2277	495	495
8946	2277	496	496
8947	2278	497	497
8948	2278	498	498
8949	2278	499	499
8950	2278	500	500
8951	2279	501	501
8952	2279	502	502
8953	2279	503	503
8954	2279	504	504
8955	2280	505	505
8956	2280	506	506
8957	2280	507	507
8958	2280	508	508
8959	2281	509	509
8960	2281	510	510
8961	2281	511	511
8962	2281	512	512
8963	2282	513	513
8964	2282	514	514
8965	2282	515	515
8966	2282	516	516
8967	2283	517	517
8968	2283	518	518
8969	2283	519	519
8970	2283	520	520
8971	2229	521	521
8972	2229	522	522
8973	2229	523	523
8974	2229	524	524
8975	2284	525	525
8976	2284	526	526
8977	2284	527	527
8978	2284	528	528
8979	2285	529	529
8980	2286	530	530
8981	2286	531	531
8982	2286	532	532
8983	2286	533	533
8984	2288	534	534
8985	2288	535	535
8986	2288	536	536
8987	2288	537	537
8988	2289	538	538
8989	2289	539	539
8990	2289	540	540
8991	2289	541	541
8992	2290	542	542
8993	2290	543	543
8994	2290	544	544
8995	2290	545	545
8996	2291	546	546
8997	2291	547	547
8998	2291	548	548
8999	2291	549	549
9000	2247	550	550
9001	2247	551	551
9002	2247	552	552
9003	2247	553	553
9004	2292	554	554
9005	2292	555	555
9006	2292	556	556
9007	2292	557	557
9008	2293	558	558
9009	2293	559	559
9010	2293	560	560
9011	2293	561	561
9012	2294	562	562
9013	2294	563	563
9014	2294	564	564
9015	2294	565	565
9016	2295	566	566
9017	2295	567	567
9018	2295	568	568
9019	2295	569	569
9020	2296	570	570
9021	2296	571	571
9022	2296	572	572
9023	2296	573	573
9024	2297	574	574
9025	2297	575	575
9026	2297	576	576
9027	2297	577	577
9028	2298	578	578
9029	2298	579	579
9030	2298	580	580
9031	2298	581	581
9032	2299	582	582
9033	2299	583	583
9034	2299	584	584
9035	2299	585	585
9036	2300	586	586
9037	2300	587	587
9038	2300	588	588
9039	2300	589	589
9040	2301	590	590
9041	2301	591	591
9042	2301	592	592
9043	2301	593	593
9044	2258	594	594
9045	2258	595	595
9046	2306	87	87
9047	2306	88	88
9048	2306	89	89
9049	2306	90	90
9050	2303	91	91
9051	2303	92	92
9052	2303	93	93
9053	2303	94	94
9054	2302	95	95
9055	2302	96	96
9056	2302	97	97
9057	2302	98	98
9058	2304	99	99
9059	2304	100	100
9060	2304	101	101
9061	2304	102	102
9062	2305	103	103
9063	2305	104	104
9064	2305	105	105
9065	2305	106	106
9066	2307	636	636
9067	2307	637	637
9068	2307	638	638
9069	2307	639	639
9070	2308	640	640
9071	2308	641	641
9072	2308	642	642
9073	2308	643	643
9074	2309	644	644
9075	2309	645	645
9076	2309	646	646
9077	2309	647	647
9078	2310	648	648
9079	2310	649	649
9080	2310	650	650
9081	2310	651	651
9082	2311	652	652
9083	2311	653	653
9084	2311	654	654
9085	2311	655	655
9086	2312	656	656
9087	2312	657	657
9088	2312	658	658
9089	2312	660	660
9090	2313	661	661
9091	2313	662	662
9092	2313	663	663
9093	2313	664	664
9094	2314	665	665
9095	2314	666	666
9096	2314	667	667
9097	2314	668	668
9098	2317	669	669
9099	2317	670	670
9100	2317	671	671
9101	2317	672	672
9102	2318	673	673
9103	2318	674	674
9104	2318	675	675
9105	2318	676	676
9106	2319	677	677
9107	2319	678	678
9108	2319	679	679
9109	2319	680	680
9110	2320	681	681
9111	2320	682	682
9112	2320	683	683
9113	2320	684	684
9114	2321	685	685
9115	2321	686	686
9116	2321	687	687
9117	2321	688	688
9118	2322	689	689
9119	2322	690	690
9120	2322	691	691
9121	2322	692	692
9122	2323	693	693
9123	2323	694	694
9124	2323	695	695
9125	2323	696	696
9126	2324	697	697
9127	2324	698	698
9128	2324	699	699
9129	2324	700	700
9130	2325	701	701
9131	2325	702	702
9132	2325	703	703
9133	2325	704	704
9134	2326	705	705
9135	2326	706	706
9136	2326	707	707
9137	2326	708	708
9138	2327	709	709
9139	2327	710	710
9140	2327	711	711
9141	2327	712	712
9142	2328	713	713
9143	2328	714	714
9144	2328	715	715
9145	2328	716	716
9146	2329	717	717
9147	2329	718	718
9148	2329	719	719
9149	2330	720	720
9150	2330	721	721
9151	2330	722	722
9152	2330	723	723
9153	2331	724	724
9154	2331	725	725
9155	2331	726	726
9156	2331	727	727
9157	2315	728	728
9158	2315	729	729
9159	2315	730	730
9160	2315	731	731
9161	2341	732	732
9162	2341	733	733
9163	2341	734	734
9164	2341	735	735
9165	2342	736	736
9166	2342	737	737
9167	2342	738	738
9168	2342	739	739
9169	2343	740	740
9170	2343	741	741
9171	2343	742	742
9172	2343	743	743
9173	2344	744	744
9174	2344	745	745
9175	2344	746	746
9176	2344	747	747
9177	2345	748	748
9178	2345	749	749
9179	2345	750	750
9180	2345	751	751
9181	2346	752	752
9182	2346	753	753
9183	2346	754	754
9184	2346	755	755
9185	2316	756	756
9186	2316	757	757
9187	2316	758	758
9188	2316	759	759
9189	2329	760	760
9190	2339	761	761
9191	2339	762	762
9192	2339	763	763
9193	2339	764	764
9194	2340	765	765
9195	2340	766	766
9196	2340	767	767
9197	2340	768	768
9198	2332	769	769
9199	2332	770	770
9200	2332	771	771
9201	2332	772	772
9202	2333	773	773
9203	2333	774	774
9204	2333	775	775
9205	2333	776	776
9206	2334	777	777
9207	2334	778	778
9208	2334	779	779
9209	2334	780	780
9210	2335	781	781
9211	2335	782	782
9212	2335	783	783
9213	2335	784	784
9214	2336	785	785
9215	2336	786	786
9216	2336	787	787
9217	2336	788	788
9218	2337	789	789
9219	2337	790	790
9220	2337	791	791
9221	2337	792	792
9222	2338	793	793
9223	2338	794	794
9224	2338	795	795
9225	2338	796	796
9226	2348	852	852
9227	2348	853	853
9228	2348	1120	1120
9229	2347	1207	1207
9230	2347	1208	1208
9231	2347	1209	1209
9232	2347	1210	1210
9233	2348	1211	1211
9234	2353	1212	1212
9235	2353	1213	1213
9236	2353	1214	1214
9237	2353	1215	1215
9238	2354	1216	1216
9239	2354	1217	1217
9240	2354	1218	1218
9241	2354	1219	1219
9242	2355	1220	1220
9243	2355	1221	1221
9244	2355	1222	1222
9245	2355	1223	1223
9246	2356	1224	1224
9247	2356	1225	1225
9248	2356	1226	1226
9249	2356	1227	1227
9250	2357	1228	1228
9251	2357	1229	1229
9252	2357	1230	1230
9253	2358	1231	1231
9254	2358	1232	1232
9255	2358	1233	1233
9256	2358	1234	1234
9257	2359	1235	1235
9258	2359	1236	1236
9259	2359	1237	1237
9260	2359	1238	1238
9261	2360	1239	1239
9262	2360	1240	1240
9263	2360	1241	1241
9264	2360	1242	1242
9265	2351	1243	1243
9266	2351	1244	1244
9267	2351	1245	1245
9268	2351	1246	1246
9269	2352	1247	1247
9270	2352	1248	1248
9271	2352	1249	1249
9272	2352	1250	1250
9273	2357	1251	1251
9274	2349	1252	1252
9275	2349	1253	1253
9276	2349	1254	1254
9277	2349	1255	1255
9278	2350	1256	1256
9279	2350	1257	1257
9280	2350	1258	1258
9281	2350	1259	1259
9282	2381	1260	1260
9283	2381	1261	1261
9284	2381	1262	1262
9285	2381	1263	1263
9286	2382	1264	1264
9287	2382	1265	1265
9288	2382	1266	1266
9289	2382	1267	1267
9290	2383	1268	1268
9291	2383	1269	1269
9292	2383	1270	1270
9293	2383	1271	1271
9294	2384	1272	1272
9295	2384	1273	1273
9296	2384	1274	1274
9297	2384	1275	1275
9298	2361	1276	1276
9299	2361	1277	1277
9300	2361	1278	1278
9301	2361	1279	1279
9302	2374	1280	1280
9303	2374	1281	1281
9304	2374	1282	1282
9305	2374	1283	1283
9306	2375	1284	1284
9307	2375	1285	1285
9308	2375	1286	1286
9309	2375	1287	1287
9310	2376	1288	1288
9311	2376	1289	1289
9312	2376	1290	1290
9313	2376	1291	1291
9314	2377	1292	1292
9315	2377	1293	1293
9316	2377	1294	1294
9317	2377	1295	1295
9318	2378	1296	1296
9319	2378	1297	1297
9320	2378	1298	1298
9321	2378	1299	1299
9322	2379	1302	1302
9323	2379	1303	1303
9324	2379	1304	1304
9325	2379	1305	1305
9326	2380	1306	1306
9327	2380	1307	1307
9328	2380	1308	1308
9329	2380	1309	1309
9330	2370	1310	1310
9331	2370	1311	1311
9332	2370	1312	1312
9333	2370	1313	1313
9334	2371	1314	1314
9335	2371	1315	1315
9336	2371	1316	1316
9337	2371	1317	1317
9338	2368	1318	1318
9339	2368	1319	1319
9340	2368	1320	1320
9341	2368	1321	1321
9342	2369	1322	1322
9343	2369	1323	1323
9344	2369	1324	1324
9345	2369	1325	1325
9346	2372	1326	1326
9347	2372	1327	1327
9348	2372	1328	1328
9349	2372	1329	1329
9350	2385	1330	1330
9351	2385	1331	1331
9352	2385	1332	1332
9353	2385	1333	1333
9354	2387	1334	1334
9355	2387	1335	1335
9356	2387	1336	1336
9357	2387	1337	1337
9358	2362	1338	1338
9359	2362	1339	1339
9360	2362	1340	1340
9361	2362	1341	1341
9362	2363	1342	1342
9363	2363	1343	1343
9364	2363	1344	1344
9365	2363	1345	1345
9366	2365	1346	1346
9367	2365	1347	1347
9368	2365	1348	1348
9369	2365	1349	1349
9370	2367	1350	1350
9371	2367	1351	1351
9372	2367	1352	1352
9373	2367	1353	1353
9374	2364	1354	1354
9375	2364	1355	1355
9376	2364	1356	1356
9377	2364	1357	1357
9378	2386	1358	1358
9379	2386	1359	1359
9380	2386	1360	1360
9381	2386	1361	1361
9382	2366	1362	1362
9383	2366	1363	1363
9384	2366	1364	1364
9385	2366	1365	1365
9386	2373	1366	1366
9387	2373	1367	1367
9388	2373	1368	1368
9389	2373	1369	1369
9390	2388	2072	2072
9391	2388	2073	2073
9392	2388	2074	2074
9393	2388	2075	2075
9394	2389	2076	2076
9395	2389	2077	2077
9396	2389	2078	2078
9397	2389	2079	2079
9398	2390	2080	2080
9399	2390	2081	2081
9400	2390	2082	2082
9401	2390	2083	2083
9402	2391	2084	2084
9403	2391	2085	2085
9404	2391	2086	2086
9405	2391	2087	2087
9406	2392	2088	2088
9407	2392	2089	2089
9408	2392	2090	2090
9409	2392	2091	2091
9410	2394	71	71
9411	2394	72	72
9412	2394	73	73
9413	2394	74	74
9414	2393	75	75
9415	2393	76	76
9416	2393	77	77
9417	2393	78	78
9418	2396	79	79
9419	2396	80	80
9420	2396	81	81
9421	2396	82	82
9422	2397	83	83
9423	2397	84	84
9424	2397	85	85
9425	2397	86	86
9426	2399	111	111
9427	2399	112	112
9428	2399	113	113
9429	2399	114	114
9430	2398	115	115
9431	2398	116	116
9432	2398	117	117
9433	2398	118	118
9434	2400	119	119
9435	2400	120	120
9436	2400	121	121
9437	2400	122	122
9438	2401	123	123
9439	2401	124	124
9440	2401	125	125
9441	2401	126	126
9442	2402	127	127
9443	2402	128	128
9444	2402	129	129
9445	2402	130	130
9446	2403	131	131
9447	2403	132	132
9448	2403	133	133
9449	2403	134	134
9450	2404	163	163
9451	2404	164	164
9452	2404	165	165
9453	2404	166	166
9454	2405	167	167
9455	2405	168	168
9456	2405	169	169
9457	2405	170	170
9458	2406	171	171
9459	2406	172	172
9460	2406	173	173
9461	2406	174	174
9462	2407	175	175
9463	2407	176	176
9464	2407	177	177
9465	2407	178	178
9466	2408	179	179
9467	2408	180	180
9468	2408	181	181
9469	2408	182	182
9470	2409	183	183
9471	2409	184	184
9472	2409	185	185
9473	2409	186	186
9474	2410	187	187
9475	2410	188	188
9476	2410	189	189
9477	2410	190	190
9478	2411	191	191
9479	2411	192	192
9480	2411	193	193
9481	2411	194	194
9482	2412	195	195
9483	2412	196	196
9484	2412	197	197
9485	2412	198	198
9486	2413	199	199
9487	2413	200	200
9488	2413	201	201
9489	2413	202	202
9490	2414	203	203
9491	2414	204	204
9492	2414	205	205
9493	2414	206	206
9494	2415	207	207
9495	2415	208	208
9496	2415	209	209
9497	2415	210	210
9498	2416	211	211
9499	2416	212	212
9500	2416	213	213
9501	2416	214	214
9502	2417	215	215
9503	2417	216	216
9504	2417	217	217
9505	2417	218	218
9506	2418	219	219
9507	2418	220	220
9508	2418	221	221
9509	2418	222	222
9510	2419	223	223
9511	2419	224	224
9512	2419	225	225
9513	2419	226	226
9514	2420	227	227
9515	2420	228	228
9516	2420	229	229
9517	2420	230	230
9518	2421	231	231
9519	2421	232	232
9520	2421	233	233
9521	2421	234	234
9522	2422	235	235
9523	2422	236	236
9524	2422	237	237
9525	2422	238	238
9526	2423	239	239
9527	2423	240	240
9528	2423	241	241
9529	2423	242	242
9530	2424	243	243
9531	2424	244	244
9532	2424	245	245
9533	2424	246	246
9534	2425	247	247
9535	2425	248	248
9536	2425	249	249
9537	2425	250	250
9538	2427	252	252
9539	2427	253	253
9540	2427	254	254
9541	2427	255	255
9542	2429	256	256
9543	2429	257	257
9544	2429	258	258
9545	2429	259	259
9546	2430	260	260
9547	2430	261	261
9548	2430	262	262
9549	2430	263	263
9550	2428	264	264
9551	2428	265	265
9552	2428	266	266
9553	2428	267	267
9554	2431	268	268
9555	2431	269	269
9556	2431	270	270
9557	2431	271	271
9558	2432	272	272
9559	2432	273	273
9560	2432	274	274
9561	2432	275	275
9562	2433	276	276
9563	2433	277	277
9564	2433	278	278
9565	2433	279	279
9566	2434	280	280
9567	2434	281	281
9568	2434	282	282
9569	2434	283	283
9570	2435	284	284
9571	2435	285	285
9572	2435	286	286
9573	2435	287	287
9574	2436	288	288
9575	2436	289	289
9576	2436	290	290
9577	2436	291	291
9578	2496	292	292
9579	2496	293	293
9580	2496	294	294
9581	2437	295	295
9582	2437	296	296
9583	2437	297	297
9584	2438	298	298
9585	2438	299	299
9586	2438	300	300
9587	2438	301	301
9588	2439	302	302
9589	2439	303	303
9590	2439	304	304
9591	2439	305	305
9592	2441	306	306
9593	2441	307	307
9594	2441	308	308
9595	2441	309	309
9596	2442	310	310
9597	2442	311	311
9598	2442	312	312
9599	2442	313	313
9600	2443	314	314
9601	2443	315	315
9602	2443	316	316
9603	2443	317	317
9604	2498	318	318
9605	2498	319	319
9606	2498	320	320
9607	2445	321	321
9608	2445	322	322
9609	2445	323	323
9610	2445	324	324
9611	2446	325	325
9612	2446	326	326
9613	2446	327	327
9614	2446	328	328
9615	2447	329	329
9616	2447	330	330
9617	2447	331	331
9618	2447	332	332
9619	2448	333	333
9620	2448	334	334
9621	2448	335	335
9622	2448	336	336
9623	2449	337	337
9624	2449	338	338
9625	2449	339	339
9626	2449	340	340
9627	2450	341	341
9628	2450	342	342
9629	2450	343	343
9630	2450	344	344
9631	2451	345	345
9632	2451	346	346
9633	2451	347	347
9634	2451	348	348
9635	2452	349	349
9636	2452	350	350
9637	2452	351	351
9638	2452	352	352
9639	2453	353	353
9640	2453	354	354
9641	2453	355	355
9642	2453	356	356
9643	2454	357	357
9644	2454	358	358
9645	2454	359	359
9646	2454	360	360
9647	2455	361	361
9648	2455	362	362
9649	2455	363	363
9650	2455	364	364
9651	2456	365	365
9652	2456	366	366
9653	2456	367	367
9654	2456	368	368
9655	2457	369	369
9656	2457	370	370
9657	2457	371	371
9658	2457	372	372
9659	2459	373	373
9660	2459	374	374
9661	2459	375	375
9662	2437	376	376
9663	2498	377	377
9664	2444	378	378
9665	2444	379	379
9666	2444	380	380
9667	2444	381	381
9668	2459	382	382
9669	2467	383	383
9670	2461	384	384
9671	2461	385	385
9672	2461	386	386
9673	2461	387	387
9674	2462	388	388
9675	2462	389	389
9676	2462	390	390
9677	2462	391	391
9678	2463	392	392
9679	2463	393	393
9680	2463	394	394
9681	2463	395	395
9682	2464	396	396
9683	2464	397	397
9684	2464	398	398
9685	2464	399	399
9686	2465	400	400
9687	2465	401	401
9688	2465	402	402
9689	2465	403	403
9690	2466	404	404
9691	2466	405	405
9692	2466	406	406
9693	2466	407	407
9694	2467	408	408
9695	2468	409	409
9696	2468	410	410
9697	2468	411	411
9698	2468	412	412
9699	2460	413	413
9700	2460	414	414
9701	2460	415	415
9702	2471	416	416
9703	2471	417	417
9704	2471	418	418
9705	2471	419	419
9706	2472	420	420
9707	2472	421	421
9708	2472	422	422
9709	2472	423	423
9710	2473	424	424
9711	2473	425	425
9712	2473	426	426
9713	2473	427	427
9714	2474	428	428
9715	2474	429	429
9716	2474	430	430
9717	2474	431	431
9718	2475	432	432
9719	2475	433	433
9720	2475	434	434
9721	2475	435	435
9722	2476	436	436
9723	2476	437	437
9724	2476	438	438
9725	2476	439	439
9726	2477	440	440
9727	2477	441	441
9728	2477	442	442
9729	2477	443	443
9730	2478	444	444
9731	2478	445	445
9732	2478	446	446
9733	2478	447	447
9734	2479	448	448
9735	2479	449	449
9736	2479	450	450
9737	2479	451	451
9738	2480	452	452
9739	2480	453	453
9740	2480	454	454
9741	2480	455	455
9742	2481	456	456
9743	2481	457	457
9744	2481	458	458
9745	2481	459	459
9746	2482	460	460
9747	2482	461	461
9748	2482	462	462
9749	2482	463	463
9750	2483	464	464
9751	2483	465	465
9752	2483	466	466
9753	2467	467	467
9754	2467	468	468
9755	2460	469	469
9756	2483	470	470
9757	2484	471	471
9758	2484	472	472
9759	2484	473	473
9760	2484	474	474
9761	2470	475	475
9762	2470	476	476
9763	2470	477	477
9764	2470	478	478
9765	2485	479	479
9766	2485	480	480
9767	2485	481	481
9768	2485	482	482
9769	2486	483	483
9770	2486	484	484
9771	2486	485	485
9772	2486	486	486
9773	2487	487	487
9774	2487	488	488
9775	2487	489	489
9776	2487	490	490
9777	2469	491	491
9778	2469	492	492
9779	2488	493	493
9780	2488	494	494
9781	2488	495	495
9782	2488	496	496
9783	2489	497	497
9784	2489	498	498
9785	2489	499	499
9786	2489	500	500
9787	2490	501	501
9788	2490	502	502
9789	2490	503	503
9790	2490	504	504
9791	2491	505	505
9792	2491	506	506
9793	2491	507	507
9794	2491	508	508
9795	2492	509	509
9796	2492	510	510
9797	2492	511	511
9798	2492	512	512
9799	2493	513	513
9800	2493	514	514
9801	2493	515	515
9802	2493	516	516
9803	2494	517	517
9804	2494	518	518
9805	2494	519	519
9806	2494	520	520
9807	2440	521	521
9808	2440	522	522
9809	2440	523	523
9810	2440	524	524
9811	2495	525	525
9812	2495	526	526
9813	2495	527	527
9814	2495	528	528
9815	2496	529	529
9816	2497	530	530
9817	2497	531	531
9818	2497	532	532
9819	2497	533	533
9820	2499	534	534
9821	2499	535	535
9822	2499	536	536
9823	2499	537	537
9824	2500	538	538
9825	2500	539	539
9826	2500	540	540
9827	2500	541	541
9828	2501	542	542
9829	2501	543	543
9830	2501	544	544
9831	2501	545	545
9832	2502	546	546
9833	2502	547	547
9834	2502	548	548
9835	2502	549	549
9836	2458	550	550
9837	2458	551	551
9838	2458	552	552
9839	2458	553	553
9840	2503	554	554
9841	2503	555	555
9842	2503	556	556
9843	2503	557	557
9844	2504	558	558
9845	2504	559	559
9846	2504	560	560
9847	2504	561	561
9848	2505	562	562
9849	2505	563	563
9850	2505	564	564
9851	2505	565	565
9852	2506	566	566
9853	2506	567	567
9854	2506	568	568
9855	2506	569	569
9856	2507	570	570
9857	2507	571	571
9858	2507	572	572
9859	2507	573	573
9860	2508	574	574
9861	2508	575	575
9862	2508	576	576
9863	2508	577	577
9864	2509	578	578
9865	2509	579	579
9866	2509	580	580
9867	2509	581	581
9868	2510	582	582
9869	2510	583	583
9870	2510	584	584
9871	2510	585	585
9872	2511	586	586
9873	2511	587	587
9874	2511	588	588
9875	2511	589	589
9876	2512	590	590
9877	2512	591	591
9878	2512	592	592
9879	2512	593	593
9880	2469	594	594
9881	2469	595	595
9882	2517	87	87
9883	2517	88	88
9884	2517	89	89
9885	2517	90	90
9886	2514	91	91
9887	2514	92	92
9888	2514	93	93
9889	2514	94	94
9890	2513	95	95
9891	2513	96	96
9892	2513	97	97
9893	2513	98	98
9894	2515	99	99
9895	2515	100	100
9896	2515	101	101
9897	2515	102	102
9898	2516	103	103
9899	2516	104	104
9900	2516	105	105
9901	2516	106	106
9902	2518	636	636
9903	2518	637	637
9904	2518	638	638
9905	2518	639	639
9906	2519	640	640
9907	2519	641	641
9908	2519	642	642
9909	2519	643	643
9910	2520	644	644
9911	2520	645	645
9912	2520	646	646
9913	2520	647	647
9914	2521	648	648
9915	2521	649	649
9916	2521	650	650
9917	2521	651	651
9918	2522	652	652
9919	2522	653	653
9920	2522	654	654
9921	2522	655	655
9922	2523	656	656
9923	2523	657	657
9924	2523	658	658
9925	2523	660	660
9926	2524	661	661
9927	2524	662	662
9928	2524	663	663
9929	2524	664	664
9930	2525	665	665
9931	2525	666	666
9932	2525	667	667
9933	2525	668	668
9934	2528	669	669
9935	2528	670	670
9936	2528	671	671
9937	2528	672	672
9938	2529	673	673
9939	2529	674	674
9940	2529	675	675
9941	2529	676	676
9942	2530	677	677
9943	2530	678	678
9944	2530	679	679
9945	2530	680	680
9946	2531	681	681
9947	2531	682	682
9948	2531	683	683
9949	2531	684	684
9950	2532	685	685
9951	2532	686	686
9952	2532	687	687
9953	2532	688	688
9954	2533	689	689
9955	2533	690	690
9956	2533	691	691
9957	2533	692	692
9958	2534	693	693
9959	2534	694	694
9960	2534	695	695
9961	2534	696	696
9962	2535	697	697
9963	2535	698	698
9964	2535	699	699
9965	2535	700	700
9966	2536	701	701
9967	2536	702	702
9968	2536	703	703
9969	2536	704	704
9970	2537	705	705
9971	2537	706	706
9972	2537	707	707
9973	2537	708	708
9974	2538	709	709
9975	2538	710	710
9976	2538	711	711
9977	2538	712	712
9978	2539	713	713
9979	2539	714	714
9980	2539	715	715
9981	2539	716	716
9982	2540	717	717
9983	2540	718	718
9984	2540	719	719
9985	2541	720	720
9986	2541	721	721
9987	2541	722	722
9988	2541	723	723
9989	2542	724	724
9990	2542	725	725
9991	2542	726	726
9992	2542	727	727
9993	2526	728	728
9994	2526	729	729
9995	2526	730	730
9996	2526	731	731
9997	2552	732	732
9998	2552	733	733
9999	2552	734	734
10000	2552	735	735
10001	2553	736	736
10002	2553	737	737
10003	2553	738	738
10004	2553	739	739
10005	2554	740	740
10006	2554	741	741
10007	2554	742	742
10008	2554	743	743
10009	2555	744	744
10010	2555	745	745
10011	2555	746	746
10012	2555	747	747
10013	2556	748	748
10014	2556	749	749
10015	2556	750	750
10016	2556	751	751
10017	2557	752	752
10018	2557	753	753
10019	2557	754	754
10020	2557	755	755
10021	2527	756	756
10022	2527	757	757
10023	2527	758	758
10024	2527	759	759
10025	2540	760	760
10026	2550	761	761
10027	2550	762	762
10028	2550	763	763
10029	2550	764	764
10030	2551	765	765
10031	2551	766	766
10032	2551	767	767
10033	2551	768	768
10034	2543	769	769
10035	2543	770	770
10036	2543	771	771
10037	2543	772	772
10038	2544	773	773
10039	2544	774	774
10040	2544	775	775
10041	2544	776	776
10042	2545	777	777
10043	2545	778	778
10044	2545	779	779
10045	2545	780	780
10046	2546	781	781
10047	2546	782	782
10048	2546	783	783
10049	2546	784	784
10050	2547	785	785
10051	2547	786	786
10052	2547	787	787
10053	2547	788	788
10054	2548	789	789
10055	2548	790	790
10056	2548	791	791
10057	2548	792	792
10058	2549	793	793
10059	2549	794	794
10060	2549	795	795
10061	2549	796	796
10062	2559	852	852
10063	2559	853	853
10064	2559	1120	1120
10065	2558	1207	1207
10066	2558	1208	1208
10067	2558	1209	1209
10068	2558	1210	1210
10069	2559	1211	1211
10070	2564	1212	1212
10071	2564	1213	1213
10072	2564	1214	1214
10073	2564	1215	1215
10074	2565	1216	1216
10075	2565	1217	1217
10076	2565	1218	1218
10077	2565	1219	1219
10078	2566	1220	1220
10079	2566	1221	1221
10080	2566	1222	1222
10081	2566	1223	1223
10082	2567	1224	1224
10083	2567	1225	1225
10084	2567	1226	1226
10085	2567	1227	1227
10086	2568	1228	1228
10087	2568	1229	1229
10088	2568	1230	1230
10089	2569	1231	1231
10090	2569	1232	1232
10091	2569	1233	1233
10092	2569	1234	1234
10093	2570	1235	1235
10094	2570	1236	1236
10095	2570	1237	1237
10096	2570	1238	1238
10097	2571	1239	1239
10098	2571	1240	1240
10099	2571	1241	1241
10100	2571	1242	1242
10101	2562	1243	1243
10102	2562	1244	1244
10103	2562	1245	1245
10104	2562	1246	1246
10105	2563	1247	1247
10106	2563	1248	1248
10107	2563	1249	1249
10108	2563	1250	1250
10109	2568	1251	1251
10110	2560	1252	1252
10111	2560	1253	1253
10112	2560	1254	1254
10113	2560	1255	1255
10114	2561	1256	1256
10115	2561	1257	1257
10116	2561	1258	1258
10117	2561	1259	1259
10118	2592	1260	1260
10119	2592	1261	1261
10120	2592	1262	1262
10121	2592	1263	1263
10122	2593	1264	1264
10123	2593	1265	1265
10124	2593	1266	1266
10125	2593	1267	1267
10126	2594	1268	1268
10127	2594	1269	1269
10128	2594	1270	1270
10129	2594	1271	1271
10130	2595	1272	1272
10131	2595	1273	1273
10132	2595	1274	1274
10133	2595	1275	1275
10134	2572	1276	1276
10135	2572	1277	1277
10136	2572	1278	1278
10137	2572	1279	1279
10138	2585	1280	1280
10139	2585	1281	1281
10140	2585	1282	1282
10141	2585	1283	1283
10142	2586	1284	1284
10143	2586	1285	1285
10144	2586	1286	1286
10145	2586	1287	1287
10146	2587	1288	1288
10147	2587	1289	1289
10148	2587	1290	1290
10149	2587	1291	1291
10150	2588	1292	1292
10151	2588	1293	1293
10152	2588	1294	1294
10153	2588	1295	1295
10154	2589	1296	1296
10155	2589	1297	1297
10156	2589	1298	1298
10157	2589	1299	1299
10158	2590	1302	1302
10159	2590	1303	1303
10160	2590	1304	1304
10161	2590	1305	1305
10162	2591	1306	1306
10163	2591	1307	1307
10164	2591	1308	1308
10165	2591	1309	1309
10166	2581	1310	1310
10167	2581	1311	1311
10168	2581	1312	1312
10169	2581	1313	1313
10170	2582	1314	1314
10171	2582	1315	1315
10172	2582	1316	1316
10173	2582	1317	1317
10174	2579	1318	1318
10175	2579	1319	1319
10176	2579	1320	1320
10177	2579	1321	1321
10178	2580	1322	1322
10179	2580	1323	1323
10180	2580	1324	1324
10181	2580	1325	1325
10182	2583	1326	1326
10183	2583	1327	1327
10184	2583	1328	1328
10185	2583	1329	1329
10186	2596	1330	1330
10187	2596	1331	1331
10188	2596	1332	1332
10189	2596	1333	1333
10190	2598	1334	1334
10191	2598	1335	1335
10192	2598	1336	1336
10193	2598	1337	1337
10194	2573	1338	1338
10195	2573	1339	1339
10196	2573	1340	1340
10197	2573	1341	1341
10198	2574	1342	1342
10199	2574	1343	1343
10200	2574	1344	1344
10201	2574	1345	1345
10202	2576	1346	1346
10203	2576	1347	1347
10204	2576	1348	1348
10205	2576	1349	1349
10206	2578	1350	1350
10207	2578	1351	1351
10208	2578	1352	1352
10209	2578	1353	1353
10210	2575	1354	1354
10211	2575	1355	1355
10212	2575	1356	1356
10213	2575	1357	1357
10214	2597	1358	1358
10215	2597	1359	1359
10216	2597	1360	1360
10217	2597	1361	1361
10218	2577	1362	1362
10219	2577	1363	1363
10220	2577	1364	1364
10221	2577	1365	1365
10222	2584	1366	1366
10223	2584	1367	1367
10224	2584	1368	1368
10225	2584	1369	1369
10226	2599	2072	2072
10227	2599	2073	2073
10228	2599	2074	2074
10229	2599	2075	2075
10230	2600	2076	2076
10231	2600	2077	2077
10232	2600	2078	2078
10233	2600	2079	2079
10234	2601	2080	2080
10235	2601	2081	2081
10236	2601	2082	2082
10237	2601	2083	2083
10238	2602	2084	2084
10239	2602	2085	2085
10240	2602	2086	2086
10241	2602	2087	2087
10242	2603	2088	2088
10243	2603	2089	2089
10244	2603	2090	2090
10245	2603	2091	2091
10246	2604	596	596
10247	2604	597	597
10248	2604	598	598
10249	2604	599	599
10250	2605	600	600
10251	2605	601	601
10252	2605	602	602
10253	2605	603	603
10254	2606	604	604
10255	2606	605	605
10256	2606	606	606
10257	2606	607	607
10258	2607	608	608
10259	2607	609	609
10260	2607	610	610
10261	2607	611	611
10262	2608	612	612
10263	2608	613	613
10264	2608	614	614
10265	2608	615	615
10266	2609	616	616
10267	2609	617	617
10268	2609	618	618
10269	2609	619	619
10270	2610	620	620
10271	2610	621	621
10272	2610	622	622
10273	2610	623	623
10274	2611	624	624
10275	2611	625	625
10276	2611	626	626
10277	2611	627	627
10278	2612	628	628
10279	2612	629	629
10280	2612	630	630
10281	2612	631	631
10282	2613	632	632
10283	2613	633	633
10284	2613	634	634
10285	2613	635	635
10286	2679	659	659
10287	2615	797	797
10288	2615	798	798
10289	2615	799	799
10290	2615	800	800
10291	2614	801	801
10292	2614	802	802
10293	2614	803	803
10294	2614	804	804
10295	2616	805	805
10296	2616	806	806
10297	2616	807	807
10298	2616	808	808
10299	2617	809	809
10300	2617	810	810
10301	2617	811	811
10302	2617	812	812
10303	2618	813	813
10304	2618	814	814
10305	2618	815	815
10306	2618	816	816
10307	2619	817	817
10308	2619	818	818
10309	2619	819	819
10310	2619	820	820
10311	2620	821	821
10312	2620	822	822
10313	2620	823	823
10314	2620	824	824
10315	2621	825	825
10316	2621	826	826
10317	2621	827	827
10318	2621	828	828
10319	2622	829	829
10320	2622	830	830
10321	2622	831	831
10322	2622	832	832
10323	2623	833	833
10324	2623	834	834
10325	2623	835	835
10326	2623	836	836
10327	2624	837	837
10328	2624	838	838
10329	2624	839	839
10330	2624	840	840
10331	2625	841	841
10332	2625	842	842
10333	2625	843	843
10334	2625	844	844
10335	2626	845	845
10336	2626	846	846
10337	2626	847	847
10338	2677	848	848
10339	2678	849	849
10340	2679	850	850
10341	2679	851	851
10342	2626	854	854
10343	2627	855	855
10344	2627	856	856
10345	2627	857	857
10346	2627	858	858
10347	2628	859	859
10348	2628	860	860
10349	2628	861	861
10350	2628	862	862
10351	2629	863	863
10352	2629	864	864
10353	2629	865	865
10354	2629	866	866
10355	2630	867	867
10356	2630	868	868
10357	2630	869	869
10358	2630	870	870
10359	2631	871	871
10360	2631	872	872
10361	2631	873	873
10362	2631	874	874
10363	2632	875	875
10364	2632	876	876
10365	2632	877	877
10366	2632	878	878
10367	2633	879	879
10368	2633	880	880
10369	2633	881	881
10370	2633	882	882
10371	2634	883	883
10372	2634	884	884
10373	2634	885	885
10374	2634	886	886
10375	2635	887	887
10376	2635	888	888
10377	2635	889	889
10378	2635	890	890
10379	2636	891	891
10380	2636	892	892
10381	2636	893	893
10382	2636	894	894
10383	2637	895	895
10384	2637	896	896
10385	2637	897	897
10386	2637	898	898
10387	2638	899	899
10388	2638	900	900
10389	2638	901	901
10390	2638	902	902
10391	2639	903	903
10392	2639	904	904
10393	2639	905	905
10394	2639	906	906
10395	2640	907	907
10396	2640	908	908
10397	2640	909	909
10398	2640	910	910
10399	2641	911	911
10400	2641	912	912
10401	2678	913	913
10402	2678	914	914
10403	2641	915	915
10404	2641	916	916
10405	2642	917	917
10406	2642	918	918
10407	2642	919	919
10408	2642	920	920
10409	2643	921	921
10410	2643	922	922
10411	2643	923	923
10412	2643	924	924
10413	2644	925	925
10414	2644	926	926
10415	2644	927	927
10416	2644	928	928
10417	2645	929	929
10418	2645	930	930
10419	2645	931	931
10420	2645	932	932
10421	2646	933	933
10422	2646	934	934
10423	2646	935	935
10424	2646	936	936
10425	2647	937	937
10426	2647	938	938
10427	2647	939	939
10428	2647	940	940
10429	2648	941	941
10430	2648	942	942
10431	2648	943	943
10432	2648	944	944
10433	2649	945	945
10434	2649	946	946
10435	2649	947	947
10436	2649	948	948
10437	2650	949	949
10438	2650	950	950
10439	2650	951	951
10440	2650	952	952
10441	2651	953	953
10442	2651	954	954
10443	2651	955	955
10444	2651	956	956
10445	2652	957	957
10446	2652	958	958
10447	2652	959	959
10448	2652	960	960
10449	2653	961	961
10450	2653	962	962
10451	2653	963	963
10452	2653	964	964
10453	2654	965	965
10454	2654	966	966
10455	2654	967	967
10456	2654	968	968
10457	2655	969	969
10458	2655	970	970
10459	2655	971	971
10460	2655	972	972
10461	2656	973	973
10462	2656	974	974
10463	2656	975	975
10464	2656	976	976
10465	2657	977	977
10466	2657	978	978
10467	2657	979	979
10468	2657	980	980
10469	2658	981	981
10470	2658	982	982
10471	2658	983	983
10472	2658	984	984
10473	2659	985	985
10474	2659	986	986
10475	2659	987	987
10476	2659	988	988
10477	2660	989	989
10478	2660	990	990
10479	2660	991	991
10480	2660	992	992
10481	2661	993	993
10482	2661	994	994
10483	2661	995	995
10484	2661	996	996
10485	2662	997	997
10486	2662	998	998
10487	2662	999	999
10488	2662	1000	1000
10489	2663	1001	1001
10490	2663	1002	1002
10491	2663	1003	1003
10492	2663	1004	1004
10493	2664	1005	1005
10494	2664	1006	1006
10495	2664	1007	1007
10496	2664	1008	1008
10497	2678	1009	1009
10498	2679	1010	1010
10499	2665	1011	1011
10500	2665	1012	1012
10501	2665	1013	1013
10502	2665	1014	1014
10503	2666	1015	1015
10504	2666	1016	1016
10505	2666	1017	1017
10506	2666	1018	1018
10507	2667	1019	1019
10508	2667	1020	1020
10509	2667	1021	1021
10510	2667	1022	1022
10511	2668	1023	1023
10512	2668	1024	1024
10513	2668	1025	1025
10514	2668	1026	1026
10515	2669	1027	1027
10516	2669	1028	1028
10517	2669	1029	1029
10518	2669	1030	1030
10519	2670	1031	1031
10520	2670	1032	1032
10521	2670	1033	1033
10522	2670	1034	1034
10523	2671	1035	1035
10524	2671	1036	1036
10525	2671	1037	1037
10526	2671	1038	1038
10527	2672	1039	1039
10528	2672	1040	1040
10529	2672	1041	1041
10530	2672	1042	1042
10531	2673	1043	1043
10532	2673	1044	1044
10533	2673	1045	1045
10534	2673	1046	1046
10535	2674	1047	1047
10536	2674	1048	1048
10537	2674	1049	1049
10538	2674	1050	1050
10539	2675	1051	1051
10540	2675	1052	1052
10541	2675	1053	1053
10542	2675	1054	1054
10543	2676	1055	1055
10544	2676	1056	1056
10545	2676	1057	1057
10546	2676	1058	1058
10547	2677	1059	1059
10548	2677	1060	1060
10549	2677	1061	1061
10550	2680	1062	1062
10551	2680	1063	1063
10552	2680	1064	1064
10553	2680	1065	1065
10554	2681	1066	1066
10555	2681	1067	1067
10556	2681	1068	1068
10557	2681	1069	1069
10558	2682	1070	1070
10559	2682	1071	1071
10560	2682	1072	1072
10561	2682	1073	1073
10562	2683	1074	1074
10563	2683	1075	1075
10564	2683	1076	1076
10565	2683	1077	1077
10566	2684	1078	1078
10567	2684	1079	1079
10568	2684	1080	1080
10569	2684	1081	1081
10570	2685	1082	1082
10571	2685	1083	1083
10572	2685	1084	1084
10573	2685	1085	1085
10574	2686	1086	1086
10575	2686	1087	1087
10576	2686	1088	1088
10577	2686	1089	1089
10578	2687	1090	1090
10579	2687	1091	1091
10580	2687	1092	1092
10581	2687	1093	1093
10582	2688	1094	1094
10583	2688	1095	1095
10584	2688	1096	1096
10585	2688	1097	1097
10586	2689	1098	1098
10587	2689	1099	1099
10588	2689	1100	1100
10589	2689	1101	1101
10590	2690	1102	1102
10591	2690	1103	1103
10592	2690	1104	1104
10593	2690	1105	1105
10594	2691	1106	1106
10595	2691	1107	1107
10596	2691	1108	1108
10597	2691	1109	1109
10598	2692	1110	1110
10599	2692	1111	1111
10600	2692	1112	1112
10601	2692	1113	1113
10602	2693	1114	1114
10603	2693	1115	1115
10604	2693	1116	1116
10605	2693	1117	1117
10606	2694	1118	1118
10607	2694	1119	1119
10608	2694	1121	1121
10609	2694	1122	1122
10610	2695	1123	1123
10611	2695	1124	1124
10612	2695	1125	1125
10613	2695	1126	1126
10614	2696	1127	1127
10615	2696	1128	1128
10616	2696	1129	1129
10617	2696	1130	1130
10618	2697	1131	1131
10619	2697	1132	1132
10620	2697	1133	1133
10621	2697	1134	1134
10622	2698	1135	1135
10623	2698	1136	1136
10624	2698	1137	1137
10625	2698	1138	1138
10626	2699	1139	1139
10627	2699	1140	1140
10628	2699	1141	1141
10629	2699	1142	1142
10630	2700	1143	1143
10631	2700	1144	1144
10632	2700	1145	1145
10633	2700	1146	1146
10634	2701	1147	1147
10635	2701	1148	1148
10636	2701	1149	1149
10637	2701	1150	1150
10638	2702	1151	1151
10639	2702	1152	1152
10640	2702	1153	1153
10641	2702	1154	1154
10642	2703	1155	1155
10643	2703	1156	1156
10644	2703	1157	1157
10645	2703	1158	1158
10646	2704	1159	1159
10647	2704	1160	1160
10648	2704	1161	1161
10649	2704	1162	1162
10650	2705	1163	1163
10651	2705	1164	1164
10652	2705	1165	1165
10653	2705	1166	1166
10654	2706	1167	1167
10655	2706	1168	1168
10656	2706	1169	1169
10657	2706	1170	1170
10658	2707	1171	1171
10659	2707	1172	1172
10660	2707	1173	1173
10661	2707	1174	1174
10662	2708	1175	1175
10663	2708	1176	1176
10664	2708	1177	1177
10665	2708	1178	1178
10666	2709	1179	1179
10667	2709	1180	1180
10668	2709	1181	1181
10669	2709	1182	1182
10670	2710	1183	1183
10671	2710	1184	1184
10672	2710	1185	1185
10673	2710	1186	1186
10674	2711	1187	1187
10675	2711	1188	1188
10676	2711	1189	1189
10677	2711	1190	1190
10678	2712	1191	1191
10679	2712	1192	1192
10680	2712	1193	1193
10681	2712	1194	1194
10682	2713	1195	1195
10683	2713	1196	1196
10684	2713	1197	1197
10685	2713	1198	1198
10686	2714	1199	1199
10687	2714	1200	1200
10688	2714	1201	1201
10689	2714	1202	1202
10690	2715	1203	1203
10691	2715	1204	1204
10692	2715	1205	1205
10693	2715	1206	1206
10694	2721	1300	1300
10695	2721	1301	1301
10696	2717	1370	1370
10697	2717	1371	1371
10698	2717	1372	1372
10699	2717	1373	1373
10700	2718	1374	1374
10701	2718	1375	1375
10702	2718	1376	1376
10703	2718	1377	1377
10704	2719	1378	1378
10705	2719	1379	1379
10706	2719	1380	1380
10707	2719	1381	1381
10708	2720	1382	1382
10709	2720	1383	1383
10710	2720	1384	1384
10711	2720	1385	1385
10712	2721	1386	1386
10713	2721	1387	1387
10714	2722	1388	1388
10715	2722	1389	1389
10716	2722	1390	1390
10717	2722	1391	1391
10718	2723	1392	1392
10719	2723	1393	1393
10720	2723	1394	1394
10721	2723	1395	1395
10722	2724	1396	1396
10723	2724	1397	1397
10724	2724	1398	1398
10725	2724	1399	1399
10726	2725	1400	1400
10727	2725	1401	1401
10728	2725	1402	1402
10729	2725	1403	1403
10730	2726	1404	1404
10731	2726	1405	1405
10732	2726	1406	1406
10733	2726	1407	1407
10734	2742	1408	1408
10735	2742	1409	1409
10736	2742	1410	1410
10737	2742	1411	1411
10738	2743	1412	1412
10739	2743	1413	1413
10740	2743	1414	1414
10741	2743	1415	1415
10742	2744	1416	1416
10743	2744	1417	1417
10744	2744	1418	1418
10745	2744	1419	1419
10746	2746	1420	1420
10747	2746	1421	1421
10748	2746	1422	1422
10749	2746	1423	1423
10750	2727	1424	1424
10751	2727	1425	1425
10752	2727	1426	1426
10753	2727	1427	1427
10754	2737	1428	1428
10755	2737	1429	1429
10756	2737	1430	1430
10757	2737	1431	1431
10758	2738	1432	1432
10759	2738	1433	1433
10760	2738	1434	1434
10761	2738	1435	1435
10762	2740	1436	1436
10763	2740	1437	1437
10764	2740	1438	1438
10765	2740	1439	1439
10766	2741	1440	1440
10767	2741	1441	1441
10768	2741	1442	1442
10769	2741	1443	1443
10770	2739	1444	1444
10771	2739	1445	1445
10772	2739	1446	1446
10773	2739	1447	1447
10774	2728	1448	1448
10775	2728	1449	1449
10776	2728	1450	1450
10777	2728	1451	1451
10778	2729	1452	1452
10779	2729	1453	1453
10780	2729	1454	1454
10781	2729	1455	1455
10782	2730	1456	1456
10783	2730	1457	1457
10784	2730	1458	1458
10785	2730	1459	1459
10786	2731	1460	1460
10787	2731	1461	1461
10788	2731	1462	1462
10789	2731	1463	1463
10790	2732	1464	1464
10791	2732	1465	1465
10792	2732	1466	1466
10793	2732	1467	1467
10794	2733	1468	1468
10795	2733	1469	1469
10796	2733	1470	1470
10797	2733	1471	1471
10798	2734	1472	1472
10799	2734	1473	1473
10800	2734	1474	1474
10801	2734	1475	1475
10802	2735	1476	1476
10803	2735	1477	1477
10804	2735	1478	1478
10805	2735	1479	1479
10806	2736	1480	1480
10807	2736	1481	1481
10808	2736	1482	1482
10809	2736	1483	1483
10810	2745	1484	1484
10811	2745	1485	1485
10812	2745	1486	1486
10813	2745	1487	1487
10814	2747	1488	1488
10815	2747	1489	1489
10816	2747	1490	1490
10817	2747	1491	1491
10818	2748	1492	1492
10819	2748	1493	1493
10820	2748	1494	1494
10821	2748	1495	1495
10822	2749	1496	1496
10823	2749	1497	1497
10824	2749	1498	1498
10825	2749	1499	1499
10826	2750	1500	1500
10827	2750	1501	1501
10828	2750	1502	1502
10829	2750	1503	1503
10830	2751	1504	1504
10831	2751	1505	1505
10832	2751	1506	1506
10833	2751	1507	1507
10834	2752	1508	1508
10835	2752	1509	1509
10836	2752	1510	1510
10837	2752	1511	1511
10838	2753	1512	1512
10839	2753	1513	1513
10840	2753	1514	1514
10841	2784	1515	1515
10842	2753	1516	1516
10843	2763	1517	1517
10844	2763	1518	1518
10845	2763	1519	1519
10846	2763	1520	1520
10847	2754	1521	1521
10848	2754	1522	1522
10849	2754	1523	1523
10850	2754	1524	1524
10851	2755	1525	1525
10852	2755	1526	1526
10853	2755	1527	1527
10854	2755	1528	1528
10855	2756	1529	1529
10856	2756	1530	1530
10857	2756	1531	1531
10858	2756	1532	1532
10859	2757	1533	1533
10860	2757	1534	1534
10861	2757	1535	1535
10862	2757	1536	1536
10863	2758	1537	1537
10864	2758	1538	1538
10865	2758	1539	1539
10866	2758	1540	1540
10867	2759	1541	1541
10868	2759	1542	1542
10869	2759	1543	1543
10870	2759	1544	1544
10871	2760	1545	1545
10872	2760	1546	1546
10873	2760	1547	1547
10874	2760	1548	1548
10875	2761	1549	1549
10876	2761	1550	1550
10877	2761	1551	1551
10878	2761	1552	1552
10879	2762	1553	1553
10880	2762	1554	1554
10881	2762	1555	1555
10882	2762	1556	1556
10883	2764	1557	1557
10884	2764	1558	1558
10885	2764	1559	1559
10886	2764	1560	1560
10887	2765	1561	1561
10888	2765	1562	1562
10889	2765	1563	1563
10890	2765	1564	1564
10891	2782	1565	1565
10892	2782	1566	1566
10893	2782	1567	1567
10894	2782	1568	1568
10895	2785	1569	1569
10896	2785	1570	1570
10897	2785	1571	1571
10898	2785	1572	1572
10899	2766	1573	1573
10900	2766	1574	1574
10901	2766	1575	1575
10902	2766	1576	1576
10903	2769	1577	1577
10904	2769	1578	1578
10905	2769	1579	1579
10906	2769	1580	1580
10907	2772	1581	1581
10908	2772	1582	1582
10909	2772	1583	1583
10910	2772	1584	1584
10911	2773	1585	1585
10912	2773	1586	1586
10913	2773	1587	1587
10914	2773	1588	1588
10915	2775	1589	1589
10916	2775	1590	1590
10917	2775	1591	1591
10918	2775	1592	1592
10919	2780	1593	1593
10920	2780	1594	1594
10921	2780	1595	1595
10922	2780	1596	1596
10923	2783	1597	1597
10924	2783	1598	1598
10925	2783	1599	1599
10926	2783	1600	1600
10927	2776	1601	1601
10928	2776	1602	1602
10929	2776	1603	1603
10930	2776	1604	1604
10931	2771	1605	1605
10932	2771	1606	1606
10933	2771	1607	1607
10934	2771	1608	1608
10935	2781	1609	1609
10936	2781	1610	1610
10937	2781	1611	1611
10938	2781	1612	1612
10939	2768	1613	1613
10940	2768	1614	1614
10941	2768	1615	1615
10942	2768	1616	1616
10943	2770	1617	1617
10944	2770	1618	1618
10945	2770	1619	1619
10946	2770	1620	1620
10947	2774	1621	1621
10948	2774	1622	1622
10949	2774	1623	1623
10950	2774	1624	1624
10951	2777	1625	1625
10952	2777	1626	1626
10953	2777	1627	1627
10954	2777	1628	1628
10955	2779	1629	1629
10956	2779	1630	1630
10957	2779	1631	1631
10958	2779	1632	1632
10959	2778	1633	1633
10960	2778	1634	1634
10961	2778	1635	1635
10962	2778	1636	1636
10963	2767	1637	1637
10964	2767	1638	1638
10965	2767	1639	1639
10966	2767	1640	1640
10967	2784	1641	1641
10968	2784	1642	1642
10969	2784	1643	1643
10970	2786	2092	2092
10971	2786	2093	2093
10972	2786	2094	2094
10973	2786	2095	2095
10974	2787	2096	2096
10975	2787	2097	2097
10976	2787	2098	2098
10977	2787	2099	2099
10978	2716	2100	2100
10979	2716	2101	2101
10980	2716	2102	2102
10981	2716	2103	2103
10982	2788	596	596
10983	2788	597	597
10984	2788	598	598
10985	2788	599	599
10986	2789	600	600
10987	2789	601	601
10988	2789	602	602
10989	2789	603	603
10990	2790	604	604
10991	2790	605	605
10992	2790	606	606
10993	2790	607	607
10994	2791	608	608
10995	2791	609	609
10996	2791	610	610
10997	2791	611	611
10998	2792	612	612
10999	2792	613	613
11000	2792	614	614
11001	2792	615	615
11002	2793	616	616
11003	2793	617	617
11004	2793	618	618
11005	2793	619	619
11006	2794	620	620
11007	2794	621	621
11008	2794	622	622
11009	2794	623	623
11010	2795	624	624
11011	2795	625	625
11012	2795	626	626
11013	2795	627	627
11014	2796	628	628
11015	2796	629	629
11016	2796	630	630
11017	2796	631	631
11018	2797	632	632
11019	2797	633	633
11020	2797	634	634
11021	2797	635	635
11022	2863	659	659
11023	2799	797	797
11024	2799	798	798
11025	2799	799	799
11026	2799	800	800
11027	2798	801	801
11028	2798	802	802
11029	2798	803	803
11030	2798	804	804
11031	2800	805	805
11032	2800	806	806
11033	2800	807	807
11034	2800	808	808
11035	2801	809	809
11036	2801	810	810
11037	2801	811	811
11038	2801	812	812
11039	2802	813	813
11040	2802	814	814
11041	2802	815	815
11042	2802	816	816
11043	2803	817	817
11044	2803	818	818
11045	2803	819	819
11046	2803	820	820
11047	2804	821	821
11048	2804	822	822
11049	2804	823	823
11050	2804	824	824
11051	2805	825	825
11052	2805	826	826
11053	2805	827	827
11054	2805	828	828
11055	2806	829	829
11056	2806	830	830
11057	2806	831	831
11058	2806	832	832
11059	2807	833	833
11060	2807	834	834
11061	2807	835	835
11062	2807	836	836
11063	2808	837	837
11064	2808	838	838
11065	2808	839	839
11066	2808	840	840
11067	2809	841	841
11068	2809	842	842
11069	2809	843	843
11070	2809	844	844
11071	2810	845	845
11072	2810	846	846
11073	2810	847	847
11074	2861	848	848
11075	2862	849	849
11076	2863	850	850
11077	2863	851	851
11078	2810	854	854
11079	2811	855	855
11080	2811	856	856
11081	2811	857	857
11082	2811	858	858
11083	2812	859	859
11084	2812	860	860
11085	2812	861	861
11086	2812	862	862
11087	2813	863	863
11088	2813	864	864
11089	2813	865	865
11090	2813	866	866
11091	2814	867	867
11092	2814	868	868
11093	2814	869	869
11094	2814	870	870
11095	2815	871	871
11096	2815	872	872
11097	2815	873	873
11098	2815	874	874
11099	2816	875	875
11100	2816	876	876
11101	2816	877	877
11102	2816	878	878
11103	2817	879	879
11104	2817	880	880
11105	2817	881	881
11106	2817	882	882
11107	2818	883	883
11108	2818	884	884
11109	2818	885	885
11110	2818	886	886
11111	2819	887	887
11112	2819	888	888
11113	2819	889	889
11114	2819	890	890
11115	2820	891	891
11116	2820	892	892
11117	2820	893	893
11118	2820	894	894
11119	2821	895	895
11120	2821	896	896
11121	2821	897	897
11122	2821	898	898
11123	2822	899	899
11124	2822	900	900
11125	2822	901	901
11126	2822	902	902
11127	2823	903	903
11128	2823	904	904
11129	2823	905	905
11130	2823	906	906
11131	2824	907	907
11132	2824	908	908
11133	2824	909	909
11134	2824	910	910
11135	2825	911	911
11136	2825	912	912
11137	2862	913	913
11138	2862	914	914
11139	2825	915	915
11140	2825	916	916
11141	2826	917	917
11142	2826	918	918
11143	2826	919	919
11144	2826	920	920
11145	2827	921	921
11146	2827	922	922
11147	2827	923	923
11148	2827	924	924
11149	2828	925	925
11150	2828	926	926
11151	2828	927	927
11152	2828	928	928
11153	2829	929	929
11154	2829	930	930
11155	2829	931	931
11156	2829	932	932
11157	2830	933	933
11158	2830	934	934
11159	2830	935	935
11160	2830	936	936
11161	2831	937	937
11162	2831	938	938
11163	2831	939	939
11164	2831	940	940
11165	2832	941	941
11166	2832	942	942
11167	2832	943	943
11168	2832	944	944
11169	2833	945	945
11170	2833	946	946
11171	2833	947	947
11172	2833	948	948
11173	2834	949	949
11174	2834	950	950
11175	2834	951	951
11176	2834	952	952
11177	2835	953	953
11178	2835	954	954
11179	2835	955	955
11180	2835	956	956
11181	2836	957	957
11182	2836	958	958
11183	2836	959	959
11184	2836	960	960
11185	2837	961	961
11186	2837	962	962
11187	2837	963	963
11188	2837	964	964
11189	2838	965	965
11190	2838	966	966
11191	2838	967	967
11192	2838	968	968
11193	2839	969	969
11194	2839	970	970
11195	2839	971	971
11196	2839	972	972
11197	2840	973	973
11198	2840	974	974
11199	2840	975	975
11200	2840	976	976
11201	2841	977	977
11202	2841	978	978
11203	2841	979	979
11204	2841	980	980
11205	2842	981	981
11206	2842	982	982
11207	2842	983	983
11208	2842	984	984
11209	2843	985	985
11210	2843	986	986
11211	2843	987	987
11212	2843	988	988
11213	2844	989	989
11214	2844	990	990
11215	2844	991	991
11216	2844	992	992
11217	2845	993	993
11218	2845	994	994
11219	2845	995	995
11220	2845	996	996
11221	2846	997	997
11222	2846	998	998
11223	2846	999	999
11224	2846	1000	1000
11225	2847	1001	1001
11226	2847	1002	1002
11227	2847	1003	1003
11228	2847	1004	1004
11229	2848	1005	1005
11230	2848	1006	1006
11231	2848	1007	1007
11232	2848	1008	1008
11233	2862	1009	1009
11234	2863	1010	1010
11235	2849	1011	1011
11236	2849	1012	1012
11237	2849	1013	1013
11238	2849	1014	1014
11239	2850	1015	1015
11240	2850	1016	1016
11241	2850	1017	1017
11242	2850	1018	1018
11243	2851	1019	1019
11244	2851	1020	1020
11245	2851	1021	1021
11246	2851	1022	1022
11247	2852	1023	1023
11248	2852	1024	1024
11249	2852	1025	1025
11250	2852	1026	1026
11251	2853	1027	1027
11252	2853	1028	1028
11253	2853	1029	1029
11254	2853	1030	1030
11255	2854	1031	1031
11256	2854	1032	1032
11257	2854	1033	1033
11258	2854	1034	1034
11259	2855	1035	1035
11260	2855	1036	1036
11261	2855	1037	1037
11262	2855	1038	1038
11263	2856	1039	1039
11264	2856	1040	1040
11265	2856	1041	1041
11266	2856	1042	1042
11267	2857	1043	1043
11268	2857	1044	1044
11269	2857	1045	1045
11270	2857	1046	1046
11271	2858	1047	1047
11272	2858	1048	1048
11273	2858	1049	1049
11274	2858	1050	1050
11275	2859	1051	1051
11276	2859	1052	1052
11277	2859	1053	1053
11278	2859	1054	1054
11279	2860	1055	1055
11280	2860	1056	1056
11281	2860	1057	1057
11282	2860	1058	1058
11283	2861	1059	1059
11284	2861	1060	1060
11285	2861	1061	1061
11286	2864	1062	1062
11287	2864	1063	1063
11288	2864	1064	1064
11289	2864	1065	1065
11290	2865	1066	1066
11291	2865	1067	1067
11292	2865	1068	1068
11293	2865	1069	1069
11294	2866	1070	1070
11295	2866	1071	1071
11296	2866	1072	1072
11297	2866	1073	1073
11298	2867	1074	1074
11299	2867	1075	1075
11300	2867	1076	1076
11301	2867	1077	1077
11302	2868	1078	1078
11303	2868	1079	1079
11304	2868	1080	1080
11305	2868	1081	1081
11306	2869	1082	1082
11307	2869	1083	1083
11308	2869	1084	1084
11309	2869	1085	1085
11310	2870	1086	1086
11311	2870	1087	1087
11312	2870	1088	1088
11313	2870	1089	1089
11314	2871	1090	1090
11315	2871	1091	1091
11316	2871	1092	1092
11317	2871	1093	1093
11318	2872	1094	1094
11319	2872	1095	1095
11320	2872	1096	1096
11321	2872	1097	1097
11322	2873	1098	1098
11323	2873	1099	1099
11324	2873	1100	1100
11325	2873	1101	1101
11326	2874	1102	1102
11327	2874	1103	1103
11328	2874	1104	1104
11329	2874	1105	1105
11330	2875	1106	1106
11331	2875	1107	1107
11332	2875	1108	1108
11333	2875	1109	1109
11334	2876	1110	1110
11335	2876	1111	1111
11336	2876	1112	1112
11337	2876	1113	1113
11338	2877	1114	1114
11339	2877	1115	1115
11340	2877	1116	1116
11341	2877	1117	1117
11342	2878	1118	1118
11343	2878	1119	1119
11344	2878	1121	1121
11345	2878	1122	1122
11346	2879	1123	1123
11347	2879	1124	1124
11348	2879	1125	1125
11349	2879	1126	1126
11350	2880	1127	1127
11351	2880	1128	1128
11352	2880	1129	1129
11353	2880	1130	1130
11354	2881	1131	1131
11355	2881	1132	1132
11356	2881	1133	1133
11357	2881	1134	1134
11358	2882	1135	1135
11359	2882	1136	1136
11360	2882	1137	1137
11361	2882	1138	1138
11362	2883	1139	1139
11363	2883	1140	1140
11364	2883	1141	1141
11365	2883	1142	1142
11366	2884	1143	1143
11367	2884	1144	1144
11368	2884	1145	1145
11369	2884	1146	1146
11370	2885	1147	1147
11371	2885	1148	1148
11372	2885	1149	1149
11373	2885	1150	1150
11374	2886	1151	1151
11375	2886	1152	1152
11376	2886	1153	1153
11377	2886	1154	1154
11378	2887	1155	1155
11379	2887	1156	1156
11380	2887	1157	1157
11381	2887	1158	1158
11382	2888	1159	1159
11383	2888	1160	1160
11384	2888	1161	1161
11385	2888	1162	1162
11386	2889	1163	1163
11387	2889	1164	1164
11388	2889	1165	1165
11389	2889	1166	1166
11390	2890	1167	1167
11391	2890	1168	1168
11392	2890	1169	1169
11393	2890	1170	1170
11394	2891	1171	1171
11395	2891	1172	1172
11396	2891	1173	1173
11397	2891	1174	1174
11398	2892	1175	1175
11399	2892	1176	1176
11400	2892	1177	1177
11401	2892	1178	1178
11402	2893	1179	1179
11403	2893	1180	1180
11404	2893	1181	1181
11405	2893	1182	1182
11406	2894	1183	1183
11407	2894	1184	1184
11408	2894	1185	1185
11409	2894	1186	1186
11410	2895	1187	1187
11411	2895	1188	1188
11412	2895	1189	1189
11413	2895	1190	1190
11414	2896	1191	1191
11415	2896	1192	1192
11416	2896	1193	1193
11417	2896	1194	1194
11418	2897	1195	1195
11419	2897	1196	1196
11420	2897	1197	1197
11421	2897	1198	1198
11422	2898	1199	1199
11423	2898	1200	1200
11424	2898	1201	1201
11425	2898	1202	1202
11426	2899	1203	1203
11427	2899	1204	1204
11428	2899	1205	1205
11429	2899	1206	1206
11430	2906	1300	1300
11431	2906	1301	1301
11432	2902	1370	1370
11433	2902	1371	1371
11434	2902	1372	1372
11435	2902	1373	1373
11436	2903	1374	1374
11437	2903	1375	1375
11438	2903	1376	1376
11439	2903	1377	1377
11440	2904	1378	1378
11441	2904	1379	1379
11442	2904	1380	1380
11443	2904	1381	1381
11444	2905	1382	1382
11445	2905	1383	1383
11446	2905	1384	1384
11447	2905	1385	1385
11448	2906	1386	1386
11449	2906	1387	1387
11450	2907	1388	1388
11451	2907	1389	1389
11452	2907	1390	1390
11453	2907	1391	1391
11454	2908	1392	1392
11455	2908	1393	1393
11456	2908	1394	1394
11457	2908	1395	1395
11458	2909	1396	1396
11459	2909	1397	1397
11460	2909	1398	1398
11461	2909	1399	1399
11462	2910	1400	1400
11463	2910	1401	1401
11464	2910	1402	1402
11465	2910	1403	1403
11466	2911	1404	1404
11467	2911	1405	1405
11468	2911	1406	1406
11469	2911	1407	1407
11470	2927	1408	1408
11471	2927	1409	1409
11472	2927	1410	1410
11473	2927	1411	1411
11474	2928	1412	1412
11475	2928	1413	1413
11476	2928	1414	1414
11477	2928	1415	1415
11478	2929	1416	1416
11479	2929	1417	1417
11480	2929	1418	1418
11481	2929	1419	1419
11482	2931	1420	1420
11483	2931	1421	1421
11484	2931	1422	1422
11485	2931	1423	1423
11486	2912	1424	1424
11487	2912	1425	1425
11488	2912	1426	1426
11489	2912	1427	1427
11490	2922	1428	1428
11491	2922	1429	1429
11492	2922	1430	1430
11493	2922	1431	1431
11494	2923	1432	1432
11495	2923	1433	1433
11496	2923	1434	1434
11497	2923	1435	1435
11498	2925	1436	1436
11499	2925	1437	1437
11500	2925	1438	1438
11501	2925	1439	1439
11502	2926	1440	1440
11503	2926	1441	1441
11504	2926	1442	1442
11505	2926	1443	1443
11506	2924	1444	1444
11507	2924	1445	1445
11508	2924	1446	1446
11509	2924	1447	1447
11510	2913	1448	1448
11511	2913	1449	1449
11512	2913	1450	1450
11513	2913	1451	1451
11514	2914	1452	1452
11515	2914	1453	1453
11516	2914	1454	1454
11517	2914	1455	1455
11518	2915	1456	1456
11519	2915	1457	1457
11520	2915	1458	1458
11521	2915	1459	1459
11522	2916	1460	1460
11523	2916	1461	1461
11524	2916	1462	1462
11525	2916	1463	1463
11526	2917	1464	1464
11527	2917	1465	1465
11528	2917	1466	1466
11529	2917	1467	1467
11530	2918	1468	1468
11531	2918	1469	1469
11532	2918	1470	1470
11533	2918	1471	1471
11534	2919	1472	1472
11535	2919	1473	1473
11536	2919	1474	1474
11537	2919	1475	1475
11538	2920	1476	1476
11539	2920	1477	1477
11540	2920	1478	1478
11541	2920	1479	1479
11542	2921	1480	1480
11543	2921	1481	1481
11544	2921	1482	1482
11545	2921	1483	1483
11546	2930	1484	1484
11547	2930	1485	1485
11548	2930	1486	1486
11549	2930	1487	1487
11550	2932	1488	1488
11551	2932	1489	1489
11552	2932	1490	1490
11553	2932	1491	1491
11554	2933	1492	1492
11555	2933	1493	1493
11556	2933	1494	1494
11557	2933	1495	1495
11558	2934	1496	1496
11559	2934	1497	1497
11560	2934	1498	1498
11561	2934	1499	1499
11562	2935	1500	1500
11563	2935	1501	1501
11564	2935	1502	1502
11565	2935	1503	1503
11566	2936	1504	1504
11567	2936	1505	1505
11568	2936	1506	1506
11569	2936	1507	1507
11570	2937	1508	1508
11571	2937	1509	1509
11572	2937	1510	1510
11573	2937	1511	1511
11574	2938	1512	1512
11575	2938	1513	1513
11576	2938	1514	1514
11577	2969	1515	1515
11578	2938	1516	1516
11579	2948	1517	1517
11580	2948	1518	1518
11581	2948	1519	1519
11582	2948	1520	1520
11583	2939	1521	1521
11584	2939	1522	1522
11585	2939	1523	1523
11586	2939	1524	1524
11587	2940	1525	1525
11588	2940	1526	1526
11589	2940	1527	1527
11590	2940	1528	1528
11591	2941	1529	1529
11592	2941	1530	1530
11593	2941	1531	1531
11594	2941	1532	1532
11595	2942	1533	1533
11596	2942	1534	1534
11597	2942	1535	1535
11598	2942	1536	1536
11599	2943	1537	1537
11600	2943	1538	1538
11601	2943	1539	1539
11602	2943	1540	1540
11603	2944	1541	1541
11604	2944	1542	1542
11605	2944	1543	1543
11606	2944	1544	1544
11607	2945	1545	1545
11608	2945	1546	1546
11609	2945	1547	1547
11610	2945	1548	1548
11611	2946	1549	1549
11612	2946	1550	1550
11613	2946	1551	1551
11614	2946	1552	1552
11615	2947	1553	1553
11616	2947	1554	1554
11617	2947	1555	1555
11618	2947	1556	1556
11619	2949	1557	1557
11620	2949	1558	1558
11621	2949	1559	1559
11622	2949	1560	1560
11623	2950	1561	1561
11624	2950	1562	1562
11625	2950	1563	1563
11626	2950	1564	1564
11627	2967	1565	1565
11628	2967	1566	1566
11629	2967	1567	1567
11630	2967	1568	1568
11631	2900	1569	1569
11632	2900	1570	1570
11633	2900	1571	1571
11634	2900	1572	1572
11635	2951	1573	1573
11636	2951	1574	1574
11637	2951	1575	1575
11638	2951	1576	1576
11639	2954	1577	1577
11640	2954	1578	1578
11641	2954	1579	1579
11642	2954	1580	1580
11643	2957	1581	1581
11644	2957	1582	1582
11645	2957	1583	1583
11646	2957	1584	1584
11647	2958	1585	1585
11648	2958	1586	1586
11649	2958	1587	1587
11650	2958	1588	1588
11651	2960	1589	1589
11652	2960	1590	1590
11653	2960	1591	1591
11654	2960	1592	1592
11655	2965	1593	1593
11656	2965	1594	1594
11657	2965	1595	1595
11658	2965	1596	1596
11659	2968	1597	1597
11660	2968	1598	1598
11661	2968	1599	1599
11662	2968	1600	1600
11663	2961	1601	1601
11664	2961	1602	1602
11665	2961	1603	1603
11666	2961	1604	1604
11667	2956	1605	1605
11668	2956	1606	1606
11669	2956	1607	1607
11670	2956	1608	1608
11671	2966	1609	1609
11672	2966	1610	1610
11673	2966	1611	1611
11674	2966	1612	1612
11675	2953	1613	1613
11676	2953	1614	1614
11677	2953	1615	1615
11678	2953	1616	1616
11679	2955	1617	1617
11680	2955	1618	1618
11681	2955	1619	1619
11682	2955	1620	1620
11683	2959	1621	1621
11684	2959	1622	1622
11685	2959	1623	1623
11686	2959	1624	1624
11687	2962	1625	1625
11688	2962	1626	1626
11689	2962	1627	1627
11690	2962	1628	1628
11691	2964	1629	1629
11692	2964	1630	1630
11693	2964	1631	1631
11694	2964	1632	1632
11695	2963	1633	1633
11696	2963	1634	1634
11697	2963	1635	1635
11698	2963	1636	1636
11699	2952	1637	1637
11700	2952	1638	1638
11701	2952	1639	1639
11702	2952	1640	1640
11703	2969	1641	1641
11704	2969	1642	1642
11705	2969	1643	1643
11706	2970	2092	2092
11707	2970	2093	2093
11708	2970	2094	2094
11709	2970	2095	2095
11710	2971	2096	2096
11711	2971	2097	2097
11712	2971	2098	2098
11713	2971	2099	2099
11714	2901	2100	2100
11715	2901	2101	2101
11716	2901	2102	2102
11717	2901	2103	2103
\.


--
-- Data for Name: coin_transaction; Type: TABLE DATA; Schema: public; Owner: dev_service_user
--

COPY public.coin_transaction (id, creation_date, amount, is_gifted, user_id, activity_session_id, video_id, given_answer_id, given_answer_streak_id, activity_streak_id, shop_item_id) FROM stdin;
1	2022-10-04 10:05:21.595+00	10	f	1	3	\N	\N	\N	\N	\N
2	2022-10-04 10:10:22.743+00	10	f	1	4	\N	\N	\N	\N	\N
3	2022-10-04 10:36:53.47+00	10	f	7	5	\N	\N	\N	\N	\N
4	2022-10-04 10:37:05.942+00	10	f	1	6	\N	\N	\N	\N	\N
5	2022-10-04 10:50:18.171+00	10	f	7	8	\N	\N	\N	\N	\N
6	2022-10-04 10:55:18.887+00	10	f	7	9	\N	\N	\N	\N	\N
7	2022-10-04 11:34:07.725+00	10	f	8	14	\N	\N	\N	\N	\N
8	2022-10-04 11:40:10.542+00	10	f	8	15	\N	\N	\N	\N	\N
9	2022-10-04 11:54:16.407+00	10	f	8	18	\N	\N	\N	\N	\N
10	2022-10-04 13:22:28.017+00	10	f	9	26	\N	\N	\N	\N	\N
11	2022-10-04 13:27:28.737+00	10	f	9	27	\N	\N	\N	\N	\N
12	2022-10-04 15:11:05.695+00	10	f	9	36	\N	\N	\N	\N	\N
13	2022-10-04 15:12:13.571+00	1	f	8	\N	50	\N	\N	\N	\N
14	2022-10-04 15:35:22.309+00	10	f	10	38	\N	\N	\N	\N	\N
15	2022-10-04 15:42:13.189+00	10	f	11	39	\N	\N	\N	\N	\N
16	2022-10-04 15:51:18.562+00	10	f	12	40	\N	\N	\N	\N	\N
17	2022-10-04 15:53:20.681+00	1	f	12	\N	50	\N	\N	\N	\N
18	2022-10-04 16:28:01.051+00	10	f	12	41	\N	\N	\N	\N	\N
19	2022-10-04 16:42:40.97+00	10	f	12	43	\N	\N	\N	\N	\N
20	2022-10-04 17:05:57.166+00	10	f	13	51	\N	\N	\N	\N	\N
21	2022-10-04 17:21:30.013+00	10	f	13	57	\N	\N	\N	\N	\N
22	2022-10-04 18:29:28.674+00	10	f	13	59	\N	\N	\N	\N	\N
23	2022-10-04 18:32:00.053+00	10	f	14	61	\N	\N	\N	\N	\N
24	2022-10-04 18:33:18.119+00	10	f	15	62	\N	\N	\N	\N	\N
25	2022-10-04 18:40:22.798+00	1	f	15	\N	8	\N	\N	\N	\N
26	2022-10-04 18:46:57.487+00	10	f	16	71	\N	\N	\N	\N	\N
27	2022-10-04 19:39:58.392+00	10	f	16	72	\N	\N	\N	\N	\N
28	2022-10-05 05:56:53.641+00	10	f	1	91	\N	\N	\N	\N	\N
29	2022-10-05 07:55:06.205+00	10	f	8	92	\N	\N	\N	\N	\N
30	2022-10-05 07:55:46.503+00	10	f	1	93	\N	\N	\N	\N	\N
31	2022-10-05 08:04:42.47+00	10	f	1	94	\N	\N	\N	\N	\N
32	2022-10-05 08:06:57.687+00	10	f	15	95	\N	\N	\N	\N	\N
33	2022-10-05 08:07:14.289+00	10	f	17	96	\N	\N	\N	\N	\N
34	2022-10-05 08:09:06.465+00	10	f	12	97	\N	\N	\N	\N	\N
35	2022-10-05 08:14:56.34+00	10	f	8	100	\N	\N	\N	\N	\N
36	2022-10-05 08:24:06.508+00	10	f	8	101	\N	\N	\N	\N	\N
37	2022-10-05 09:56:58.384+00	10	f	15	105	\N	\N	\N	\N	\N
38	2022-10-05 09:57:54.466+00	10	f	17	106	\N	\N	\N	\N	\N
39	2022-10-05 10:22:51.187+00	1	f	8	\N	9	\N	\N	\N	\N
40	2022-10-05 10:52:12.859+00	1	f	8	\N	94	\N	\N	\N	\N
41	2022-10-05 14:48:27.666+00	10	f	13	123	\N	\N	\N	\N	\N
42	2022-10-05 14:48:35.517+00	10	f	18	124	\N	\N	\N	\N	\N
43	2022-10-05 15:00:39.082+00	10	f	18	126	\N	\N	\N	\N	\N
44	2022-10-05 15:25:39.925+00	10	f	18	127	\N	\N	\N	\N	\N
45	2022-10-05 15:50:29.885+00	10	f	20	131	\N	\N	\N	\N	\N
46	2022-10-05 17:31:38.576+00	10	f	20	132	\N	\N	\N	\N	\N
47	2022-10-05 17:37:00.431+00	10	f	20	133	\N	\N	\N	\N	\N
48	2022-10-05 17:46:21.751+00	1	f	1	\N	8	\N	\N	\N	\N
49	2022-10-05 18:30:56.529+00	10	f	15	135	\N	\N	\N	\N	\N
50	2022-10-05 20:13:28.196+00	1	f	1	\N	94	\N	\N	\N	\N
51	2022-10-05 20:13:43.701+00	1	f	1	\N	2	\N	\N	\N	\N
52	2022-10-06 05:11:11.294+00	10	f	20	143	\N	\N	\N	\N	\N
53	2022-10-06 05:11:13.962+00	10	f	8	144	\N	\N	\N	\N	\N
54	2022-10-06 05:52:47.16+00	10	f	20	145	\N	\N	\N	\N	\N
55	2022-10-06 05:54:24.166+00	10	f	8	146	\N	\N	\N	\N	\N
56	2022-10-06 08:10:39.765+00	10	f	8	147	\N	\N	\N	\N	\N
57	2022-10-06 08:29:49.71+00	10	f	21	148	\N	\N	\N	\N	\N
58	2022-10-06 08:34:50.695+00	10	f	21	149	\N	\N	\N	\N	\N
59	2022-10-06 08:39:51.732+00	10	f	21	150	\N	\N	\N	\N	\N
60	2022-10-06 09:14:27.697+00	5	f	21	\N	\N	\N	2	\N	\N
61	2022-10-06 09:14:56.533+00	1	f	21	\N	8	\N	\N	\N	\N
62	2022-10-06 09:16:13.681+00	1	f	21	\N	15	\N	\N	\N	\N
63	2022-10-06 09:28:17.666+00	1	f	21	\N	142	\N	\N	\N	\N
64	2022-10-06 09:29:40.115+00	1	f	21	\N	\N	1167	\N	\N	\N
65	2022-10-07 08:28:08.519+00	10	f	8	171	\N	\N	\N	\N	\N
66	2022-10-07 08:43:22.816+00	10	f	15	172	\N	\N	\N	\N	\N
67	2022-10-07 10:37:36.008+00	10	f	8	173	\N	\N	\N	\N	\N
68	2022-10-07 13:33:56.694+00	10	f	8	174	\N	\N	\N	\N	\N
69	2022-10-07 16:04:17.538+00	10	f	1	178	\N	\N	\N	\N	\N
70	2022-10-07 16:24:33.79+00	10	f	1	180	\N	\N	\N	\N	\N
71	2022-10-07 16:40:54.04+00	10	f	1	181	\N	\N	\N	\N	\N
72	2022-10-07 17:14:32.251+00	10	f	18	185	\N	\N	\N	\N	\N
73	2022-10-07 17:52:06.58+00	10	f	18	190	\N	\N	\N	\N	\N
74	2022-10-07 19:12:39.922+00	10	f	2	195	\N	\N	\N	\N	\N
75	2022-10-07 19:48:38.489+00	10	f	15	199	\N	\N	\N	\N	\N
76	2022-10-08 06:24:13.885+00	10	f	1	202	\N	\N	\N	\N	\N
77	2022-10-08 06:52:09.483+00	10	f	1	203	\N	\N	\N	\N	\N
78	2022-10-08 07:18:54.693+00	10	f	1	204	\N	\N	\N	\N	\N
79	2022-10-09 08:56:43.372+00	10	f	1	218	\N	\N	\N	\N	\N
80	2022-10-09 09:37:14.987+00	10	f	1	219	\N	\N	\N	\N	\N
81	2022-10-09 10:37:00.723+00	10	f	1	220	\N	\N	\N	\N	\N
82	2022-10-09 10:37:14.392+00	1	f	1	\N	8	\N	\N	\N	\N
83	2022-10-09 21:20:56.296+00	10	f	8	232	\N	\N	\N	\N	\N
84	2022-10-10 06:02:30.853+00	10	f	1	234	\N	\N	\N	\N	\N
85	2022-10-10 06:56:03.454+00	10	f	1	235	\N	\N	\N	\N	\N
86	2022-10-10 06:58:51.257+00	10	f	8	236	\N	\N	\N	\N	\N
87	2022-10-10 08:08:16.334+00	10	f	1	237	\N	\N	\N	\N	\N
88	2022-10-10 10:10:45.468+00	1	f	1	\N	50	\N	\N	\N	\N
89	2022-10-10 10:18:57.986+00	1	f	1	\N	190	\N	\N	\N	\N
90	2022-10-10 17:02:25.411+00	10	f	23	255	\N	\N	\N	\N	\N
91	2022-10-10 18:21:23.948+00	10	f	26	257	\N	\N	\N	\N	\N
92	2022-10-10 18:26:25.811+00	10	f	26	259	\N	\N	\N	\N	\N
93	2022-10-10 20:56:01.137+00	1	f	1	\N	90	\N	\N	\N	\N
94	2022-10-10 21:17:51.399+00	1	f	1	\N	9	\N	\N	\N	\N
95	2022-10-10 21:20:27.077+00	1	f	1	\N	94	\N	\N	\N	\N
96	2022-10-10 21:22:22.052+00	1	f	1	\N	\N	1189	\N	\N	\N
97	2022-10-10 21:24:32.357+00	1	f	1	\N	2	\N	\N	\N	\N
98	2022-10-10 21:27:43.112+00	1	f	1	\N	\N	1190	\N	\N	\N
99	2022-10-10 21:28:21.005+00	1	f	1	\N	95	\N	\N	\N	\N
100	2022-10-11 07:16:19.082+00	10	f	1	266	\N	\N	\N	\N	\N
101	2022-10-11 07:30:54.754+00	10	f	1	267	\N	\N	\N	\N	\N
102	2022-10-11 07:47:34.803+00	10	f	1	268	\N	\N	\N	\N	\N
103	2022-10-11 13:20:59.344+00	10	f	8	289	\N	\N	\N	\N	\N
104	2022-10-11 13:26:22.146+00	10	f	8	291	\N	\N	\N	\N	\N
105	2022-10-11 13:32:01.527+00	1	f	1	\N	97	\N	\N	\N	\N
106	2022-10-11 13:41:50.717+00	10	f	8	293	\N	\N	\N	\N	\N
107	2022-10-11 13:43:20.649+00	1	f	8	\N	235	\N	\N	\N	\N
108	2022-10-11 13:45:04.831+00	1	f	8	\N	238	\N	\N	\N	\N
109	2022-10-11 13:47:10.634+00	1	f	8	\N	203	\N	\N	\N	\N
110	2022-10-11 13:48:11.99+00	1	f	8	\N	\N	1197	\N	\N	\N
111	2022-10-12 07:54:33.765+00	10	f	1	337	\N	\N	\N	\N	\N
112	2022-10-12 08:57:33.21+00	10	f	1	338	\N	\N	\N	\N	\N
113	2022-10-12 09:07:47.787+00	10	f	1	339	\N	\N	\N	\N	\N
114	2022-10-12 09:28:47.324+00	1	f	1	\N	\N	1280	\N	\N	\N
115	2022-10-12 09:49:32.253+00	1	f	1	\N	\N	1284	\N	\N	\N
116	2022-10-12 09:49:37.809+00	1	f	1	\N	\N	1285	\N	\N	\N
117	2022-10-12 11:48:15.187+00	1	f	1	\N	98	\N	\N	\N	\N
118	2022-10-12 11:59:08.41+00	1	f	1	\N	335	\N	\N	\N	\N
119	2022-10-12 12:00:14.694+00	1	f	1	\N	99	\N	\N	\N	\N
120	2022-10-12 14:31:48.777+00	10	f	8	365	\N	\N	\N	\N	\N
121	2022-10-12 15:11:48.454+00	10	f	8	366	\N	\N	\N	\N	\N
122	2022-10-12 15:31:15.716+00	10	f	8	369	\N	\N	\N	\N	\N
123	2022-10-12 15:33:43.276+00	1	f	1	\N	\N	1289	\N	\N	\N
124	2022-10-13 06:55:40.474+00	10	f	1	396	\N	\N	\N	\N	\N
125	2022-10-13 08:00:14.674+00	10	f	1	397	\N	\N	\N	\N	\N
126	2022-10-13 08:05:15.666+00	10	f	1	398	\N	\N	\N	\N	\N
127	2022-10-13 10:55:52.555+00	10	f	8	417	\N	\N	\N	\N	\N
128	2022-10-13 11:17:56.428+00	10	f	34	419	\N	\N	\N	\N	\N
129	2022-10-13 11:18:32.516+00	10	f	8	420	\N	\N	\N	\N	\N
130	2022-10-13 11:23:28.372+00	10	f	36	422	\N	\N	\N	\N	\N
131	2022-10-13 11:30:54.991+00	10	f	36	424	\N	\N	\N	\N	\N
132	2022-10-13 11:36:01.681+00	10	f	36	426	\N	\N	\N	\N	\N
133	2022-10-13 12:00:19.834+00	10	f	37	428	\N	\N	\N	\N	\N
134	2022-10-13 12:07:11.526+00	10	f	37	430	\N	\N	\N	\N	\N
135	2022-10-13 12:11:48.034+00	1	f	36	\N	8	\N	\N	\N	\N
136	2022-10-13 12:12:12.411+00	10	f	37	432	\N	\N	\N	\N	\N
137	2022-10-13 13:34:31.229+00	1	f	1	\N	13	\N	\N	\N	\N
138	2022-10-13 16:55:18.735+00	10	f	38	453	\N	\N	\N	\N	\N
139	2022-10-13 18:51:41.147+00	10	f	38	464	\N	\N	\N	\N	\N
140	2022-10-13 18:56:50.412+00	10	f	38	465	\N	\N	\N	\N	\N
141	2022-10-13 19:16:57.908+00	1	f	38	\N	90	\N	\N	\N	\N
142	2022-10-13 19:20:28.626+00	1	f	38	\N	\N	1348	\N	\N	\N
143	2022-10-13 19:23:35.111+00	10	f	39	470	\N	\N	\N	\N	\N
144	2022-10-13 20:27:50.562329+00	200	t	38	\N	\N	\N	\N	\N	\N
145	2022-10-13 20:30:36.066+00	10	f	40	487	\N	\N	\N	\N	\N
146	2022-10-13 20:33:56.228+00	10	f	41	489	\N	\N	\N	\N	\N
147	2022-10-14 06:53:23.682+00	10	f	1	490	\N	\N	\N	\N	\N
148	2022-10-14 06:53:45.516+00	10	f	38	491	\N	\N	\N	\N	\N
149	2022-10-14 06:54:32.935+00	10	f	40	492	\N	\N	\N	\N	\N
150	2022-10-14 06:58:46.561+00	10	f	38	493	\N	\N	\N	\N	\N
151	2022-10-14 07:02:39.998+00	10	f	41	494	\N	\N	\N	\N	\N
152	2022-10-14 07:03:47.594+00	10	f	38	495	\N	\N	\N	\N	\N
153	2022-10-14 07:59:49.682+00	10	f	41	496	\N	\N	\N	\N	\N
154	2022-10-14 08:04:50.839+00	10	f	41	498	\N	\N	\N	\N	\N
155	2022-10-14 08:09:32.344+00	10	f	43	500	\N	\N	\N	\N	\N
156	2022-10-14 08:14:31.537+00	10	f	1	503	\N	\N	\N	\N	\N
157	2022-10-14 08:14:33.315+00	10	f	43	504	\N	\N	\N	\N	\N
158	2022-10-14 08:19:32.598+00	10	f	1	507	\N	\N	\N	\N	\N
159	2022-10-14 08:19:34.329+00	10	f	43	508	\N	\N	\N	\N	\N
160	2022-10-14 09:29:01.239+00	10	f	45	525	\N	\N	\N	\N	\N
161	2022-10-14 09:35:58.928+00	10	f	46	529	\N	\N	\N	\N	\N
162	2022-10-14 09:44:42.879+00	10	f	47	533	\N	\N	\N	\N	\N
163	2022-10-14 11:45:31.941+00	10	f	47	534	\N	\N	\N	\N	\N
164	2022-10-14 12:02:44.036+00	10	f	46	543	\N	\N	\N	\N	\N
165	2022-10-14 13:17:35.481+00	10	f	48	546	\N	\N	\N	\N	\N
166	2022-10-14 13:21:36.299+00	10	f	46	549	\N	\N	\N	\N	\N
167	2022-10-14 13:30:28.688+00	10	f	48	553	\N	\N	\N	\N	\N
168	2022-10-14 13:35:29.502+00	10	f	48	556	\N	\N	\N	\N	\N
169	2022-10-16 18:04:10.178+00	10	f	41	568	\N	\N	\N	\N	\N
170	2022-10-16 18:07:36.697+00	10	f	48	569	\N	\N	\N	\N	\N
171	2022-10-16 18:09:03.981+00	10	f	46	570	\N	\N	\N	\N	\N
172	2022-10-16 18:09:10.361+00	10	f	41	571	\N	\N	\N	\N	\N
173	2022-10-16 18:12:37.625+00	10	f	48	572	\N	\N	\N	\N	\N
174	2022-10-16 18:14:11.276+00	10	f	41	573	\N	\N	\N	\N	\N
175	2022-10-16 18:17:38.685+00	10	f	48	574	\N	\N	\N	\N	\N
176	2022-10-17 06:59:05.692+00	10	f	1	579	\N	\N	\N	\N	\N
177	2022-10-17 07:03:09.522+00	10	f	41	580	\N	\N	\N	\N	\N
178	2022-10-17 07:04:06.93+00	10	f	1	581	\N	\N	\N	\N	\N
179	2022-10-17 07:08:10.429+00	10	f	41	582	\N	\N	\N	\N	\N
180	2022-10-17 07:13:11.487+00	10	f	41	583	\N	\N	\N	\N	\N
181	2022-10-17 09:45:16.206+00	10	f	1	610	\N	\N	\N	\N	\N
182	2022-10-17 13:18:06.036+00	10	f	48	620	\N	\N	\N	\N	\N
183	2022-10-17 13:23:06.987+00	10	f	48	621	\N	\N	\N	\N	\N
184	2022-10-18 05:35:07.922+00	10	f	1	626	\N	\N	\N	\N	\N
185	2022-10-18 06:06:43.443+00	10	f	1	627	\N	\N	\N	\N	\N
186	2022-10-18 09:04:23.782+00	10	f	1	628	\N	\N	\N	\N	\N
187	2022-10-18 10:02:38.93+00	10	f	41	629	\N	\N	\N	\N	\N
188	2022-10-18 10:06:23.771+00	10	f	48	630	\N	\N	\N	\N	\N
189	2022-10-18 10:07:40.104+00	10	f	41	631	\N	\N	\N	\N	\N
190	2022-10-18 10:13:11.313+00	10	f	48	632	\N	\N	\N	\N	\N
191	2022-10-18 10:23:59.201+00	10	f	41	633	\N	\N	\N	\N	\N
192	2022-10-19 10:17:56.986+00	10	f	41	656	\N	\N	\N	\N	\N
193	2022-10-19 10:22:43.396+00	10	f	48	657	\N	\N	\N	\N	\N
194	2022-10-19 10:27:44.345+00	10	f	48	658	\N	\N	\N	\N	\N
195	2022-10-19 10:37:38.22+00	10	f	48	659	\N	\N	\N	\N	\N
196	2022-10-20 15:03:58.049+00	10	f	1	671	\N	\N	\N	\N	\N
197	2022-10-21 06:54:25.674+00	10	f	41	672	\N	\N	\N	\N	\N
198	2022-10-23 16:38:04.286+00	10	f	41	673	\N	\N	\N	\N	\N
199	2022-10-23 16:46:50.67+00	10	f	41	674	\N	\N	\N	\N	\N
200	2022-10-23 16:54:18.814+00	10	f	41	675	\N	\N	\N	\N	\N
201	2022-10-24 07:35:41.776+00	10	f	41	679	\N	\N	\N	\N	\N
202	2022-10-24 08:49:05.035+00	10	f	41	680	\N	\N	\N	\N	\N
203	2022-10-24 08:54:06.207+00	10	f	41	681	\N	\N	\N	\N	\N
204	2022-10-24 11:44:14.044+00	10	f	1	690	\N	\N	\N	\N	\N
205	2022-10-24 13:21:24.574+00	10	f	1	703	\N	\N	\N	\N	\N
206	2022-10-24 13:28:31.659+00	10	f	1	704	\N	\N	\N	\N	\N
207	2022-10-25 09:16:15.875+00	10	f	1	706	\N	\N	\N	\N	\N
208	2022-10-25 10:03:15.128+00	10	f	1	707	\N	\N	\N	\N	\N
209	2022-10-25 15:45:50.624+00	10	f	1	708	\N	\N	\N	\N	\N
210	2022-10-26 09:48:08.665+00	10	f	1	709	\N	\N	\N	\N	\N
211	2022-10-27 08:30:51.348+00	10	f	1	710	\N	\N	\N	\N	\N
212	2022-10-27 08:35:52.483+00	10	f	1	711	\N	\N	\N	\N	\N
213	2022-10-27 08:40:53.69+00	10	f	1	712	\N	\N	\N	\N	\N
\.


--
-- Data for Name: comment; Type: TABLE DATA; Schema: public; Owner: dev_service_user
--

COPY public.comment (id, deletion_date, creation_date, text, is_question, is_anonymous, parent_comment_id, user_id, video_version_id, video_id) FROM stdin;
1	\N	2022-10-04 10:02:36.046+00	Nagyon hasznos vide volt! Egy olyan krdsem lenne, hogy nincs esetleg valamilyen billentykombinci arra, hogy gyorsan lehessen oszlopokat elrejteni?	f	f	\N	1	89	\N
2	\N	2022-10-04 10:02:36.046+00	n erre a CTRL + 0-t szoktam hasznlni!	f	f	1	2	89	\N
3	\N	2022-10-04 10:02:36.046+00	Pontosan, ahogyan Melinda rja, ha pedig sorokat szeretnl elrejteni, gy a CTRL + 9 kombincit ajnlom.	f	f	1	3	89	\N
4	\N	2022-10-04 10:02:36.046+00	Sziasztok! n hasznltam a fenti kombincikat, viszont vletlenl olyan oszlopokat is elrejtettem, amiket nem szerettem volna. Hogyan tudom gyorsan visszahozni ket? A CTRL + Z parancsot prbltam, viszont kzben dolgoztam mson is, gy azokat is vissza akarja vonni :(	f	f	\N	3	89	\N
5	\N	2022-10-04 10:02:36.046+00	Visszahozni (Felfeds) gy tudod az oszlopokat, hogy egyben (Shift nyl) kijellsz az eltte s utna lv oszlopban is legalbb 1-1 cellt, majd megnyomod a Ctrl Shift 8 kombincit. (Ez Windowson biztosan mkdik, Mac-en rdemes utna nzni a megfelel kombincinak, de ha erre rkeresel, mr segteni fog)	f	f	4	3	89	\N
\.


--
-- Data for Name: company; Type: TABLE DATA; Schema: public; Owner: dev_service_user
--

COPY public.company (id, deletion_date, name, domain, legal_name, primary_color, secondary_color, backdrop_color, is_custom_domain_company, logo_file_id, cover_file_id, is_survey_required) FROM stdin;
2	\N	EpistoGram	epistogram.com	EpistoGram Kft.	rgb(151, 201, 204)	rgb(77,105,127)	rgb(151, 201, 204, 0.1)	t	477	476	t
3	\N	Meldik	melodiak.epistogram.com	Meldik	rgba(0,164,235,1)	rgba(47,75,116,1)	rgba(0,164,235,1)	f	491	492	t
1	\N	Henkel	henkel.epistogram.com	Henkel Kft.	\N	\N	rgba(29,103,132,1)	t	\N	\N	t
4	\N	A Te Cged Kft.	ateceged.epistogram.com	A Te Cged	rgba(29,103,132,1)	rgba(19,80,104,1)	rgba(29,103,132,1)	f	507	506	t
\.


--
-- Data for Name: company_owner_bridge; Type: TABLE DATA; Schema: public; Owner: dev_service_user
--

COPY public.company_owner_bridge (id, user_id, company_id) FROM stdin;
1	3	1
2	1	2
\.


--
-- Data for Name: connection_test_table; Type: TABLE DATA; Schema: public; Owner: dev_service_user
--

COPY public.connection_test_table ("columnA") FROM stdin;
\.


--
-- Data for Name: constant_value; Type: TABLE DATA; Schema: public; Owner: dev_service_user
--

COPY public.constant_value (id, key, value) FROM stdin;
1	POINTS_PER_QUESTION	4
\.


--
-- Data for Name: course; Type: TABLE DATA; Schema: public; Owner: dev_service_user
--

COPY public.course (id, deletion_date) FROM stdin;
1	2022-10-04 10:30:44.33683
2	2022-10-04 10:30:44.33683
3	2022-10-04 10:30:44.33683
4	2022-10-04 10:30:44.33683
5	2022-10-04 10:30:44.33683
6	2022-10-04 10:30:44.33683
7	\N
8	\N
9	\N
10	\N
11	\N
\.


--
-- Data for Name: course_access_bridge; Type: TABLE DATA; Schema: public; Owner: dev_service_user
--

COPY public.course_access_bridge (id, course_id, user_id, company_id) FROM stdin;
1	8	\N	1
2	9	\N	1
3	7	\N	1
4	8	\N	2
5	6	\N	2
6	4	\N	2
7	10	\N	2
8	7	\N	2
9	9	\N	2
10	9	\N	3
11	10	\N	3
12	7	\N	4
13	8	\N	4
14	9	\N	4
15	10	\N	4
\.


--
-- Data for Name: course_category; Type: TABLE DATA; Schema: public; Owner: dev_service_user
--

COPY public.course_category (id, name, parent_category_id) FROM stdin;
1	Szoftverfejleszts	\N
2	zlet s vllalkozs	\N
3	Pnzgyek	\N
4	IT s szoftverek	\N
5	Irodai alkalmazsok	\N
6	nfejleszts, softskillek	\N
7	Design s multimdia	\N
8	Marketing	\N
9	letmd	\N
10	Nyelvtanuls	\N
11	Webfejleszts	1
12	Data Science	1
13	Mobil fejleszts	1
14	Szoftvertesztels	1
15	Fejleszti eszkzk	1
16	Programnyelvek	1
17	Vllalkozs	2
18	Management	2
19	Kommunikci	2
20	Sales	2
21	Stratgia	2
22	Project management	2
23	zleti jog	2
24	zleti analzis	2
25	Emberi erforrsok	2
26	E-Commerce	2
27	Ingatlanbefektets	2
28	Knyvels s szmvitel	3
29	Szabvnyok	3
30	Kzgazdasg	3
31	Pnzgy	3
32	Befektets s kereskeds	3
33	Adzs	3
34	Kriptovalutk	3
35	Certifikcik	4
36	Hlzat s biztonsg	4
37	Hardver	4
38	Opercis rendszerek	4
39	Egyb IT	4
40	Microsoft	5
41	Apple	5
42	Google	5
43	SAP	5
44	Egyb irodai alkalmazsok	5
45	Webdesign	7
46	Grafika s illusztrci	7
47	Grafikai szoftverek	7
48	UX Design	7
49	3D s animci	7
50	Interior design	7
51	Webdesign	8
52	Keresoptimalizls (SEO)	8
53	Social Media Marketing	8
54	Branding	8
55	Marketing alapismeretek	8
56	Marketing analtis s automatizls	8
57	PR	8
58	Fizetett hirdetsek	8
59	Fizetett hirdetsek	9
60	Mvszetek	9
61	Gaming	9
62	Szpsgpols	9
63	zleti nyelvtanfolyam	10
64	Trsalgsi nyelvismeretek	10
\.


--
-- Data for Name: course_completion; Type: TABLE DATA; Schema: public; Owner: dev_service_user
--

COPY public.course_completion (id, course_version_id, user_id) FROM stdin;
\.


--
-- Data for Name: course_data; Type: TABLE DATA; Schema: public; Owner: dev_service_user
--

COPY public.course_data (id, modification_date, title, short_description, description, difficulty, benchmark, previously_completed_count, language, technical_requirements, requirements_description, is_featured, skill_benefits, human_skill_benefits, human_skill_benefits_description, visibility, category_id, sub_category_id, teacher_id, cover_file_id, is_prequiz_required, is_pretest_required) FROM stdin;
1	2022-01-15 14:18:32.557+00	Canva Vllalkozsoknak			3.5	4.5	0	magyar			f				private	7	11	1	466	t	t
2	2022-01-15 16:02:23.13+00	Cyberbiztonsg az irodban			1.5	3.5	0	magyar			f				private	4	12	1	467	t	t
3	2022-01-14 21:52:26.14+00	Instagram gyorstalpal			1.5	3.5	0	magyar			f				private	8	12	1	470	t	t
4	2022-01-14 21:52:38.751+00	Google Ads Alapoz			1.5	3.5	0	magyar			f				private	8	12	1	471	t	t
5	2022-01-14 21:52:50.323+00	Adatbnyszat Pythonnal			1.5	3.5	0	magyar			f				private	1	12	1	473	t	t
6	2022-01-14 21:54:26.151+00	LinkedIn vllalkozsoknak			1.5	3.5	0	magyar			f				private	8	12	1	472	t	t
8	2022-01-14 21:55:20.139+00	OBS alapok			1.5	4	27	magyar			f				public	7	12	1	469	t	t
11	2022-10-14 08:14:39.017+00	New course			0	0	0	magyar			f				private	1	1	1	\N	t	t
7	2022-02-02 15:39:50.354+00	Microsoft Word Alapok	A Microsoft Word a maga nemben igazi svjci bicsknak szmt, amellyel produktv eszkzk szles trhza nylik meg eltted.Hasznlhatod akr to-do lista, bortkok, levelek, knyvek s kiadvnyok ksztsre is ezltal rengeteg idt sprolhatsz a htkznapokban.	Word kurzusunk sorn elszr a program legalapvetbb elrendezst s funkciit ismerheted meg, majd megtantunk hogyan formzd meg dokumentumaidat gy ahogyan a profik.Ezutn tbb s tbb gyakorlati tanccsal fogunk elltni, hogy megknnytsk a program hasznlatt a mindennapok sorn s rtkes idt sproljunk szmodra.Vgl pedig rszletesen bemutatjuk a Wordben tallhat legtbb vizulis eszkzt s azok hasznlatt, hogy ne csak szveges formban legyen lehetsged kifejezni a gondolataidat. 	5	4	19	magyar	Windows vagy macOS rendszer szmtgp (utbbin nmileg eltrhet a megjelens), Legalbb Microsoft Office 2016 vagy ennl magasabb verzi, * Ajnlott 2 monitorral kvetni a kurzust az optimlis haladsrt		t	Megtanulod hogyan formzz meg brmilyen szveget akr jsgcikkekhez, knyvekhez. | Megtanulod a Word vizulis eszkzei ltal szemlltetni a mondandd s mindezt kpes leszel nyomtathat s publiklhat formba lteni. | Kpes leszel helyes, konzisztensen formzott dokumentumokat ltrehozni.	Szmtstechnikai ismeretek: 8 | Tervezsi kszsgek: 2 | Kreativits: 7 | Hatkony munkavgzs: 9 | Csapatmunka: 1	Feltlts alatt...	public	4	12	1	475	t	t
9	2022-02-11 14:18:39.393+00	Microsoft PowerPoint Alapok	Legyen sz akr eladsrl, idztett tanulkrtykrl vagy egy fotalbum animlt levettsrl, a PowerPoint mindegyik feladatra kivl eszkz.Szleskr testreszabsi lehetsgeinek ksznheten kreatvan, knnyedn s elegnsan mutathatod be gondolataidat brkinek. 	PowerPoint kurzusunk sorn trekedtnk az egyszer rthetsgre, hogy mr szinte minimlis szmtgpes ismeret is elegend legyen a program elsajttshoz.Nagy hangslyt fektettnk a PowerPoint legnagyobb rszt alkot vizulis eszkzk bemutatsra, legyen sz mindenfle szvegrl, kprl, ll vagy mozg alakzatrl, de akr viderl is, gy prezentcidnak egsz biztosan csak a kpzeleted szabhat hatrt.Tovbb nhny hasznos praktikt is megtantunk, melyek segtsgvel idt sprolhatsz s magabiztossgot szerezhetsz mind a kszts, mind az elads sorn.	1.5	3.5	0	magyar	Windows vagy macOS rendszer szmtgp (utbbin nmileg eltrhet a megjelens), Legalbb Microsoft Office 2016 vagy ennl magasabb verzi, * Ajnlott 2 monitorral kvetni a kurzust az optimlis haladsrt		t	Megtanulod a PowerPoint alapvet elrendezst, prezentcik ksztst s az ehhez szksges szmtgpes ismereteket is. | Megtanulod hogyan formzhatsz brmilyen szveget vagy vizulis elemet | Megismerkedsz a diavetts funkci rszleteivel, az idztssel s az ttnsekkel	nkifejezs: 5 | Kreativits: 9 | Szmtgpes ismeretek: 5 | Hatkony munkavgzs: 2 | Tervezsi kszsgek: 4	A PowerPoint egy j szintre helyezi a kreativitsod, merni fogsz btran ksrletezni a rengeteg eszkzzel s azok opciival, hogy megalkothasd a legegyedibb prezentcikat.Ezltal knnyebben kifejezheted magad s gyorsabban tervezheted meg egy elads felptst is.	public	4	12	1	468	t	t
10	2022-02-02 11:45:50.036+00	Microsoft Excel Alapok	Formzsok, kpletek, fggvnyek.Sokunk szmra mr rjuk gondolni is kellemetlen, dolgozni, pedig vgkpp nem szeretnnk velk.Office tanfolyamsorozatunk oszlopos tagjaknt Excel kurzusunk sallangmentesen, s mindenki szmra kzrtheten segt megrteni, hogyan hasznlhatjuk hatkonyan a Microsoft zld tblzatkezeljt.	Excel alapoz kurzusunk egszen az alapoktl mutatja be a program mkdst. Rszletesen ismerheted meg a klnbz menpontokat, elrendezseket, majd a munkaterlet feltrkpezse utn az alapvet mveletek elvgzsnek kezdhetsz neki.A formzsok elsajttsa utn a fggvnyek trhzval ismerkedhetsz meg, melyek hatalmas segtsget jelentenek bonyolultnak tn feladatok szempillants alatt val megoldsban, s a klnbz kpek, alakzatok beszrst is elsajtthatod.Az Excel rendkvl ers trsad lehet egy - egy adat, kimutats, riport prezentlsban is, elengedhetetlen teht, hogy az ehhez ill diagramokat, grafikonokat is mesterien kezeld.	4.5	4	23	magyar	Windows vagy macOS rendszer szmtgp (utbbin nmileg eltrhet a megjelens), | Legalbb Microsoft Office 2016 vagy ennl magasabb verzi | Ajnlott 2 monitorral kvetni a kurzust az optimlis haladsrt		f	Megtanulod a cellk, oszlopok & sorok s munkalapok kezelst valamint szerkesztst, Megmutatjuk mi hol van Excelben - tbb nem fogsz elveszni a belltsokban	Logika: 7 | Analitikus gondolkods: 6 | Problmamegolds: 4 | Szmtstechnikai ismeretek: 3 | Rendszerez kszsg: 4 | Hatkony munkavgzs: 9	Az Excel segtsgvel meglthatod a szmadatokban rejl valdi rtket s kpess vlsz akr komplex statisztikai elemzsek ksztsre, ezltal fejlesztheted a logikd s az analitikus gondolkodsod.Kurzusunk segt tovbb abban, hogy megfelel szmtgpes ismeretet sajtts el s ezltal a htkznapokban megtbbszrzd a munkateljestmnyed.	public	4	12	1	474	t	t
\.


--
-- Data for Name: course_item_completion; Type: TABLE DATA; Schema: public; Owner: dev_service_user
--

COPY public.course_item_completion (id, completion_date, exam_version_id, video_version_id, user_id, answer_session_id) FROM stdin;
1	2022-09-28 12:37:36.132+00	33	\N	1	7
2	2022-10-04 10:42:41.436+00	31	\N	7	17
3	2022-10-04 10:43:58.746+00	28	\N	1	19
6	2022-10-04 10:45:12.227+00	29	\N	1	20
7	2022-10-04 11:21:15.176+00	49	\N	1	22
8	2022-10-04 11:42:19.504+00	63	\N	8	31
9	2022-10-04 11:43:49.119+00	42	\N	8	32
24	2022-10-04 14:15:43.143+00	77	\N	1	53
25	2022-10-04 14:16:05.101+00	77	\N	8	55
26	2022-10-04 14:16:57.035+00	77	\N	8	56
27	2022-10-04 14:17:13.374+00	28	\N	1	57
28	2022-10-04 14:19:45.612+00	42	\N	8	61
29	2022-10-04 14:20:15.851+00	42	\N	8	63
30	2022-10-04 15:08:49.951+00	29	\N	1	67
32	2022-10-04 15:12:13.306+00	\N	49	8	\N
33	2022-10-04 15:13:13.875+00	28	\N	8	72
34	2022-10-04 15:36:49.727+00	42	\N	10	77
35	2022-10-04 15:39:15.511+00	77	\N	10	78
36	2022-10-04 15:39:39.338+00	28	\N	10	80
37	2022-10-04 15:40:02.878+00	29	\N	10	82
38	2022-10-04 15:40:27.259+00	42	\N	10	84
39	2022-10-04 15:43:20.498+00	77	\N	11	87
40	2022-10-04 15:43:48.494+00	42	\N	11	89
41	2022-10-04 15:45:58.271+00	95	\N	11	90
42	2022-10-04 15:52:19.648+00	77	\N	12	93
43	2022-10-04 15:52:46.003+00	28	\N	12	95
44	2022-10-04 15:53:10.787+00	29	\N	12	97
45	2022-10-04 15:53:20.39+00	\N	49	12	\N
46	2022-10-04 17:07:10.613+00	77	\N	13	105
47	2022-10-04 17:09:19.523+00	28	\N	13	107
48	2022-10-04 17:10:36.822+00	95	\N	13	109
49	2022-10-04 18:33:34.634+00	95	\N	14	118
50	2022-10-04 18:34:31.696+00	95	\N	15	121
51	2022-10-04 18:35:18.012+00	95	\N	15	122
52	2022-10-04 18:35:19.425+00	88	\N	14	120
53	2022-10-04 18:37:08.873+00	95	\N	15	124
54	2022-10-04 18:37:20.837+00	95	\N	15	126
55	2022-10-04 18:37:30.493+00	77	\N	14	127
56	2022-10-04 18:37:42.658+00	95	\N	15	128
57	2022-10-04 18:38:25.562+00	77	\N	15	130
58	2022-10-04 18:38:50.997+00	28	\N	14	131
59	2022-10-04 18:38:51.934+00	95	\N	15	133
60	2022-10-04 18:40:22.513+00	\N	1175	15	\N
61	2022-10-04 18:42:36.17+00	95	\N	15	142
62	2022-10-04 18:44:28.129+00	95	\N	8	144
63	2022-10-04 18:48:43.38+00	95	\N	16	147
64	2022-10-05 08:08:30.313+00	95	\N	17	151
65	2022-10-05 08:09:38.038+00	95	\N	15	153
66	2022-10-05 08:13:09.299+00	95	\N	15	154
67	2022-10-05 10:22:50.918+00	\N	1177	8	\N
68	2022-10-05 10:52:12.6+00	\N	1178	8	\N
\.


--
-- Data for Name: course_rating_group; Type: TABLE DATA; Schema: public; Owner: dev_service_user
--

COPY public.course_rating_group (id, name) FROM stdin;
1	Elgedettsg az oktatval
2	A videk rtkelse
3	Krdsek, tesztek rtkelse
4	Kurzus szveges rtkelse
\.


--
-- Data for Name: course_rating_question; Type: TABLE DATA; Schema: public; Owner: dev_service_user
--

COPY public.course_rating_question (id, text, type, course_rating_group_id) FROM stdin;
1	Eladsmd	rating_stars	1
2	Tartalom	rating_stars	1
3	Megrthetsg	rating_stars	1
4	Az informcik jl lthatak voltak	range_1_10	2
5	Az informcik jl hallhatak voltak	range_1_10	2
6	Mennyire voltak zavarak a vide kzben feltett krdsek szmodra?	range_1_10	3
7	rzsed szerint a feltett krdsek segtettek elmlyteni a tudst?	range_1_10	3
8	Hogyan rtkelnd a vizsgk nehzsgt? Kihvst jelentett-e szmodra, vagy rdemes lenne nehezebb krdseket feltennnk?	range_1_10	3
9	rd le a vlemnyed a kurzusrl!	free_text	4
\.


--
-- Data for Name: course_rating_question_user_answer; Type: TABLE DATA; Schema: public; Owner: dev_service_user
--

COPY public.course_rating_question_user_answer (id, text, value, course_rating_question_id, user_id, course_id) FROM stdin;
\.


--
-- Data for Name: course_version; Type: TABLE DATA; Schema: public; Owner: dev_service_user
--

COPY public.course_version (id, course_id, course_data_id) FROM stdin;
1	1	1
2	2	2
3	3	3
4	4	4
5	5	5
6	6	6
7	7	7
8	8	8
9	9	9
10	10	10
11	10	10
12	9	9
13	9	9
14	9	9
15	9	9
16	9	9
17	10	10
18	10	10
19	8	8
20	8	8
21	10	10
25	10	10
26	10	10
27	10	10
28	11	11
29	7	7
30	7	7
\.


--
-- Data for Name: daily_tip; Type: TABLE DATA; Schema: public; Owner: dev_service_user
--

COPY public.daily_tip (id, description, is_live, is_max, personality_trait_category_id, video_file_id) FROM stdin;
1	daily tip desc	t	t	1	458
\.


--
-- Data for Name: daily_tip_occurrence; Type: TABLE DATA; Schema: public; Owner: dev_service_user
--

COPY public.daily_tip_occurrence (id, creation_date, daily_tip_id, user_id) FROM stdin;
1	2022-10-04 14:22:45.226903+00	1	8
2	2022-10-04 17:21:10.485716+00	1	13
3	2022-10-05 11:58:00.217779+00	1	8
4	2022-10-06 09:17:16.287305+00	1	21
5	2022-10-06 12:06:29.266561+00	1	8
6	2022-10-11 13:21:20.239461+00	1	8
7	2022-10-11 20:16:53.780851+00	1	1
8	2022-10-12 09:02:54.33229+00	1	1
9	2022-10-12 14:33:13.92723+00	1	8
10	2022-10-13 11:00:51.108864+00	1	8
\.


--
-- Data for Name: department; Type: TABLE DATA; Schema: public; Owner: dev_service_user
--

COPY public.department (id, name) FROM stdin;
3	Pnzgy
4	Sales
5	Kutats s fejleszts
6	IT
7	Management
8	Adminisztrci
9	gyflszolglat
10	Technikai segtsgnyjts
11	Marketing
12	Logisztika
13	zemeltets
14	Tervezs
15	Humn erforrs
16	Beszerzs
17	Minsgbiztosts
18	Gpszet
19	Exportls
20	Szlltmnyozs
21	gyflkapcsolatok
22	Termels
23	Felgyelet
24	Minsg ellenrzs
25	Kszletkezels
26	ltalnos felhasznl
\.


--
-- Data for Name: discount_code; Type: TABLE DATA; Schema: public; Owner: dev_service_user
--

COPY public.discount_code (id, code, user_id, shop_item_id) FROM stdin;
1	EPISTOXROUTER1	\N	1
2	EPISTOXROUTER2	\N	1
3	EPISTOXROUTER3	\N	1
4	EPISTOXROUTER4	\N	1
\.


--
-- Data for Name: event; Type: TABLE DATA; Schema: public; Owner: dev_service_user
--

COPY public.event (id, creation_date, type, is_fulfilled, data, user_id) FROM stdin;
\.


--
-- Data for Name: exam; Type: TABLE DATA; Schema: public; Owner: dev_service_user
--

COPY public.exam (id, is_pretest, is_signup) FROM stdin;
1	f	t
2	f	f
3	f	f
4	f	f
5	f	f
6	f	f
7	f	f
8	f	f
9	f	f
10	f	f
11	f	f
12	f	f
13	f	f
14	f	f
15	f	f
16	f	f
17	f	f
18	f	f
19	f	f
20	f	f
21	f	f
22	f	f
23	f	f
24	t	f
25	t	f
26	t	f
27	t	f
28	t	f
29	t	f
30	t	f
31	t	f
32	f	f
33	t	f
34	t	f
35	t	f
36	t	f
\.


--
-- Data for Name: exam_completion; Type: TABLE DATA; Schema: public; Owner: dev_service_user
--

COPY public.exam_completion (id, completion_date, answer_session_id) FROM stdin;
31	2022-09-28 12:37:36.132+00	7
32	2022-10-04 10:42:41.436+00	17
33	2022-10-04 10:43:58.746+00	19
34	2022-10-04 10:45:12.227+00	20
35	2022-10-04 11:21:15.176+00	22
36	2022-10-04 11:42:19.504+00	31
37	2022-10-04 11:43:49.119+00	32
38	2022-10-04 14:15:43.143+00	53
39	2022-10-04 14:16:05.101+00	55
40	2022-10-04 14:16:57.035+00	56
41	2022-10-04 14:17:13.374+00	57
42	2022-10-04 14:19:45.612+00	61
43	2022-10-04 14:20:15.851+00	63
44	2022-10-04 15:08:49.951+00	67
45	2022-10-04 15:13:13.875+00	72
46	2022-10-04 15:36:49.727+00	77
47	2022-10-04 15:39:15.511+00	78
48	2022-10-04 15:39:39.338+00	80
49	2022-10-04 15:40:02.878+00	82
50	2022-10-04 15:40:27.259+00	84
51	2022-10-04 15:43:20.498+00	87
52	2022-10-04 15:43:48.494+00	89
53	2022-10-04 15:45:58.271+00	90
54	2022-10-04 15:52:19.648+00	93
55	2022-10-04 15:52:46.003+00	95
56	2022-10-04 15:53:10.787+00	97
57	2022-10-04 17:07:10.613+00	105
58	2022-10-04 17:09:19.523+00	107
59	2022-10-04 17:10:36.822+00	109
60	2022-10-04 18:33:34.634+00	118
61	2022-10-04 18:34:31.696+00	121
62	2022-10-04 18:35:18.012+00	122
63	2022-10-04 18:35:19.425+00	120
64	2022-10-04 18:37:08.873+00	124
65	2022-10-04 18:37:20.837+00	126
66	2022-10-04 18:37:30.493+00	127
67	2022-10-04 18:37:42.658+00	128
68	2022-10-04 18:38:25.562+00	130
69	2022-10-04 18:38:50.997+00	131
70	2022-10-04 18:38:51.934+00	133
71	2022-10-04 18:42:36.17+00	142
72	2022-10-04 18:44:28.129+00	144
73	2022-10-04 18:48:43.38+00	147
74	2022-10-05 08:08:30.313+00	151
75	2022-10-05 08:09:38.038+00	153
76	2022-10-05 08:13:09.299+00	154
77	2022-10-05 13:25:22.613+00	168
78	2022-10-05 14:14:35.631+00	171
79	2022-10-05 15:26:13.211+00	177
80	2022-10-05 15:51:25.36+00	181
81	2022-10-05 20:15:23.489+00	200
82	2022-10-05 20:15:52.262+00	203
83	2022-10-06 09:14:28.253+00	207
84	2022-10-08 06:24:45.854+00	230
85	2022-10-08 06:29:57.063+00	235
86	2022-10-08 06:30:26.805+00	237
87	2022-10-08 06:52:10.116+00	239
91	2022-10-08 06:54:43.675+00	240
92	2022-10-10 09:15:41.183+00	250
93	2022-10-10 09:17:40.993+00	252
94	2022-10-10 10:19:36.724+00	265
95	2022-10-11 08:06:02.062+00	291
98	2022-10-11 08:07:44.13+00	292
99	2022-10-11 09:40:08.637+00	293
100	2022-10-11 13:32:23.481+00	299
101	2022-10-12 17:30:41.084+00	323
102	2022-10-13 12:10:05.61+00	333
103	2022-10-13 19:04:42.09+00	350
104	2022-10-13 19:25:32.784+00	360
105	2022-10-13 20:13:05.663+00	363
106	2022-10-14 09:39:14.074+00	381
107	2022-10-17 13:36:57.85+00	390
108	2022-10-17 13:40:57.116+00	392
109	2022-10-18 06:08:29.038+00	396
110	2022-10-24 11:34:53.987+00	402
113	2022-10-24 11:44:12.441+00	409
114	2022-10-24 11:47:06.499+00	412
\.


--
-- Data for Name: exam_data; Type: TABLE DATA; Schema: public; Owner: dev_service_user
--

COPY public.exam_data (id, title, is_final, subtitle, description, thumbnail_url, order_index, retake_limit, acceptance_threshold) FROM stdin;
1	[signup exam]	f	\N	\N	\N	\N	\N	\N
2	Els lpsek tmazr	f		\N	\N	15	\N	\N
3	OBS Studio tmazr	f	Nzzk t mg egyszer az alapokat	\N	\N	1	\N	\N
4	Leggyakoribb fggvnyek s azok hasznlata tmazr	f		\N	\N	15	3	\N
5	Segtsg az adatkezelsben tmazr	f		\N	\N	11	3	\N
6	Formzs felsfokon tmazr	f		\N	\N	12	3	\N
7	Munka nagy mennyisg adattal tmazr	f		\N	\N	17	3	\N
8	Microsoft Excel Alapok kurzuszr vizsga	t		\N	\N	118	3	\N
9	Els lpsek tmazr	f		\N	\N	18	3	\N
10	Els lpsek tmazr	f		\N	\N	14	3	\N
11	Ismerkeds a fggvnyekkel tmazr	f		\N	\N	9	3	\N
12	A formzs alapjai tmazr	f		\N	\N	16	3	\N
13	Formzs - Hogyan kszthetnk letisztult dokumentumokat? tmazr	f		\N	\N	29	3	\N
14	Gyorsabb munka a gyakorlatban tmazr	f		\N	\N	17	3	\N
15	Szvegrs, elrendezs, ellenrzs tmazr	f		\N	\N	18	3	\N
16	Kpek, vizulis eszkzk hasznlata tmazr	f		\N	\N	18	3	\N
17	Microsoft Word Alapok kurzus zrvizsga	t		\N	\N	123	3	\N
18	Els lpsek tmazr	f		\N	\N	25	3	\N
19	Szveg s tartalom formzsa tmazr	f		\N	\N	13	3	\N
20	Kpek, vizulis eszkzk hasznlata tmazr	f		\N	\N	19	3	\N
21	Videk s hanganyagok hasznlata a PowerPointon bell tmazr	f		\N	\N	5	3	\N
22	Prezentci rendszerezse, segtsg az elads sorn tmazr	f		\N	\N	12	3	\N
23	 Microsoft PowerPoint Alapok kurzus zrvizsga	t		\N	\N	4	1	\N
24	Pretest exam course 1	f	Pretest exam course 1 desc		\N	0	\N	\N
25	Pretest exam course 23	f	Pretest exam course 23 desc		\N	0	\N	\N
26	Pretest exam course 24	f	Pretest exam course 24 desc		\N	0	\N	\N
27	Pretest exam course 26	f	Pretest exam course 26 desc		\N	0	\N	\N
28	Pretest exam course 25	f	Pretest exam course 25 desc		\N	0	\N	\N
29	Word	f	Kezds		\N	0	\N	\N
30	PRETEST EXAM OBS	f	PRETEST EXAM OBS		\N	0	\N	\N
31	OBS Test exam	f	OBS Test exam		\N	2	\N	\N
32	PowerPoint	f	Kezds		\N	0	\N	\N
33	Pretest exam course 29	f	Pretest exam course 29 desc		\N	0	\N	\N
34	Microsoft Excel szintfelmr vizsga	f	Most kidertjk, hogy megy neked az Excel, majd ez alapjn szemlyre szabjuk szmodra a kurzust.		\N	0	\N	\N
35	Els lpsek tmazr	f		\N	\N	29	\N	\N
36	Ismerkeds a fggvnyekkel tmazr	f		\N	\N	10	3	\N
37	A formzs alapjai tmazr	f		\N	\N	17	3	\N
38	Leggyakoribb fggvnyek s azok hasznlata tmazr	f		\N	\N	16	3	\N
39	Segtsg az adatkezelsben tmazr	f		\N	\N	12	3	\N
40	Formzs felsfokon tmazr	f		\N	\N	13	3	\N
41	Munka nagy mennyisg adattal tmazr	f		\N	\N	18	3	\N
42	Microsoft Excel Alapok kurzuszr vizsga	t		\N	\N	7	3	\N
43	Szveg s tartalom formzsa tmazr	f		\N	\N	14	3	\N
44	Kpek, vizulis eszkzk hasznlata tmazr	f		\N	\N	20	3	\N
45	Videk s hanganyagok hasznlata a PowerPointon bell tmazr	f		\N	\N	6	3	\N
46	Prezentci rendszerezse, segtsg az elads sorn tmazr	f		\N	\N	13	3	\N
47	 Microsoft PowerPoint Alapok kurzus zrvizsga	t		\N	\N	1	1	\N
48	Els lpsek tmazr	f		\N	\N	23	3	\N
49	Szveg s tartalom formzsa tmazr	f		\N	\N	13	3	\N
50	Kpek, vizulis eszkzk hasznlata tmazr	f		\N	\N	19	3	\N
51	Videk s hanganyagok hasznlata a PowerPointon bell tmazr	f		\N	\N	5	3	\N
52	Prezentci rendszerezse, segtsg az elads sorn tmazr	f		\N	\N	12	3	\N
53	 Microsoft PowerPoint Alapok kurzus zrvizsga	t		\N	\N	1	1	\N
54	 Microsoft PowerPoint Alapok kurzus zrvizsga	t		\N	\N	0	1	\N
55	 Microsoft PowerPoint Alapok kurzus zrvizsga	t		\N	\N	1	1	\N
56	Microsoft Excel Alapok kurzuszr vizsga	t		\N	\N	0	3	\N
57	Els lpsek tmazr	f		\N	\N	27	\N	\N
58	Ismerkeds a fggvnyekkel tmazr	f		\N	\N	9	3	\N
59	A formzs alapjai tmazr	f		\N	\N	16	3	\N
60	Leggyakoribb fggvnyek s azok hasznlata tmazr	f		\N	\N	15	3	\N
61	Segtsg az adatkezelsben tmazr	f		\N	\N	11	3	\N
62	Formzs felsfokon tmazr	f		\N	\N	12	3	\N
63	Munka nagy mennyisg adattal tmazr	f		\N	\N	17	3	\N
64	Microsoft Excel Alapok kurzuszr vizsga	t		\N	\N	5	3	\N
65		f			\N	0	0	\N
66	Word	f	Kezds		\N	0	\N	\N
67	Microsoft Word Alapok kurzus zrvizsga	t		\N	\N	123	3	\N
\.


--
-- Data for Name: exam_version; Type: TABLE DATA; Schema: public; Owner: dev_service_user
--

COPY public.exam_version (id, exam_data_id, module_version_id, exam_id) FROM stdin;
1	1	1	1
2	2	14	2
3	3	12	3
4	4	17	4
5	5	18	5
6	6	20	6
7	7	21	7
8	8	23	8
9	9	25	9
10	11	15	11
11	12	16	12
12	13	26	13
13	14	27	14
14	15	29	15
15	16	30	16
16	17	32	17
17	18	34	18
18	19	35	19
19	20	36	20
20	21	37	21
21	22	38	22
22	23	40	23
23	24	8	24
24	25	2	26
25	26	3	27
26	27	4	28
27	28	5	29
28	29	24	30
29	30	9	31
30	31	10	32
31	32	33	33
32	33	6	34
33	34	13	35
34	35	42	2
35	36	43	11
36	37	44	12
37	38	45	4
38	39	46	5
39	40	48	6
40	41	49	7
41	42	51	8
42	34	41	35
43	43	54	19
44	44	55	20
45	45	56	21
46	46	57	22
47	47	59	23
48	18	53	18
49	32	52	33
50	48	61	18
51	49	62	19
52	50	63	20
53	51	64	21
54	52	65	22
55	47	67	23
56	32	60	33
57	53	75	23
58	48	69	18
59	49	70	19
60	50	71	20
61	51	72	21
62	52	73	22
63	32	68	33
64	54	83	23
65	48	77	18
66	49	78	19
67	50	79	20
68	51	80	21
69	52	81	22
70	32	76	33
71	55	91	23
72	48	85	18
73	49	86	19
74	50	87	20
75	51	88	21
76	52	89	22
77	32	84	33
78	56	102	8
79	57	93	2
80	58	94	11
81	59	95	12
82	60	96	4
83	61	97	5
84	62	99	6
85	63	100	7
86	34	92	35
87	64	113	8
88	57	104	2
89	58	105	11
90	59	106	12
91	60	107	4
92	61	108	5
93	62	110	6
94	63	111	7
95	34	103	35
96	3	117	3
97	30	114	31
98	31	115	32
99	3	121	3
100	30	118	31
101	31	119	32
102	64	133	8
103	57	124	2
104	58	125	11
105	59	126	12
106	60	127	4
107	61	128	5
108	62	130	6
109	63	131	7
110	34	123	35
111	64	181	8
112	57	172	2
113	58	173	11
114	59	174	12
115	60	175	4
116	61	176	5
117	62	178	6
118	63	179	7
119	34	171	35
120	64	193	8
121	57	184	2
122	58	185	11
123	59	186	12
124	60	187	4
125	61	188	5
126	62	190	6
127	63	191	7
128	34	183	35
129	64	205	8
130	57	196	2
131	58	197	11
132	59	198	12
133	60	199	4
134	61	200	5
135	62	202	6
136	63	203	7
137	34	195	35
138	65	206	36
139	66	207	30
140	9	208	9
141	13	209	13
142	14	210	14
143	15	212	15
144	16	213	16
145	17	215	17
146	67	224	17
147	66	216	30
148	9	217	9
149	13	218	13
150	14	219	14
151	15	221	15
152	16	222	16
\.


--
-- Data for Name: given_answer; Type: TABLE DATA; Schema: public; Owner: dev_service_user
--

COPY public.given_answer (id, deletion_date, creation_date, elapsed_seconds, is_practise_answer, score, state, question_version_id, answer_session_id, given_answer_streak_id) FROM stdin;
1	\N	2022-09-28 12:33:36.133+00	5	f	0	CORRECT	540	7	1
2	\N	2022-09-28 12:33:36.133+00	5	f	0	INCORRECT	541	7	1
3	\N	2022-09-28 12:33:36.133+00	5	f	0	CORRECT	542	7	1
4	\N	2022-09-28 12:33:36.133+00	5	f	0	INCORRECT	543	7	1
5	\N	2022-09-28 12:33:36.133+00	5	f	0	INCORRECT	544	7	1
6	\N	2022-10-04 10:36:55.795+00	0	f	0	CORRECT	22	12	\N
7	\N	2022-10-04 10:36:56.137+00	0	f	0	CORRECT	22	12	\N
8	\N	2022-10-04 10:36:56.401+00	0	f	0	CORRECT	22	12	\N
9	\N	2022-10-04 10:36:56.715+00	0	f	0	CORRECT	19	12	\N
10	\N	2022-10-04 10:36:56.962+00	0	f	0	CORRECT	19	12	\N
11	\N	2022-10-04 10:36:57.073+00	0	f	0	CORRECT	19	12	\N
12	\N	2022-10-04 10:36:57.241+00	0	f	0	CORRECT	19	12	\N
13	\N	2022-10-04 10:36:57.5+00	0	f	0	CORRECT	14	12	\N
14	\N	2022-10-04 10:36:57.723+00	0	f	0	CORRECT	14	12	\N
15	\N	2022-10-04 10:36:57.78+00	0	f	0	CORRECT	14	12	\N
16	\N	2022-10-04 10:36:58.755+00	0	f	0	CORRECT	25	12	\N
17	\N	2022-10-04 10:36:59.124+00	0	f	0	CORRECT	25	12	\N
18	\N	2022-10-04 10:36:59.431+00	0	f	0	CORRECT	13	12	\N
19	\N	2022-10-04 10:36:59.725+00	0	f	0	CORRECT	13	12	\N
20	\N	2022-10-04 10:37:00.192+00	0	f	0	CORRECT	5	12	\N
21	\N	2022-10-04 10:37:00.416+00	0	f	0	CORRECT	5	12	\N
22	\N	2022-10-04 10:37:01.027+00	0	f	0	CORRECT	4	12	\N
23	\N	2022-10-04 10:37:01.279+00	0	f	0	CORRECT	4	12	\N
24	\N	2022-10-04 10:37:01.718+00	0	f	0	CORRECT	30	12	\N
25	\N	2022-10-04 10:37:01.909+00	0	f	0	CORRECT	30	12	\N
26	\N	2022-10-04 10:37:02.339+00	0	f	0	CORRECT	10	12	\N
27	\N	2022-10-04 10:37:02.554+00	0	f	0	CORRECT	10	12	\N
28	\N	2022-10-04 10:37:02.786+00	0	f	0	CORRECT	10	12	\N
29	\N	2022-10-04 10:37:03.034+00	0	f	0	CORRECT	2	12	\N
30	\N	2022-10-04 10:37:03.291+00	0	f	0	CORRECT	2	12	\N
31	\N	2022-10-04 10:37:03.422+00	0	f	0	CORRECT	2	12	\N
32	\N	2022-10-04 10:37:03.917+00	0	f	0	CORRECT	34	12	\N
33	\N	2022-10-04 10:37:04.13+00	0	f	0	CORRECT	34	12	\N
34	\N	2022-10-04 10:37:04.373+00	0	f	0	CORRECT	34	12	\N
35	\N	2022-10-04 10:37:04.624+00	0	f	0	CORRECT	8	12	\N
36	\N	2022-10-04 10:37:04.883+00	0	f	0	CORRECT	8	12	\N
37	\N	2022-10-04 10:37:05.264+00	0	f	0	CORRECT	12	12	\N
38	\N	2022-10-04 10:37:05.476+00	0	f	0	CORRECT	12	12	\N
39	\N	2022-10-04 10:37:05.694+00	0	f	0	CORRECT	12	12	\N
40	\N	2022-10-04 10:37:08.097+00	0	f	0	CORRECT	9	12	\N
41	\N	2022-10-04 10:37:09.202+00	0	f	0	CORRECT	1	12	\N
42	\N	2022-10-04 10:37:09.761+00	0	f	0	CORRECT	1	12	\N
43	\N	2022-10-04 10:37:10.268+00	0	f	0	CORRECT	11	12	\N
44	\N	2022-10-04 10:37:10.699+00	0	f	0	CORRECT	11	12	\N
45	\N	2022-10-04 10:37:11.148+00	0	f	0	CORRECT	33	12	\N
46	\N	2022-10-04 10:37:11.414+00	0	f	0	CORRECT	33	12	\N
47	\N	2022-10-04 10:37:11.947+00	0	f	0	CORRECT	20	12	\N
48	\N	2022-10-04 10:37:12.198+00	0	f	0	CORRECT	20	12	\N
49	\N	2022-10-04 10:37:12.441+00	0	f	0	CORRECT	20	12	\N
50	\N	2022-10-04 10:37:12.685+00	0	f	0	CORRECT	27	12	\N
51	\N	2022-10-04 10:37:14.369+00	0	f	0	CORRECT	6	12	\N
52	\N	2022-10-04 10:37:14.934+00	0	f	0	CORRECT	6	12	\N
53	\N	2022-10-04 10:37:15.519+00	0	f	0	CORRECT	23	12	\N
54	\N	2022-10-04 10:37:16.201+00	0	f	0	CORRECT	29	12	\N
55	\N	2022-10-04 10:37:16.979+00	0	f	0	CORRECT	31	12	\N
56	\N	2022-10-04 10:37:18.663+00	0	f	0	CORRECT	17	12	\N
57	\N	2022-10-04 10:37:19.544+00	0	f	0	CORRECT	15	12	\N
58	\N	2022-10-04 10:37:20.086+00	0	f	0	CORRECT	15	12	\N
59	\N	2022-10-04 10:37:20.742+00	0	f	0	CORRECT	26	12	\N
60	\N	2022-10-04 10:37:22.077+00	0	f	0	CORRECT	16	12	\N
61	\N	2022-10-04 10:37:22.761+00	0	f	0	CORRECT	16	12	\N
62	\N	2022-10-04 10:37:23.433+00	0	f	0	CORRECT	3	12	\N
63	\N	2022-10-04 10:37:24.347+00	0	f	0	CORRECT	32	12	\N
64	\N	2022-10-04 10:37:25.407+00	0	f	0	CORRECT	7	12	\N
65	\N	2022-10-04 10:37:26.152+00	0	f	0	CORRECT	28	12	\N
66	\N	2022-10-04 10:37:26.958+00	0	f	0	CORRECT	21	12	\N
67	\N	2022-10-04 10:37:27.823+00	0	f	0	CORRECT	35	12	\N
68	\N	2022-10-04 10:37:28.845+00	0	f	0	CORRECT	24	12	\N
69	\N	2022-10-04 10:37:30.025+00	0	f	0	CORRECT	18	12	\N
70	\N	2022-10-04 10:42:40.73+00	0.573	f	0	INCORRECT	550	17	\N
71	\N	2022-10-04 10:43:58.124+00	0.692	f	0	INCORRECT	545	19	\N
72	\N	2022-10-04 10:44:27.96+00	22.079	f	0	INCORRECT	545	19	\N
73	\N	2022-10-04 10:45:11.628+00	0.741	f	0	INCORRECT	548	20	\N
74	\N	2022-10-04 11:21:14.576+00	0.528	f	0	INCORRECT	871	22	\N
75	\N	2022-10-04 11:34:09.974+00	0	f	0	CORRECT	22	26	\N
76	\N	2022-10-04 11:34:10.297+00	0	f	0	CORRECT	22	26	\N
77	\N	2022-10-04 11:34:10.587+00	0	f	0	CORRECT	22	26	\N
78	\N	2022-10-04 11:34:10.894+00	0	f	0	CORRECT	19	26	\N
79	\N	2022-10-04 11:34:11.175+00	0	f	0	CORRECT	19	26	\N
80	\N	2022-10-04 11:34:11.706+00	0	f	0	CORRECT	14	26	\N
81	\N	2022-10-04 11:34:12.068+00	0	f	0	CORRECT	14	26	\N
82	\N	2022-10-04 11:34:12.539+00	0	f	0	CORRECT	25	26	\N
83	\N	2022-10-04 11:34:12.669+00	0	f	0	CORRECT	25	26	\N
84	\N	2022-10-04 11:34:12.837+00	0	f	0	CORRECT	25	26	\N
85	\N	2022-10-04 11:34:13.286+00	0	f	0	CORRECT	13	26	\N
86	\N	2022-10-04 11:34:13.457+00	0	f	0	CORRECT	13	26	\N
87	\N	2022-10-04 11:34:13.609+00	0	f	0	CORRECT	13	26	\N
88	\N	2022-10-04 11:34:14.054+00	0	f	0	CORRECT	5	26	\N
89	\N	2022-10-04 11:34:14.211+00	0	f	0	CORRECT	5	26	\N
90	\N	2022-10-04 11:34:14.381+00	0	f	0	CORRECT	5	26	\N
91	\N	2022-10-04 11:34:14.88+00	0	f	0	CORRECT	4	26	\N
92	\N	2022-10-04 11:34:15.308+00	0	f	0	CORRECT	4	26	\N
93	\N	2022-10-04 11:34:15.372+00	0	f	0	CORRECT	4	26	\N
94	\N	2022-10-04 11:34:15.531+00	0	f	0	CORRECT	4	26	\N
95	\N	2022-10-04 11:34:15.98+00	0	f	0	CORRECT	30	26	\N
96	\N	2022-10-04 11:34:16.131+00	0	f	0	CORRECT	30	26	\N
97	\N	2022-10-04 11:34:16.339+00	0	f	0	CORRECT	30	26	\N
98	\N	2022-10-04 11:34:17.195+00	0	f	0	CORRECT	10	26	\N
108	\N	2022-10-04 11:34:19.765+00	0	f	0	CORRECT	8	26	\N
115	\N	2022-10-04 11:34:21.823+00	0	f	0	CORRECT	9	26	\N
116	\N	2022-10-04 11:34:22.202+00	0	f	0	CORRECT	1	26	\N
129	\N	2022-10-04 11:34:26.706+00	0	f	0	CORRECT	6	26	\N
140	\N	2022-10-04 11:34:29.561+00	0	f	0	CORRECT	31	26	\N
144	\N	2022-10-04 11:34:30.854+00	0	f	0	CORRECT	15	26	\N
147	\N	2022-10-04 11:34:31.596+00	0	f	0	CORRECT	26	26	\N
154	\N	2022-10-04 11:34:34.074+00	0	f	0	CORRECT	3	26	\N
155	\N	2022-10-04 11:34:34.343+00	0	f	0	CORRECT	3	26	\N
156	\N	2022-10-04 11:34:34.606+00	0	f	0	CORRECT	32	26	\N
99	\N	2022-10-04 11:34:17.37+00	0	f	0	CORRECT	10	26	\N
102	\N	2022-10-04 11:34:18.094+00	0	f	0	CORRECT	2	26	\N
105	\N	2022-10-04 11:34:19.026+00	0	f	0	CORRECT	34	26	\N
109	\N	2022-10-04 11:34:19.94+00	0	f	0	CORRECT	8	26	\N
111	\N	2022-10-04 11:34:20.301+00	0	f	0	CORRECT	12	26	\N
112	\N	2022-10-04 11:34:20.564+00	0	f	0	CORRECT	12	26	\N
114	\N	2022-10-04 11:34:21.662+00	0	f	0	CORRECT	9	26	\N
118	\N	2022-10-04 11:34:23.024+00	0	f	0	CORRECT	11	26	\N
119	\N	2022-10-04 11:34:23.371+00	0	f	0	CORRECT	11	26	\N
120	\N	2022-10-04 11:34:24.113+00	0	f	0	CORRECT	33	26	\N
124	\N	2022-10-04 11:34:25.265+00	0	f	0	CORRECT	20	26	\N
128	\N	2022-10-04 11:34:26.535+00	0	f	0	CORRECT	6	26	\N
130	\N	2022-10-04 11:34:26.887+00	0	f	0	CORRECT	6	26	\N
131	\N	2022-10-04 11:34:27.392+00	0	f	0	CORRECT	23	26	\N
133	\N	2022-10-04 11:34:27.689+00	0	f	0	CORRECT	23	26	\N
135	\N	2022-10-04 11:34:28.291+00	0	f	0	CORRECT	29	26	\N
143	\N	2022-10-04 11:34:30.355+00	0	f	0	CORRECT	17	26	\N
149	\N	2022-10-04 11:34:32.471+00	0	f	0	CORRECT	16	26	\N
151	\N	2022-10-04 11:34:32.82+00	0	f	0	CORRECT	16	26	\N
157	\N	2022-10-04 11:34:34.851+00	0	f	0	CORRECT	32	26	\N
158	\N	2022-10-04 11:34:35.338+00	0	f	0	CORRECT	7	26	\N
159	\N	2022-10-04 11:34:35.602+00	0	f	0	CORRECT	7	26	\N
100	\N	2022-10-04 11:34:17.556+00	0	f	0	CORRECT	10	26	\N
104	\N	2022-10-04 11:34:18.828+00	0	f	0	CORRECT	34	26	\N
110	\N	2022-10-04 11:34:20.13+00	0	f	0	CORRECT	8	26	\N
113	\N	2022-10-04 11:34:21.446+00	0	f	0	CORRECT	9	26	\N
122	\N	2022-10-04 11:34:24.717+00	0	f	0	CORRECT	20	26	\N
126	\N	2022-10-04 11:34:25.92+00	0	f	0	CORRECT	27	26	\N
132	\N	2022-10-04 11:34:27.556+00	0	f	0	CORRECT	23	26	\N
134	\N	2022-10-04 11:34:28.14+00	0	f	0	CORRECT	29	26	\N
136	\N	2022-10-04 11:34:28.41+00	0	f	0	CORRECT	29	26	\N
141	\N	2022-10-04 11:34:29.914+00	0	f	0	CORRECT	17	26	\N
145	\N	2022-10-04 11:34:30.978+00	0	f	0	CORRECT	15	26	\N
148	\N	2022-10-04 11:34:31.803+00	0	f	0	CORRECT	26	26	\N
150	\N	2022-10-04 11:34:32.632+00	0	f	0	CORRECT	16	26	\N
153	\N	2022-10-04 11:34:33.76+00	0	f	0	CORRECT	3	26	\N
160	\N	2022-10-04 11:34:36.423+00	0	f	0	CORRECT	28	26	\N
161	\N	2022-10-04 11:34:36.989+00	0	f	0	CORRECT	28	26	\N
162	\N	2022-10-04 11:34:37.239+00	0	f	0	CORRECT	21	26	\N
101	\N	2022-10-04 11:34:17.911+00	0	f	0	CORRECT	2	26	\N
103	\N	2022-10-04 11:34:18.264+00	0	f	0	CORRECT	2	26	\N
106	\N	2022-10-04 11:34:19.216+00	0	f	0	CORRECT	34	26	\N
107	\N	2022-10-04 11:34:19.581+00	0	f	0	CORRECT	8	26	\N
117	\N	2022-10-04 11:34:22.396+00	0	f	0	CORRECT	1	26	\N
121	\N	2022-10-04 11:34:24.295+00	0	f	0	CORRECT	33	26	\N
123	\N	2022-10-04 11:34:25.123+00	0	f	0	CORRECT	20	26	\N
125	\N	2022-10-04 11:34:25.714+00	0	f	0	CORRECT	27	26	\N
127	\N	2022-10-04 11:34:26.192+00	0	f	0	CORRECT	27	26	\N
137	\N	2022-10-04 11:34:28.528+00	0	f	0	CORRECT	29	26	\N
138	\N	2022-10-04 11:34:29.113+00	0	f	0	CORRECT	31	26	\N
139	\N	2022-10-04 11:34:29.405+00	0	f	0	CORRECT	31	26	\N
142	\N	2022-10-04 11:34:30.13+00	0	f	0	CORRECT	17	26	\N
146	\N	2022-10-04 11:34:31.186+00	0	f	0	CORRECT	15	26	\N
152	\N	2022-10-04 11:34:33.008+00	0	f	0	CORRECT	16	26	\N
163	\N	2022-10-04 11:34:37.721+00	0	f	0	CORRECT	21	26	\N
164	\N	2022-10-04 11:34:38.338+00	0	f	0	CORRECT	35	26	\N
165	\N	2022-10-04 11:34:39.158+00	0	f	0	CORRECT	24	26	\N
166	\N	2022-10-04 11:34:41.959+00	0	f	0	CORRECT	18	26	\N
167	\N	2022-10-04 11:42:18.868+00	2.753	f	0	INCORRECT	1091	31	\N
168	\N	2022-10-04 11:43:48.509+00	0.574	f	0	INCORRECT	759	32	\N
169	\N	2022-10-04 12:04:56.533+00	0.764	f	0	INCORRECT	1201	38	\N
170	\N	2022-10-04 12:05:04.848+00	0.764	f	0	INCORRECT	1201	38	\N
171	\N	2022-10-04 12:05:04.848+00	9.039	f	0	INCORRECT	1202	38	\N
172	\N	2022-10-04 12:05:10.505+00	0.764	f	0	INCORRECT	1201	38	\N
173	\N	2022-10-04 12:05:10.505+00	9.039	f	0	INCORRECT	1202	38	\N
174	\N	2022-10-04 12:05:10.505+00	15.539	f	0	INCORRECT	1203	38	\N
175	\N	2022-10-04 12:05:39.028+00	1.447	f	4	CORRECT	1201	39	\N
176	\N	2022-10-04 12:05:39.029+00	5.974	f	4	CORRECT	1202	39	\N
177	\N	2022-10-04 12:05:39.029+00	8.828	f	0	INCORRECT	1203	39	\N
178	\N	2022-10-04 12:07:16.919+00	3.753	f	0	INCORRECT	1311	41	\N
179	\N	2022-10-04 12:07:32.04+00	0.728	f	0	INCORRECT	759	42	\N
180	\N	2022-10-04 12:07:32.04+00	2.587	f	4	CORRECT	760	42	\N
181	\N	2022-10-04 12:07:32.04+00	4.012	f	0	INCORRECT	761	42	\N
182	\N	2022-10-04 12:07:32.04+00	5.687	f	0	INCORRECT	762	42	\N
183	\N	2022-10-04 12:07:32.04+00	7.32	f	0	INCORRECT	763	42	\N
184	\N	2022-10-04 12:08:46.978+00	0.882	f	0	INCORRECT	1311	43	\N
185	\N	2022-10-04 12:08:46.978+00	2.92	f	0	INCORRECT	1312	43	\N
186	\N	2022-10-04 12:08:46.978+00	4.411	f	0	INCORRECT	1313	43	\N
187	\N	2022-10-04 12:08:58.234+00	0.882	f	0	INCORRECT	1311	43	\N
188	\N	2022-10-04 12:08:58.234+00	2.92	f	0	INCORRECT	1312	43	\N
189	\N	2022-10-04 12:08:58.234+00	4.411	f	0	INCORRECT	1313	43	\N
190	\N	2022-10-04 12:09:06.495+00	0.882	f	0	INCORRECT	1311	43	\N
191	\N	2022-10-04 12:09:06.495+00	2.92	f	0	INCORRECT	1312	43	\N
192	\N	2022-10-04 12:09:06.495+00	4.411	f	0	INCORRECT	1313	43	\N
193	\N	2022-10-04 12:10:35.369+00	1.763	f	0	INCORRECT	759	47	\N
194	\N	2022-10-04 12:10:43.112+00	1.763	f	0	INCORRECT	759	47	\N
195	\N	2022-10-04 12:10:54.42+00	2.13	f	0	INCORRECT	759	48	\N
196	\N	2022-10-04 12:11:05.773+00	2.13	f	0	INCORRECT	759	48	\N
197	\N	2022-10-04 12:11:10.186+00	2.13	f	0	INCORRECT	759	48	\N
198	\N	2022-10-04 14:15:42.538+00	0.627	f	0	INCORRECT	1311	53	\N
199	\N	2022-10-04 14:16:04.52+00	0.712	f	4	CORRECT	1311	55	\N
200	\N	2022-10-04 14:16:56.433+00	0.631	f	0	INCORRECT	1311	56	\N
201	\N	2022-10-04 14:17:12.79+00	0.682	f	4	CORRECT	545	57	\N
202	\N	2022-10-04 14:17:12.79+00	2.758	f	0	INCORRECT	546	57	\N
203	\N	2022-10-04 14:19:45.027+00	0.784	f	0	INCORRECT	759	61	\N
204	\N	2022-10-04 14:20:15.266+00	1	f	0	INCORRECT	759	63	\N
205	\N	2022-10-04 15:08:49.255+00	4.187	f	0	INCORRECT	548	67	\N
206	\N	2022-10-04 15:11:13.746+00	0	f	0	CORRECT	22	50	\N
207	\N	2022-10-04 15:11:23.627+00	0	f	0	CORRECT	19	50	\N
208	\N	2022-10-04 15:11:34.416+00	0	f	0	CORRECT	14	50	\N
209	\N	2022-10-04 15:11:43.34+00	0	f	0	CORRECT	25	50	\N
210	\N	2022-10-04 15:11:54.735+00	0	f	0	CORRECT	13	50	\N
211	\N	2022-10-04 15:11:58.855+00	2.711	f	0	INCORRECT	548	67	\N
212	\N	2022-10-04 15:12:02.42+00	0	f	0	CORRECT	5	50	\N
213	\N	2022-10-04 15:12:30.807+00	0	f	0	CORRECT	4	50	\N
214	\N	2022-10-04 15:12:37.635+00	0	f	0	CORRECT	30	50	\N
215	\N	2022-10-04 15:12:42.391+00	0	f	0	CORRECT	10	50	\N
216	\N	2022-10-04 15:13:12.029+00	0	f	0	CORRECT	2	50	\N
217	\N	2022-10-04 15:13:13.265+00	0.847	f	4	CORRECT	545	72	\N
218	\N	2022-10-04 15:13:17.156+00	0	f	0	CORRECT	34	50	\N
219	\N	2022-10-04 15:13:23.154+00	0	f	0	CORRECT	8	50	\N
220	\N	2022-10-04 15:13:28.865+00	0	f	0	CORRECT	12	50	\N
221	\N	2022-10-04 15:15:59.619+00	0	f	0	CORRECT	9	50	\N
222	\N	2022-10-04 15:16:00.71+00	0	f	0	CORRECT	1	50	\N
223	\N	2022-10-04 15:16:11.953+00	0	f	0	CORRECT	1	50	\N
224	\N	2022-10-04 15:16:16.16+00	0	f	0	CORRECT	1	50	\N
225	\N	2022-10-04 15:16:20.383+00	0	f	0	CORRECT	11	50	\N
226	\N	2022-10-04 15:16:57.846+00	0	f	0	CORRECT	33	50	\N
227	\N	2022-10-04 15:17:03.448+00	0	f	0	CORRECT	20	50	\N
228	\N	2022-10-04 15:17:09.437+00	0	f	0	CORRECT	27	50	\N
229	\N	2022-10-04 15:35:26.381+00	0	f	0	CORRECT	22	75	\N
230	\N	2022-10-04 15:35:27.508+00	0	f	0	CORRECT	19	75	\N
231	\N	2022-10-04 15:35:28.901+00	0	f	0	CORRECT	14	75	\N
232	\N	2022-10-04 15:35:30.324+00	0	f	0	CORRECT	25	75	\N
233	\N	2022-10-04 15:35:31.928+00	0	f	0	CORRECT	13	75	\N
234	\N	2022-10-04 15:35:32.52+00	0	f	0	CORRECT	13	75	\N
235	\N	2022-10-04 15:35:33.122+00	0	f	0	CORRECT	5	75	\N
236	\N	2022-10-04 15:35:34.394+00	0	f	0	CORRECT	4	75	\N
237	\N	2022-10-04 15:35:34.982+00	0	f	0	CORRECT	4	75	\N
238	\N	2022-10-04 15:35:35.521+00	0	f	0	CORRECT	30	75	\N
239	\N	2022-10-04 15:35:36.857+00	0	f	0	CORRECT	10	75	\N
240	\N	2022-10-04 15:35:37.442+00	0	f	0	CORRECT	10	75	\N
241	\N	2022-10-04 15:35:37.817+00	0	f	0	CORRECT	2	75	\N
242	\N	2022-10-04 15:35:39.024+00	0	f	0	CORRECT	34	75	\N
243	\N	2022-10-04 15:35:39.616+00	0	f	0	CORRECT	34	75	\N
244	\N	2022-10-04 15:35:40.192+00	0	f	0	CORRECT	8	75	\N
245	\N	2022-10-04 15:35:40.684+00	0	f	0	CORRECT	8	75	\N
246	\N	2022-10-04 15:35:41.199+00	0	f	0	CORRECT	12	75	\N
247	\N	2022-10-04 15:35:42.32+00	0	f	0	CORRECT	9	75	\N
248	\N	2022-10-04 15:35:42.974+00	0	f	0	CORRECT	9	75	\N
249	\N	2022-10-04 15:35:43.413+00	0	f	0	CORRECT	1	75	\N
250	\N	2022-10-04 15:35:44.607+00	0	f	0	CORRECT	11	75	\N
251	\N	2022-10-04 15:35:45.126+00	0	f	0	CORRECT	11	75	\N
252	\N	2022-10-04 15:35:45.406+00	0	f	0	CORRECT	33	75	\N
253	\N	2022-10-04 15:35:45.8+00	0	f	0	CORRECT	33	75	\N
254	\N	2022-10-04 15:35:45.958+00	0	f	0	CORRECT	33	75	\N
255	\N	2022-10-04 15:35:46.146+00	0	f	0	CORRECT	33	75	\N
256	\N	2022-10-04 15:35:46.512+00	0	f	0	CORRECT	20	75	\N
257	\N	2022-10-04 15:35:46.778+00	0	f	0	CORRECT	20	75	\N
258	\N	2022-10-04 15:35:46.988+00	0	f	0	CORRECT	20	75	\N
259	\N	2022-10-04 15:35:47.542+00	0	f	0	CORRECT	27	75	\N
260	\N	2022-10-04 15:35:47.817+00	0	f	0	CORRECT	27	75	\N
261	\N	2022-10-04 15:35:48.615+00	0	f	0	CORRECT	6	75	\N
262	\N	2022-10-04 15:35:48.768+00	0	f	0	CORRECT	6	75	\N
263	\N	2022-10-04 15:35:48.988+00	0	f	0	CORRECT	6	75	\N
264	\N	2022-10-04 15:35:49.242+00	0	f	0	CORRECT	6	75	\N
265	\N	2022-10-04 15:35:49.511+00	0	f	0	CORRECT	23	75	\N
266	\N	2022-10-04 15:35:49.764+00	0	f	0	CORRECT	23	75	\N
267	\N	2022-10-04 15:35:50.04+00	0	f	0	CORRECT	23	75	\N
268	\N	2022-10-04 15:35:50.551+00	0	f	0	CORRECT	29	75	\N
269	\N	2022-10-04 15:35:50.814+00	0	f	0	CORRECT	29	75	\N
270	\N	2022-10-04 15:35:51.518+00	0	f	0	CORRECT	31	75	\N
271	\N	2022-10-04 15:35:51.784+00	0	f	0	CORRECT	31	75	\N
272	\N	2022-10-04 15:35:51.995+00	0	f	0	CORRECT	31	75	\N
273	\N	2022-10-04 15:35:52.453+00	0	f	0	CORRECT	17	75	\N
274	\N	2022-10-04 15:35:52.653+00	0	f	0	CORRECT	17	75	\N
275	\N	2022-10-04 15:35:52.874+00	0	f	0	CORRECT	17	75	\N
276	\N	2022-10-04 15:35:53.316+00	0	f	0	CORRECT	15	75	\N
277	\N	2022-10-04 15:35:53.586+00	0	f	0	CORRECT	15	75	\N
278	\N	2022-10-04 15:35:54.706+00	0	f	0	CORRECT	26	75	\N
279	\N	2022-10-04 15:35:54.843+00	0	f	0	CORRECT	26	75	\N
280	\N	2022-10-04 15:35:55.057+00	0	f	0	CORRECT	26	75	\N
281	\N	2022-10-04 15:35:55.274+00	0	f	0	CORRECT	26	75	\N
282	\N	2022-10-04 15:35:55.543+00	0	f	0	CORRECT	16	75	\N
283	\N	2022-10-04 15:35:55.818+00	0	f	0	CORRECT	16	75	\N
284	\N	2022-10-04 15:35:56.103+00	0	f	0	CORRECT	16	75	\N
285	\N	2022-10-04 15:35:57.033+00	0	f	0	CORRECT	3	75	\N
286	\N	2022-10-04 15:35:57.426+00	0	f	0	CORRECT	3	75	\N
287	\N	2022-10-04 15:35:58.117+00	0	f	0	CORRECT	32	75	\N
288	\N	2022-10-04 15:35:58.429+00	0	f	0	CORRECT	32	75	\N
289	\N	2022-10-04 15:35:59.176+00	0	f	0	CORRECT	7	75	\N
293	\N	2022-10-04 15:36:01.182+00	0	f	0	CORRECT	21	75	\N
290	\N	2022-10-04 15:35:59.624+00	0	f	0	CORRECT	7	75	\N
291	\N	2022-10-04 15:36:00.207+00	0	f	0	CORRECT	28	75	\N
292	\N	2022-10-04 15:36:00.691+00	0	f	0	CORRECT	28	75	\N
294	\N	2022-10-04 15:36:02.444+00	0	f	0	CORRECT	35	75	\N
295	\N	2022-10-04 15:36:04.054+00	0	f	0	CORRECT	24	75	\N
296	\N	2022-10-04 15:36:05.775+00	0	f	0	CORRECT	18	75	\N
297	\N	2022-10-04 15:36:49.085+00	1.425	f	0	INCORRECT	759	77	\N
298	\N	2022-10-04 15:36:49.085+00	3.308	f	0	INCORRECT	760	77	\N
299	\N	2022-10-04 15:36:49.085+00	5.564	f	0	INCORRECT	761	77	\N
300	\N	2022-10-04 15:36:49.085+00	7.083	f	0	INCORRECT	762	77	\N
301	\N	2022-10-04 15:36:49.085+00	8.835	f	0	INCORRECT	763	77	\N
302	\N	2022-10-04 15:39:14.87+00	0.75	f	0	INCORRECT	1311	78	\N
303	\N	2022-10-04 15:39:14.87+00	2.352	f	4	CORRECT	1312	78	\N
304	\N	2022-10-04 15:39:14.87+00	4.04	f	0	INCORRECT	1313	78	\N
305	\N	2022-10-04 15:39:38.59+00	0.802	f	0	INCORRECT	545	80	\N
306	\N	2022-10-04 15:39:38.59+00	2.351	f	0	INCORRECT	546	80	\N
307	\N	2022-10-04 15:40:02.154+00	0.876	f	0	INCORRECT	548	82	\N
308	\N	2022-10-04 15:40:26.523+00	1.292	f	0	INCORRECT	759	84	\N
309	\N	2022-10-04 15:40:26.523+00	2.683	f	0	INCORRECT	760	84	\N
310	\N	2022-10-04 15:40:26.523+00	4.115	f	0	INCORRECT	761	84	\N
311	\N	2022-10-04 15:40:26.523+00	5.662	f	0	INCORRECT	762	84	\N
312	\N	2022-10-04 15:40:26.523+00	7.255	f	0	INCORRECT	763	84	\N
313	\N	2022-10-04 15:42:16.327+00	0	f	0	CORRECT	22	85	\N
314	\N	2022-10-04 15:42:17.735+00	0	f	0	CORRECT	19	85	\N
315	\N	2022-10-04 15:42:18.607+00	0	f	0	CORRECT	14	85	\N
316	\N	2022-10-04 15:42:20.123+00	0	f	0	CORRECT	25	85	\N
317	\N	2022-10-04 15:42:21.257+00	0	f	0	CORRECT	13	85	\N
318	\N	2022-10-04 15:42:21.774+00	0	f	0	CORRECT	13	85	\N
319	\N	2022-10-04 15:42:21.878+00	0	f	0	CORRECT	13	85	\N
320	\N	2022-10-04 15:42:22.409+00	0	f	0	CORRECT	5	85	\N
321	\N	2022-10-04 15:42:22.747+00	0	f	0	CORRECT	5	85	\N
322	\N	2022-10-04 15:42:23.179+00	0	f	0	CORRECT	5	85	\N
323	\N	2022-10-04 15:42:23.404+00	0	f	0	CORRECT	4	85	\N
324	\N	2022-10-04 15:42:24.802+00	0	f	0	CORRECT	30	85	\N
325	\N	2022-10-04 15:42:25.011+00	0	f	0	CORRECT	30	85	\N
326	\N	2022-10-04 15:42:25.257+00	0	f	0	CORRECT	30	85	\N
327	\N	2022-10-04 15:42:25.879+00	0	f	0	CORRECT	10	85	\N
328	\N	2022-10-04 15:42:26.11+00	0	f	0	CORRECT	10	85	\N
329	\N	2022-10-04 15:42:26.981+00	0	f	0	CORRECT	2	85	\N
330	\N	2022-10-04 15:42:27.117+00	0	f	0	CORRECT	2	85	\N
331	\N	2022-10-04 15:42:29.178+00	0	f	0	CORRECT	34	85	\N
332	\N	2022-10-04 15:42:29.383+00	0	f	0	CORRECT	34	85	\N
333	\N	2022-10-04 15:42:29.631+00	0	f	0	CORRECT	34	85	\N
334	\N	2022-10-04 15:42:30.261+00	0	f	0	CORRECT	8	85	\N
335	\N	2022-10-04 15:42:30.443+00	0	f	0	CORRECT	8	85	\N
336	\N	2022-10-04 15:42:30.623+00	0	f	0	CORRECT	8	85	\N
337	\N	2022-10-04 15:42:30.837+00	0	f	0	CORRECT	8	85	\N
338	\N	2022-10-04 15:42:32.112+00	0	f	0	CORRECT	12	85	\N
339	\N	2022-10-04 15:42:32.265+00	0	f	0	CORRECT	12	85	\N
340	\N	2022-10-04 15:42:33.049+00	0	f	0	CORRECT	9	85	\N
341	\N	2022-10-04 15:42:33.252+00	0	f	0	CORRECT	9	85	\N
342	\N	2022-10-04 15:42:33.464+00	0	f	0	CORRECT	9	85	\N
343	\N	2022-10-04 15:42:33.87+00	0	f	0	CORRECT	1	85	\N
344	\N	2022-10-04 15:42:34.048+00	0	f	0	CORRECT	1	85	\N
345	\N	2022-10-04 15:42:34.207+00	0	f	0	CORRECT	1	85	\N
346	\N	2022-10-04 15:42:34.691+00	0	f	0	CORRECT	11	85	\N
347	\N	2022-10-04 15:42:34.861+00	0	f	0	CORRECT	11	85	\N
348	\N	2022-10-04 15:42:35.002+00	0	f	0	CORRECT	11	85	\N
349	\N	2022-10-04 15:42:35.649+00	0	f	0	CORRECT	33	85	\N
350	\N	2022-10-04 15:42:35.825+00	0	f	0	CORRECT	33	85	\N
351	\N	2022-10-04 15:42:36.157+00	0	f	0	CORRECT	33	85	\N
352	\N	2022-10-04 15:42:36.328+00	0	f	0	CORRECT	20	85	\N
353	\N	2022-10-04 15:42:36.484+00	0	f	0	CORRECT	20	85	\N
354	\N	2022-10-04 15:42:36.632+00	0	f	0	CORRECT	20	85	\N
355	\N	2022-10-04 15:42:36.781+00	0	f	0	CORRECT	20	85	\N
356	\N	2022-10-04 15:42:37.293+00	0	f	0	CORRECT	27	85	\N
357	\N	2022-10-04 15:42:37.366+00	0	f	0	CORRECT	27	85	\N
358	\N	2022-10-04 15:42:37.479+00	0	f	0	CORRECT	27	85	\N
359	\N	2022-10-04 15:42:37.62+00	0	f	0	CORRECT	27	85	\N
360	\N	2022-10-04 15:42:38.312+00	0	f	0	CORRECT	6	85	\N
361	\N	2022-10-04 15:42:38.46+00	0	f	0	CORRECT	6	85	\N
362	\N	2022-10-04 15:42:38.597+00	0	f	0	CORRECT	6	85	\N
363	\N	2022-10-04 15:42:38.746+00	0	f	0	CORRECT	6	85	\N
364	\N	2022-10-04 15:42:39.513+00	0	f	0	CORRECT	23	85	\N
365	\N	2022-10-04 15:42:39.683+00	0	f	0	CORRECT	23	85	\N
366	\N	2022-10-04 15:42:39.83+00	0	f	0	CORRECT	23	85	\N
367	\N	2022-10-04 15:42:39.967+00	0	f	0	CORRECT	23	85	\N
368	\N	2022-10-04 15:42:40.778+00	0	f	0	CORRECT	29	85	\N
369	\N	2022-10-04 15:42:41.973+00	0	f	0	CORRECT	31	85	\N
370	\N	2022-10-04 15:42:42.137+00	0	f	0	CORRECT	31	85	\N
371	\N	2022-10-04 15:42:43.61+00	0	f	0	CORRECT	17	85	\N
372	\N	2022-10-04 15:42:43.679+00	0	f	0	CORRECT	17	85	\N
373	\N	2022-10-04 15:42:43.877+00	0	f	0	CORRECT	17	85	\N
374	\N	2022-10-04 15:42:44.104+00	0	f	0	CORRECT	17	85	\N
375	\N	2022-10-04 15:42:44.436+00	0	f	0	CORRECT	15	85	\N
376	\N	2022-10-04 15:42:44.581+00	0	f	0	CORRECT	15	85	\N
377	\N	2022-10-04 15:42:44.718+00	0	f	0	CORRECT	15	85	\N
378	\N	2022-10-04 15:42:45.784+00	0	f	0	CORRECT	26	85	\N
379	\N	2022-10-04 15:42:45.925+00	0	f	0	CORRECT	26	85	\N
380	\N	2022-10-04 15:42:46.044+00	0	f	0	CORRECT	26	85	\N
381	\N	2022-10-04 15:42:46.201+00	0	f	0	CORRECT	26	85	\N
382	\N	2022-10-04 15:42:46.494+00	0	f	0	CORRECT	16	85	\N
383	\N	2022-10-04 15:42:46.651+00	0	f	0	CORRECT	16	85	\N
384	\N	2022-10-04 15:42:46.778+00	0	f	0	CORRECT	16	85	\N
385	\N	2022-10-04 15:42:46.926+00	0	f	0	CORRECT	16	85	\N
386	\N	2022-10-04 15:42:47.74+00	0	f	0	CORRECT	3	85	\N
388	\N	2022-10-04 15:42:48.033+00	0	f	0	CORRECT	3	85	\N
392	\N	2022-10-04 15:42:49.345+00	0	f	0	CORRECT	32	85	\N
398	\N	2022-10-04 15:42:51.238+00	0	f	0	CORRECT	28	85	\N
401	\N	2022-10-04 15:42:52.045+00	0	f	0	CORRECT	21	85	\N
407	\N	2022-10-04 15:42:53.833+00	0	f	0	CORRECT	24	85	\N
409	\N	2022-10-04 15:42:54.173+00	0	f	0	CORRECT	24	85	\N
410	\N	2022-10-04 15:42:55.017+00	0	f	0	CORRECT	18	85	\N
387	\N	2022-10-04 15:42:47.88+00	0	f	0	CORRECT	3	85	\N
393	\N	2022-10-04 15:42:49.809+00	0	f	0	CORRECT	7	85	\N
395	\N	2022-10-04 15:42:50.16+00	0	f	0	CORRECT	7	85	\N
396	\N	2022-10-04 15:42:50.908+00	0	f	0	CORRECT	28	85	\N
400	\N	2022-10-04 15:42:51.882+00	0	f	0	CORRECT	21	85	\N
402	\N	2022-10-04 15:42:52.202+00	0	f	0	CORRECT	21	85	\N
403	\N	2022-10-04 15:42:52.944+00	0	f	0	CORRECT	35	85	\N
405	\N	2022-10-04 15:42:53.219+00	0	f	0	CORRECT	35	85	\N
389	\N	2022-10-04 15:42:48.987+00	0	f	0	CORRECT	32	85	\N
397	\N	2022-10-04 15:42:51.063+00	0	f	0	CORRECT	28	85	\N
404	\N	2022-10-04 15:42:53.067+00	0	f	0	CORRECT	35	85	\N
408	\N	2022-10-04 15:42:54.089+00	0	f	0	CORRECT	24	85	\N
411	\N	2022-10-04 15:42:55.2+00	0	f	0	CORRECT	18	85	\N
390	\N	2022-10-04 15:42:49.116+00	0	f	0	CORRECT	32	85	\N
391	\N	2022-10-04 15:42:49.307+00	0	f	0	CORRECT	32	85	\N
394	\N	2022-10-04 15:42:49.985+00	0	f	0	CORRECT	7	85	\N
399	\N	2022-10-04 15:42:51.389+00	0	f	0	CORRECT	28	85	\N
406	\N	2022-10-04 15:42:53.38+00	0	f	0	CORRECT	35	85	\N
412	\N	2022-10-04 15:43:19.873+00	0.523	f	0	INCORRECT	1311	87	\N
413	\N	2022-10-04 15:43:19.873+00	2.6	f	4	CORRECT	1312	87	\N
414	\N	2022-10-04 15:43:19.873+00	4.201	f	0	INCORRECT	1313	87	\N
415	\N	2022-10-04 15:43:47.862+00	0.676	f	0	INCORRECT	759	89	\N
416	\N	2022-10-04 15:43:47.862+00	3.307	f	0	INCORRECT	760	89	\N
417	\N	2022-10-04 15:43:47.862+00	4.817	f	0	INCORRECT	761	89	\N
418	\N	2022-10-04 15:43:47.862+00	6.121	f	0	INCORRECT	762	89	\N
419	\N	2022-10-04 15:43:47.862+00	7.715	f	0	INCORRECT	763	89	\N
420	\N	2022-10-04 15:45:57.642+00	1.058	f	0	INCORRECT	1731	90	\N
421	\N	2022-10-04 15:45:57.642+00	4.268	f	0	INCORRECT	1734	90	\N
422	\N	2022-10-04 15:45:57.642+00	5.95	f	0	INCORRECT	1735	90	\N
423	\N	2022-10-04 15:51:22.375+00	0	f	0	CORRECT	22	91	\N
424	\N	2022-10-04 15:51:23.679+00	0	f	0	CORRECT	19	91	\N
425	\N	2022-10-04 15:51:24.317+00	0	f	0	CORRECT	19	91	\N
426	\N	2022-10-04 15:51:24.424+00	0	f	0	CORRECT	19	91	\N
427	\N	2022-10-04 15:51:24.618+00	0	f	0	CORRECT	14	91	\N
428	\N	2022-10-04 15:51:24.8+00	0	f	0	CORRECT	14	91	\N
429	\N	2022-10-04 15:51:25.016+00	0	f	0	CORRECT	14	91	\N
430	\N	2022-10-04 15:51:25.897+00	0	f	0	CORRECT	25	91	\N
431	\N	2022-10-04 15:51:26.105+00	0	f	0	CORRECT	25	91	\N
432	\N	2022-10-04 15:51:26.718+00	0	f	0	CORRECT	13	91	\N
433	\N	2022-10-04 15:51:27.644+00	0	f	0	CORRECT	5	91	\N
434	\N	2022-10-04 15:51:27.887+00	0	f	0	CORRECT	5	91	\N
435	\N	2022-10-04 15:51:28.122+00	0	f	0	CORRECT	5	91	\N
436	\N	2022-10-04 15:51:28.563+00	0	f	0	CORRECT	4	91	\N
437	\N	2022-10-04 15:51:28.76+00	0	f	0	CORRECT	4	91	\N
438	\N	2022-10-04 15:51:28.949+00	0	f	0	CORRECT	4	91	\N
439	\N	2022-10-04 15:51:29.109+00	0	f	0	CORRECT	4	91	\N
440	\N	2022-10-04 15:51:29.268+00	0	f	0	CORRECT	30	91	\N
441	\N	2022-10-04 15:51:29.469+00	0	f	0	CORRECT	30	91	\N
442	\N	2022-10-04 15:51:29.656+00	0	f	0	CORRECT	30	91	\N
443	\N	2022-10-04 15:51:30.457+00	0	f	0	CORRECT	10	91	\N
444	\N	2022-10-04 15:51:30.689+00	0	f	0	CORRECT	10	91	\N
445	\N	2022-10-04 15:51:30.911+00	0	f	0	CORRECT	10	91	\N
446	\N	2022-10-04 15:51:31.782+00	0	f	0	CORRECT	2	91	\N
447	\N	2022-10-04 15:51:32.867+00	0	f	0	CORRECT	34	91	\N
448	\N	2022-10-04 15:51:33.321+00	0	f	0	CORRECT	34	91	\N
449	\N	2022-10-04 15:51:33.715+00	0	f	0	CORRECT	8	91	\N
450	\N	2022-10-04 15:51:33.937+00	0	f	0	CORRECT	8	91	\N
451	\N	2022-10-04 15:51:34.162+00	0	f	0	CORRECT	8	91	\N
452	\N	2022-10-04 15:51:34.675+00	0	f	0	CORRECT	12	91	\N
453	\N	2022-10-04 15:51:34.929+00	0	f	0	CORRECT	12	91	\N
454	\N	2022-10-04 15:51:35.179+00	0	f	0	CORRECT	12	91	\N
455	\N	2022-10-04 15:51:35.691+00	0	f	0	CORRECT	9	91	\N
456	\N	2022-10-04 15:51:36.159+00	0	f	0	CORRECT	9	91	\N
457	\N	2022-10-04 15:51:36.907+00	0	f	0	CORRECT	1	91	\N
458	\N	2022-10-04 15:51:37.139+00	0	f	0	CORRECT	1	91	\N
459	\N	2022-10-04 15:51:37.344+00	0	f	0	CORRECT	1	91	\N
460	\N	2022-10-04 15:51:37.869+00	0	f	0	CORRECT	11	91	\N
461	\N	2022-10-04 15:51:38.174+00	0	f	0	CORRECT	11	91	\N
462	\N	2022-10-04 15:51:38.342+00	0	f	0	CORRECT	11	91	\N
463	\N	2022-10-04 15:51:38.743+00	0	f	0	CORRECT	33	91	\N
464	\N	2022-10-04 15:51:38.958+00	0	f	0	CORRECT	33	91	\N
465	\N	2022-10-04 15:51:39.171+00	0	f	0	CORRECT	33	91	\N
466	\N	2022-10-04 15:51:39.413+00	0	f	0	CORRECT	33	91	\N
467	\N	2022-10-04 15:51:40.006+00	0	f	0	CORRECT	20	91	\N
468	\N	2022-10-04 15:51:40.256+00	0	f	0	CORRECT	20	91	\N
469	\N	2022-10-04 15:51:40.923+00	0	f	0	CORRECT	27	91	\N
470	\N	2022-10-04 15:51:41.181+00	0	f	0	CORRECT	27	91	\N
471	\N	2022-10-04 15:51:41.856+00	0	f	0	CORRECT	6	91	\N
472	\N	2022-10-04 15:51:42.372+00	0	f	0	CORRECT	6	91	\N
473	\N	2022-10-04 15:51:42.788+00	0	f	0	CORRECT	23	91	\N
474	\N	2022-10-04 15:51:42.992+00	0	f	0	CORRECT	23	91	\N
475	\N	2022-10-04 15:51:43.282+00	0	f	0	CORRECT	23	91	\N
476	\N	2022-10-04 15:51:43.641+00	0	f	0	CORRECT	29	91	\N
477	\N	2022-10-04 15:51:44.104+00	0	f	0	CORRECT	29	91	\N
478	\N	2022-10-04 15:51:44.942+00	0	f	0	CORRECT	31	91	\N
479	\N	2022-10-04 15:51:45.199+00	0	f	0	CORRECT	31	91	\N
480	\N	2022-10-04 15:51:46.039+00	0	f	0	CORRECT	17	91	\N
481	\N	2022-10-04 15:51:46.305+00	0	f	0	CORRECT	17	91	\N
482	\N	2022-10-04 15:51:48.502+00	0	f	0	CORRECT	15	91	\N
483	\N	2022-10-04 15:51:48.614+00	0	f	0	CORRECT	15	91	\N
484	\N	2022-10-04 15:51:48.886+00	0	f	0	CORRECT	15	91	\N
485	\N	2022-10-04 15:51:49.324+00	0	f	0	CORRECT	26	91	\N
486	\N	2022-10-04 15:51:50.272+00	0	f	0	CORRECT	16	91	\N
487	\N	2022-10-04 15:51:50.506+00	0	f	0	CORRECT	16	91	\N
488	\N	2022-10-04 15:51:50.811+00	0	f	0	CORRECT	16	91	\N
489	\N	2022-10-04 15:51:51.237+00	0	f	0	CORRECT	3	91	\N
490	\N	2022-10-04 15:51:51.497+00	0	f	0	CORRECT	3	91	\N
491	\N	2022-10-04 15:51:51.697+00	0	f	0	CORRECT	3	91	\N
492	\N	2022-10-04 15:51:52.037+00	0	f	0	CORRECT	32	91	\N
493	\N	2022-10-04 15:51:52.323+00	0	f	0	CORRECT	32	91	\N
494	\N	2022-10-04 15:51:52.36+00	0	f	0	CORRECT	32	91	\N
495	\N	2022-10-04 15:51:52.88+00	0	f	0	CORRECT	7	91	\N
496	\N	2022-10-04 15:51:53.056+00	0	f	0	CORRECT	7	91	\N
497	\N	2022-10-04 15:51:53.209+00	0	f	0	CORRECT	7	91	\N
498	\N	2022-10-04 15:51:53.716+00	0	f	0	CORRECT	28	91	\N
499	\N	2022-10-04 15:51:53.94+00	0	f	0	CORRECT	28	91	\N
500	\N	2022-10-04 15:51:54.089+00	0	f	0	CORRECT	28	91	\N
501	\N	2022-10-04 15:51:54.614+00	0	f	0	CORRECT	21	91	\N
502	\N	2022-10-04 15:51:54.784+00	0	f	0	CORRECT	21	91	\N
503	\N	2022-10-04 15:51:54.93+00	0	f	0	CORRECT	21	91	\N
504	\N	2022-10-04 15:51:55.383+00	0	f	0	CORRECT	35	91	\N
506	\N	2022-10-04 15:51:55.692+00	0	f	0	CORRECT	35	91	\N
512	\N	2022-10-04 15:51:57.856+00	0	f	0	CORRECT	18	91	\N
505	\N	2022-10-04 15:51:55.531+00	0	f	0	CORRECT	35	91	\N
507	\N	2022-10-04 15:51:55.85+00	0	f	0	CORRECT	35	91	\N
513	\N	2022-10-04 15:51:58.017+00	0	f	0	CORRECT	18	91	\N
508	\N	2022-10-04 15:51:56.26+00	0	f	0	CORRECT	24	91	\N
510	\N	2022-10-04 15:51:56.567+00	0	f	0	CORRECT	24	91	\N
511	\N	2022-10-04 15:51:57.696+00	0	f	0	CORRECT	18	91	\N
509	\N	2022-10-04 15:51:56.409+00	0	f	0	CORRECT	24	91	\N
514	\N	2022-10-04 15:51:58.185+00	0	f	0	CORRECT	18	91	\N
515	\N	2022-10-04 15:52:18.949+00	0.988	f	0	INCORRECT	1311	93	\N
516	\N	2022-10-04 15:52:18.949+00	2.658	f	4	CORRECT	1312	93	\N
517	\N	2022-10-04 15:52:18.949+00	4.01	f	0	INCORRECT	1313	93	\N
518	\N	2022-10-04 15:52:45.369+00	0.855	f	0	INCORRECT	545	95	\N
519	\N	2022-10-04 15:52:45.369+00	3.355	f	0	INCORRECT	546	95	\N
520	\N	2022-10-04 15:52:45.369+00	6.087	f	0	INCORRECT	547	95	\N
521	\N	2022-10-04 15:53:10.127+00	0.775	f	0	INCORRECT	548	97	\N
522	\N	2022-10-04 17:05:59.848+00	0	f	0	CORRECT	22	102	\N
523	\N	2022-10-04 17:06:00.4+00	0	f	0	CORRECT	22	102	\N
524	\N	2022-10-04 17:06:00.926+00	0	f	0	CORRECT	19	102	\N
525	\N	2022-10-04 17:06:01.908+00	0	f	0	CORRECT	14	102	\N
526	\N	2022-10-04 17:06:02.255+00	0	f	0	CORRECT	14	102	\N
527	\N	2022-10-04 17:06:02.76+00	0	f	0	CORRECT	25	102	\N
528	\N	2022-10-04 17:06:03.312+00	0	f	0	CORRECT	25	102	\N
529	\N	2022-10-04 17:06:03.816+00	0	f	0	CORRECT	13	102	\N
530	\N	2022-10-04 17:06:04.402+00	0	f	0	CORRECT	13	102	\N
531	\N	2022-10-04 17:06:04.965+00	0	f	0	CORRECT	5	102	\N
532	\N	2022-10-04 17:06:05.493+00	0	f	0	CORRECT	5	102	\N
533	\N	2022-10-04 17:06:06.283+00	0	f	0	CORRECT	4	102	\N
534	\N	2022-10-04 17:06:07.604+00	0	f	0	CORRECT	30	102	\N
535	\N	2022-10-04 17:06:08.785+00	0	f	0	CORRECT	10	102	\N
536	\N	2022-10-04 17:06:09.607+00	0	f	0	CORRECT	2	102	\N
537	\N	2022-10-04 17:06:11.338+00	0	f	0	CORRECT	34	102	\N
538	\N	2022-10-04 17:06:12.59+00	0	f	0	CORRECT	8	102	\N
539	\N	2022-10-04 17:06:20.663+00	0	f	0	CORRECT	12	102	\N
540	\N	2022-10-04 17:06:21.083+00	0	f	0	CORRECT	12	102	\N
541	\N	2022-10-04 17:06:21.87+00	0	f	0	CORRECT	9	102	\N
542	\N	2022-10-04 17:06:22.633+00	0	f	0	CORRECT	1	102	\N
543	\N	2022-10-04 17:06:23.98+00	0	f	0	CORRECT	11	102	\N
544	\N	2022-10-04 17:06:24.329+00	0	f	0	CORRECT	11	102	\N
545	\N	2022-10-04 17:06:24.556+00	0	f	0	CORRECT	11	102	\N
546	\N	2022-10-04 17:06:25.526+00	0	f	0	CORRECT	33	102	\N
547	\N	2022-10-04 17:06:26.598+00	0	f	0	CORRECT	20	102	\N
548	\N	2022-10-04 17:06:28.364+00	0	f	0	CORRECT	27	102	\N
549	\N	2022-10-04 17:06:28.944+00	0	f	0	CORRECT	27	102	\N
550	\N	2022-10-04 17:06:31.264+00	0	f	0	CORRECT	6	102	\N
551	\N	2022-10-04 17:06:32.547+00	0	f	0	CORRECT	23	102	\N
552	\N	2022-10-04 17:06:33.288+00	0	f	0	CORRECT	29	102	\N
553	\N	2022-10-04 17:06:34.023+00	0	f	0	CORRECT	31	102	\N
554	\N	2022-10-04 17:06:36.232+00	0	f	0	CORRECT	17	102	\N
555	\N	2022-10-04 17:06:37.659+00	0	f	0	CORRECT	15	102	\N
556	\N	2022-10-04 17:06:39.804+00	0	f	0	CORRECT	26	102	\N
557	\N	2022-10-04 17:06:44.198+00	0	f	0	CORRECT	16	102	\N
558	\N	2022-10-04 17:06:45.007+00	0	f	0	CORRECT	3	102	\N
559	\N	2022-10-04 17:06:46.312+00	0	f	0	CORRECT	32	102	\N
560	\N	2022-10-04 17:06:47.723+00	0	f	0	CORRECT	7	102	\N
561	\N	2022-10-04 17:06:48.46+00	0	f	0	CORRECT	28	102	\N
562	\N	2022-10-04 17:06:49.796+00	0	f	0	CORRECT	21	102	\N
563	\N	2022-10-04 17:06:50.521+00	0	f	0	CORRECT	35	102	\N
564	\N	2022-10-04 17:06:51.237+00	0	f	0	CORRECT	24	102	\N
565	\N	2022-10-04 17:06:51.93+00	0	f	0	CORRECT	18	102	\N
566	\N	2022-10-04 17:07:09.962+00	0.59	f	0	INCORRECT	1311	105	\N
567	\N	2022-10-04 17:09:18.887+00	0.882	f	4	CORRECT	545	107	\N
568	\N	2022-10-04 17:10:36.18+00	0.652	f	0	INCORRECT	1731	109	\N
569	\N	2022-10-04 17:10:36.18+00	2.826	f	0	INCORRECT	1732	109	\N
570	\N	2022-10-04 18:32:14.094+00	0	f	0	CORRECT	22	114	\N
571	\N	2022-10-04 18:32:14.716+00	0	f	0	CORRECT	22	114	\N
572	\N	2022-10-04 18:32:15.227+00	0	f	0	CORRECT	19	114	\N
573	\N	2022-10-04 18:32:15.528+00	0	f	0	CORRECT	19	114	\N
574	\N	2022-10-04 18:32:15.654+00	0	f	0	CORRECT	19	114	\N
575	\N	2022-10-04 18:32:16.051+00	0	f	0	CORRECT	14	114	\N
576	\N	2022-10-04 18:32:16.255+00	0	f	0	CORRECT	14	114	\N
577	\N	2022-10-04 18:32:16.461+00	0	f	0	CORRECT	14	114	\N
578	\N	2022-10-04 18:32:25.206+00	0	f	0	CORRECT	25	114	\N
579	\N	2022-10-04 18:32:25.416+00	0	f	0	CORRECT	25	114	\N
580	\N	2022-10-04 18:32:25.596+00	0	f	0	CORRECT	25	114	\N
581	\N	2022-10-04 18:32:25.853+00	0	f	0	CORRECT	25	114	\N
582	\N	2022-10-04 18:32:28.321+00	0	f	0	CORRECT	13	114	\N
583	\N	2022-10-04 18:32:28.499+00	0	f	0	CORRECT	13	114	\N
584	\N	2022-10-04 18:32:28.674+00	0	f	0	CORRECT	13	114	\N
585	\N	2022-10-04 18:32:28.858+00	0	f	0	CORRECT	13	114	\N
586	\N	2022-10-04 18:32:29.016+00	0	f	0	CORRECT	5	114	\N
587	\N	2022-10-04 18:32:40.914+00	0	f	0	CORRECT	4	114	\N
588	\N	2022-10-04 18:32:41.011+00	0	f	0	CORRECT	4	114	\N
589	\N	2022-10-04 18:32:41.353+00	0	f	0	CORRECT	4	114	\N
590	\N	2022-10-04 18:32:42.025+00	0	f	0	CORRECT	30	114	\N
591	\N	2022-10-04 18:32:42.234+00	0	f	0	CORRECT	30	114	\N
592	\N	2022-10-04 18:32:42.882+00	0	f	0	CORRECT	10	114	\N
593	\N	2022-10-04 18:32:43.101+00	0	f	0	CORRECT	10	114	\N
594	\N	2022-10-04 18:32:43.342+00	0	f	0	CORRECT	10	114	\N
595	\N	2022-10-04 18:32:43.698+00	0	f	0	CORRECT	2	114	\N
596	\N	2022-10-04 18:32:43.809+00	0	f	0	CORRECT	2	114	\N
597	\N	2022-10-04 18:32:44.632+00	0	f	0	CORRECT	34	114	\N
598	\N	2022-10-04 18:32:48.208+00	0	f	0	CORRECT	8	114	\N
599	\N	2022-10-04 18:32:48.608+00	0	f	0	CORRECT	8	114	\N
600	\N	2022-10-04 18:32:48.882+00	0	f	0	CORRECT	12	114	\N
601	\N	2022-10-04 18:32:49.442+00	0	f	0	CORRECT	12	114	\N
602	\N	2022-10-04 18:32:49.673+00	0	f	0	CORRECT	9	114	\N
603	\N	2022-10-04 18:32:49.978+00	0	f	0	CORRECT	9	114	\N
604	\N	2022-10-04 18:32:50.509+00	0	f	0	CORRECT	1	114	\N
605	\N	2022-10-04 18:32:50.756+00	0	f	0	CORRECT	1	114	\N
606	\N	2022-10-04 18:32:51.019+00	0	f	0	CORRECT	1	114	\N
607	\N	2022-10-04 18:32:51.558+00	0	f	0	CORRECT	11	114	\N
608	\N	2022-10-04 18:32:51.789+00	0	f	0	CORRECT	11	114	\N
609	\N	2022-10-04 18:32:52.257+00	0	f	0	CORRECT	33	114	\N
610	\N	2022-10-04 18:32:52.519+00	0	f	0	CORRECT	33	114	\N
621	\N	2022-10-04 18:32:57.234+00	0	f	0	CORRECT	31	114	\N
629	\N	2022-10-04 18:32:59.966+00	0	f	0	CORRECT	26	114	\N
630	\N	2022-10-04 18:33:00.248+00	0	f	0	CORRECT	26	114	\N
631	\N	2022-10-04 18:33:00.558+00	0	f	0	CORRECT	26	114	\N
642	\N	2022-10-04 18:33:04.121+00	0	f	0	CORRECT	28	114	\N
643	\N	2022-10-04 18:33:04.482+00	0	f	0	CORRECT	28	114	\N
646	\N	2022-10-04 18:33:06.772+00	0	f	0	CORRECT	35	114	\N
647	\N	2022-10-04 18:33:07.903+00	0	f	0	CORRECT	24	114	\N
648	\N	2022-10-04 18:33:08.996+00	0	f	0	CORRECT	18	114	\N
611	\N	2022-10-04 18:32:53.035+00	0	f	0	CORRECT	20	114	\N
615	\N	2022-10-04 18:32:54.558+00	0	f	0	CORRECT	6	114	\N
618	\N	2022-10-04 18:32:55.544+00	0	f	0	CORRECT	23	114	\N
626	\N	2022-10-04 18:32:58.284+00	0	f	0	CORRECT	17	114	\N
627	\N	2022-10-04 18:32:59.22+00	0	f	0	CORRECT	15	114	\N
640	\N	2022-10-04 18:33:03.553+00	0	f	0	CORRECT	7	114	\N
641	\N	2022-10-04 18:33:03.826+00	0	f	0	CORRECT	7	114	\N
612	\N	2022-10-04 18:32:53.358+00	0	f	0	CORRECT	20	114	\N
616	\N	2022-10-04 18:32:54.774+00	0	f	0	CORRECT	6	114	\N
619	\N	2022-10-04 18:32:56.024+00	0	f	0	CORRECT	29	114	\N
620	\N	2022-10-04 18:32:56.302+00	0	f	0	CORRECT	29	114	\N
622	\N	2022-10-04 18:32:57.308+00	0	f	0	CORRECT	31	114	\N
628	\N	2022-10-04 18:32:59.401+00	0	f	0	CORRECT	15	114	\N
632	\N	2022-10-04 18:33:00.857+00	0	f	0	CORRECT	16	114	\N
633	\N	2022-10-04 18:33:01.116+00	0	f	0	CORRECT	16	114	\N
634	\N	2022-10-04 18:33:01.362+00	0	f	0	CORRECT	16	114	\N
635	\N	2022-10-04 18:33:01.628+00	0	f	0	CORRECT	3	114	\N
636	\N	2022-10-04 18:33:01.912+00	0	f	0	CORRECT	3	114	\N
637	\N	2022-10-04 18:33:02.447+00	0	f	0	CORRECT	32	114	\N
638	\N	2022-10-04 18:33:02.714+00	0	f	0	CORRECT	32	114	\N
639	\N	2022-10-04 18:33:03.272+00	0	f	0	CORRECT	7	114	\N
613	\N	2022-10-04 18:32:53.801+00	0	f	0	CORRECT	27	114	\N
614	\N	2022-10-04 18:32:54.057+00	0	f	0	CORRECT	27	114	\N
617	\N	2022-10-04 18:32:55.299+00	0	f	0	CORRECT	23	114	\N
623	\N	2022-10-04 18:32:57.428+00	0	f	0	CORRECT	31	114	\N
624	\N	2022-10-04 18:32:57.738+00	0	f	0	CORRECT	31	114	\N
625	\N	2022-10-04 18:32:58.105+00	0	f	0	CORRECT	17	114	\N
644	\N	2022-10-04 18:33:04.65+00	0	f	0	CORRECT	28	114	\N
645	\N	2022-10-04 18:33:04.922+00	0	f	0	CORRECT	21	114	\N
649	\N	2022-10-04 18:33:21.107+00	0	f	0	CORRECT	22	116	\N
650	\N	2022-10-04 18:33:21.437+00	0	f	0	CORRECT	22	116	\N
651	\N	2022-10-04 18:33:21.732+00	0	f	0	CORRECT	22	116	\N
652	\N	2022-10-04 18:33:21.938+00	0	f	0	CORRECT	19	116	\N
653	\N	2022-10-04 18:33:22.148+00	0	f	0	CORRECT	19	116	\N
654	\N	2022-10-04 18:33:23.019+00	0	f	0	CORRECT	14	116	\N
655	\N	2022-10-04 18:33:23.212+00	0	f	0	CORRECT	14	116	\N
656	\N	2022-10-04 18:33:24.068+00	0	f	0	CORRECT	25	116	\N
657	\N	2022-10-04 18:33:24.302+00	0	f	0	CORRECT	25	116	\N
658	\N	2022-10-04 18:33:24.546+00	0	f	0	CORRECT	25	116	\N
659	\N	2022-10-04 18:33:24.922+00	0	f	0	CORRECT	13	116	\N
660	\N	2022-10-04 18:33:25.142+00	0	f	0	CORRECT	13	116	\N
661	\N	2022-10-04 18:33:25.75+00	0	f	0	CORRECT	5	116	\N
662	\N	2022-10-04 18:33:25.975+00	0	f	0	CORRECT	5	116	\N
663	\N	2022-10-04 18:33:26.638+00	0	f	0	CORRECT	4	116	\N
664	\N	2022-10-04 18:33:26.799+00	0	f	0	CORRECT	4	116	\N
665	\N	2022-10-04 18:33:27.286+00	0	f	0	CORRECT	4	116	\N
666	\N	2022-10-04 18:33:27.479+00	0	f	0	CORRECT	30	116	\N
667	\N	2022-10-04 18:33:27.687+00	0	f	0	CORRECT	30	116	\N
668	\N	2022-10-04 18:33:28.568+00	0	f	0	CORRECT	10	116	\N
669	\N	2022-10-04 18:33:28.855+00	0	f	0	CORRECT	10	116	\N
670	\N	2022-10-04 18:33:29.163+00	0	f	0	CORRECT	10	116	\N
671	\N	2022-10-04 18:33:29.446+00	0	f	0	CORRECT	2	116	\N
672	\N	2022-10-04 18:33:29.744+00	0	f	0	CORRECT	2	116	\N
673	\N	2022-10-04 18:33:30.312+00	0	f	0	CORRECT	34	116	\N
674	\N	2022-10-04 18:33:30.56+00	0	f	0	CORRECT	34	116	\N
675	\N	2022-10-04 18:33:31.092+00	0	f	0	CORRECT	8	116	\N
676	\N	2022-10-04 18:33:31.341+00	0	f	0	CORRECT	8	116	\N
677	\N	2022-10-04 18:33:31.954+00	0	f	0	CORRECT	12	116	\N
678	\N	2022-10-04 18:33:32.31+00	0	f	0	CORRECT	12	116	\N
679	\N	2022-10-04 18:33:32.658+00	0	f	0	CORRECT	12	116	\N
680	\N	2022-10-04 18:33:32.677+00	0	f	0	CORRECT	12	116	\N
681	\N	2022-10-04 18:33:32.965+00	0	f	0	CORRECT	9	116	\N
682	\N	2022-10-04 18:33:33.124+00	0	f	0	CORRECT	9	116	\N
683	\N	2022-10-04 18:33:33.359+00	0	f	0	CORRECT	9	116	\N
684	\N	2022-10-04 18:33:33.603+00	0	f	0	CORRECT	9	116	\N
685	\N	2022-10-04 18:33:33.979+00	0.752	f	0	INCORRECT	1731	118	\N
686	\N	2022-10-04 18:33:34.143+00	0	f	0	CORRECT	1	116	\N
687	\N	2022-10-04 18:33:34.489+00	0	f	0	CORRECT	1	116	\N
688	\N	2022-10-04 18:33:35.398+00	0	f	0	CORRECT	11	116	\N
689	\N	2022-10-04 18:33:35.652+00	0	f	0	CORRECT	11	116	\N
690	\N	2022-10-04 18:33:36.152+00	0	f	0	CORRECT	33	116	\N
691	\N	2022-10-04 18:33:36.391+00	0	f	0	CORRECT	33	116	\N
692	\N	2022-10-04 18:33:37.222+00	0	f	0	CORRECT	20	116	\N
693	\N	2022-10-04 18:33:37.346+00	0	f	0	CORRECT	20	116	\N
694	\N	2022-10-04 18:33:37.58+00	0	f	0	CORRECT	20	116	\N
695	\N	2022-10-04 18:33:37.801+00	0	f	0	CORRECT	20	116	\N
696	\N	2022-10-04 18:33:38.011+00	0	f	0	CORRECT	27	116	\N
697	\N	2022-10-04 18:33:38.265+00	0	f	0	CORRECT	27	116	\N
698	\N	2022-10-04 18:33:39.279+00	0	f	0	CORRECT	6	116	\N
699	\N	2022-10-04 18:33:39.502+00	0	f	0	CORRECT	6	116	\N
700	\N	2022-10-04 18:33:39.744+00	0	f	0	CORRECT	6	116	\N
701	\N	2022-10-04 18:33:40.208+00	0	f	0	CORRECT	23	116	\N
702	\N	2022-10-04 18:33:40.626+00	0	f	0	CORRECT	23	116	\N
703	\N	2022-10-04 18:33:40.703+00	0	f	0	CORRECT	23	116	\N
704	\N	2022-10-04 18:33:40.982+00	0	f	0	CORRECT	23	116	\N
705	\N	2022-10-04 18:33:41.24+00	0	f	0	CORRECT	29	116	\N
706	\N	2022-10-04 18:33:41.451+00	0	f	0	CORRECT	29	116	\N
707	\N	2022-10-04 18:33:42.58+00	0	f	0	CORRECT	31	116	\N
708	\N	2022-10-04 18:33:42.761+00	0	f	0	CORRECT	31	116	\N
709	\N	2022-10-04 18:33:43.038+00	0	f	0	CORRECT	31	116	\N
710	\N	2022-10-04 18:33:43.554+00	0	f	0	CORRECT	17	116	\N
711	\N	2022-10-04 18:33:43.821+00	0	f	0	CORRECT	17	116	\N
712	\N	2022-10-04 18:33:44.09+00	0	f	0	CORRECT	17	116	\N
713	\N	2022-10-04 18:33:44.381+00	0	f	0	CORRECT	15	116	\N
714	\N	2022-10-04 18:33:44.656+00	0	f	0	CORRECT	15	116	\N
715	\N	2022-10-04 18:33:45.428+00	0	f	0	CORRECT	26	116	\N
716	\N	2022-10-04 18:33:45.662+00	0	f	0	CORRECT	26	116	\N
717	\N	2022-10-04 18:33:45.927+00	0	f	0	CORRECT	26	116	\N
718	\N	2022-10-04 18:33:46.175+00	0	f	0	CORRECT	16	116	\N
719	\N	2022-10-04 18:33:46.428+00	0	f	0	CORRECT	16	116	\N
720	\N	2022-10-04 18:33:47.198+00	0	f	0	CORRECT	3	116	\N
721	\N	2022-10-04 18:33:47.447+00	0	f	0	CORRECT	3	116	\N
722	\N	2022-10-04 18:33:48.049+00	0	f	0	CORRECT	32	116	\N
723	\N	2022-10-04 18:33:48.193+00	0	f	0	CORRECT	32	116	\N
724	\N	2022-10-04 18:33:48.916+00	0	f	0	CORRECT	7	116	\N
725	\N	2022-10-04 18:33:49.192+00	0	f	0	CORRECT	7	116	\N
726	\N	2022-10-04 18:33:49.678+00	0	f	0	CORRECT	28	116	\N
727	\N	2022-10-04 18:33:49.931+00	0	f	0	CORRECT	28	116	\N
728	\N	2022-10-04 18:33:50.657+00	0	f	0	CORRECT	21	116	\N
729	\N	2022-10-04 18:33:50.91+00	0	f	0	CORRECT	21	116	\N
730	\N	2022-10-04 18:33:51.141+00	0	f	0	CORRECT	21	116	\N
731	\N	2022-10-04 18:33:51.51+00	0	f	0	CORRECT	35	116	\N
732	\N	2022-10-04 18:33:51.762+00	0	f	0	CORRECT	35	116	\N
733	\N	2022-10-04 18:33:52.561+00	0	f	0	CORRECT	24	116	\N
734	\N	2022-10-04 18:33:52.78+00	0	f	0	CORRECT	24	116	\N
735	\N	2022-10-04 18:33:53.023+00	0	f	0	CORRECT	24	116	\N
736	\N	2022-10-04 18:33:53.623+00	0	f	0	CORRECT	18	116	\N
737	\N	2022-10-04 18:33:53.777+00	0	f	0	CORRECT	18	116	\N
738	\N	2022-10-04 18:33:54.014+00	0	f	0	CORRECT	18	116	\N
739	\N	2022-10-04 18:34:30.947+00	1.537	f	0	INCORRECT	1731	121	\N
740	\N	2022-10-04 18:34:30.947+00	3.632	f	0	INCORRECT	1732	121	\N
741	\N	2022-10-04 18:34:30.947+00	5.326	f	0	INCORRECT	1733	121	\N
742	\N	2022-10-04 18:34:30.947+00	7.457	f	0	INCORRECT	1734	121	\N
743	\N	2022-10-04 18:34:30.947+00	9.647	f	0	INCORRECT	1735	121	\N
744	\N	2022-10-04 18:35:17.379+00	3.073	f	0	INCORRECT	1731	122	\N
745	\N	2022-10-04 18:35:17.379+00	5.811	f	0	INCORRECT	1732	122	\N
746	\N	2022-10-04 18:35:17.379+00	7.552	f	0	INCORRECT	1733	122	\N
747	\N	2022-10-04 18:35:17.379+00	9.644	f	0	INCORRECT	1734	122	\N
748	\N	2022-10-04 18:35:17.379+00	11.394	f	0	INCORRECT	1735	122	\N
749	\N	2022-10-04 18:35:18.786+00	24.307	f	4	CORRECT	1645	120	\N
750	\N	2022-10-04 18:35:18.786+00	4.938	f	0	INCORRECT	1646	120	\N
751	\N	2022-10-04 18:35:18.786+00	29.568	f	4	CORRECT	1647	120	\N
752	\N	2022-10-04 18:35:18.786+00	33.009	f	0	INCORRECT	1648	120	\N
753	\N	2022-10-04 18:35:18.786+00	1.407	f	0	INCORRECT	1649	120	\N
754	\N	2022-10-04 18:35:18.786+00	36.382	f	4	CORRECT	1650	120	\N
755	\N	2022-10-04 18:35:18.786+00	43.998	f	0	INCORRECT	1651	120	\N
756	\N	2022-10-04 18:35:18.786+00	54.199	f	0	INCORRECT	1652	120	\N
757	\N	2022-10-04 18:35:18.786+00	59.074	f	0	INCORRECT	1653	120	\N
758	\N	2022-10-04 18:35:18.786+00	64.882	f	4	CORRECT	1654	120	\N
759	\N	2022-10-04 18:35:18.786+00	71.071	f	0	INCORRECT	1655	120	\N
760	\N	2022-10-04 18:35:18.786+00	86.117	f	4	CORRECT	1656	120	\N
761	\N	2022-10-04 18:35:18.786+00	88.999	f	0	INCORRECT	1657	120	\N
762	\N	2022-10-04 18:37:08.063+00	1.641	f	0	INCORRECT	1731	124	\N
763	\N	2022-10-04 18:37:08.063+00	35.271	f	0	INCORRECT	1732	124	\N
764	\N	2022-10-04 18:37:08.063+00	37.082	f	0	INCORRECT	1733	124	\N
765	\N	2022-10-04 18:37:08.063+00	38.798	f	0	INCORRECT	1734	124	\N
766	\N	2022-10-04 18:37:08.063+00	40.712	f	0	INCORRECT	1735	124	\N
767	\N	2022-10-04 18:37:29.865+00	0.946	f	0	INCORRECT	1311	127	\N
768	\N	2022-10-04 18:37:29.865+00	2.342	f	0	INCORRECT	1312	127	\N
769	\N	2022-10-04 18:37:29.865+00	3.704	f	0	INCORRECT	1313	127	\N
770	\N	2022-10-04 18:38:24.835+00	4.087	f	0	INCORRECT	1311	130	\N
771	\N	2022-10-04 18:38:24.835+00	7.16	f	4	CORRECT	1312	130	\N
772	\N	2022-10-04 18:38:24.835+00	10.463	f	0	INCORRECT	1313	130	\N
773	\N	2022-10-04 18:38:50.323+00	19.13	f	4	CORRECT	545	131	\N
774	\N	2022-10-04 18:38:50.323+00	24.194	f	4	CORRECT	546	131	\N
775	\N	2022-10-04 18:38:50.323+00	30.652	f	0	INCORRECT	547	131	\N
776	\N	2022-10-04 18:38:51.281+00	1.401	f	0	INCORRECT	1731	133	\N
777	\N	2022-10-04 18:42:35.536+00	0.976	f	0	INCORRECT	1731	142	\N
778	\N	2022-10-04 18:47:05.566+00	0	f	0	CORRECT	22	145	\N
779	\N	2022-10-04 18:47:06.642+00	0	f	0	CORRECT	19	145	\N
780	\N	2022-10-04 18:47:07.207+00	0	f	0	CORRECT	19	145	\N
781	\N	2022-10-04 18:47:07.665+00	0	f	0	CORRECT	14	145	\N
782	\N	2022-10-04 18:47:08.239+00	0	f	0	CORRECT	14	145	\N
783	\N	2022-10-04 18:47:08.541+00	0	f	0	CORRECT	25	145	\N
784	\N	2022-10-04 18:47:08.769+00	0	f	0	CORRECT	25	145	\N
785	\N	2022-10-04 18:47:09.066+00	0	f	0	CORRECT	25	145	\N
786	\N	2022-10-04 18:47:09.169+00	0	f	0	CORRECT	25	145	\N
787	\N	2022-10-04 18:47:09.569+00	0	f	0	CORRECT	13	145	\N
788	\N	2022-10-04 18:47:09.773+00	0	f	0	CORRECT	13	145	\N
789	\N	2022-10-04 18:47:09.981+00	0	f	0	CORRECT	13	145	\N
790	\N	2022-10-04 18:47:11.029+00	0	f	0	CORRECT	5	145	\N
791	\N	2022-10-04 18:47:12.236+00	0	f	0	CORRECT	4	145	\N
792	\N	2022-10-04 18:47:13.214+00	0	f	0	CORRECT	30	145	\N
793	\N	2022-10-04 18:47:13.785+00	0	f	0	CORRECT	30	145	\N
794	\N	2022-10-04 18:47:14.558+00	0	f	0	CORRECT	10	145	\N
795	\N	2022-10-04 18:47:15.802+00	0	f	0	CORRECT	2	145	\N
796	\N	2022-10-04 18:47:16.649+00	0	f	0	CORRECT	2	145	\N
797	\N	2022-10-04 18:47:17.031+00	0	f	0	CORRECT	34	145	\N
798	\N	2022-10-04 18:47:18.249+00	0	f	0	CORRECT	8	145	\N
799	\N	2022-10-04 18:47:18.839+00	0	f	0	CORRECT	8	145	\N
800	\N	2022-10-04 18:47:19.472+00	0	f	0	CORRECT	12	145	\N
801	\N	2022-10-04 18:47:20.958+00	0	f	0	CORRECT	9	145	\N
802	\N	2022-10-04 18:47:22.781+00	0	f	0	CORRECT	1	145	\N
803	\N	2022-10-04 18:47:23.341+00	0	f	0	CORRECT	1	145	\N
804	\N	2022-10-04 18:47:23.923+00	0	f	0	CORRECT	11	145	\N
805	\N	2022-10-04 18:47:24.533+00	0	f	0	CORRECT	11	145	\N
806	\N	2022-10-04 18:47:25.106+00	0	f	0	CORRECT	33	145	\N
807	\N	2022-10-04 18:47:26.043+00	0	f	0	CORRECT	20	145	\N
808	\N	2022-10-04 18:47:26.874+00	0	f	0	CORRECT	27	145	\N
809	\N	2022-10-04 18:47:28.425+00	0	f	0	CORRECT	6	145	\N
810	\N	2022-10-04 18:47:29.66+00	0	f	0	CORRECT	23	145	\N
811	\N	2022-10-04 18:47:29.888+00	0	f	0	CORRECT	23	145	\N
812	\N	2022-10-04 18:47:30.24+00	0	f	0	CORRECT	23	145	\N
813	\N	2022-10-04 18:47:30.575+00	0	f	0	CORRECT	29	145	\N
814	\N	2022-10-04 18:47:33.033+00	0	f	0	CORRECT	31	145	\N
815	\N	2022-10-04 18:47:33.718+00	0	f	0	CORRECT	31	145	\N
816	\N	2022-10-04 18:47:34.179+00	0	f	0	CORRECT	17	145	\N
817	\N	2022-10-04 18:47:34.671+00	0	f	0	CORRECT	17	145	\N
818	\N	2022-10-04 18:47:35.339+00	0	f	0	CORRECT	15	145	\N
819	\N	2022-10-04 18:47:36.343+00	0	f	0	CORRECT	26	145	\N
820	\N	2022-10-04 18:47:37.729+00	0	f	0	CORRECT	16	145	\N
821	\N	2022-10-04 18:47:38.53+00	0	f	0	CORRECT	3	145	\N
822	\N	2022-10-04 18:47:39.122+00	0	f	0	CORRECT	3	145	\N
823	\N	2022-10-04 18:47:39.833+00	0	f	0	CORRECT	32	145	\N
824	\N	2022-10-04 18:47:40.255+00	0	f	0	CORRECT	32	145	\N
825	\N	2022-10-04 18:47:40.514+00	0	f	0	CORRECT	32	145	\N
826	\N	2022-10-04 18:47:40.815+00	0	f	0	CORRECT	7	145	\N
827	\N	2022-10-04 18:47:41.122+00	0	f	0	CORRECT	7	145	\N
828	\N	2022-10-04 18:47:42.004+00	0	f	0	CORRECT	28	145	\N
829	\N	2022-10-04 18:47:42.301+00	0	f	0	CORRECT	28	145	\N
830	\N	2022-10-04 18:47:42.837+00	0	f	0	CORRECT	28	145	\N
831	\N	2022-10-04 18:47:43.58+00	0	f	0	CORRECT	21	145	\N
832	\N	2022-10-04 18:47:44.623+00	0	f	0	CORRECT	35	145	\N
835	\N	2022-10-04 18:47:47.256+00	0	f	0	CORRECT	18	145	\N
833	\N	2022-10-04 18:47:45.137+00	0	f	0	CORRECT	35	145	\N
834	\N	2022-10-04 18:47:45.697+00	0	f	0	CORRECT	24	145	\N
836	\N	2022-10-04 18:48:42.652+00	5.157	f	0	INCORRECT	1731	147	\N
837	\N	2022-10-04 18:48:42.652+00	7.724	f	0	INCORRECT	1732	147	\N
838	\N	2022-10-04 18:48:42.652+00	10.025	f	4	CORRECT	1733	147	\N
839	\N	2022-10-04 18:48:42.652+00	12.698	f	0	INCORRECT	1734	147	\N
840	\N	2022-10-04 18:48:42.652+00	15.24	f	0	INCORRECT	1735	147	\N
841	\N	2022-10-05 08:07:18.213+00	0	f	0	CORRECT	22	149	\N
842	\N	2022-10-05 08:07:19.768+00	0	f	0	CORRECT	19	149	\N
843	\N	2022-10-05 08:07:20.009+00	0	f	0	CORRECT	19	149	\N
844	\N	2022-10-05 08:07:20.387+00	0	f	0	CORRECT	19	149	\N
845	\N	2022-10-05 08:07:20.682+00	0	f	0	CORRECT	14	149	\N
846	\N	2022-10-05 08:07:21.024+00	0	f	0	CORRECT	14	149	\N
847	\N	2022-10-05 08:07:21.103+00	0	f	0	CORRECT	14	149	\N
848	\N	2022-10-05 08:07:21.588+00	0	f	0	CORRECT	25	149	\N
849	\N	2022-10-05 08:07:21.748+00	0	f	0	CORRECT	25	149	\N
850	\N	2022-10-05 08:07:21.893+00	0	f	0	CORRECT	25	149	\N
851	\N	2022-10-05 08:07:22.459+00	0	f	0	CORRECT	13	149	\N
852	\N	2022-10-05 08:07:22.61+00	0	f	0	CORRECT	13	149	\N
853	\N	2022-10-05 08:07:22.764+00	0	f	0	CORRECT	13	149	\N
854	\N	2022-10-05 08:07:23.693+00	0	f	0	CORRECT	5	149	\N
855	\N	2022-10-05 08:07:23.943+00	0	f	0	CORRECT	5	149	\N
856	\N	2022-10-05 08:07:24.063+00	0	f	0	CORRECT	5	149	\N
857	\N	2022-10-05 08:07:24.224+00	0	f	0	CORRECT	5	149	\N
858	\N	2022-10-05 08:07:24.581+00	0	f	0	CORRECT	4	149	\N
859	\N	2022-10-05 08:07:24.718+00	0	f	0	CORRECT	4	149	\N
860	\N	2022-10-05 08:07:24.901+00	0	f	0	CORRECT	4	149	\N
861	\N	2022-10-05 08:07:24.966+00	0	f	0	CORRECT	4	149	\N
862	\N	2022-10-05 08:07:25.306+00	0	f	0	CORRECT	4	149	\N
863	\N	2022-10-05 08:07:25.872+00	0	f	0	CORRECT	30	149	\N
864	\N	2022-10-05 08:07:26.065+00	0	f	0	CORRECT	30	149	\N
865	\N	2022-10-05 08:07:27.312+00	0	f	0	CORRECT	10	149	\N
866	\N	2022-10-05 08:07:27.526+00	0	f	0	CORRECT	10	149	\N
867	\N	2022-10-05 08:07:28.197+00	0	f	0	CORRECT	2	149	\N
868	\N	2022-10-05 08:07:28.398+00	0	f	0	CORRECT	2	149	\N
869	\N	2022-10-05 08:07:28.71+00	0	f	0	CORRECT	2	149	\N
870	\N	2022-10-05 08:07:29.163+00	0	f	0	CORRECT	34	149	\N
871	\N	2022-10-05 08:07:29.282+00	0	f	0	CORRECT	34	149	\N
872	\N	2022-10-05 08:07:29.495+00	0	f	0	CORRECT	34	149	\N
873	\N	2022-10-05 08:07:29.948+00	0	f	0	CORRECT	8	149	\N
874	\N	2022-10-05 08:07:30.166+00	0	f	0	CORRECT	8	149	\N
875	\N	2022-10-05 08:07:30.837+00	0	f	0	CORRECT	12	149	\N
876	\N	2022-10-05 08:07:31.085+00	0	f	0	CORRECT	12	149	\N
877	\N	2022-10-05 08:07:31.789+00	0	f	0	CORRECT	9	149	\N
878	\N	2022-10-05 08:07:32.018+00	0	f	0	CORRECT	9	149	\N
879	\N	2022-10-05 08:07:32.248+00	0	f	0	CORRECT	9	149	\N
880	\N	2022-10-05 08:07:32.8+00	0	f	0	CORRECT	1	149	\N
881	\N	2022-10-05 08:07:33.072+00	0	f	0	CORRECT	1	149	\N
882	\N	2022-10-05 08:07:33.31+00	0	f	0	CORRECT	1	149	\N
883	\N	2022-10-05 08:07:33.544+00	0	f	0	CORRECT	11	149	\N
884	\N	2022-10-05 08:07:33.784+00	0	f	0	CORRECT	11	149	\N
885	\N	2022-10-05 08:07:34.028+00	0	f	0	CORRECT	11	149	\N
886	\N	2022-10-05 08:07:34.67+00	0	f	0	CORRECT	33	149	\N
887	\N	2022-10-05 08:07:34.873+00	0	f	0	CORRECT	33	149	\N
888	\N	2022-10-05 08:07:35.157+00	0	f	0	CORRECT	33	149	\N
889	\N	2022-10-05 08:07:35.404+00	0	f	0	CORRECT	20	149	\N
890	\N	2022-10-05 08:07:35.71+00	0	f	0	CORRECT	20	149	\N
891	\N	2022-10-05 08:07:36.577+00	0	f	0	CORRECT	27	149	\N
892	\N	2022-10-05 08:07:36.864+00	0	f	0	CORRECT	27	149	\N
893	\N	2022-10-05 08:07:37.106+00	0	f	0	CORRECT	27	149	\N
894	\N	2022-10-05 08:07:37.364+00	0	f	0	CORRECT	6	149	\N
895	\N	2022-10-05 08:07:37.601+00	0	f	0	CORRECT	6	149	\N
896	\N	2022-10-05 08:07:38.39+00	0	f	0	CORRECT	23	149	\N
897	\N	2022-10-05 08:07:38.629+00	0	f	0	CORRECT	23	149	\N
898	\N	2022-10-05 08:07:38.902+00	0	f	0	CORRECT	23	149	\N
899	\N	2022-10-05 08:07:39.141+00	0	f	0	CORRECT	29	149	\N
900	\N	2022-10-05 08:07:39.402+00	0	f	0	CORRECT	29	149	\N
901	\N	2022-10-05 08:07:39.734+00	0	f	0	CORRECT	29	149	\N
902	\N	2022-10-05 08:07:40.212+00	0	f	0	CORRECT	31	149	\N
903	\N	2022-10-05 08:07:40.551+00	0	f	0	CORRECT	31	149	\N
904	\N	2022-10-05 08:07:41.155+00	0	f	0	CORRECT	17	149	\N
905	\N	2022-10-05 08:07:41.509+00	0	f	0	CORRECT	17	149	\N
906	\N	2022-10-05 08:07:42.063+00	0	f	0	CORRECT	15	149	\N
907	\N	2022-10-05 08:07:42.314+00	0	f	0	CORRECT	15	149	\N
908	\N	2022-10-05 08:07:42.867+00	0	f	0	CORRECT	26	149	\N
909	\N	2022-10-05 08:07:43.171+00	0	f	0	CORRECT	26	149	\N
910	\N	2022-10-05 08:07:43.601+00	0	f	0	CORRECT	16	149	\N
911	\N	2022-10-05 08:07:43.773+00	0	f	0	CORRECT	16	149	\N
912	\N	2022-10-05 08:07:43.978+00	0	f	0	CORRECT	16	149	\N
913	\N	2022-10-05 08:07:44.211+00	0	f	0	CORRECT	16	149	\N
914	\N	2022-10-05 08:07:44.441+00	0	f	0	CORRECT	3	149	\N
915	\N	2022-10-05 08:07:44.695+00	0	f	0	CORRECT	3	149	\N
916	\N	2022-10-05 08:07:45.674+00	0	f	0	CORRECT	32	149	\N
917	\N	2022-10-05 08:07:45.779+00	0	f	0	CORRECT	32	149	\N
918	\N	2022-10-05 08:07:45.982+00	0	f	0	CORRECT	32	149	\N
919	\N	2022-10-05 08:07:46.226+00	0	f	0	CORRECT	32	149	\N
920	\N	2022-10-05 08:07:46.465+00	0	f	0	CORRECT	7	149	\N
921	\N	2022-10-05 08:07:46.706+00	0	f	0	CORRECT	7	149	\N
922	\N	2022-10-05 08:07:47.801+00	0	f	0	CORRECT	28	149	\N
923	\N	2022-10-05 08:07:48.33+00	0	f	0	CORRECT	28	149	\N
924	\N	2022-10-05 08:07:48.652+00	0	f	0	CORRECT	21	149	\N
925	\N	2022-10-05 08:07:48.984+00	0	f	0	CORRECT	21	149	\N
926	\N	2022-10-05 08:07:49.56+00	0	f	0	CORRECT	35	149	\N
927	\N	2022-10-05 08:07:49.801+00	0	f	0	CORRECT	35	149	\N
928	\N	2022-10-05 08:07:51.738+00	0	f	0	CORRECT	24	149	\N
929	\N	2022-10-05 08:07:51.911+00	0	f	0	CORRECT	24	149	\N
930	\N	2022-10-05 08:07:52.29+00	0	f	0	CORRECT	24	149	\N
931	\N	2022-10-05 08:07:52.573+00	0	f	0	CORRECT	18	149	\N
932	\N	2022-10-05 08:07:52.784+00	0	f	0	CORRECT	18	149	\N
933	\N	2022-10-05 08:08:29.673+00	1.254	f	0	INCORRECT	1731	151	\N
934	\N	2022-10-05 08:08:29.673+00	3.787	f	0	INCORRECT	1732	151	\N
935	\N	2022-10-05 08:08:29.673+00	5.485	f	0	INCORRECT	1733	151	\N
936	\N	2022-10-05 08:08:29.673+00	7.634	f	4	CORRECT	1734	151	\N
937	\N	2022-10-05 08:08:29.673+00	9.506	f	0	INCORRECT	1735	151	\N
938	\N	2022-10-05 08:09:37.319+00	1.536	f	0	INCORRECT	1731	153	\N
939	\N	2022-10-05 08:09:37.319+00	3.327	f	0	INCORRECT	1732	153	\N
940	\N	2022-10-05 08:09:37.319+00	5.187	f	0	INCORRECT	1733	153	\N
941	\N	2022-10-05 08:09:37.319+00	7.523	f	0	INCORRECT	1734	153	\N
942	\N	2022-10-05 08:09:37.319+00	9.342	f	0	INCORRECT	1735	153	\N
943	\N	2022-10-05 08:13:08.662+00	1.555	f	0	INCORRECT	1731	154	\N
944	\N	2022-10-05 08:13:08.662+00	7.991	f	4	CORRECT	1732	154	\N
945	\N	2022-10-05 08:13:08.662+00	9.638	f	0	INCORRECT	1733	154	\N
946	\N	2022-10-05 08:13:08.662+00	11.795	f	0	INCORRECT	1734	154	\N
947	\N	2022-10-05 08:13:08.662+00	13.641	f	0	INCORRECT	1735	154	\N
948	\N	2022-10-05 10:51:10.79+00	1610.738	f	0	INCORRECT	1530	160	\N
949	\N	2022-10-05 13:25:22.019+00	1.418	f	0	INCORRECT	548	168	\N
950	\N	2022-10-05 14:14:34.84+00	0.785	f	4	CORRECT	356	171	\N
951	\N	2022-10-05 14:14:34.84+00	3.917	f	0	INCORRECT	358	171	\N
952	\N	2022-10-05 14:48:39.507+00	0	f	0	CORRECT	22	173	\N
953	\N	2022-10-05 14:48:40.909+00	0	f	0	CORRECT	19	173	\N
954	\N	2022-10-05 14:48:41.518+00	0	f	0	CORRECT	19	173	\N
955	\N	2022-10-05 14:48:41.946+00	0	f	0	CORRECT	14	173	\N
956	\N	2022-10-05 14:48:42.46+00	0	f	0	CORRECT	14	173	\N
957	\N	2022-10-05 14:48:43.118+00	0	f	0	CORRECT	25	173	\N
958	\N	2022-10-05 14:48:44.297+00	0	f	0	CORRECT	13	173	\N
960	\N	2022-10-05 14:48:45.461+00	0	f	0	CORRECT	5	173	\N
964	\N	2022-10-05 14:48:51.416+00	0	f	0	CORRECT	10	173	\N
965	\N	2022-10-05 14:48:51.995+00	0	f	0	CORRECT	2	173	\N
966	\N	2022-10-05 14:48:52.395+00	0	f	0	CORRECT	2	173	\N
967	\N	2022-10-05 14:48:53.046+00	0	f	0	CORRECT	34	173	\N
969	\N	2022-10-05 14:48:54.347+00	0	f	0	CORRECT	8	173	\N
971	\N	2022-10-05 14:48:55.292+00	0	f	0	CORRECT	12	173	\N
973	\N	2022-10-05 14:48:56.278+00	0	f	0	CORRECT	9	173	\N
975	\N	2022-10-05 14:48:57.128+00	0	f	0	CORRECT	1	173	\N
977	\N	2022-10-05 14:48:58.037+00	0	f	0	CORRECT	11	173	\N
981	\N	2022-10-05 14:49:00.638+00	0	f	0	CORRECT	20	173	\N
983	\N	2022-10-05 14:49:01.615+00	0	f	0	CORRECT	27	173	\N
986	\N	2022-10-05 14:49:02.483+00	0	f	0	CORRECT	6	173	\N
987	\N	2022-10-05 14:49:02.8+00	0	f	0	CORRECT	23	173	\N
989	\N	2022-10-05 14:49:03.209+00	0	f	0	CORRECT	23	173	\N
990	\N	2022-10-05 14:49:03.825+00	0	f	0	CORRECT	29	173	\N
993	\N	2022-10-05 14:49:05.244+00	0	f	0	CORRECT	31	173	\N
995	\N	2022-10-05 14:49:05.688+00	0	f	0	CORRECT	17	173	\N
998	\N	2022-10-05 14:49:06.883+00	0	f	0	CORRECT	15	173	\N
1001	\N	2022-10-05 14:49:07.507+00	0	f	0	CORRECT	26	173	\N
1005	\N	2022-10-05 14:49:09.989+00	0	f	0	CORRECT	16	173	\N
1007	\N	2022-10-05 14:49:10.606+00	0	f	0	CORRECT	3	173	\N
1009	\N	2022-10-05 14:49:10.978+00	0	f	0	CORRECT	3	173	\N
1014	\N	2022-10-05 14:49:14.017+00	0	f	0	CORRECT	7	173	\N
1017	\N	2022-10-05 14:49:14.92+00	0	f	0	CORRECT	28	173	\N
959	\N	2022-10-05 14:48:44.928+00	0	f	0	CORRECT	13	173	\N
961	\N	2022-10-05 14:48:46.191+00	0	f	0	CORRECT	4	173	\N
962	\N	2022-10-05 14:48:47.528+00	0	f	0	CORRECT	30	173	\N
963	\N	2022-10-05 14:48:51.034+00	0	f	0	CORRECT	10	173	\N
968	\N	2022-10-05 14:48:53.442+00	0	f	0	CORRECT	34	173	\N
970	\N	2022-10-05 14:48:54.805+00	0	f	0	CORRECT	8	173	\N
972	\N	2022-10-05 14:48:55.797+00	0	f	0	CORRECT	12	173	\N
974	\N	2022-10-05 14:48:56.692+00	0	f	0	CORRECT	9	173	\N
976	\N	2022-10-05 14:48:57.562+00	0	f	0	CORRECT	1	173	\N
978	\N	2022-10-05 14:48:58.467+00	0	f	0	CORRECT	11	173	\N
979	\N	2022-10-05 14:48:59.332+00	0	f	0	CORRECT	33	173	\N
980	\N	2022-10-05 14:49:00.164+00	0	f	0	CORRECT	20	173	\N
982	\N	2022-10-05 14:49:01.019+00	0	f	0	CORRECT	27	173	\N
984	\N	2022-10-05 14:49:02.062+00	0	f	0	CORRECT	6	173	\N
985	\N	2022-10-05 14:49:02.25+00	0	f	0	CORRECT	6	173	\N
988	\N	2022-10-05 14:49:03.137+00	0	f	0	CORRECT	23	173	\N
991	\N	2022-10-05 14:49:04.735+00	0	f	0	CORRECT	31	173	\N
992	\N	2022-10-05 14:49:05.049+00	0	f	0	CORRECT	31	173	\N
994	\N	2022-10-05 14:49:05.472+00	0	f	0	CORRECT	17	173	\N
996	\N	2022-10-05 14:49:05.909+00	0	f	0	CORRECT	17	173	\N
997	\N	2022-10-05 14:49:06.68+00	0	f	0	CORRECT	15	173	\N
999	\N	2022-10-05 14:49:07.03+00	0	f	0	CORRECT	15	173	\N
1000	\N	2022-10-05 14:49:07.263+00	0	f	0	CORRECT	15	173	\N
1002	\N	2022-10-05 14:49:08.494+00	0	f	0	CORRECT	26	173	\N
1003	\N	2022-10-05 14:49:09.605+00	0	f	0	CORRECT	16	173	\N
1004	\N	2022-10-05 14:49:09.825+00	0	f	0	CORRECT	16	173	\N
1006	\N	2022-10-05 14:49:10.182+00	0	f	0	CORRECT	16	173	\N
1008	\N	2022-10-05 14:49:10.78+00	0	f	0	CORRECT	3	173	\N
1010	\N	2022-10-05 14:49:11.143+00	0	f	0	CORRECT	3	173	\N
1011	\N	2022-10-05 14:49:11.715+00	0	f	0	CORRECT	32	173	\N
1012	\N	2022-10-05 14:49:11.992+00	0	f	0	CORRECT	32	173	\N
1013	\N	2022-10-05 14:49:12.126+00	0	f	0	CORRECT	32	173	\N
1015	\N	2022-10-05 14:49:14.224+00	0	f	0	CORRECT	7	173	\N
1016	\N	2022-10-05 14:49:14.477+00	0	f	0	CORRECT	7	173	\N
1018	\N	2022-10-05 14:49:15.155+00	0	f	0	CORRECT	28	173	\N
1019	\N	2022-10-05 14:49:15.86+00	0	f	0	CORRECT	21	173	\N
1020	\N	2022-10-05 14:49:16.194+00	0	f	0	CORRECT	21	173	\N
1021	\N	2022-10-05 14:49:16.663+00	0	f	0	CORRECT	35	173	\N
1022	\N	2022-10-05 14:49:18.063+00	0	f	0	CORRECT	24	173	\N
1023	\N	2022-10-05 14:49:19.273+00	0	f	0	CORRECT	18	173	\N
1024	\N	2022-10-05 14:49:19.728+00	0	f	0	CORRECT	18	173	\N
1025	\N	2022-10-05 15:26:13.14+00	1.751	f	0	INCORRECT	1731	177	\N
1026	\N	2022-10-05 15:26:13.14+00	4.572	f	0	INCORRECT	1732	177	\N
1027	\N	2022-10-05 15:26:13.14+00	7.049	f	0	INCORRECT	1733	177	\N
1028	\N	2022-10-05 15:26:13.14+00	9.126	f	0	INCORRECT	1734	177	\N
1029	\N	2022-10-05 15:26:13.14+00	11.214	f	0	INCORRECT	1735	177	\N
1030	\N	2022-10-05 15:50:32.791+00	0	f	0	CORRECT	22	179	\N
1031	\N	2022-10-05 15:50:32.963+00	0	f	0	CORRECT	22	179	\N
1032	\N	2022-10-05 15:50:33.257+00	0	f	0	CORRECT	22	179	\N
1033	\N	2022-10-05 15:50:33.395+00	0	f	0	CORRECT	22	179	\N
1034	\N	2022-10-05 15:50:33.62+00	0	f	0	CORRECT	19	179	\N
1035	\N	2022-10-05 15:50:33.734+00	0	f	0	CORRECT	19	179	\N
1036	\N	2022-10-05 15:50:33.919+00	0	f	0	CORRECT	19	179	\N
1037	\N	2022-10-05 15:50:34.938+00	0	f	0	CORRECT	14	179	\N
1038	\N	2022-10-05 15:50:35.13+00	0	f	0	CORRECT	14	179	\N
1039	\N	2022-10-05 15:50:35.738+00	0	f	0	CORRECT	25	179	\N
1040	\N	2022-10-05 15:50:35.954+00	0	f	0	CORRECT	25	179	\N
1041	\N	2022-10-05 15:50:36.611+00	0	f	0	CORRECT	13	179	\N
1042	\N	2022-10-05 15:50:36.821+00	0	f	0	CORRECT	13	179	\N
1043	\N	2022-10-05 15:50:37.037+00	0	f	0	CORRECT	13	179	\N
1044	\N	2022-10-05 15:50:37.266+00	0	f	0	CORRECT	5	179	\N
1045	\N	2022-10-05 15:50:37.486+00	0	f	0	CORRECT	5	179	\N
1046	\N	2022-10-05 15:50:37.806+00	0	f	0	CORRECT	5	179	\N
1047	\N	2022-10-05 15:50:38.527+00	0	f	0	CORRECT	4	179	\N
1048	\N	2022-10-05 15:50:38.661+00	0	f	0	CORRECT	4	179	\N
1049	\N	2022-10-05 15:50:38.915+00	0	f	0	CORRECT	4	179	\N
1050	\N	2022-10-05 15:50:39.133+00	0	f	0	CORRECT	4	179	\N
1051	\N	2022-10-05 15:50:39.368+00	0	f	0	CORRECT	30	179	\N
1052	\N	2022-10-05 15:50:39.594+00	0	f	0	CORRECT	30	179	\N
1053	\N	2022-10-05 15:50:39.916+00	0	f	0	CORRECT	30	179	\N
1054	\N	2022-10-05 15:50:40.779+00	0	f	0	CORRECT	10	179	\N
1057	\N	2022-10-05 15:50:41.723+00	0	f	0	CORRECT	2	179	\N
1058	\N	2022-10-05 15:50:42.001+00	0	f	0	CORRECT	2	179	\N
1062	\N	2022-10-05 15:50:43.377+00	0	f	0	CORRECT	8	179	\N
1065	\N	2022-10-05 15:50:44.305+00	0	f	0	CORRECT	12	179	\N
1070	\N	2022-10-05 15:50:46.06+00	0	f	0	CORRECT	1	179	\N
1071	\N	2022-10-05 15:50:46.961+00	0	f	0	CORRECT	11	179	\N
1072	\N	2022-10-05 15:50:47.243+00	0	f	0	CORRECT	11	179	\N
1075	\N	2022-10-05 15:50:47.872+00	0	f	0	CORRECT	33	179	\N
1077	\N	2022-10-05 15:50:49.204+00	0	f	0	CORRECT	20	179	\N
1083	\N	2022-10-05 15:50:50.726+00	0	f	0	CORRECT	6	179	\N
1086	\N	2022-10-05 15:50:51.832+00	0	f	0	CORRECT	23	179	\N
1093	\N	2022-10-05 15:50:54.607+00	0	f	0	CORRECT	17	179	\N
1096	\N	2022-10-05 15:50:55.16+00	0	f	0	CORRECT	17	179	\N
1108	\N	2022-10-05 15:50:59.467+00	0	f	0	CORRECT	32	179	\N
1110	\N	2022-10-05 15:51:00.594+00	0	f	0	CORRECT	7	179	\N
1111	\N	2022-10-05 15:51:00.873+00	0	f	0	CORRECT	7	179	\N
1112	\N	2022-10-05 15:51:01.284+00	0	f	0	CORRECT	28	179	\N
1117	\N	2022-10-05 15:51:03.579+00	0	f	0	CORRECT	35	179	\N
1121	\N	2022-10-05 15:51:04.754+00	0	f	0	CORRECT	24	179	\N
1055	\N	2022-10-05 15:50:41.018+00	0	f	0	CORRECT	10	179	\N
1056	\N	2022-10-05 15:50:41.524+00	0	f	0	CORRECT	2	179	\N
1063	\N	2022-10-05 15:50:43.643+00	0	f	0	CORRECT	8	179	\N
1066	\N	2022-10-05 15:50:44.523+00	0	f	0	CORRECT	12	179	\N
1069	\N	2022-10-05 15:50:45.408+00	0	f	0	CORRECT	9	179	\N
1073	\N	2022-10-05 15:50:47.428+00	0	f	0	CORRECT	11	179	\N
1078	\N	2022-10-05 15:50:49.418+00	0	f	0	CORRECT	20	179	\N
1079	\N	2022-10-05 15:50:49.664+00	0	f	0	CORRECT	27	179	\N
1085	\N	2022-10-05 15:50:51.611+00	0	f	0	CORRECT	23	179	\N
1087	\N	2022-10-05 15:50:52.041+00	0	f	0	CORRECT	23	179	\N
1089	\N	2022-10-05 15:50:52.713+00	0	f	0	CORRECT	29	179	\N
1092	\N	2022-10-05 15:50:53.809+00	0	f	0	CORRECT	31	179	\N
1095	\N	2022-10-05 15:50:54.924+00	0	f	0	CORRECT	17	179	\N
1099	\N	2022-10-05 15:50:56.734+00	0	f	0	CORRECT	26	179	\N
1101	\N	2022-10-05 15:50:57.413+00	0	f	0	CORRECT	16	179	\N
1102	\N	2022-10-05 15:50:57.826+00	0	f	0	CORRECT	16	179	\N
1104	\N	2022-10-05 15:50:58.109+00	0	f	0	CORRECT	3	179	\N
1115	\N	2022-10-05 15:51:03.077+00	0	f	0	CORRECT	21	179	\N
1116	\N	2022-10-05 15:51:03.343+00	0	f	0	CORRECT	21	179	\N
1118	\N	2022-10-05 15:51:03.821+00	0	f	0	CORRECT	35	179	\N
1123	\N	2022-10-05 15:51:05.758+00	0	f	0	CORRECT	18	179	\N
1059	\N	2022-10-05 15:50:42.192+00	0	f	0	CORRECT	34	179	\N
1061	\N	2022-10-05 15:50:42.653+00	0	f	0	CORRECT	34	179	\N
1067	\N	2022-10-05 15:50:44.74+00	0	f	0	CORRECT	12	179	\N
1076	\N	2022-10-05 15:50:48.893+00	0	f	0	CORRECT	20	179	\N
1081	\N	2022-10-05 15:50:50.092+00	0	f	0	CORRECT	27	179	\N
1082	\N	2022-10-05 15:50:50.52+00	0	f	0	CORRECT	6	179	\N
1084	\N	2022-10-05 15:50:50.946+00	0	f	0	CORRECT	6	179	\N
1088	\N	2022-10-05 15:50:52.493+00	0	f	0	CORRECT	29	179	\N
1094	\N	2022-10-05 15:50:54.708+00	0	f	0	CORRECT	17	179	\N
1103	\N	2022-10-05 15:50:57.878+00	0	f	0	CORRECT	16	179	\N
1109	\N	2022-10-05 15:51:00.455+00	0	f	0	CORRECT	7	179	\N
1114	\N	2022-10-05 15:51:02.844+00	0	f	0	CORRECT	21	179	\N
1122	\N	2022-10-05 15:51:05.59+00	0	f	0	CORRECT	18	179	\N
1060	\N	2022-10-05 15:50:42.425+00	0	f	0	CORRECT	34	179	\N
1064	\N	2022-10-05 15:50:43.803+00	0	f	0	CORRECT	8	179	\N
1068	\N	2022-10-05 15:50:45.177+00	0	f	0	CORRECT	9	179	\N
1074	\N	2022-10-05 15:50:47.643+00	0	f	0	CORRECT	33	179	\N
1080	\N	2022-10-05 15:50:49.869+00	0	f	0	CORRECT	27	179	\N
1090	\N	2022-10-05 15:50:52.919+00	0	f	0	CORRECT	29	179	\N
1091	\N	2022-10-05 15:50:53.612+00	0	f	0	CORRECT	31	179	\N
1097	\N	2022-10-05 15:50:55.384+00	0	f	0	CORRECT	15	179	\N
1098	\N	2022-10-05 15:50:55.635+00	0	f	0	CORRECT	15	179	\N
1100	\N	2022-10-05 15:50:56.971+00	0	f	0	CORRECT	26	179	\N
1105	\N	2022-10-05 15:50:58.327+00	0	f	0	CORRECT	3	179	\N
1106	\N	2022-10-05 15:50:58.579+00	0	f	0	CORRECT	3	179	\N
1107	\N	2022-10-05 15:50:59.246+00	0	f	0	CORRECT	32	179	\N
1113	\N	2022-10-05 15:51:01.507+00	0	f	0	CORRECT	28	179	\N
1119	\N	2022-10-05 15:51:04.046+00	0	f	0	CORRECT	35	179	\N
1120	\N	2022-10-05 15:51:04.514+00	0	f	0	CORRECT	24	179	\N
1124	\N	2022-10-05 15:51:24.746+00	0.566	f	0	INCORRECT	1731	181	\N
1125	\N	2022-10-05 20:15:51.504+00	2.183	f	0	INCORRECT	1649	203	\N
1126	\N	2022-10-06 08:30:06.144+00	0	f	0	CORRECT	22	205	\N
1127	\N	2022-10-06 08:30:07.304+00	0	f	0	CORRECT	19	205	\N
1128	\N	2022-10-06 08:30:17.79+00	0	f	0	CORRECT	19	205	\N
1129	\N	2022-10-06 08:30:30.577+00	0	f	0	CORRECT	14	205	\N
1130	\N	2022-10-06 08:30:34.476+00	0	f	0	CORRECT	25	205	\N
1131	\N	2022-10-06 08:30:41.846+00	0	f	0	CORRECT	13	205	\N
1132	\N	2022-10-06 08:30:50.123+00	0	f	0	CORRECT	5	205	\N
1133	\N	2022-10-06 08:31:07.139+00	0	f	0	CORRECT	4	205	\N
1134	\N	2022-10-06 08:31:22.091+00	0	f	0	CORRECT	30	205	\N
1135	\N	2022-10-06 08:31:31.266+00	0	f	0	CORRECT	10	205	\N
1136	\N	2022-10-06 09:03:39.545+00	0	f	0	CORRECT	2	205	\N
1137	\N	2022-10-06 09:03:44.789+00	0	f	0	CORRECT	34	205	\N
1138	\N	2022-10-06 09:03:56.579+00	0	f	0	CORRECT	8	205	\N
1139	\N	2022-10-06 09:04:08.29+00	0	f	0	CORRECT	12	205	\N
1140	\N	2022-10-06 09:04:44.037+00	0	f	0	CORRECT	9	205	\N
1141	\N	2022-10-06 09:05:10.943+00	0	f	0	CORRECT	1	205	\N
1142	\N	2022-10-06 09:05:19.129+00	0	f	0	CORRECT	11	205	\N
1143	\N	2022-10-06 09:05:29.269+00	0	f	0	CORRECT	33	205	\N
1144	\N	2022-10-06 09:05:51.959+00	0	f	0	CORRECT	20	205	\N
1145	\N	2022-10-06 09:06:04.702+00	0	f	0	CORRECT	27	205	\N
1146	\N	2022-10-06 09:06:16.909+00	0	f	0	CORRECT	6	205	\N
1147	\N	2022-10-06 09:06:24.715+00	0	f	0	CORRECT	23	205	\N
1148	\N	2022-10-06 09:06:31.139+00	0	f	0	CORRECT	29	205	\N
1149	\N	2022-10-06 09:06:42.056+00	0	f	0	CORRECT	31	205	\N
1150	\N	2022-10-06 09:06:49.268+00	0	f	0	CORRECT	17	205	\N
1151	\N	2022-10-06 09:07:08.565+00	0	f	0	CORRECT	15	205	\N
1152	\N	2022-10-06 09:07:16.855+00	0	f	0	CORRECT	26	205	\N
1153	\N	2022-10-06 09:07:23.875+00	0	f	0	CORRECT	16	205	\N
1154	\N	2022-10-06 09:07:35.064+00	0	f	0	CORRECT	3	205	\N
1155	\N	2022-10-06 09:07:50.767+00	0	f	0	CORRECT	32	205	\N
1156	\N	2022-10-06 09:07:59.974+00	0	f	0	CORRECT	7	205	\N
1157	\N	2022-10-06 09:08:18.646+00	0	f	0	CORRECT	28	205	\N
1158	\N	2022-10-06 09:08:31.166+00	0	f	0	CORRECT	21	205	\N
1159	\N	2022-10-06 09:08:45.849+00	0	f	0	CORRECT	35	205	\N
1160	\N	2022-10-06 09:08:51.347+00	0	f	0	CORRECT	24	205	\N
1161	\N	2022-10-06 09:08:58.269+00	0	f	0	CORRECT	18	205	\N
1162	\N	2022-10-06 09:14:27.501+00	10.608	f	4	CORRECT	1731	207	2
1163	\N	2022-10-06 09:14:27.501+00	23.675	f	4	CORRECT	1732	207	2
1164	\N	2022-10-06 09:14:27.501+00	44.384	f	4	CORRECT	1733	207	2
1165	\N	2022-10-06 09:14:27.501+00	63.105	f	4	CORRECT	1734	207	2
1166	\N	2022-10-06 09:14:27.501+00	73.13	f	4	CORRECT	1735	207	2
1167	\N	2022-10-06 09:29:39.993+00	16.555	f	4	CORRECT	1593	216	2
1168	\N	2022-10-08 06:24:45.109+00	2.564	f	0	INCORRECT	1646	230	\N
1169	\N	2022-10-08 06:24:45.109+00	1.213	f	0	INCORRECT	1649	230	\N
1170	\N	2022-10-08 06:24:45.109+00	5.32	f	0	INCORRECT	1653	230	\N
1171	\N	2022-10-08 06:24:45.109+00	7.163	f	0	INCORRECT	1654	230	\N
1172	\N	2022-10-08 06:29:56.331+00	1.041	f	4	CORRECT	2370	235	\N
1173	\N	2022-10-08 06:30:25.897+00	2.359	f	4	CORRECT	2370	237	\N
1174	\N	2022-10-08 06:54:16.814+00	14.741	f	0	INCORRECT	2371	239	\N
1175	\N	2022-10-10 09:15:40.364+00	2.843	f	0	INCORRECT	339	250	\N
1176	\N	2022-10-10 09:15:40.364+00	1.427	f	4	CORRECT	356	250	\N
1177	\N	2022-10-10 09:17:40.063+00	10.908	f	0	INCORRECT	413	252	\N
1178	\N	2022-10-10 09:17:40.063+00	18.483	f	4	CORRECT	414	252	\N
1179	\N	2022-10-10 09:17:40.063+00	33.708	f	4	CORRECT	415	252	\N
1180	\N	2022-10-10 09:17:40.063+00	36.274	f	0	INCORRECT	418	252	\N
1181	\N	2022-10-10 09:17:40.063+00	42.816	f	0	INCORRECT	429	252	\N
1182	\N	2022-10-10 09:17:40.063+00	25.597	f	4	CORRECT	448	252	\N
1183	\N	2022-10-10 09:17:40.063+00	5.589	f	0	INCORRECT	450	252	\N
1184	\N	2022-10-10 09:17:40.063+00	30.684	f	4	CORRECT	452	252	\N
1185	\N	2022-10-10 18:22:23.059+00	0	f	0	CORRECT	22	4	\N
1186	\N	2022-10-10 18:22:39.117+00	0	f	0	CORRECT	19	4	\N
1187	\N	2022-10-10 21:17:27.987+00	1049.482	f	0	INCORRECT	2216	280	\N
1188	\N	2022-10-10 21:19:28.015+00	6.737	f	0	INCORRECT	2187	282	\N
1189	\N	2022-10-10 21:22:21.907+00	8.984	f	4	CORRECT	2218	284	3
1190	\N	2022-10-10 21:27:42.99+00	92.555	f	4	CORRECT	2189	286	3
1191	\N	2022-10-10 21:28:33.501+00	8.818	f	0	INCORRECT	2219	288	\N
1192	\N	2022-10-11 08:07:43.292+00	1.796	f	0	INCORRECT	413	292	\N
1193	\N	2022-10-11 09:40:07.888+00	16.267	f	0	INCORRECT	414	293	\N
1194	\N	2022-10-11 09:40:07.888+00	3.714	f	0	INCORRECT	450	293	\N
1195	\N	2022-10-11 13:44:38.214+00	13.662	f	0	INCORRECT	216	303	\N
1196	\N	2022-10-11 13:46:36.543+00	7.812	f	0	INCORRECT	208	305	\N
1197	\N	2022-10-11 13:48:11.844+00	0	t	4	CORRECT	1530	27	4
1198	\N	2022-10-11 20:15:10.483+00	0	f	0	CORRECT	14	4	\N
1199	\N	2022-10-11 20:15:10.977+00	0	f	0	CORRECT	14	4	\N
1200	\N	2022-10-11 20:15:12.8+00	0	f	0	CORRECT	25	4	\N
1201	\N	2022-10-11 20:15:13.716+00	0	f	0	CORRECT	25	4	\N
1202	\N	2022-10-11 20:15:14.217+00	0	f	0	CORRECT	13	4	\N
1203	\N	2022-10-11 20:15:14.64+00	0	f	0	CORRECT	13	4	\N
1204	\N	2022-10-11 20:15:14.717+00	0	f	0	CORRECT	13	4	\N
1205	\N	2022-10-11 20:15:14.96+00	0	f	0	CORRECT	13	4	\N
1206	\N	2022-10-11 20:15:15.901+00	0	f	0	CORRECT	5	4	\N
1207	\N	2022-10-11 20:15:16.275+00	0	f	0	CORRECT	5	4	\N
1208	\N	2022-10-11 20:15:17.495+00	0	f	0	CORRECT	4	4	\N
1209	\N	2022-10-11 20:15:17.933+00	0	f	0	CORRECT	4	4	\N
1210	\N	2022-10-11 20:15:18.93+00	0	f	0	CORRECT	30	4	\N
1211	\N	2022-10-11 20:15:19.39+00	0	f	0	CORRECT	30	4	\N
1212	\N	2022-10-11 20:15:20.291+00	0	f	0	CORRECT	10	4	\N
1213	\N	2022-10-11 20:15:20.784+00	0	f	0	CORRECT	10	4	\N
1214	\N	2022-10-11 20:15:21.309+00	0	f	0	CORRECT	2	4	\N
1215	\N	2022-10-11 20:15:21.816+00	0	f	0	CORRECT	2	4	\N
1216	\N	2022-10-11 20:15:22.302+00	0	f	0	CORRECT	34	4	\N
1217	\N	2022-10-11 20:15:22.828+00	0	f	0	CORRECT	34	4	\N
1218	\N	2022-10-11 20:15:23.789+00	0	f	0	CORRECT	8	4	\N
1219	\N	2022-10-11 20:15:24.222+00	0	f	0	CORRECT	8	4	\N
1220	\N	2022-10-11 20:15:24.846+00	0	f	0	CORRECT	12	4	\N
1221	\N	2022-10-11 20:15:25.257+00	0	f	0	CORRECT	12	4	\N
1222	\N	2022-10-11 20:15:26.54+00	0	f	0	CORRECT	9	4	\N
1223	\N	2022-10-11 20:15:27.022+00	0	f	0	CORRECT	9	4	\N
1224	\N	2022-10-11 20:15:27.673+00	0	f	0	CORRECT	1	4	\N
1225	\N	2022-10-11 20:15:29.185+00	0	f	0	CORRECT	11	4	\N
1226	\N	2022-10-11 20:15:30.34+00	0	f	0	CORRECT	33	4	\N
1227	\N	2022-10-11 20:15:30.534+00	0	f	0	CORRECT	33	4	\N
1228	\N	2022-10-11 20:15:30.738+00	0	f	0	CORRECT	33	4	\N
1229	\N	2022-10-11 20:16:23.183+00	0	f	0	CORRECT	20	4	\N
1230	\N	2022-10-11 20:16:23.532+00	0	f	0	CORRECT	20	4	\N
1231	\N	2022-10-11 20:16:24.72+00	0	f	0	CORRECT	27	4	\N
1232	\N	2022-10-11 20:16:25.969+00	0	f	0	CORRECT	27	4	\N
1233	\N	2022-10-11 20:16:26.319+00	0	f	0	CORRECT	27	4	\N
1234	\N	2022-10-11 20:16:26.359+00	0	f	0	CORRECT	6	4	\N
1235	\N	2022-10-11 20:16:26.51+00	0	f	0	CORRECT	6	4	\N
1236	\N	2022-10-11 20:16:27.223+00	0	f	0	CORRECT	6	4	\N
1237	\N	2022-10-11 20:16:28.614+00	0	f	0	CORRECT	23	4	\N
1238	\N	2022-10-11 20:16:28.808+00	0	f	0	CORRECT	23	4	\N
1239	\N	2022-10-11 20:16:29.07+00	0	f	0	CORRECT	23	4	\N
1240	\N	2022-10-11 20:16:29.254+00	0	f	0	CORRECT	23	4	\N
1241	\N	2022-10-11 20:16:29.881+00	0	f	0	CORRECT	29	4	\N
1242	\N	2022-10-11 20:16:30.021+00	0	f	0	CORRECT	29	4	\N
1243	\N	2022-10-11 20:16:30.29+00	0	f	0	CORRECT	29	4	\N
1244	\N	2022-10-11 20:16:30.513+00	0	f	0	CORRECT	29	4	\N
1253	\N	2022-10-11 20:16:37.386+00	0	f	0	CORRECT	26	4	\N
1255	\N	2022-10-11 20:16:37.875+00	0	f	0	CORRECT	26	4	\N
1256	\N	2022-10-11 20:16:38.383+00	0	f	0	CORRECT	16	4	\N
1258	\N	2022-10-11 20:16:39.755+00	0	f	0	CORRECT	16	4	\N
1264	\N	2022-10-11 20:16:43.093+00	0	f	0	CORRECT	7	4	\N
1266	\N	2022-10-11 20:16:44.174+00	0	f	0	CORRECT	28	4	\N
1268	\N	2022-10-11 20:16:45.077+00	0	f	0	CORRECT	21	4	\N
1272	\N	2022-10-11 20:16:47.195+00	0	f	0	CORRECT	24	4	\N
1275	\N	2022-10-11 20:16:48.858+00	0	f	0	CORRECT	18	4	\N
1276	\N	2022-10-12 09:28:38.49+00	0	t	0	INCORRECT	2218	1	\N
1277	\N	2022-10-12 09:28:40.96+00	0	t	0	INCORRECT	2189	1	\N
1278	\N	2022-10-12 09:28:43.164+00	0	t	0	INCORRECT	2216	1	\N
1279	\N	2022-10-12 09:28:45.245+00	0	t	0	INCORRECT	2187	1	\N
1280	\N	2022-10-12 09:28:47.182+00	0	t	4	CORRECT	2219	1	5
1288	\N	2022-10-12 11:59:00.133+00	2.313	f	0	INCORRECT	1217	313	\N
1245	\N	2022-10-11 20:16:30.747+00	0	f	0	CORRECT	29	4	\N
1246	\N	2022-10-11 20:16:31.765+00	0	f	0	CORRECT	31	4	\N
1247	\N	2022-10-11 20:16:32.355+00	0	f	0	CORRECT	31	4	\N
1248	\N	2022-10-11 20:16:34.062+00	0	f	0	CORRECT	17	4	\N
1249	\N	2022-10-11 20:16:34.434+00	0	f	0	CORRECT	17	4	\N
1250	\N	2022-10-11 20:16:35.492+00	0	f	0	CORRECT	15	4	\N
1251	\N	2022-10-11 20:16:36.154+00	0	f	0	CORRECT	15	4	\N
1252	\N	2022-10-11 20:16:37.191+00	0	f	0	CORRECT	26	4	\N
1254	\N	2022-10-11 20:16:37.629+00	0	f	0	CORRECT	26	4	\N
1263	\N	2022-10-11 20:16:42.621+00	0	f	0	CORRECT	7	4	\N
1265	\N	2022-10-11 20:16:43.661+00	0	f	0	CORRECT	28	4	\N
1281	\N	2022-10-12 09:47:55.383+00	2.412	f	0	INCORRECT	2219	310	\N
1289	\N	2022-10-12 15:33:43.129+00	0	t	4	CORRECT	216	1	7
1257	\N	2022-10-11 20:16:38.825+00	0	f	0	CORRECT	16	4	\N
1261	\N	2022-10-11 20:16:41.589+00	0	f	0	CORRECT	32	4	\N
1267	\N	2022-10-11 20:16:44.798+00	0	f	0	CORRECT	21	4	\N
1271	\N	2022-10-11 20:16:46.711+00	0	f	0	CORRECT	35	4	\N
1274	\N	2022-10-11 20:16:48.281+00	0	f	0	CORRECT	18	4	\N
1282	\N	2022-10-12 09:49:16.965+00	0	t	4	CORRECT	2218	1	6
1283	\N	2022-10-12 09:49:28.91+00	0	t	4	CORRECT	2189	1	6
1284	\N	2022-10-12 09:49:32.132+00	0	t	4	CORRECT	2216	1	6
1285	\N	2022-10-12 09:49:37.683+00	0	t	4	CORRECT	2187	1	6
1286	\N	2022-10-12 09:49:41.238+00	0	t	0	INCORRECT	2219	1	\N
1290	\N	2022-10-12 18:18:43.273+00	0	t	0	INCORRECT	1217	1	\N
1259	\N	2022-10-11 20:16:40.022+00	0	f	0	CORRECT	3	4	\N
1260	\N	2022-10-11 20:16:40.59+00	0	f	0	CORRECT	3	4	\N
1262	\N	2022-10-11 20:16:42.068+00	0	f	0	CORRECT	32	4	\N
1269	\N	2022-10-11 20:16:45.278+00	0	f	0	CORRECT	21	4	\N
1270	\N	2022-10-11 20:16:46.143+00	0	f	0	CORRECT	35	4	\N
1273	\N	2022-10-11 20:16:47.736+00	0	f	0	CORRECT	24	4	\N
1287	\N	2022-10-12 11:58:40.749+00	0	t	0	INCORRECT	2219	1	\N
1291	\N	2022-10-13 12:10:04.788+00	0.894	f	0	INCORRECT	2388	333	\N
1292	\N	2022-10-13 12:10:04.788+00	2.235	f	0	INCORRECT	2389	333	\N
1293	\N	2022-10-13 19:01:07.37+00	0	f	0	INCORRECT	22	348	\N
1294	\N	2022-10-13 19:01:08.754+00	0	f	0	CORRECT	19	348	\N
1295	\N	2022-10-13 19:01:08.995+00	0	f	0	CORRECT	19	348	\N
1296	\N	2022-10-13 19:01:09.315+00	0	f	0	CORRECT	19	348	\N
1297	\N	2022-10-13 19:01:09.614+00	0	f	0	CORRECT	19	348	\N
1298	\N	2022-10-13 19:01:09.737+00	0	f	0	CORRECT	19	348	\N
1299	\N	2022-10-13 19:01:09.903+00	0	f	0	CORRECT	19	348	\N
1300	\N	2022-10-13 19:01:10.042+00	0	f	0	CORRECT	19	348	\N
1301	\N	2022-10-13 19:01:10.29+00	0	f	0	CORRECT	14	348	\N
1302	\N	2022-10-13 19:01:10.325+00	0	f	0	CORRECT	14	348	\N
1303	\N	2022-10-13 19:01:10.546+00	0	f	0	CORRECT	14	348	\N
1304	\N	2022-10-13 19:01:10.614+00	0	f	0	CORRECT	14	348	\N
1305	\N	2022-10-13 19:01:10.66+00	0	f	0	CORRECT	14	348	\N
1306	\N	2022-10-13 19:01:10.925+00	0	f	0	CORRECT	14	348	\N
1307	\N	2022-10-13 19:01:10.971+00	0	f	0	CORRECT	14	348	\N
1308	\N	2022-10-13 19:01:13.005+00	0	f	0	INCORRECT	14	348	\N
1309	\N	2022-10-13 19:01:14.659+00	0	f	0	CORRECT	25	348	\N
1310	\N	2022-10-13 19:01:19.178+00	0	f	0	INCORRECT	13	348	\N
1311	\N	2022-10-13 19:01:20.43+00	0	f	0	INCORRECT	5	348	\N
1312	\N	2022-10-13 19:01:21.867+00	0	f	0	CORRECT	4	348	\N
1313	\N	2022-10-13 19:01:23.259+00	0	f	0	INCORRECT	30	348	\N
1314	\N	2022-10-13 19:01:24.586+00	0	f	0	CORRECT	10	348	\N
1315	\N	2022-10-13 19:01:25.815+00	0	f	0	INCORRECT	2	348	\N
1316	\N	2022-10-13 19:01:27.054+00	0	f	0	CORRECT	34	348	\N
1317	\N	2022-10-13 19:01:28.969+00	0	f	0	INCORRECT	8	348	\N
1318	\N	2022-10-13 19:01:30.398+00	0	f	0	CORRECT	12	348	\N
1319	\N	2022-10-13 19:01:31.681+00	0	f	0	INCORRECT	9	348	\N
1320	\N	2022-10-13 19:01:32.915+00	0	f	0	CORRECT	1	348	\N
1321	\N	2022-10-13 19:01:34.214+00	0	f	0	INCORRECT	11	348	\N
1322	\N	2022-10-13 19:01:35.202+00	0	f	0	CORRECT	33	348	\N
1323	\N	2022-10-13 19:01:36.388+00	0	f	0	INCORRECT	20	348	\N
1324	\N	2022-10-13 19:01:37.482+00	0	f	0	CORRECT	27	348	\N
1325	\N	2022-10-13 19:01:38.767+00	0	f	0	INCORRECT	6	348	\N
1326	\N	2022-10-13 19:01:39.93+00	0	f	0	CORRECT	23	348	\N
1327	\N	2022-10-13 19:01:41.052+00	0	f	0	INCORRECT	29	348	\N
1328	\N	2022-10-13 19:01:42.782+00	0	f	0	CORRECT	31	348	\N
1329	\N	2022-10-13 19:01:43.766+00	0	f	0	INCORRECT	17	348	\N
1330	\N	2022-10-13 19:01:44.331+00	0	f	0	CORRECT	17	348	\N
1331	\N	2022-10-13 19:01:44.943+00	0	f	0	CORRECT	15	348	\N
1332	\N	2022-10-13 19:01:46.186+00	0	f	0	CORRECT	26	348	\N
1333	\N	2022-10-13 19:01:47.956+00	0	f	0	CORRECT	16	348	\N
1334	\N	2022-10-13 19:01:48.72+00	0	f	0	INCORRECT	16	348	\N
1335	\N	2022-10-13 19:01:49.328+00	0	f	0	CORRECT	3	348	\N
1336	\N	2022-10-13 19:01:50.045+00	0	f	0	INCORRECT	3	348	\N
1337	\N	2022-10-13 19:01:50.74+00	0	f	0	CORRECT	32	348	\N
1338	\N	2022-10-13 19:01:51.694+00	0	f	0	CORRECT	7	348	\N
1339	\N	2022-10-13 19:01:52.476+00	0	f	0	CORRECT	7	348	\N
1340	\N	2022-10-13 19:01:53.515+00	0	f	0	CORRECT	28	348	\N
1341	\N	2022-10-13 19:01:54.738+00	0	f	0	CORRECT	21	348	\N
1342	\N	2022-10-13 19:01:56.047+00	0	f	0	CORRECT	35	348	\N
1343	\N	2022-10-13 19:01:57.403+00	0	f	0	CORRECT	24	348	\N
1344	\N	2022-10-13 19:01:59.002+00	0	f	0	CORRECT	18	348	\N
1345	\N	2022-10-13 19:04:41.178+00	0.627	f	0	INCORRECT	2388	350	\N
1346	\N	2022-10-13 19:04:41.178+00	1.894	f	4	CORRECT	2389	350	\N
1347	\N	2022-10-13 19:04:41.178+00	3.06	f	0	INCORRECT	2390	350	\N
1348	\N	2022-10-13 19:20:28.476+00	1.116	f	4	CORRECT	2216	356	8
1349	\N	2022-10-13 19:23:39.165+00	0	f	0	CORRECT	22	358	\N
1350	\N	2022-10-13 19:23:40.668+00	0	f	0	INCORRECT	19	358	\N
1351	\N	2022-10-13 19:23:41.867+00	0	f	0	CORRECT	14	358	\N
1352	\N	2022-10-13 19:23:43.043+00	0	f	0	CORRECT	25	358	\N
1353	\N	2022-10-13 19:23:44.308+00	0	f	0	CORRECT	13	358	\N
1354	\N	2022-10-13 19:23:45.432+00	0	f	0	CORRECT	5	358	\N
1355	\N	2022-10-13 19:23:46.628+00	0	f	0	CORRECT	4	358	\N
1356	\N	2022-10-13 19:23:47.379+00	0	f	0	CORRECT	4	358	\N
1357	\N	2022-10-13 19:23:47.765+00	0	f	0	CORRECT	30	358	\N
1358	\N	2022-10-13 19:23:47.795+00	0	f	0	CORRECT	30	358	\N
1359	\N	2022-10-13 19:23:48.004+00	0	f	0	CORRECT	30	358	\N
1360	\N	2022-10-13 19:23:48.017+00	0	f	0	CORRECT	30	358	\N
1361	\N	2022-10-13 19:24:33.451+00	0	f	0	CORRECT	10	358	\N
1362	\N	2022-10-13 19:24:33.988+00	0	f	0	CORRECT	10	358	\N
1363	\N	2022-10-13 19:24:34.259+00	0	f	0	CORRECT	10	358	\N
1364	\N	2022-10-13 19:24:34.709+00	0	f	0	CORRECT	2	358	\N
1365	\N	2022-10-13 19:24:35.99+00	0	f	0	CORRECT	34	358	\N
1366	\N	2022-10-13 19:24:36.391+00	0	f	0	CORRECT	34	358	\N
1367	\N	2022-10-13 19:24:36.814+00	0	f	0	CORRECT	34	358	\N
1368	\N	2022-10-13 19:24:37.186+00	0	f	0	CORRECT	8	358	\N
1369	\N	2022-10-13 19:24:37.335+00	0	f	0	CORRECT	8	358	\N
1370	\N	2022-10-13 19:24:37.359+00	0	f	0	CORRECT	8	358	\N
1371	\N	2022-10-13 19:24:37.723+00	0	f	0	CORRECT	8	358	\N
1372	\N	2022-10-13 19:24:37.741+00	0	f	0	CORRECT	8	358	\N
1373	\N	2022-10-13 19:24:37.873+00	0	f	0	CORRECT	8	358	\N
1374	\N	2022-10-13 19:24:38.816+00	0	f	0	CORRECT	12	358	\N
1375	\N	2022-10-13 19:24:38.944+00	0	f	0	CORRECT	12	358	\N
1376	\N	2022-10-13 19:24:39.166+00	0	f	0	CORRECT	12	358	\N
1377	\N	2022-10-13 19:24:39.403+00	0	f	0	CORRECT	12	358	\N
1378	\N	2022-10-13 19:24:42.575+00	0	f	0	CORRECT	9	358	\N
1379	\N	2022-10-13 19:24:43.95+00	0	f	0	CORRECT	1	358	\N
1380	\N	2022-10-13 19:24:45.001+00	0	f	0	CORRECT	11	358	\N
1381	\N	2022-10-13 19:24:46.155+00	0	f	0	CORRECT	33	358	\N
1382	\N	2022-10-13 19:24:47.253+00	0	f	0	CORRECT	20	358	\N
1383	\N	2022-10-13 19:24:48.257+00	0	f	0	CORRECT	27	358	\N
1384	\N	2022-10-13 19:24:49.381+00	0	f	0	CORRECT	6	358	\N
1385	\N	2022-10-13 19:24:50.348+00	0	f	0	CORRECT	23	358	\N
1386	\N	2022-10-13 19:24:51.378+00	0	f	0	CORRECT	29	358	\N
1387	\N	2022-10-13 19:24:52.431+00	0	f	0	CORRECT	31	358	\N
1388	\N	2022-10-13 19:24:53.516+00	0	f	0	CORRECT	17	358	\N
1389	\N	2022-10-13 19:24:54.693+00	0	f	0	CORRECT	15	358	\N
1390	\N	2022-10-13 19:24:55.68+00	0	f	0	CORRECT	26	358	\N
1391	\N	2022-10-13 19:24:56.764+00	0	f	0	CORRECT	16	358	\N
1392	\N	2022-10-13 19:24:57.704+00	0	f	0	CORRECT	3	358	\N
1393	\N	2022-10-13 19:24:58.762+00	0	f	0	CORRECT	32	358	\N
1394	\N	2022-10-13 19:24:59.796+00	0	f	0	CORRECT	7	358	\N
1395	\N	2022-10-13 19:25:00.74+00	0	f	0	CORRECT	28	358	\N
1396	\N	2022-10-13 19:25:01.766+00	0	f	0	CORRECT	21	358	\N
1397	\N	2022-10-13 19:25:02.753+00	0	f	0	CORRECT	35	358	\N
1398	\N	2022-10-13 19:25:03.791+00	0	f	0	CORRECT	24	358	\N
1399	\N	2022-10-13 19:25:05.119+00	0	f	0	CORRECT	18	358	\N
1400	\N	2022-10-13 19:25:31.966+00	1.185	f	0	INCORRECT	2388	360	\N
1401	\N	2022-10-14 09:36:03.385+00	0	f	0	INCORRECT	22	379	\N
1402	\N	2022-10-14 09:36:04.057+00	0	f	0	INCORRECT	22	379	\N
1403	\N	2022-10-14 09:36:04.822+00	0	f	0	CORRECT	19	379	\N
1404	\N	2022-10-14 09:36:05.39+00	0	f	0	INCORRECT	19	379	\N
1405	\N	2022-10-14 09:36:06.071+00	0	f	0	CORRECT	14	379	\N
1406	\N	2022-10-14 09:36:06.476+00	0	f	0	INCORRECT	14	379	\N
1407	\N	2022-10-14 09:36:07.438+00	0	f	0	INCORRECT	25	379	\N
1408	\N	2022-10-14 09:36:07.867+00	0	f	0	CORRECT	25	379	\N
1409	\N	2022-10-14 09:36:08.378+00	0	f	0	INCORRECT	13	379	\N
1410	\N	2022-10-14 09:36:08.985+00	0	f	0	CORRECT	13	379	\N
1411	\N	2022-10-14 09:36:09.763+00	0	f	0	CORRECT	5	379	\N
1412	\N	2022-10-14 09:36:10.271+00	0	f	0	INCORRECT	5	379	\N
1413	\N	2022-10-14 09:36:11.104+00	0	f	0	INCORRECT	4	379	\N
1414	\N	2022-10-14 09:36:11.56+00	0	f	0	CORRECT	4	379	\N
1415	\N	2022-10-14 09:36:12.424+00	0	f	0	CORRECT	30	379	\N
1416	\N	2022-10-14 09:36:12.891+00	0	f	0	INCORRECT	30	379	\N
1417	\N	2022-10-14 09:36:13.769+00	0	f	0	INCORRECT	10	379	\N
1418	\N	2022-10-14 09:36:14.273+00	0	f	0	CORRECT	10	379	\N
1419	\N	2022-10-14 09:36:15.062+00	0	f	0	CORRECT	2	379	\N
1420	\N	2022-10-14 09:36:15.547+00	0	f	0	INCORRECT	2	379	\N
1421	\N	2022-10-14 09:36:16.472+00	0	f	0	INCORRECT	34	379	\N
1422	\N	2022-10-14 09:36:16.91+00	0	f	0	CORRECT	34	379	\N
1423	\N	2022-10-14 09:36:17.877+00	0	f	0	CORRECT	8	379	\N
1424	\N	2022-10-14 09:36:18.309+00	0	f	0	INCORRECT	8	379	\N
1425	\N	2022-10-14 09:36:18.901+00	0	f	0	CORRECT	12	379	\N
1426	\N	2022-10-14 09:36:19.456+00	0	f	0	INCORRECT	12	379	\N
1427	\N	2022-10-14 09:36:19.881+00	0	f	0	CORRECT	9	379	\N
1428	\N	2022-10-14 09:36:20.326+00	0	f	0	INCORRECT	9	379	\N
1429	\N	2022-10-14 09:36:21.295+00	0	f	0	INCORRECT	1	379	\N
1430	\N	2022-10-14 09:36:21.821+00	0	f	0	CORRECT	1	379	\N
1431	\N	2022-10-14 09:36:22.329+00	0	f	0	INCORRECT	11	379	\N
1432	\N	2022-10-14 09:36:22.771+00	0	f	0	CORRECT	11	379	\N
1433	\N	2022-10-14 09:36:23.711+00	0	f	0	CORRECT	33	379	\N
1434	\N	2022-10-14 09:36:24.152+00	0	f	0	INCORRECT	33	379	\N
1435	\N	2022-10-14 09:36:25.217+00	0	f	0	INCORRECT	20	379	\N
1436	\N	2022-10-14 09:36:25.628+00	0	f	0	CORRECT	20	379	\N
1437	\N	2022-10-14 09:36:26.599+00	0	f	0	CORRECT	27	379	\N
1439	\N	2022-10-14 09:36:27.61+00	0	f	0	CORRECT	6	379	\N
1440	\N	2022-10-14 09:36:28.035+00	0	f	0	INCORRECT	6	379	\N
1438	\N	2022-10-14 09:36:27.068+00	0	f	0	INCORRECT	27	379	\N
1441	\N	2022-10-14 09:36:29.122+00	0	f	0	INCORRECT	23	379	\N
1442	\N	2022-10-14 09:36:30.371+00	0	f	0	CORRECT	29	379	\N
1443	\N	2022-10-14 09:36:42.75+00	0	f	0	INCORRECT	31	379	\N
1444	\N	2022-10-14 09:36:44.095+00	0	f	0	CORRECT	17	379	\N
1445	\N	2022-10-14 09:36:45.361+00	0	f	0	CORRECT	15	379	\N
1446	\N	2022-10-14 09:36:46.488+00	0	f	0	INCORRECT	26	379	\N
1447	\N	2022-10-14 09:36:47.688+00	0	f	0	CORRECT	16	379	\N
1448	\N	2022-10-14 09:36:49.336+00	0	f	0	INCORRECT	3	379	\N
1449	\N	2022-10-14 09:36:50.387+00	0	f	0	CORRECT	32	379	\N
1450	\N	2022-10-14 09:36:51.239+00	0	f	0	CORRECT	7	379	\N
1451	\N	2022-10-14 09:36:52.261+00	0	f	0	INCORRECT	28	379	\N
1452	\N	2022-10-14 09:36:53.233+00	0	f	0	CORRECT	21	379	\N
1453	\N	2022-10-14 09:36:54.1+00	0	f	0	INCORRECT	35	379	\N
1454	\N	2022-10-14 09:36:54.877+00	0	f	0	CORRECT	35	379	\N
1455	\N	2022-10-14 09:36:55.411+00	0	f	0	INCORRECT	24	379	\N
1456	\N	2022-10-14 09:36:56.274+00	0	f	0	CORRECT	24	379	\N
1457	\N	2022-10-14 09:36:57.053+00	0	f	0	INCORRECT	18	379	\N
1458	\N	2022-10-14 09:39:13.264+00	0.734	f	0	INCORRECT	1758	381	\N
1459	\N	2022-10-14 13:17:40.744+00	0	f	0	INCORRECT	22	385	\N
1460	\N	2022-10-14 13:17:42.644+00	0	f	0	CORRECT	19	385	\N
1461	\N	2022-10-17 13:36:57.019+00	2.567	f	0	INCORRECT	2581	390	\N
1462	\N	2022-10-17 13:36:57.019+00	4.637	f	4	CORRECT	2582	390	\N
1463	\N	2022-10-17 13:40:19.869+00	1.41	f	0	INCORRECT	1217	391	\N
1464	\N	2022-10-17 13:40:56.343+00	11.762	f	0	INCORRECT	1260	392	\N
1465	\N	2022-10-17 13:40:56.343+00	14.3	f	0	INCORRECT	1261	392	\N
1466	\N	2022-10-17 13:40:56.344+00	15.651	f	0	INCORRECT	1262	392	\N
1467	\N	2022-10-17 13:40:56.344+00	16.777	f	0	INCORRECT	1263	392	\N
1468	\N	2022-10-17 13:40:56.344+00	17.882	f	0	INCORRECT	1264	392	\N
1469	\N	2022-10-17 13:40:56.344+00	19.745	f	4	CORRECT	1265	392	\N
1470	\N	2022-10-17 13:40:56.344+00	22.039	f	0	INCORRECT	1266	392	\N
1471	\N	2022-10-18 06:08:28.197+00	16.988	f	0	INCORRECT	2573	396	\N
1472	\N	2022-10-18 06:08:28.197+00	18.193	f	0	INCORRECT	2574	396	\N
1473	\N	2022-10-18 06:08:28.197+00	19.006	f	0	INCORRECT	2576	396	\N
1474	\N	2022-10-18 06:08:28.197+00	19.911	f	0	INCORRECT	2578	396	\N
1475	\N	2022-10-18 06:08:28.197+00	8.246	f	4	CORRECT	2579	396	\N
1476	\N	2022-10-18 06:08:28.197+00	9.555	f	0	INCORRECT	2580	396	\N
1477	\N	2022-10-18 06:08:28.197+00	2.981	f	0	INCORRECT	2581	396	\N
1478	\N	2022-10-18 06:08:28.197+00	6.381	f	0	INCORRECT	2582	396	\N
1479	\N	2022-10-18 06:08:28.197+00	10.383	f	0	INCORRECT	2583	396	\N
1480	\N	2022-10-18 06:08:28.197+00	13.272	f	0	INCORRECT	2596	396	\N
1481	\N	2022-10-18 06:08:28.197+00	15.782	f	4	CORRECT	2598	396	\N
1489	\N	2022-10-24 13:01:49.163+00	1.425	f	0	INCORRECT	2599	414	\N
1490	\N	2022-10-24 13:01:57.174+00	1.425	f	0	INCORRECT	2599	414	\N
1491	\N	2022-10-24 13:02:12.735+00	2.299	f	0	INCORRECT	2599	416	\N
1492	\N	2022-10-24 13:02:41.976+00	1.707	f	2	MIXED	545	419	\N
\.


--
-- Data for Name: given_answer_streak; Type: TABLE DATA; Schema: public; Owner: dev_service_user
--

COPY public.given_answer_streak (id, is_finalized, user_id) FROM stdin;
1	t	1
2	f	21
3	t	1
4	f	8
5	t	1
6	t	1
7	t	1
8	f	38
\.


--
-- Data for Name: group; Type: TABLE DATA; Schema: public; Owner: dev_service_user
--

COPY public."group" (id) FROM stdin;
\.


--
-- Data for Name: like; Type: TABLE DATA; Schema: public; Owner: dev_service_user
--

COPY public."like" (id, deletion_date, creation_date, user_id, comment_id) FROM stdin;
\.


--
-- Data for Name: migration_version; Type: TABLE DATA; Schema: public; Owner: dev_service_user
--

COPY public.migration_version (version_name, creation_date) FROM stdin;
migration9	2022-10-25 14:18:37.372615+00
migration10	2022-10-25 15:38:31.886901+00
migration11	2022-10-26 09:45:40.794962+00
migration12	2022-10-28 09:10:47.224444+00
\.


--
-- Data for Name: module; Type: TABLE DATA; Schema: public; Owner: dev_service_user
--

COPY public.module (id, is_pretest_module) FROM stdin;
1	f
2	t
3	t
4	t
5	t
6	t
7	f
8	t
9	f
10	t
11	f
12	f
13	f
14	t
15	f
16	f
17	f
18	f
19	f
20	f
21	f
22	f
23	f
24	f
25	t
26	f
27	f
28	f
29	f
30	f
31	f
32	f
33	f
34	t
35	f
36	f
37	f
38	f
39	f
40	f
41	f
42	f
43	t
\.


--
-- Data for Name: module_data; Type: TABLE DATA; Schema: public; Owner: dev_service_user
--

COPY public.module_data (id, name, description, order_index, image_file_id) FROM stdin;
1	SIGNUP	SIGNUP	0	\N
2	PRETEST INSTA	PRETEST INSTA	0	\N
3	PRETEST ADS	PRETEST ADS	0	\N
4	PRETEST PYTHON	PRETEST PYTHON	0	\N
5	PRETEST LINKEDIN	PRETEST LINKEDIN	0	\N
6	PRETEST CYBER	PRETEST CYBER	0	\N
7	Cyber 1 module	Cyber 1 module	1	\N
8	PRETEST CANVA	PRETEST CANVA	0	\N
9	PRETEST OBS	PRETEST OBS	0	\N
10	OBS hasznlata percek alatt	Ebben a modulban megtanulhatod, hogyan lltsd be villmgyorsan az OBS-t gy, hogy hatkony erforrs-kezels mellett is cscsminsg felvteleket tudj kszteni, s akkor se rjen problma, ha esetleg kzben valamirt megszakadna a vide.	1	\N
11	Finomsgok az OBS-el	Zajszrs, hangeffektek, az OBS-nek ez sem jelent problmt!	2	\N
12	Els felvtelnk, vizsga	Ksztsd el els felvteled OBS-el!	3	\N
13	PRETEST EXCEL	PRETEST EXCEL	0	\N
14	Bevezets az Excelbe	Excel tanfolyamunk els moduljban az alapvet fogalmakkal, a menrendszerrel, valamint a kezelszervekkel ismerkedhetsz meg.	1	\N
15	Ismerkeds a fggvnyekkel		3	\N
16	A formzs alapjai		4	\N
17	Leggyakoribb fggvnyek s azok hasznlata		5	\N
18	Segtsg az adatkezelsben		6	\N
19	Munka msokkal		7	\N
20	Formzs felsfokon		8	\N
21	Munka nagy mennyisg adattal		9	\N
22	Kreatv adatbrzols		10	\N
23	Ismerkeds a halad funkcikkal		11	\N
24	PRETEST WORD	PRETEST WORD	0	\N
25	Els lpsek		1	\N
26	Formzs - Hogyan kszthetnk letisztult dokumentumokat?		2	\N
27	Gyorsabb munka a gyakorlatban		3	\N
28	Munka msokkal, dokumentumunk vdelme		4	\N
29	Szvegrs, elrendezs, ellenrzs		5	\N
30	Kpek, vizulis eszkzk hasznlata		6	\N
31	Tblzatok a Wordben		7	\N
32	Pldk a gyakorlati alkalmazsra		8	\N
33	PRETEST PP	PRETEST PP	0	\N
34	Els lpsek		1	\N
35	Szveg s tartalom formzsa		2	\N
36	Kpek, vizulis eszkzk hasznlata		3	\N
37	Videk s hanganyagok hasznlata a PowerPointon bell		4	\N
38	Prezentci rendszerezse, segtsg az elads sorn		5	\N
39	Prezentci tovbbi testreszabsa s effektusok		6	\N
40	Tartalom ellenrzse s kzs munka		7	\N
41	Test moduloe	Bela	11	\N
42	New pretest module		0	\N
\.


--
-- Data for Name: module_version; Type: TABLE DATA; Schema: public; Owner: dev_service_user
--

COPY public.module_version (id, course_version_id, module_id, module_data_id) FROM stdin;
1	\N	1	1
2	3	2	2
3	4	3	3
4	5	4	4
5	6	5	5
6	2	6	6
7	2	7	7
8	1	8	8
9	8	10	9
10	8	11	10
11	8	12	11
12	8	13	12
13	10	14	13
14	10	15	14
15	10	16	15
16	10	17	16
17	10	18	17
18	10	19	18
19	10	20	19
20	10	21	20
21	10	22	21
22	10	23	22
23	10	24	23
24	7	25	24
25	7	26	25
26	7	27	26
27	7	28	27
28	7	29	28
29	7	30	29
30	7	31	30
31	7	32	31
32	7	33	32
33	9	34	33
34	9	35	34
35	9	36	35
36	9	37	36
37	9	38	37
38	9	39	38
39	9	40	39
40	9	41	40
41	11	14	13
42	11	15	14
43	11	16	15
44	11	17	16
45	11	18	17
46	11	19	18
47	11	20	19
48	11	21	20
49	11	22	21
50	11	23	22
51	11	24	23
52	12	34	33
53	12	35	34
54	12	36	35
55	12	37	36
56	12	38	37
57	12	39	38
58	12	40	39
59	12	41	40
60	13	34	33
61	13	35	34
62	13	36	35
63	13	37	36
64	13	38	37
65	13	39	38
66	13	40	39
67	13	41	40
68	14	34	33
69	14	35	34
70	14	36	35
71	14	37	36
72	14	38	37
73	14	39	38
74	14	40	39
75	14	41	40
76	15	34	33
77	15	35	34
78	15	36	35
79	15	37	36
80	15	38	37
81	15	39	38
82	15	40	39
83	15	41	40
84	16	34	33
85	16	35	34
86	16	36	35
87	16	37	36
88	16	38	37
89	16	39	38
90	16	40	39
91	16	41	40
92	17	14	13
93	17	15	14
94	17	16	15
95	17	17	16
96	17	18	17
97	17	19	18
98	17	20	19
99	17	21	20
100	17	22	21
101	17	23	22
102	17	24	23
103	18	14	13
104	18	15	14
105	18	16	15
106	18	17	16
107	18	18	17
108	18	19	18
109	18	20	19
110	18	21	20
111	18	22	21
112	18	23	22
113	18	24	23
114	19	10	9
115	19	11	10
116	19	12	11
117	19	13	12
118	20	10	9
119	20	11	10
120	20	12	11
121	20	13	12
122	21	42	41
123	21	14	13
124	21	15	14
125	21	16	15
126	21	17	16
127	21	18	17
128	21	19	18
129	21	20	19
130	21	21	20
131	21	22	21
132	21	23	22
133	21	24	23
170	25	42	41
171	25	14	13
172	25	15	14
173	25	16	15
174	25	17	16
175	25	18	17
176	25	19	18
177	25	20	19
178	25	21	20
179	25	22	21
180	25	23	22
181	25	24	23
182	26	42	41
183	26	14	13
184	26	15	14
185	26	16	15
186	26	17	16
187	26	18	17
188	26	19	18
189	26	20	19
190	26	21	20
191	26	22	21
192	26	23	22
193	26	24	23
194	27	42	41
195	27	14	13
196	27	15	14
197	27	16	15
198	27	17	16
199	27	18	17
200	27	19	18
201	27	20	19
202	27	21	20
203	27	22	21
204	27	23	22
205	27	24	23
206	28	43	42
207	29	25	24
208	29	26	25
209	29	27	26
210	29	28	27
211	29	29	28
212	29	30	29
213	29	31	30
214	29	32	31
215	29	33	32
216	30	25	24
217	30	26	25
218	30	27	26
219	30	28	27
220	30	29	28
221	30	30	29
222	30	31	30
223	30	32	31
224	30	33	32
\.


--
-- Data for Name: organization; Type: TABLE DATA; Schema: public; Owner: dev_service_user
--

COPY public.organization (id, name) FROM stdin;
1	PCWorld
2	EpistoGram
\.


--
-- Data for Name: permission; Type: TABLE DATA; Schema: public; Owner: dev_service_user
--

COPY public.permission (id, code, scope) FROM stdin;
1	VIEW_PREDEFINED_ROLES	USER
2	EDIT_PREDEFINED_ROLES	USER
3	VIEW_CUSTOM_ROLES	COMPANY
4	EDIT_CUSTOM_ROLES	COMPANY
5	DELETE_CUSTOM_ROLES	COMPANY
6	DELETE_CUSTOM_ROLES	COMPANY
7	ASSIGN_PREDEFINED_ROLES	COMPANY
8	ASSIGN_CUSTOM_ROLES	COMPANY
9	VIEW_PERMISSIONS	USER
10	ASSIGN_GLOBAL_PERMISSIONS	COMPANY
11	ASSIGN_COMPANY_PERMISSIONS	COMPANY
12	ASSIGN_COURSE_PERMISSIONS	USER
13	EDIT_COMPANY_COURSES	COMPANY
14	DELETE_COMPANY_COURSES	COMPANY
15	CREATE_COMPANY_COURSES	USER
16	LIST_COMPANY_COURSES	COMPANY
17	EDIT_COURSES	USER
18	WATCH_COURSE	COURSE
19	WATCH_COMPANY_COURSES	COMPANY
20	VIEW_COMPANY_USERS	COMPANY
21	EDIT_COMPANY	COMPANY
22	DELETE_COMPANIES	USER
23	CREATE_COMPANIES	USER
24	ASSIGN_ROLES_TO_COMPANY	COMPANY
25	SET_COURSE_MODE	COURSE
26	SET_COURSE_MODE_GLOBAL	USER
27	SET_TEMPOMAT_MODE	COURSE
28	SET_TEMPOMAT_MODE_GLOBAL	USER
29	VIEW_COURSE_ADMIN	COMPANY
30	VIEW_DAILY_TIP_ADMIN	USER
31	VIEW_SHOP	COMPANY
32	VIEW_TEACHER_OVERVIEW	USER
33	SET_JOB_TITLE	USER
34	EDIT_COURSE_OWNER_TEACHER_DATA	USER
35	CREATE_COMPANY_USER	COMPANY
36	EDIT_COMPANY_USER	COMPANY
37	DELETE_COMPANY_USER	COMPANY
38	SET_COURSE_OWNER_TEACHER_FLAG	USER
39	ADD_EPISTO_COIN_TO_USERS	USER
40	VIEW_ANONYM_COMMENTER_NAME	USER
43	MANAGE_SHOP	USER
44	SET_OWN_EMAIL_ADDRESS	USER
46	EDIT_COMMENT	COMMENT
47	DELETE_COMMENT	COMMENT
41	ADMINISTRATE_COMPANY	COMPANY
48	BYPASS_SURVEY	COMPANY
49	CAN_VIEW_HIDDEN_MENUS	USER
\.


--
-- Data for Name: permission_assignment_bridge; Type: TABLE DATA; Schema: public; Owner: dev_service_user
--

COPY public.permission_assignment_bridge (id, permission_id, assignee_user_id, assignee_company_id, assignee_group_id, context_company_id, context_course_id) FROM stdin;
1	42	2	\N	\N	\N	\N
2	42	3	\N	\N	\N	\N
3	42	4	\N	\N	\N	\N
4	42	7	\N	\N	\N	\N
5	25	7	\N	\N	\N	9
9	42	8	\N	\N	\N	\N
10	25	8	\N	\N	\N	9
11	25	8	\N	\N	\N	10
12	42	9	\N	\N	\N	\N
13	42	10	\N	\N	\N	\N
14	42	11	\N	\N	\N	\N
15	42	12	\N	\N	\N	\N
16	42	13	\N	\N	\N	\N
17	42	14	\N	\N	\N	\N
18	42	15	\N	\N	\N	\N
19	42	16	\N	\N	\N	\N
20	42	17	\N	\N	\N	\N
21	42	18	\N	\N	\N	\N
22	18	\N	2	\N	\N	8
23	18	\N	2	\N	\N	10
24	18	\N	2	\N	\N	7
25	18	\N	2	\N	\N	9
27	42	20	\N	\N	\N	\N
29	42	21	\N	\N	\N	\N
31	18	\N	1	\N	\N	8
32	18	\N	3	\N	\N	9
33	42	26	\N	\N	\N	\N
34	25	36	\N	\N	\N	10
35	48	38	\N	\N	4	\N
36	18	\N	4	\N	\N	7
37	18	\N	4	\N	\N	8
38	18	\N	4	\N	\N	9
39	18	\N	4	\N	\N	10
41	48	39	\N	\N	4	\N
43	48	46	\N	\N	4	\N
\.


--
-- Data for Name: personality_trait_category; Type: TABLE DATA; Schema: public; Owner: dev_service_user
--

COPY public.personality_trait_category (id, title, min_label, max_label, min_description, max_description) FROM stdin;
1	Egyedl, vagy csoportosan tanulsz szvesebben?	Egyni tanuls	Csoportos tanuls	Elszr azt vizsgltuk, mennyire szeretsz interakciba lpni ms emberekkel a tanulsi folyamatok sorn. gy ltjuk, te hatkonyabban tanulsz, ha egyedl, fkuszltan foglalkozol az adott tananyaggal, hasznos lehet szmodra,ha kisebb-nagyobb clokat hatrozol meg, ez segti azt, hogy folyamatos sikerlmnyekkel fenntartsd a motivcidat.	Elszr azt vizsgltuk, mennyire szeretsz interakciba lpni ms emberekkel a tanulsi folyamatok sorn. Te inkbb a szocilis kategriba tartozol, ami azt jelenti, hogy a prban, akr csoportosan val tanuls sorn jobban fejldsz, mintha egyedl vgnl neki az adott tananyagnak.
2	Trben vizualizlsz, vagy inkbb hangosan kimondod az informcit?	Hangos kimonds	Trbeli vizualizci	Meglehet, hogy a klnbz trgyak, helysznek trbeli elhelyezse nehzsget jelent szmodra, ezt viszont jl kompenzlhatod azzal, ha a megszerzett informcit hangosan kimondod, visszaismtled. Ez segti a vizulis elhelyezst is, mely a tjkozdsban is elnydre vlik, tovbb egy-egy informci megszerzst konkrt trtnsekhez tudod trstani, gy emlkeket visszaidzve juthatsz fontos rszletekhez. 	Jl helyezel el a trben dolgokat, informcikat, sok esetben akr ehhez is ktsz egy-egy trtnst. Ne ksd magad felttlenl mindig ugyanahhoz a krnyezethez, egy kvz, park, vagy akr otthonod egy msik helyisgben val tanuls is jelentsen segthet produktivitsod nvelsben. 
3	Gyakorlati vagy elmleti oldalrl rdekel inkbb egy-egy adott problma?	Elmleti rdeklds	Gyakorlati alkalmazs	Egy-egy mdszer gyakorlati alkalmazsa nem hoz lzba, sokkal inkbb elmleti szinten rdekel az adott problma. A hatkony tanuls rdekben rdemes sajt magad ltal ltrehozott szablyok szerint rendszerezned az ismeretanyagot, hiszen ez segt, hogy ne vessz el a gondolataid hljban.	A gyakorlati helyzeteket, a konkrt szitucikat kedveled, gy ha meg akarsz rteni egy adott terletet, rdemes azt esettanulmnyokon keresztl vizsglnod. Szereted tudni, hogy a klnbz elmleteket mire hasznlhatod a val letben. gy szerezhetsz mly tapasztalatot, ha a megszerzett tudsod alapjn gyakorlati projektbe kezdesz.
4	Halls, vagy lts utn jegyzel meg knnyebben valamit?	Lts utni rgzls	Halls utni rgzls	Halls vagy vizulis ingerek alapjn ragad meg jobban az informci? Szmodra a msodik a nyer, gy a videk, rajzok, kpek s diagramok azok, melyek a leginkbb a javadat szolgljk. rdemes mindmapeket (kurzusunkrt kattints ide!)  hasznlnod, melyek megknnytik az informcik rendszerezst, s segtik, hogy magas szintrl egyre mlyebbre haladva, rszleteiben mlytsd el tudsod. 	Halls vagy vizulis ingerek alapjn ragad meg jobban az informci? Szmodra az els mdszer a nyer, ppen ezrt hasznos, ha elnyben rszested a hangosknyveket, a jegyzeteidet pedig felmondhatod, hogy ksbb vissza hallgathasd. Ha pedig csak rsban van meg egy-egy tananyag: ideje bezemelned szvegfelolvasnkat.
5	Kreatv, vagy analitikus gondolkodst rszestesz elnyben?	Analitikus gondolkods	Kreatv gondolkods	A logikus gondolkods, s a tnyek, az analitika embere vagy. Fontos, hogy rendezett krnyezetet alakts ki magad krl, mikor tanulsz, nem is hinnd, ez mennyire ersen hatssal lehet arra, mennyire tudsz mlyen koncentrlni.Kszts sszefoglalkat, folyamat lersokat s csekklistkat, melyeken minden j kurzus sorn vgigmsz, gy garantltan nem fogsz kihagyni semmit, az aprbb mrfldkvek teljestse pedig segt szmodra, hogy hossz tvon motivlt maradhass.	Kreatvabb vagy, mint esetleg gondolnd! Innovatv mdokon, s ksrletezsen keresztl szerzed tapasztalataidat, mely taln a legeffektvebb, termszetes tanulsi md szmodra, hiszen kisgyermekknt is fokozatosan fedezzk fel a krlttnk lv vilgot - kls szablyok s keretek nlkl. Az egyik legnagyszerbb amit tehetsz, ha a klnbz szitucikban megfigyeled magad, s jegyzeteket ksztesz az rzseidrl, reakciidrl. gy ksbb klnbz mintzatokat llapthatsz meg, s megtudhatod, hogyan llthatod kreativitsod a leginkbb szolglatodba.
\.


--
-- Data for Name: prequiz_answer; Type: TABLE DATA; Schema: public; Owner: dev_service_user
--

COPY public.prequiz_answer (id, text, value, question_id) FROM stdin;
1	A munkmban van szksgem r	\N	2
2	Arra, hogy a segtsgvel feljebb lphessek, jobb munkt tallhassak	\N	2
3	A szemlyes fejldsem miatt szeretnm elsajttani	\N	2
4	Csak szeretnk valami jat tanulni, a tanuls rme motivl	\N	2
\.


--
-- Data for Name: prequiz_completion; Type: TABLE DATA; Schema: public; Owner: dev_service_user
--

COPY public.prequiz_completion (id, course_id, user_id) FROM stdin;
1	10	1
2	10	7
3	9	7
4	7	1
5	8	1
6	9	1
7	9	8
8	8	8
17	10	8
48	7	8
49	10	10
50	9	10
51	7	10
52	8	10
53	9	11
54	10	11
74	9	12
75	7	12
76	8	12
77	9	13
78	7	13
79	10	13
80	10	14
81	10	15
82	9	14
83	9	15
84	7	14
85	10	16
86	10	17
121	10	18
122	10	20
123	10	21
124	10	36
125	10	38
126	10	39
127	8	46
128	10	41
129	9	41
130	7	41
131	8	41
\.


--
-- Data for Name: prequiz_question; Type: TABLE DATA; Schema: public; Owner: dev_service_user
--

COPY public.prequiz_question (id, text, is_numeric_answer, min_value, max_value, min_label, max_label, step_value, value_postfix) FROM stdin;
1	Mennyire rzed magad tapasztaltnak	t	1	10	Nem rzem tapasztaltnak magam	Tapasztaltnak rzem magam	1	\N
2	Mire szeretnd hasznlni a kurzuson tanultakat? (Azt vlaszd, amelyik a leginkbb kzelebb ll a clodhoz)	f	\N	\N	\N	\N	\N	\N
3	Mennyi idt tudsz heti szinten a tanulsra fordtani?	t	1	10	Kevesebb idt tudok tanulssal tlteni	Tbb idt tudok tanulssal tlteni	1	ra
\.


--
-- Data for Name: prequiz_user_answer; Type: TABLE DATA; Schema: public; Owner: dev_service_user
--

COPY public.prequiz_user_answer (id, value, question_id, answer_id, user_id, course_id) FROM stdin;
1	10	1	\N	1	10
2	\N	2	1	1	10
3	2	3	\N	1	10
4	1	1	\N	7	10
5	0	2	2	7	10
6	5	3	2	7	10
7	8	1	\N	7	9
8	0	2	4	7	9
9	9	3	4	7	9
10	9	1	\N	1	7
11	0	2	4	1	7
12	9	3	4	1	7
13	8	1	\N	1	8
14	0	2	4	1	8
15	9	3	4	1	8
16	9	1	\N	1	9
17	0	2	4	1	9
18	8	3	4	1	9
19	8	1	\N	8	9
20	0	2	4	8	9
21	8	3	4	8	9
25	8	1	\N	8	10
26	0	2	4	8	10
27	8	3	4	8	10
49	4	1	\N	12	9
50	0	2	2	12	9
51	8	3	2	12	9
52	1	1	\N	12	7
53	0	2	2	12	7
54	1	3	2	12	7
55	1	1	\N	12	8
56	0	2	2	12	8
57	9	3	2	12	8
58	8	1	\N	13	9
59	0	2	4	13	9
60	8	3	4	13	9
61	7	1	\N	13	7
62	0	2	2	13	7
63	9	3	2	13	7
64	8	1	\N	13	10
65	0	2	2	13	10
66	8	3	2	13	10
67	8	1	\N	14	10
68	0	2	4	14	10
69	8	3	4	14	10
71	1	1	\N	15	10
72	0	2	2	15	10
73	7	3	2	15	10
74	8	1	\N	14	9
75	0	2	4	14	9
76	8	3	4	14	9
77	1	1	\N	15	9
78	0	2	2	15	9
79	1	3	2	15	9
80	7	1	\N	14	7
28	7	1	\N	8	7
29	0	2	2	8	7
30	9	3	2	8	7
31	4	1	\N	10	10
32	0	2	2	10	10
33	3	3	2	10	10
34	1	1	\N	10	9
35	0	2	2	10	9
36	1	3	2	10	9
37	1	1	\N	10	7
38	0	2	4	10	7
39	4	3	4	10	7
40	1	1	\N	10	8
41	0	2	2	10	8
42	7	3	2	10	8
43	7	1	\N	11	9
44	0	2	2	11	9
45	7	3	2	11	9
81	0	2	4	14	7
82	8	3	4	14	7
83	5	1	\N	16	10
84	0	2	1	16	10
85	7	3	1	16	10
86	1	1	\N	17	10
87	0	2	2	17	10
88	1	3	2	17	10
46	5	1	\N	11	10
47	0	2	2	11	10
48	3	3	\N	11	10
22	8	1	\N	8	8
23	0	2	2	8	8
24	9	3	\N	8	8
89	4	1	\N	18	10
90	0	2	4	18	10
91	8	3	4	18	10
92	8	1	\N	20	10
93	0	2	2	20	10
94	9	3	2	20	10
95	5	1	\N	21	10
96	0	2	1	21	10
97	1	3	1	21	10
98	7	1	\N	36	10
99	0	2	4	36	10
100	7	3	4	36	10
101	7	1	\N	38	10
102	0	2	4	38	10
103	9	3	4	38	10
104	1	1	\N	39	10
105	0	2	2	39	10
106	3	3	2	39	10
107	8	1	\N	46	8
108	0	2	4	46	8
109	9	3	4	46	8
110	9	1	\N	41	10
111	0	2	4	41	10
112	9	3	4	41	10
113	8	1	\N	41	9
114	0	2	2	41	9
115	9	3	2	41	9
116	7	1	\N	41	7
117	0	2	4	41	7
118	9	3	4	41	7
119	8	1	\N	41	8
120	0	2	2	41	8
121	8	3	2	41	8
\.


--
-- Data for Name: question; Type: TABLE DATA; Schema: public; Owner: dev_service_user
--

COPY public.question (id) FROM stdin;
1
2
3
4
5
6
7
8
9
10
11
12
13
14
15
16
17
18
19
20
21
22
23
24
25
26
27
28
29
30
31
32
33
34
35
36
37
38
39
40
41
42
43
44
45
46
47
48
49
50
51
52
53
54
55
56
57
58
59
60
61
62
63
64
65
66
67
68
69
70
71
72
73
74
75
76
77
78
79
80
81
82
83
84
85
86
87
88
89
90
91
92
93
94
95
96
97
98
99
100
101
102
103
104
105
106
107
108
109
110
111
112
113
114
115
116
117
118
119
120
121
122
123
124
125
126
127
128
129
130
131
132
133
134
135
136
137
138
139
140
141
142
143
144
145
146
147
148
149
150
151
152
153
154
155
156
157
158
159
160
161
162
163
164
165
166
167
168
169
170
171
172
173
174
175
176
177
178
179
180
181
182
183
184
185
186
187
188
189
190
191
192
193
194
195
196
197
198
199
200
201
202
203
204
205
206
207
208
209
210
211
212
213
214
215
216
217
218
219
220
221
222
223
224
225
226
227
228
229
230
231
232
233
234
235
236
237
238
239
240
241
242
243
244
245
246
247
248
249
250
251
252
253
254
255
256
257
258
259
260
261
262
263
264
265
266
267
268
269
270
271
272
273
274
275
276
277
278
279
280
281
282
283
284
285
286
287
288
289
290
291
292
293
294
295
296
297
298
299
300
301
302
303
304
305
306
307
308
309
310
311
312
313
314
315
316
317
318
319
320
321
322
323
324
325
326
327
328
329
330
331
332
333
334
335
336
337
338
339
340
341
342
343
344
345
346
347
348
349
350
351
352
353
354
355
356
357
358
359
360
361
362
363
364
365
366
367
368
369
370
371
372
373
374
375
376
377
378
379
380
381
382
383
384
385
386
387
388
389
390
391
392
393
394
395
396
397
398
399
400
401
402
403
404
405
406
407
408
409
410
411
412
413
414
415
416
417
418
419
420
421
422
423
424
425
426
427
428
429
430
431
432
433
434
435
436
437
438
439
440
441
442
443
444
445
446
447
448
449
450
451
452
453
454
455
456
457
458
459
460
461
462
463
464
465
466
467
468
469
470
471
472
473
474
475
476
477
478
479
480
481
482
483
484
485
486
487
488
489
490
491
492
493
494
495
496
497
498
499
500
501
502
503
504
505
506
507
508
509
510
511
512
513
514
515
516
517
518
519
520
521
522
523
524
525
526
527
528
529
530
531
532
533
534
535
536
537
538
539
540
541
542
543
544
545
546
547
548
549
550
551
552
553
\.


--
-- Data for Name: question_data; Type: TABLE DATA; Schema: public; Owner: dev_service_user
--

COPY public.question_data (id, deletion_date, question_text, max_score, image_url, order_index, show_up_time_seconds, type_id, module_id) FROM stdin;
554	\N	Mi a tabultor elnye?	4	\N	3	\N	1	32
555	\N	Tudom-e frissteni a tartalomjegyzket, vagy manulisan kell mindig jra s jra javtani?	4	\N	7	\N	1	32
275	\N	Mi NEM igaz?	4	\N	\N	75	1	30
512	\N	Mi a plaktkp?	4	\N	1	\N	1	38
1	\N	Ha egy olyan feladatot kell megoldanom, melyhez kutatnom kell egy tmban	4	signupQuestionImages/1.1.png	\N	\N	1	1
2	\N	Amikor egy bonyolult szemlyes problmval kell megkzdenem	4	signupQuestionImages/1.2.png	\N	\N	1	1
3	\N	Vlemnyem szerint hasznosabb, ha egy kpzs sorn	4	signupQuestionImages/1.3.png	\N	\N	1	1
4	\N	Egy elads sorn, amennyiben interaktivitsra van lehetsg	4	signupQuestionImages/1.4.png	\N	\N	1	1
5	\N	Egy csapatban elvgzend projekt esetn a kvetkezt preferlom	4	signupQuestionImages/1.5.png	\N	\N	1	1
6	\N	Az gyeimet intzni, vsrolni inkbb	4	signupQuestionImages/1.6.png	\N	\N	1	1
7	\N	Mikor irodbl dolgozom, jobban szeretem, ha	4	signupQuestionImages/1.7.png	\N	\N	1	1
8	\N	Ha egy matematikai problmt kellene megoldanom	4	signupQuestionImages/2.1.png	\N	\N	1	1
9	\N	Hogy megjegyezzek valamit, szmomra hatkonyabb, ha	4	signupQuestionImages/2.2.png	\N	\N	1	1
10	\N	sszeszerelni egy darabokbl ll btort hasznlati tmutat alapjn	4	signupQuestionImages/2.3.png	\N	\N	1	1
11	\N	Az olyan kpzseket szeretem, ahol	4	signupQuestionImages/2.4.png	\N	\N	1	1
12	\N	Hogy megrtsem s emlkezzek arra, hogyan mkdik egy gp	4	signupQuestionImages/2.5.png	\N	\N	1	1
13	\N	Jobban lvezem, mikor	4	signupQuestionImages/2.6.png	\N	\N	1	1
14	\N	Ha egy szmomra ismeretlen irodt kellene megtallnom egy komplexumban, erre krnm a portst	4	signupQuestionImages/2.7.png	\N	\N	1	1
15	\N	Jobban szeretek	4	signupQuestionImages/3.1.png	\N	\N	1	1
16	\N	Olyan munkt preferlok jobban, ahol	4	signupQuestionImages/3.2.png	\N	\N	1	1
17	\N	Jobban szeretek	4	signupQuestionImages/3.3.png	\N	\N	1	1
18	\N	Ha esszt kne rnom	4	signupQuestionImages/3.4.png	\N	\N	1	1
19	\N	Az olyan feladatokat kedvelem inkbb, ahol	4	signupQuestionImages/3.5.png	\N	\N	1	1
20	\N	Ha egy kerti kishzat szeretnk kszteni, 	4	signupQuestionImages/3.6.png	\N	\N	1	1
21	\N	Ha szeretnk tbbet megtudni nagysebessg nyomtatkrl	4	signupQuestionImages/3.7.png	\N	\N	1	1
22	\N	Jobban szeretem, ha az instrukcikat	4	signupQuestionImages/4.1.png	\N	\N	1	1
23	\N	Szvesebben,	4	signupQuestionImages/4.2.png	\N	\N	1	1
24	\N	Jobban megjegyzem	4	signupQuestionImages/4.3.png	\N	\N	1	1
25	\N	Jobban szeretem az olyan eladsokat, ahol	4	signupQuestionImages/4.4.png	\N	\N	1	1
26	\N	Knnyebben jegyzek meg j informcikat	4	signupQuestionImages/4.5.png	\N	\N	1	1
27	\N	Ha informldni szeretnk a htkznapi lettel kapcsolatban	4	signupQuestionImages/4.6.png	\N	\N	1	1
28	\N	Ha meg akarom tudni, hogyan hasznljam a faxgpet	4	signupQuestionImages/4.7.png	\N	\N	1	1
29	\N	Dntshozatalnl fajslyosabbak szmomra	4	signupQuestionImages/5.1.png	\N	\N	1	1
30	\N	Egy feladat hatkony elvgzshez	4	signupQuestionImages/5.2.png	\N	\N	1	1
31	\N	Ha ki szeretnm fejezni a gondolataimat, rzseimet	4	signupQuestionImages/5.3.png	\N	\N	1	1
32	\N	Az olyan eladkat, oktatkat kedvelem, akik	4	signupQuestionImages/5.4.png	\N	\N	1	1
33	\N	ltalban	4	signupQuestionImages/5.5.png	\N	\N	1	1
34	\N	Ha vizsgznom kellene, a kvetkezt preferlnm	4	signupQuestionImages/5.6.png	\N	\N	1	1
35	\N	Ha kapok egy megbzst, feladatot, jobban szeretem	4	signupQuestionImages/5.7.png	\N	\N	1	1
36	\N	Hogy rom be a hatvnyozs jelt a szmtsba?	4	\N	\N	211	1	15
37	\N	Hogy lehet a legegyszerbben a munkalapon az X789654-es cellhoz jutni?	4	\N	\N	101	1	15
38	\N	Mit rok az F1 cellba, ha azt szeretnm, hogy  ott a B4 s B5 cellkban szerepl szmok szorzata legyen?	4	\N	2	\N	1	15
42	\N	Hogy rem el, hogy az Excel a P szm 15 szmjegy rtkvel szmoljon?	4	\N	1	\N	1	15
43	\N	Hogy rom be a hatvnyozs jelt a szmtsba?	4	\N	3	\N	1	15
44	\N	A C1 cellban az =A1*B1 kplet eredmnye van. Lemsolom a kpletet egy msik cellba. Hogy rem el, hogy a msolt kpletben csak a B1 cella mdosuljon, az A1 ne, azaz, mindig az A1 cellval szmoljon az Excel?	4	\N	4	\N	1	15
45	\N	Hogy lehet a legegyszerbben a munkalapon az X789654-es cellhoz jutni?	4	\N	0	\N	1	15
184	\N	Mi a visszavons jele a gyorselrsi eszkztrban?	4	\N	0	\N	1	15
185	\N	Hogyan nyomtatom ki egy tblzatnak csak a kijellt rszt, nem a teljes tblzatot?	4	\N	1	\N	1	15
186	\N	Mik az thelyezs billentyparancsai?	4	\N	2	\N	1	15
189	\N	Hogy lehet a legegyszerbben a X789654-es cellhoz jutni?	4	\N	3	\N	1	15
190	\N	Van-e elnye a billentykombinciknak, az ikonokon egrrel trtn kattintsokhoz kpest?	4	\N	4	\N	1	15
191	\N	Hogyan vlthatok a legegyszerbben munkalapokat?	4	\N	5	\N	1	15
192	\N	Tbb cella egyestsekor melyik cella rtke marad meg? (A tbbit az Excel trli)	4	\N	6	\N	1	15
193	\N	A menszalagon a Kezdlap melyik rszben tallhatom a szeglyek ikonjt?	4	\N	7	\N	1	15
39	\N	Hogy rem el, hogy az Excel a P szm 15 szmjegy rtkvel szmoljon?	4	\N	\N	110.4	1	15
40	\N	Mit rok az F1 cellba, ha azt szeretnm, hogy  ott a B4 s B5 cellkban szerepl szmok szorzata legyen?	4	\N	\N	46	1	15
41	\N	A C1 cellban az =A1*B1 kplet eredmnye van. Lemsolom a kpletet egy msik cellba. Hogy rem el, hogy a msolt kpletben csak a B1 cella mdosuljon, az A1 ne, azaz, mindig az A1 cellval szmoljon az Excel?	4	\N	\N	463	1	15
46	\N	Honnan tudom biztosan azonnal, hogy a megkezdett Munkafzet1 excel munkafzetemet az Excel sikeresen elmentette pl. Befektets kalkultor nven?	4	\N	\N	101	1	15
47	\N	Az Excel kezdlapjn milyen jel mutatja, hogy egy Fjl nem felttlenl volt a kzelmltban megnyitva, de a fontossga miatt rgztettem, hogy mindig szem eltt legyen?	4	\N	\N	145.4	1	15
48	\N	Milyen billentykombincival vlthatok egyszeren megnyitott Excel munkafzetek kztt?	4	\N	\N	109	1	15
49	\N	Mik az thelyezs billentyparancsai?	4	\N	\N	350.5	1	15
50	\N	Mikor vltozik az Excelben a bettpus elnzetrl vglegess?	4	\N	\N	127.7	1	15
51	\N	Hogyan bontok fel nagyobb szmokat ezres tagolssal, lthat sznettel a knnyebb ttekinthetsgrt, gy, hogy az Excel mg szmolni azrt tudjon velk?	4	\N	\N	176	1	15
52	\N	Mely formtumot rdemes hasznlnunk OBS-ben a biztonsgos felvtel rdekben?	4	\N	\N	246.2	1	11
53	\N	Mit takar az FPS kifejezs videorgzts sorn?	4	\N	\N	142.5	1	11
54	\N	Mi a klnbsg az ablak felvtele s a kijelz felvtele kztt OBS-ben?	4	\N	\N	243.2	1	11
55	\N	Mirt rdemes a srga zna eltt tartani a bemeneti hangert OBS-ben?	4	\N	0	\N	1	13
56	\N	Mely formtumot rdemes hasznlnunk OBS-ben a biztonsgos felvtel rdekben?	4	\N	1	\N	1	13
57	\N	Mit takar az FPS kifejezs videorgzts sorn?	4	\N	2	\N	1	13
58	\N	Felvehet-e az adott jelenet forrsai kz egy mr meglv, msik jelenet OBS Studioban?	4	\N	3	\N	1	13
59	\N	Mi a klnbsg az ablak felvtele s a kijelz felvtele kztt OBS-ben?	4	\N	4	\N	1	13
60	\N	Ha ltalnos kpernyfelvtelt akarunk kszteni, mely videobelltst tancsos hasznlni?	4	\N	5	\N	1	13
61	\N	Mikor vltozik az Excelben a stlus elnzetrl vglegess?	4	\N	\N	145	1	15
62	\N	Mit brzol a formtummsols ikonja?	4	\N	\N	115	1	15
63	\N	Kombinlhatak egymssal a formzsi lehetsgek? Lehet-e egyszerre pl. flkvr, piros, dlt betm srga cellban, zld szn szaggatott rccsal?	4	\N	\N	245	1	15
64	\N	Mit rok az egyni szmformtum rszbe, ha azt szeretnm, hogy a pozitv szm kk legyen, a negatv - jel s piros, mg a 0 pedig zld legyen?	4	\N	\N	118	1	15
65	\N	Hogy szabom testre egyszerre tbb sor magassgt?	4	\N	\N	254	1	15
66	\N	Hogyan rejtek el (de nem trlk) oszlopot?	4	\N	\N	195	1	15
67	\N	Hogyan bontok fel nagyobb szmokat ezres tagolssal, lthat sznettel a knnyebb ttekinthetsgrt, gy, hogy az Excel mg szmolni azrt tudjon velk?	4	\N	\N	159	1	15
68	\N	Lehet-e trtszmokkal, vegyes szmokkal (nemcsak tizedes trtekkel) szmolni az Excelben?	4	\N	\N	179	1	15
69	\N	12=?	4	\N	\N	145	1	15
70	\N	Mit rok az egyni szmformtum rszbe, ha azt szeretnm, hogy a pozitv szm kk legyen, a negatv - jel s piros, a 0 zld legyen, a szvegbevitel pedig srga legyen?	4	\N	\N	246	1	15
71	\N	Hogyan formzom tblzatknt a felvitt adattartomnyt?	4	\N	\N	216	1	15
72	\N	Hol tudok egyni cellastlust belltani magamnak?	4	\N	\N	185	1	15
73	\N	Milyen fggvnnyel szmtom ki a B2 - B20 cellatartomny rtkeinek tlagt?	4	\N	\N	183	1	15
74	\N	Milyen fggvnnyel szmtom ki a B2 - B20 cellatartomny rtkeinek mduszt?	4	\N	\N	189	1	15
75	\N	Milyen fggvnnyel szmtom ki a B2 - B20 cellatartomny 2-es rtkeinek darabszmt?	4	\N	\N	334.7	1	15
76	\N	A fggvny eredmnyt melyik billentyvel tudom rtkk alaktani, ha a szerkesztlcre trtn kattints utn letm azt?	4	\N	\N	120	1	15
77	\N	Hol jelenik meg az Excel kpernyjn a gyors ellenrzst segt sszegzs, miutn az adott adattartomnyra klikkeltem?	4	\N	\N	115	1	15
78	\N	Hogy javtom egyszeren a ##### hibt?	4	\N	\N	408	1	15
79	\N	Az aktv cella melyik rszvel clzok az ablaktbla rgztsnl?	4	\N	\N	285	1	15
80	\N	Hogyan fedem fel az elrejtett b oszlopot?	4	\N	\N	104	1	15
81	\N	Melyik menben van a Nvkezel?	4	\N	\N	248	1	15
82	\N	Tudok-e betszn alapjn adatokat sorba rendezni?	4	\N	\N	196	1	15
83	\N	Az Excel helyesrsellenrzse nem ellenrzi: 	4	\N	\N	179	1	15
84	\N	Felvehet-e az adott jelenet forrsai kz egy mr meglv, msik jelenet OBS Studioban?	4	\N	\N	196	2	11
86	\N	Milyen bet van az Excel ikonjn?	4	\N	\N	250	1	15
87	\N	Mi a visszavons jele a gyorselrsi eszkztrban?	4	\N	\N	190	1	15
88	\N	Milyen bet van az alhzs ikonjn a menn?	4	\N	\N	121	1	15
89	\N	Az Excel kezdlapjn milyen jel mutatja, hogy egy fjl nem felttlenl volt a kzelmltban megnyitva, de a fontossga miatt rgztettem, hogy mindig szem eltt legyen?	4	\N	\N	145	1	15
90	\N	Honnan tudom biztosan azonnal, hogy a megkezdett Munkafzet1 munkafzetemet az Excel sikeresen elmentette pl. Befektets kalkultor nven?	4	\N	\N	101	1	15
91	\N	Hogyan nyomtatom ki egy tblzatnak csak a kijellt rszt, nem a teljes tblzatot?	4	\N	\N	175	1	15
92	\N	Hogy lehet a legegyszerbben a X789654-es cellhoz jutni?	4	\N	\N	101	1	15
93	\N	Mi a neve annak a svnak, ahol fent trhatom az aktulis cella tartalmt?	4	\N	\N	97	1	15
94	\N	Hogyan vlthatok a legegyszerbben munkalapokat?	4	\N	\N	190	1	15
95	\N	Tbb cella egyestsekor melyik cella rtke marad meg? (A tbbit az Excel trli)	4	\N	\N	221	1	15
96	\N	Hogy rem el, hogy az Excel a Pi szm 15 szmjegy rtkvel szmoljon?	4	\N	\N	111	1	16
97	\N	Mit rok az F1 cellba, ha azt szeretnm, hogy ott a B4 s B5 cellkban szerepl szmok szorzata legyen?	4	\N	\N	46	1	16
98	\N	Mit brzol a formtummsols ikonja?	4	\N	\N	116	1	17
99	\N	Mik az thelyezs billentyparancsai?	4	\N	\N	57.5	1	15
100	\N	Melyik lehetsg ad trhatst a tblzat cellinak?	4	\N	\N	256	1	37
101	\N	Melyik llts HAMIS?	4	\N	\N	146	1	37
102	\N	Kombinlhatak egymssal a formzsi lehetsgek? Lehet-e egyszerre pl. flkvr, piros, dlt betm srga cellban, zld szn szaggatott rccsal?	4	\N	\N	246	1	17
103	\N	Mit rok az egyni szmformtum rszbe, ha azt szeretnm, hogy a pozitv szm kk legyen, a negatv "-" jel s piros, mg a 0 pedig zld legyen?	4	\N	\N	118	1	17
104	\N	Hogyan bontok fel nagyobb szmokat ezres tagolssal, lthat "sznettel" a knnyebb ttekinthetsgrt, gy, hogy az Excel mg szmolni azrt tudjon velk?	4	\N	\N	159	1	17
105	\N	Mik az S fggvny kimeneti zenetei?	4	\N	\N	26	1	18
106	\N	Mit rok az egyni szmformtum rszbe, ha azt szeretnm, hogy a pozitv szm kk legyen, a negatv "-" jel s piros, a 0 zld legyen, a szvegbevitel pedig srga legyen?	4	\N	\N	247	1	17
107	\N	Hol lltom be egszen rszletesen a cella szeglyeit?	4	\N	\N	161	1	17
108	\N	Hogyan lltom be, hogy a mr kijellt tartomnyomban a Excel formzza a 2-3-4 szmokat, s a tbbit meg ne?	4	\N	\N	256	1	17
109	\N	A feltteles formzsnl egy tartomnyban adatsvokkal dolgozom. Azt akarom, hogy ne a tartomny legmagasabb rtkre adjon maximlis rtket a feltteles formzs, hanem egy fix szmra. Hol tallom a megfelel prbeszdablakot?	4	\N	\N	140	1	17
110	\N	Hogy szrok be egy cellra minigrafikont - azaz rtkgrbt?	4	\N	\N	31	1	17
111	\N	Hogyan szabom testre egyszerre tbb sor magassgt?	4	\N	\N	254	1	17
112	\N	Hogyan rejtek el egy oszlopot?	4	\N	\N	195	1	17
113	\N	Hogyan formzom tblzatknt a felvitt adattartomnyt?	4	\N	\N	217	1	17
114	\N	A menszalagon a Kezdlap melyik rszben tallhatom a szeglyek ikonjt?	4	\N	\N	99	1	15
115	\N	Milyen fggvnnyel szmtom ki a B2 - B20 cellatartomny rtkeinek tlagt?	4	\N	\N	184	1	18
116	\N	Milyen fggvnnyel szmtom ki a B2 - B20 cellatartomny rtkeinek mduszt?	4	\N	\N	189	1	18
117	\N	Milyen fggvnnyel szmtom ki a B2 - B20 cellatartomny 2-es rtkeinek darabszmt?	4	\N	\N	334	1	18
118	\N	A fggvny eredmnyt melyik billentyvel tudom rtkk alaktani, ha a szerkesztlcre trtn kattints utn letm azt?	4	\N	\N	121	1	18
119	\N	Mi az a kezd dtum, amihez kpest rdemben lehet hasznlni az Excel dtumfggvnyeit?	4	\N	\N	42	1	18
120	\N	Mire j a "DARABHATBB" fggvny?	4	\N	\N	173	1	18
121	\N	Tudok-e betszn alapjn adatokat sorba rendezni?	4	\N	\N	197	1	19
122	\N	Mit rok a B1 cellba, ha azt akarom, hogy oda az A1 cellba rt szmot 3 tizedesjegy pontossggal kerektse az Excel?	4	\N	\N	85	1	18
123	\N	Hogyan ellenrzm, hogy a B22345 s az Z123498 cellkba rt szveg azonos-e?	4	\N	\N	116	1	18
124	\N	Melyik fggvny ad "IGAZ" rtket arra, hogy a B2 cellban "Ford", vagy a C2 cellban "piros" van megadva?	4	\N	\N	206	1	18
125	\N	Hol jelenik meg az Excel kpernyjn a gyors ellenrzst segt sszegzs, miutn az adott adattartomnyra kattintottam?	4	\N	\N	115	1	19
126	\N	Hogy javtom egyszeren a "#####" hibt?	4	\N	\N	409	1	19
127	\N	Az aktv cella melyik rszvel clzok az ablaktbla rgztsnl?	4	\N	\N	285	1	19
128	\N	Hogyan fedem fel az elrejtett "B" oszlopot?	4	\N	\N	105	1	19
129	\N	Melyik menben van a Nvkezel?	4	\N	\N	248	1	19
130	\N	Mi trtnik a szrsnl?	4	\N	\N	105	1	22
131	\N	Mikor van a legnagyobb haszna annak, ha adatrvnyestssel letiltok bizonyos beviteli rtkeket?	4	\N	\N	34	1	22
132	\N	Az Excel helyesrsellenrzje nem ellenrzi: 	4	\N	\N	179	1	19
133	\N	Mi a link beszrsnak billentyparancsa?	4	\N	\N	121	1	19
134	\N	Van-e lehetsgem arra, hogy az Esetvizsgl egyszerre mutassa az sszes ltalam krt esetet?	4	\N	\N	303	1	19
135	\N	Mi a Clcella?	4	\N	\N	168	1	19
136	\N	Hogyan szrok be megjegyzst az Excelbe anlkl, hogy magt a tblzatot brhogy is fellrnm?	4	\N	\N	126	1	20
137	\N	Hogyan mozgatom a legegyszerbben a beszrt kpet az Excelben?	4	\N	\N	82	1	21
138	\N	Hogyan adhatok a httr nlkli kpemnek anyagmintt httrnek?	4	\N	\N	81	1	21
139	\N	Hny tengely mentn forgathatom el a kpet?	4	\N	\N	129	1	21
140	\N	Hogyan rem el legegyszerbben a kp krlvgsnk mdjt?	4	\N	\N	102.5	1	21
141	\N	Lehet-e a WordArt szvegt kppel kitlteni?	4	\N	\N	194	1	21
142	\N	Hogy szrhatok be egy szimblumot egy cllba?	4	\N	\N	90	1	21
143	\N	Hol rem el a szabadkzi egyenlet vagy kplet bevitelt lehetv tev prbeszdablakot?	4	\N	\N	110	1	21
144	\N	Mit rok az E7-es cellba, ha oda a Mintafrj kltseit akarom sszesteni?	4	\N	\N	251	1	18
145	\N	Szeretnm, ha "Minta Bla 1" nem ismtldne. De csak akkor tnjn el, ha a "Minta", a "Bla" s az "1" is egytt szerepel. Mit teszek?	4	\N	\N	117	1	22
146	\N	Mit lltok be az "Adatok rvnyestse" prbeszdablakon ha azt akarom, hogy maximum hat karakteres rtket lehessen bevinni?	4	\N	\N	151	1	22
147	\N	Adatimportlsnl mirt kell a Power Query-ben a szmokat megfelel formtumra pl. "Egsz szm" belltani?	4	\N	\N	142	1	22
148	\N	Mi trtnik, ha az F1 cella tartalma nem egyezik meg a megfelel oszlopcmmel?	4	\N	\N	123	1	22
149	\N	Egy adott oszlop 10 legmagasabb rtkt akarom ltni. Mit teszek?	4	\N	\N	188	1	22
150	\N	Mit kellett belltani a Rszsszegek prbeszdablakban?	4	\N	\N	165	1	22
151	\N	Tagols sorn hozhatok-e ltre csoportot vagy alcsoportot nem sszefgg sorokbl?	4	\N	\N	132	1	22
152	\N	Tudom-e szeglyezni az Excel diagramok adatfeliratait?	4	\N	\N	138	1	23
153	\N	Mihez hasonlt, mivel egyezik meg a Diagramcm formzsa munkaablak?	4	\N	\N	97	1	23
154	\N	Mit kell formznom, ha a diagram "httert" szeretnm mdostani?	4	\N	\N	115	1	23
155	\N	Hogy lltom be, hogy a Solver egsz szmokkal szmoljon?	4	\N	\N	311	1	24
156	\N	Van-e elnye a billentykombinciknak, az ikonokon egrrel trtn kattintsokhoz kpest?	4	\N	\N	224	1	15
157	\N	Hogyan rom be a hatvnyozs jelt a szmtsba?	4	\N	\N	212	1	16
158	\N	Mi a fix hivatkozs jele?	4	\N	\N	224.8	1	16
159	\N	Lehet-e trtszmokkal, vegyes szmokkal (nemcsak tizedes trtekkel) szmolni az Excelben?	4	\N	\N	122	1	17
160	\N	"Milyen formtum a kvetkez szm? 1,20E+01"	4	\N	\N	102	1	17
161	\N	Hol tudok egyni cellastlust belltani?	4	\N	\N	185	1	17
162	\N	Hogyan lltok be egy bannt az Excel tblzatom htternek?	4	\N	\N	92	1	17
163	\N	Szeretnm, ha a cellban a "TEA" sz jelenne meg akkor, ha az A1 cellban a 0 szm van, s "KV" jelenjen meg, ha nem. Mit rok a cellba?	4	\N	\N	206	1	18
164	\N	Mi az FKERES fggvny hibja?	4	\N	\N	348	1	18
165	\N	Berom az A1 cellba, hogy "anansz", szeretnm a C1-ben a "nan" szt fggvnnnyel kiratni. Mit rok a C1-be?	4	\N	\N	234.5	1	18
166	\N	Milyen jelre kell kattintanom a Fggvnyargumentumok prbeszdablak elhvshoz?	4	\N	\N	197.1	1	18
167	\N	Mi az elnye az elklntett tblzatoknak?	4	\N	\N	199.4	1	21
168	\N	Mi a hatvny billentykombincija az Excelben?	4	\N	\N	101.6	1	16
169	\N	Mikor jelenik meg a hatvny jele az Excelben?	4	\N	\N	117.6	1	16
170	\N	Mi a szorzs jele az Excelben?	4	\N	\N	109.6	1	16
171	\N	Mit rtunk be dupla kattintshoz?	4	\N	\N	187.7	1	24
172	\N	Hogyan teleptem a Solvert?	4	\N	\N	170.2	1	24
173	\N	Hogyan jellm a P-t?	4	\N	\N	90.9	1	16
174	\N	Miyen betre kattintok a bezrshoz?	4	\N	\N	210.5	1	26
175	\N	Milyen jel mutatja a mentst?	4	\N	\N	92	1	26
176	\N	Milyen nyelven diktlhatok a Word-nek?	4	\N	\N	109	1	26
177	\N	Hogyan dntm meg a betket a Word-ben?	4	\N	\N	112	1	26
178	\N	Hogyan rendezem tblzatba a szveget a Word-ben?	4	\N	\N	220	1	26
179	\N	Hogy tntetem el az ltalam belltott vzjelet a Word-ben?	4	\N	\N	240	1	26
180	\N	Milyen hatsa van a szles margnak?	4	\N	\N	105	1	26
181	\N	Tudom-e frissteni a tartalomjegyzket, vagy manulisan kell mindig jra s jra javtani?	4	\N	\N	162	1	26
182	\N	Mi trtnik, ha a szvegben a lbjegyzet szmra viszem az egeret?	4	\N	\N	135	1	26
183	\N	Lehet bortkot nyomtatni a Word-ben?	4	\N	\N	65	1	26
187	\N	Milyen fggvnnyel szmtom ki a B2 - B20 cellatartomny rtkeinek mduszt?	4	\N	0	\N	1	18
188	\N	Mit rok a B1 cellba, ha azt akarom, hogy oda az A1 cellba rt szmot 3 tizedesjegy pontossggal kerektse az Excel?	4	\N	1	\N	1	18
194	\N	Hogyan rom be a hatvnyozs jelt a szmtsba?	4	\N	0	\N	1	16
195	\N	Hogy rem el, hogy az Excel a Pi szm 15 szmjegy rtkvel szmoljon?	4	\N	1	\N	1	16
196	\N	Mit rok az F1 cellba, ha azt szeretnm, hogy ott a B4 s B5 cellkban szerepl szmok szorzata legyen?	4	\N	2	\N	1	16
197	\N	Mi a fix hivatkozs jele?	4	\N	3	\N	1	16
198	\N	Mikor jelenik meg a hatvny jele az Excelben?	4	\N	4	\N	1	16
199	\N	A menszalagon a Kezdlap melyik rszben tallhatom a szeglyek ikonjt?	4	\N	5	\N	1	16
200	\N	Mit brzol a formtummsols ikonja?	4	\N	0	\N	1	17
201	\N	Kombinlhatak egymssal a formzsi lehetsgek? Lehet-e egyszerre pl. flkvr, piros, dlt betm srga cellban, zld szn szaggatott rccsal?	4	\N	1	\N	1	17
202	\N	Mit rok az egyni szmformtum rszbe, ha azt szeretnm, hogy a pozitv szm kk legyen, a negatv "-" jel s piros, mg a 0 pedig zld legyen?	4	\N	2	\N	1	17
203	\N	Lehet-e trtszmokkal, vegyes szmokkal (nemcsak tizedes trtekkel) szmolni az Excelben?	4	\N	3	\N	1	17
204	\N	Hol tudok egyni cellastlust belltani?	4	\N	4	\N	1	17
205	\N	Hol lltom be egszen rszletesen a cella szeglyeit?	4	\N	5	\N	1	17
206	\N	Hogyan lltom be, hogy a mr kijellt tartomnyomban a Excel formzza a 2-3-4 szmokat, s a tbbit meg ne?	4	\N	6	\N	1	17
207	\N	Hogyan szabom testre egyszerre tbb sor magassgt?	4	\N	7	\N	1	17
208	\N	Hogyan lltok be egy bannt az Excel tblzatom htternek?	4	\N	8	\N	1	17
209	\N	Megnzhetem-e, hogy mennyi id alatt kszlt el a word dokumentum?	4	\N	\N	94	1	26
210	\N	Hol jelenik meg az Excel kpernyjn a gyors ellenrzst segt sszegzs, miutn az adott adattartomnyra kattintottam?	4	\N	0	\N	1	19
211	\N	Hogy javtom egyszeren a "#####" hibt?	4	\N	1	\N	1	19
212	\N	Tudok-e betszn alapjn adatokat sorba rendezni?	4	\N	2	\N	1	19
213	\N	Az Excel helyesrsellenrzje nem ellenrzi: 	4	\N	3	\N	1	19
214	\N	Mi a link beszrsnak billentyparancsa?	4	\N	4	\N	1	19
215	\N	Van-e lehetsgem arra, hogy az Esetvizsgl egyszerre mutassa az sszes ltalam krt esetet?	4	\N	5	\N	1	19
216	\N	Mi a Clcella?	4	\N	6	\N	1	19
217	\N	Mit jelent a fjl rgztse?	4	\N	\N	69	1	26
218	\N	Milyen nyelv a Word sztra?	4	\N	\N	157	1	26
219	\N	Hogy adom a Gyorselrsi eszkztrhoz a felolvass ikonjt?	4	\N	\N	60	1	26
220	\N	Mire figyeljnk a kreatv, ltvnyos bettpusoknl?	4	\N	\N	189	1	27
221	\N	Mi a flkvr billentykombincija?	4	\N	\N	126	1	27
222	\N	Mi a kis- s nagybetk vltoztatsnak bilentyparancsa?	4	\N	\N	142	1	27
223	\N	Hnyfle betsznt llthatok be a Wordben?	4	\N	\N	151	1	27
224	\N	Mit jelent a betmret szma?	4	\N	\N	119	1	27
225	\N	Mi az als index billentykombincija?	4	\N	\N	138	1	27
226	\N	lltsuk be a fekete bets szveg piros alhzst!	4	\N	\N	111	1	27
227	\N	Mi a kiskapitlis bet rtelme?	4	\N	\N	92	1	27
228	\N	Hogyan nvelem a betk kzti tvolsgot?	4	\N	\N	217	1	27
229	\N	Hol tallom a Szvegeffektusokat?	4	\N	\N	151	1	27
230	\N	Milyen ikonja van az "sszes formzs trlse" opcinak?	4	\N	\N	87	1	27
231	\N	Mi a jobbra zrs billentykombincija?	4	\N	\N	78	1	27
232	\N	Mennyivel kezddik beljebb alaprtelmezetten egy bekezds, ha hasznlom a behzst? Mi ennek az alaprtelmezett rtke?	4	\N	\N	100	1	27
233	\N	Mivel lltom a bekezdsek kztti "helyet"?	4	\N	\N	219	1	27
234	\N	Szeretnm, hogy kt egyms utni bekezds mindig ugyanazon az oldalon legyen, brhogy is szerkesztem a ksbbiekben a dokumentumot. Mit teszek?	4	\N	\N	219	1	27
235	\N	Hogy adok pl. piros szn szaggatott vonalas keretezst egy bekezdsnek?	4	\N	\N	164	1	27
236	\N	Melyik igazts praktikus hosszabb szveghez?	4	\N	\N	55	1	27
237	\N	Mi a tabultor elnye?	4	\N	\N	176	1	27
238	\N	Hogyan igaztom a meglv tabultort a tizedes vesszhz?	4	\N	\N	202.6	1	27
239	\N	A Word ltalban j felsorolst indt egyes szmmal kezdve. Hogyan folytatom mgis a flbehagyott szmozott felsorolst?	4	\N	\N	309	1	27
240	\N	Mennyi az alaprtelmezett marg a Wordben?	4	\N	\N	31	1	27
241	\N	Hogyan hozok ltre szntmenetes lapokat kt sznbl a Wordben?	4	\N	\N	173	1	27
242	\N	lltsunk be rmai szmmal oldalszmokat!	4	\N	\N	171	1	27
243	\N	Hogyan lltom t a mr meglv kezd oldalszmot 2243-ra?	4	\N	\N	125	1	27
244	\N	Tudok-e fazetts lfejet kszteni? Ha igen, hogyan?	4	\N	\N	130	1	27
245	\N	Beszrs men: llb >> Kikeresem a listbl a fazetts stlust	4	\N	\N	106	1	27
246	\N	Hogy hozok ltre j stlust?	4	\N	\N	258.2	1	27
247	\N	Hogyan mdostok stlust?	4	\N	\N	131	1	27
248	\N	Mit mdostok a tmval? Mirt hasznos a tma?	4	\N	\N	116.5	1	27
249	\N	Milyen billentykombincival vltok dokumentumok - s programok, alkalmazsok kztt?	4	\N	\N	127.4	1	28
250	\N	Hol kell Enter-t tnnk?	4	\N	\N	277	1	28
251	\N	Milyen billentyt nyomok le a sor legelejre trtn ugrshoz?	4	\N	\N	260	1	28
252	\N	Mi az oldaltrs billentyparancsa?	4	\N	\N	216	1	28
253	\N	Szeretnk a szerkesztshez egy ngyzetrcshlt adni httrknt a dokumentumhoz. Hogy teszem?	4	\N	\N	104.6	1	28
254	\N	Mi hvja el a videban lthat kt ment?	4	\N	\N	49.3	1	28
255	\N	Mi hozza el a menszaglag ikonjait kezel billentyparancsok sjt magra a menszalagra?	4	\N	\N	83.5	1	28
256	\N	Melyik a Word alaprtelmezett nzete?	4	\N	\N	51.8	1	28
257	\N	Melyik nagyts volt a legpratikusabb a prbeszdablak lehetsgei kzl?	4	\N	\N	109.5	1	28
258	\N	Hogy tntetem el a segdjeleket?	4	\N	\N	112	1	28
259	\N	Hogy tntetem el a dokumentum felosztst?	4	\N	\N	98.1	1	28
260	\N	Hogy jellk ki egy ngyzet vagy tglalap alak terletet a Wordben?	4	\N	\N	301.9	1	28
261	\N	Mi a beilleszts billenty parancsa?	4	\N	\N	192	1	28
262	\N	A lebeg men hnyadik lehetsge a beillesztsnl a Forrsformtum megrzse?	4	\N	\N	96	1	28
263	\N	Hogy hvom el a Vgknyvet?	4	\N	\N	99.6	1	28
264	\N	Mi a formtummsols ikonja, s hol rem el?	4	\N	\N	103.5	1	28
265	\N	Mit sprolhatunk meg a sablonnal?	4	\N	\N	118	1	28
266	\N	Tudok-e a dokumentumhoz kommentrt posztolni?	4	\N	\N	105	1	29
267	\N	lltsuk, be hogy a dokumentum csak olvashat legyen. A jelsz legyen: 789!	4	\N	\N	102	1	29
268	\N	lltsuk be, hogy a dokumentumot csak jelsz megadsa utn nyissa meg a Word! A jelsz legyen: "pitypang".	4	\N	\N	78	1	29
269	\N	Adjunk a dokumentumnak egy piros szn vzjelet! A szvege legyen "titok"!	4	\N	\N	132	1	29
270	\N	lltsuk be, hogy a dokumentum egy rsznek nyelve francia legyen!	4	\N	\N	70	1	30
271	\N	Keressk meg egy fiktv 5 000 oldalas dokumentumban az egyetlen szt, amit Courgette bettpussal rtak bele!	4	\N	\N	280	1	30
272	\N	Cserljk ki egy dokumentum sszes "alma" szavt "apple"-re! (kisbet-nagybet most nem szmt)	4	\N	\N	124	1	30
273	\N	Tntessk el cservel a bekezdsek kztti Entereket!	4	\N	\N	388	1	30
274	\N	lltsuk be a Wordben a dokumentumban az automatikus elvlasztst!	4	\N	\N	107	1	30
276	\N	Mi a legpraktikusabb lehetsg akkor, ha a Word egy teljesen helyes szt jelez hibnak?	4	\N	\N	152	1	30
277	\N	Indtsuk el a Word automatikus hibajavtst	4	\N	\N	104	1	30
278	\N	Mi a szinonmasztrt elhv billentykombinci?	4	\N	\N	80	1	30
279	\N	Hogyan szrok be ksz szvegmodult?	4	\N	\N	150	1	30
280	\N	Hogyan rendezem sorba a kijellt adatokat a Wordben?	4	\N	\N	67	1	30
281	\N	Mi az oldaltrs billentyparancsa?	4	\N	\N	177	1	30
282	\N	Hogy lltom be, hogy a meglv 3 hasbbl az els a tbbihez kpest legyen lnyegesen vastagabb?	4	\N	\N	99	1	30
283	\N	Hogyan mdostom a cmsor stlust?	4	\N	\N	125	1	30
284	\N	Mi az alapja a tartalomjegyzk ksztsnek? Mi hatrozza meg a tartalomjegyzket?	4	\N	\N	69	1	30
285	\N	Hogyan adok egy szt a trgymutathoz?	4	\N	\N	167	1	30
286	\N	Hogy konvertlunk lbjegyzetet vgjegyzett?	4	\N	\N	129	1	30
287	\N	Hnyas betmret javasolt?	4	\N	\N	62	1	30
288	\N	Hogyan rem el a fejleszteszkzket?	4	\N	\N	104	1	31
289	\N	Szrjunk be az rlapra egy mezt, amiben a megrendels dtumt lehet megadni egy naptr segtsgvel.	4	\N	\N	254	1	31
290	\N	Mik a Stockkpek?	4	\N	\N	190.7	1	31
291	\N	Beszrtunk a dokumentumba egy sokszg alakzatot. Ezt most tltsk ki egy almval, amit az internetrl tltnk le!	4	\N	\N	217	1	31
292	\N	Tudom-e sznezni a beszrt brt?	4	\N	\N	117	1	31
293	\N	Szrjuk be egy aktv ablak kpet a wordbe! Melyik vlasz NEM tartozik a folyamathoz? A vlaszok nem idrendi sorrendben vannak.	4	\N	\N	125	1	31
294	\N	Hogyan szerkesztem egy mr beszrt diagram adatait a Wordben?	4	\N	\N	153	1	31
295	\N	Hogyan szerkesztem egy mr beszrt SmartArt-brt a Wordben?	4	\N	\N	106.9	1	31
296	\N	Hogyan tvolthatom el egy beszrt kp httert?	4	\N	\N	266	1	31
297	\N	lltsuk t a beszrt kpet Szpiasznre, hogy rgies hatsa legyen!	4	\N	\N	189.8	1	31
298	\N	Hogy mdosthatom a beszrt alakzat krvonalait (nem a sznt, hanem az alakot) a lehet legnagyobb szabadsggal?	4	\N	\N	144	1	31
299	\N	Mi a szvegdoboz?	4	\N	\N	170	1	31
300	\N	Hogyan szerkeszthetem a mr beszrt WordArt-ot?	4	\N	\N	227	1	31
301	\N	Melyik az a Word bettipus, ami nem betkbl, hanem szimblumokbl ll, mint egy kezdetleges titkosrs?	4	\N	\N	133	1	31
302	\N	Hogy rem el a szabadkzi egyenletbevitelt?	4	\N	\N	218	1	31
303	\N	 Szrjunk be egy tetszleges helyre, tetszleges formtum dtumot, de az automatikusan frissljn is!	4	\N	\N	80	1	31
304	\N	Hogyan szntetem meg az inicilt mint formt?	4	\N	\N	102	1	31
305	\N	Mekkora a legnagyobb beszrhat tblzat a Beszrs men tblzat rszben?	4	\N	\N	110.2	1	32
306	\N	Tudok -e cellkat egyesteni a tblzatban?	4	\N	\N	136	1	32
307	\N	Hogyan trlk tblzatot, azaz nemcsak annak tartalmt?	4	\N	\N	139	1	32
308	\N	Mi volt a hiba?	4	\N	\N	221	1	32
309	\N	Hnyfle sznnel tlthetem ki a cellkat?	4	\N	\N	124	1	32
310	\N	Mit rok a Kplet prbeszdablaknak Kplet mezjbe azrt, hogy a Word a tblzat legals celljba kiszmolja a felette lv cellk szmadatainak sszegt?	4	\N	\N	279	1	32
311	\N	Mit kell egy nvjegy nyomtatsa eltt biztosan leellenriznnk?	4	\N	\N	152	1	33
312	\N	Mire figyeljnk a kreatv, ltvnyos bettpusoknl?	4	\N	\N	192	1	33
313	\N	t tudom sznezni a sablont?	4	\N	\N	124	1	33
314	\N	Hogy mentsem el a fejlces hivatalos levl sablonomat?	4	\N	\N	156	1	33
315	\N	Milyen sorkzt lthattunk?	4	\N	\N	142	1	33
316	\N	Milyen fjlokba jn ltre a krlevl?	4	\N	\N	295	1	33
317	\N	Milyen nven szrom be a krlevl sablonjba az Excel tblzat oszlopainak tartalmt?	4	\N	\N	149	1	33
318	\N	Mit rok az E7-es cellba, ha oda a Mintafrj kltseit akarom sszesteni?	4	\N	8	\N	1	18
319	\N	Milyen jelre kell kattintanom a Fggvnyargumentumok prbeszdablak elhvshoz?	4	\N	9	\N	1	18
320	\N	Milyen fggvnnyel szmtom ki a B2 - B20 cellatartomny 2-es rtkeinek darabszmt?	4	\N	2	\N	1	18
321	\N	Szeretnm, ha a cellban a "TEA" sz jelenne meg akkor, ha az A1 cellban a 0 szm van, s "KV" jelenjen meg, ha nem. Mit rok a cellba?	4	\N	3	\N	1	18
322	\N	Mik az S fggvny kimeneti zenetei?	4	\N	4	\N	1	18
323	\N	Mire j a "DARABHATBB" fggvny?	4	\N	5	\N	1	18
324	\N	Mi az a kezd dtum, amihez kpest rdemben lehet hasznlni az Excel dtumfggvnyeit?	4	\N	6	\N	1	18
325	\N	Mi az FKERES fggvny hibja?	4	\N	7	\N	1	18
326	\N	Mi az elnye az elklntett tblzatoknak?	4	\N	0	\N	1	21
327	\N	Hogyan mozgatom a legegyszerbben a beszrt kpet az Excelben?	4	\N	1	\N	1	21
328	\N	Melyik menben tallom a szvegbl oszlopok varzsljt, a Szvegdarabolt?	4	\N	0	\N	1	22
329	\N	Szeretnm, ha "Minta Bla 1" nem ismtldne. De csak akkor tnjn el, ha a "Minta", a "Bla" s az "1" is egytt szerepel. Mit teszek?	4	\N	1	\N	1	22
330	\N	Hogy szrhatok be egy szimblumot egy cellba?	4	\N	2	\N	1	21
331	\N	Hol rem el a szabadkzi egyenlet vagy kplet bevitelt lehetv tev prbeszdablakot?	4	\N	3	\N	1	21
332	\N	Hogyan adhatok a httr nlkli kpemnek anyagmintt httrnek?	4	\N	4	\N	1	21
333	\N	Hny tengely mentn forgathatom el a kpet?	4	\N	5	\N	1	21
334	\N	Hogyan rem el legegyszerbben a kp krlvgsnk mdjt?	4	\N	6	\N	1	21
335	\N	Eltvolthatom-e a beszrt kp httert?	4	\N	7	\N	1	21
336	\N	Melyiket tudom ltrehozni a Excelben?	4	\N	8	\N	1	21
337	\N	Melyiket tudom ltrehozni a Excelben?	4	\N	9	\N	1	21
338	\N	Lehet-e a WordArt szvegt kppel kitlteni?	4	\N	10	\N	1	21
339	\N	Hny pont segt a szvegdoboz nyjtsban, tmretezsben?	4	\N	11	\N	1	21
340	\N	Mi a ments billentyparancsa?	4	\N	0	\N	1	26
341	\N	Mit jelent a sztvlogats?	4	\N	1	\N	1	26
342	\N	Mi volt a sorrtk bemeneti cellja?	4	\N	13	\N	2	22
343	\N	Hogyan formzom tblzatknt a felvitt adattartomnyt?	4	\N	2	\N	1	24
344	\N	Milyen fggvnnyel szmtom ki a B2 - B20 cellatartomny rtkeinek tlagt?	4	\N	3	\N	1	24
345	\N	Mik az S fggvny kimeneti zenetei?	4	\N	4	\N	1	24
346	\N	Milyen fggvnnyel szmtom ki a B2 - B20 cellatartomny 2-es rtkeinek darabszmt?	4	\N	5	\N	1	24
347	\N	Mit rok a B1 cellba, ha azt akarom, hogy oda az A1 cellba rt szmot 3 tizedesjegy pontossggal kerektse az Excel?	4	\N	6	\N	1	24
348	\N	Szeretnm, ha a cellban a "TEA" sz jelenne meg akkor, ha az A1 cellban a 0 szm van, s "KV" jelenjen meg, ha nem. Mit rok a cellba?	4	\N	7	\N	1	24
349	\N	Hogyan rom be a hatvnyozs jelt a szmtsba?	4	\N	8	\N	1	24
350	\N	Mit rok az F1 cellba, ha azt szeretnm, hogy ott a B4 s B5 cellkban szerepl szmok szorzata legyen?	4	\N	9	\N	1	24
351	\N	Hogyan nyomtatom ki egy tblzatnak csak a kijellt rszt, nem a teljes tblzatot?	4	\N	0	\N	1	24
352	\N	Tbb cella egyestsekor melyik cella rtke marad meg? (A tbbit az Excel trli)	4	\N	1	\N	1	24
353	\N	Mi a hatvny billentykombincija az Excelben?	4	\N	10	\N	1	24
354	\N	Hogy javtom egyszeren a "#####" hibt?	4	\N	11	\N	1	24
355	\N	Mit jelent a fjl rgztse?	4	\N	2	\N	1	26
356	\N	Megnzhetem-e, hogy mennyi id alatt kszlt el a word dokumentum?	4	\N	3	\N	1	26
357	\N	Hogyan dntm meg a betket a Wordben?	4	\N	4	\N	1	26
358	\N	Milyen hatsa van a szles margnak?	4	\N	5	\N	1	26
359	\N	Tudom-e frissteni a tartalomjegyzket, vagy manulisan kell mindig jra s jra javtani?	4	\N	6	\N	1	26
360	\N	Tudok bortkot nyomtatni a Word-ben?	4	\N	7	\N	1	26
361	\N	Mire figyeljnk a kreatv, ltvnyos bettpusoknl?	4	\N	0	\N	1	27
362	\N	Mi a kiskapitlis bet rtelme?	4	\N	1	\N	1	27
363	\N	Szeretnm, hogy kt egyms utni bekezds mindig ugyanazon az oldalon legyen, brhogy is szerkesztem a ksbbiekben a dokumentumot. Mit teszek?	4	\N	2	\N	1	27
364	\N	Milyen billentyt nyomok le a sor legelejre trtn ugrshoz?	4	\N	0	\N	1	28
365	\N	Adatimportlsnl mirt kell a Power Query-ben a szmokat megfelel formtumra pl. "Egsz szm" belltani?	4	\N	2	\N	1	22
366	\N	Milyen kdolst kellett vlasztani a "szrnyszltt" kezetes hiba javtsra?	4	\N	3	\N	1	22
367	\N	Mi trtnik, ha az F1 cella tartalma nem egyezik meg a megfelel oszlopcmmel?	4	\N	4	\N	1	22
368	\N	Mi trtnik a szrsnl?	4	\N	5	\N	1	22
369	\N	Egy adott oszlop 10 legmagasabb rtkt akarom ltni. Mit teszek?	4	\N	6	\N	1	22
370	\N	Mit kellett belltani a Rszsszegek prbeszdablakban?	4	\N	7	\N	1	22
371	\N	Tagols sorn hozhatok-e ltre csoportot vagy alcsoportot nem sszefgg sorokbl?	4	\N	8	\N	1	22
372	\N	Mikor van a legnagyobb haszna annak, ha adatrvnyestssel letiltok bizonyos beviteli rtkeket?	4	\N	9	\N	1	22
373	\N	Hogyan ksztek legrdl listt a B1 cellra, amelynek rtkeit a C1:C10 cella tartalmazza?	4	\N	10	\N	1	22
374	\N	Mit lltok be az "Adatok rvnyestse" prbeszdablakon ha azt akarom, hogy maximum hat karakteres rtket lehessen bevinni?	4	\N	11	\N	1	22
375	\N	Hol tudom testreszabni az Adatrvnyests hibazenett?	4	\N	12	\N	1	22
376	\N	Mi az oldaltrs billentyparancsa?	4	\N	1	\N	1	28
377	\N	Szeretnk a szerkesztshez egy ngyzetrcshlt adni httrknt a dokumentumhoz. Hogy teszem?	4	\N	2	\N	1	28
378	\N	Hogyan bontok fel nagyobb szmokat ezres tagolssal, lthat "sznettel" a knnyebb ttekinthetsgrt, gy, hogy az Excel mg szmolni azrt tudjon velk?	4	\N	12	\N	1	24
379	\N	Hogy tntetem el a segdjeleket?	4	\N	3	\N	1	28
380	\N	Hogy tntetem el a dokumentum felosztst?	4	\N	4	\N	1	28
381	\N	Mire j a "DARABHATBB" fggvny?	4	\N	13	\N	1	24
382	\N	Hogyan lltom be, hogy a mr kijellt tartomnyomban a Excel formzza a 2-3-4 szmokat, s a tbbit meg ne?	4	\N	14	\N	1	24
383	\N	Hogy hvom el a Vgknyvet?	4	\N	5	\N	1	28
384	\N	Mi a formtummsols ikonja, s hol rem el?	4	\N	6	\N	1	28
385	\N	lltsuk be, hogy a dokumentum egy rsznek nyelve francia legyen!	4	\N	0	\N	1	30
386	\N	Keressk meg egy fiktv 5 000 oldalas dokumentumban az egyetlen szt, amit Courgette bettpussal rtak bele!	4	\N	1	\N	1	30
387	\N	Mi a tabultor elnye?	4	\N	3	\N	1	27
388	\N	A Word ltalban j felsorolst indt egyes szmmal kezdve. Hogyan folytatom mgis a flbehagyott szmozott felsorolst?	4	\N	4	\N	1	27
389	\N	Hogyan mdostok stlust?	4	\N	5	\N	1	27
390	\N	lltsunk be rmai szmmal oldalszmokat!	4	\N	6	\N	1	27
391	\N	Hogyan mdostom a ksz fedlap szneit?	4	\N	7	\N	1	27
392	\N	Hogyan nvelem a betk kzti tvolsgot?	4	\N	8	\N	1	27
393	\N	Hol tallom a Szvegeffektusokat?	4	\N	9	\N	2	27
394	\N	Mi a jobbra zrs billentykombincija?	4	\N	10	\N	1	27
457	\N	Mi a "Vlts" funkci?	4	\N	\N	75	1	36
395	\N	Cserljk ki egy dokumentum sszes "alma" szavt "apple"-re! (kisbet-nagybet most nem szmt)	4	\N	2	\N	1	30
396	\N	Mivel lltom a bekezdsek kztti "helyet"?	4	\N	11	\N	1	27
397	\N	Tntessk el cservel a bekezdsek kztti Entereket!	4	\N	3	\N	1	30
398	\N	lltsuk be a Wordben a dokumentumban az automatikus elvlasztst!	4	\N	4	\N	1	30
399	\N	Mi a legpraktikusabb lehetsg akkor, ha a Word egy teljesen helyes szt jelez hibnak?	4	\N	5	\N	1	30
400	\N	Mi a szinonmasztrt elhv billentykombinci?	4	\N	6	\N	1	30
401	\N	Hogy lltom be, hogy a meglv 3 hasbbl az els a tbbihez kpest legyen lnyegesen vastagabb?	4	\N	7	\N	1	30
402	\N	Mi az alapja a tartalomjegyzk ksztsnek? Mi hatrozza meg a tartalomjegyzket?	4	\N	8	\N	1	30
403	\N	Hogy konvertlunk lbjegyzetet vgjegyzett?	4	\N	9	\N	1	30
404	\N	Szrjunk be az rlapra egy mezt, amiben a megrendels dtumt lehet megadni egy naptr segtsgvel.	4	\N	1	\N	1	31
405	\N	Beszrtunk a dokumentumba egy sokszg alakzatot. Ezt most tltsk ki egy almval, amit az internetrl tltnk le!	4	\N	2	\N	1	31
406	\N	Hogyan szerkesztem egy mr beszrt diagram adatait a Wordben?	4	\N	3	\N	1	31
407	\N	Hogyan szerkesztem egy mr beszrt SmartArt-brt a Wordben?	4	\N	4	\N	1	31
408	\N	lltsuk t a beszrt kpet Szpia sznre, hogy rgies hatsa legyen!	4	\N	5	\N	1	31
409	\N	Hogy mdosthatom a beszrt alakzat krvonalait (nem a sznt, hanem az alakot) a lehet legnagyobb szabadsggal?	4	\N	6	\N	1	31
410	\N	Mi a szvegdoboz?	4	\N	7	\N	1	31
411	\N	Melyik az a Word bettipus, ami nem betkbl, hanem szimblumokbl ll, mint egy kezdetleges titkosrs?	4	\N	8	\N	1	31
412	\N	 Szrjunk be egy tetszleges helyre, tetszleges formtum dtumot, de az automatikusan frissljn is!	4	\N	9	\N	1	31
413	\N	Hogyan rem el a fejleszteszkzket?	4	\N	0	\N	2	31
414	\N	Mit jelent a sztvlogats?	4	\N	0	\N	1	33
415	\N	Megnzhetem-e, hogy mennyi id alatt kszlt el a word dokumentum?	4	\N	1	\N	1	33
416	\N	Mi a flkvr billentykombincija?	4	\N	8	\N	1	33
417	\N	Mi az alapja a tartalomjegyzk ksztsnek? Mi hatrozza meg a tartalomjegyzket?	4	\N	9	\N	1	33
418	\N	lltsuk, be hogy a dokumentum csak olvashat legyen. A jelsz legyen: 789!	4	\N	10	\N	1	33
419	\N	Hogyan nvelem a betk kzti tvolsgot?	4	\N	11	\N	1	33
420	\N	Adjunk a dokumentumnak egy piros szn vzjelet! A szvege legyen "titok"!	4	\N	12	\N	1	33
421	\N	Hogy tntetem el a segdjeleket?	4	\N	13	\N	1	33
422	\N	Hogyan vonhatom vissza az utols mvelet visszavonst a PowerPointban?	4	\N	\N	115	1	35
423	\N	Mi az alaprtelmezett fjlkiterjeszts a PowerPointban?	4	\N	\N	50	1	35
424	\N	Mekkora (milyen magas) lehet kinyomtatva egy 60-as mret bet?	4	\N	\N	63	1	36
425	\N	Hogyan formzhatom meg a WordArt htternek belltott kpet kkrnyalatosra?	4	\N	\N	140	1	37
426	\N	Mi a megoszts lnyege?	4	\N	\N	9	1	35
427	\N	Hogy llthatom be, hogy a dim pontosan 19,51 cm magas legyen?	4	\N	\N	98	1	35
428	\N	Milyen billenty letsvel trlm a kijellt dit?	4	\N	\N	84	1	35
429	\N	Milyen billentyt kell lenyomva tartanom ahhoz, hogy az thelyezshez egyszerre tbb dit is kijellhessek?	4	\N	\N	93	1	35
430	\N	Mi a tabultor elnye?	4	\N	14	\N	1	33
431	\N	Hogyan igaztom a meglv tabultort a tizedes vesszhz?	4	\N	15	\N	1	33
432	\N	lltsuk be, hogy a dokumentum egy rsznek nyelve francia legyen!	4	\N	16	\N	1	33
433	\N	Hogyan lltom t a mr meglv kezd oldalszmot 2243-ra?	4	\N	17	\N	1	33
434	\N	Milyen billentyt nyomok le a sor legelejre trtn ugrshoz?	4	\N	18	\N	1	33
435	\N	Keressk meg egy fiktv 5 000 oldalas dokumentumban az egyetlen szt, amit Courgette bettpussal rtak bele!	4	\N	19	\N	1	33
436	\N	Hogyan rendezem sorba a kijellt adatokat a Wordben?	4	\N	20	\N	1	33
437	\N	Hogy tudok kijellt szvegrszt mozgatni?	4	\N	\N	98	1	35
438	\N	Cserljk ki egy dokumentum sszes "alma" szavt "apple"-re! (kisbet-nagybet most nem szmt)	4	\N	21	\N	1	33
439	\N	Hogyan vezet be minket a PowerPoint a programba?	4	\N	\N	106	1	35
440	\N	Hogyan vltok kt, vagy tbb egyszerre megnyitott prezentci kztt a PowerPointban?	4	\N	\N	68	1	35
441	\N	Hol van az az ikon, amire kattintva az aktv dit az ablak mrethez igazthatom?	4	\N	\N	44	1	35
442	\N	Milyen bet jelli a DLT bet ikonjt?	4	\N	\N	71	1	36
443	\N	lltsuk be adott fekete betk alhzst kk sznre.	4	\N	\N	149	1	36
444	\N	Lehet-e lltani az index rtkt?	4	\N	\N	139	1	36
445	\N	Mit nem tudok kattintssal kijells - Ctrl billenty lenyomsa s lenyomva tartsa - hzs mdszerrel msolni?	4	\N	\N	129	1	35
446	\N	Szeretnm azonnal kpknt szerkeszteni a beillesztett szveget. Lehet?	4	\N	\N	177	1	35
447	\N	Hogy hozok ltre j stlust?	4	\N	2	\N	1	33
448	\N	Hogy hvom el a Vgknyvet?	4	\N	3	\N	1	33
449	\N	Hogyan dntm meg a betket a Wordben?	4	\N	4	\N	1	33
450	\N	Hogyan mdostok stlust?	4	\N	5	\N	1	33
451	\N	Hogy mdosthatom a beszrt alakzat krvonalait (nem a sznt, hanem az alakot) a lehet legnagyobb szabadsggal?	4	\N	6	\N	1	33
452	\N	Hny elem lehet a Vgknyvben?	4	\N	\N	117	1	35
453	\N	Tudom-e frissteni a tartalomjegyzket, vagy manulisan kell mindig jra s jra javtani?	4	\N	7	\N	1	33
454	\N	Be tudok e illeszteni sajt szvegdobozt a dikra?	4	\N	\N	87	1	35
455	\N	Mire figyeljnk a kreatv, ltvnyos bettpusoknl?	4	\N	\N	185	1	36
456	\N	Hogyan tvolthatom el a betket egymstl extra szkzk nlkl?	4	\N	\N	99	1	36
458	\N	Hol rek el majdnem 17 milli lehetsges betsznt a Powerpointban?	4	\N	\N	135	1	36
459	\N	Mi kztt tart tvolsgot a trkz?	4	\N	\N	238	1	36
460	\N	Hova NEM igazthatok vzszintesen egy szvegdobozban?	4	\N	\N	33	1	36
461	\N	Jellje a helytelen vlaszt!	4	\N	\N	115	1	37
462	\N	Mit NEM tudok az rnykkal kapcsolatban megvltoztatni a jobb oldali munkaablakon?	4	\N	\N	58	1	37
463	\N	Hogy kattintok a PowerPoint fjl ikonjn, hogy megnyljon?	4	\N	\N	15	1	35
464	\N	A kvetkez lehetsgek melyiknek kln trtn formzst NEM tudom belltani a Tblatervez men bal oldaln?	4	\N	\N	253	1	37
465	\N	Melyik llts igaz?	4	\N	\N	77.4	1	37
466	\N	Be lehet-e lltani a PowerPointban a szvedoboz keretnek szaggatottsgt?	4	\N	\N	204	1	37
467	\N	Melyik Office alkalmazs mintjra tudom a PowerPoint diagramjt szerkeszteni?	4	\N	\N	244	1	37
468	\N	Melyik llts igaz?	4	\N	\N	257	1	37
469	\N	Melyik nem trhats effektus a kpeinknl?	4	\N	\N	187	1	37
470	\N	Hogy jelli a PowerPoint az ltala eltvoltandnak vlt httrt a Kpformtum men Httr eltvoltsa lehetsgnl?	4	\N	\N	191	1	37
471	\N	Vgjuk krl a beszrt kpet, de SZV alakzatra!	4	\N	\N	192	1	37
472	\N	Mit llthatok be a Tervezsi tletekkel a flksz fotalbumomnak?	4	\N	\N	146	1	37
473	\N	Milyen billentykombincival lltom le a kpernyvide felvtelt?	4	\N	\N	76	1	38
474	\N	Mi a plaktkp?	4	\N	\N	109	1	38
475	\N	Milyen pontossggal vghatom meg a beszrt hangfjlt a PowerPointban?	4	\N	\N	201	1	38
476	\N	Mi az Elhalvnyuls?	4	\N	\N	197	1	38
477	\N	Mi volt a "hiba"? Mirt nem volt a msodik din lfej s llb?	4	\N	\N	194	1	39
478	\N	Hol lltom be a dia utlagos trendezst?	4	\N	\N	83	1	39
479	\N	lltsuk be, hogy a dink szlessge 28 centimter s mg pontosan 2 millimter legyen!	4	\N	\N	133	1	39
480	\N	Mikor hasznos a diavettst elltni jegyzetekkel? 	4	\N	\N	167	1	39
481	\N	Hogyan rejtem el a diavetts szmra az aktv dimat? A dia ne legyen levettve, de tilos trlni!	4	\N	\N	115	1	39
482	\N	Mi a link beszrsnak billentyparancsa?	4	\N	\N	170	1	39
483	\N	Mit mutat az Idztsprbnl a szrke szmll?	4	\N	\N	153	1	39
484	\N	Milyen formtumban kell elmentem a felvett eladst, ahhoz, hogy automatikusan le is jtsza a PowerPoint?	4	\N	\N	113	1	39
485	\N	Mit NEM ajnl lehetsgknt a SmartArt-bra vlasztsa prbeszdablak?	4	\N	\N	92	1	40
486	\N	Mit formz a tmn bell az "Effektus"?	4	\N	\N	237	1	40
487	\N	Hogyan vonhatom vissza az utols mvelet visszavonst a PowerPointban?	4	\N	0	\N	1	35
488	\N	Mit NEM tudok a fjl menben intzni?	4	\N	1	\N	1	35
489	\N	Mi a megoszts lnyege?	4	\N	2	\N	1	35
490	\N	Hogy llthatom be, hogy a dim pontosan 19,51 cm magas legyen?	4	\N	3	\N	1	35
491	\N	Milyen billentyt kell lenyomva tartanom ahhoz, hogy az thelyezshez egyszerre tbb dit is kijellhessek?	4	\N	4	\N	1	35
492	\N	Szeretnm azonnal kpknt szerkeszteni a beillesztett szveget. Lehet?	4	\N	5	\N	1	35
493	\N	Hny elem lehet a Vgknyvben?	4	\N	6	\N	1	35
494	\N	Mire figyeljnk a kreatv, ltvnyos bettpusoknl?	4	\N	0	\N	1	36
495	\N	Milyen bet jelli a DLT bet ikonjt?	4	\N	1	\N	1	36
496	\N	Lehet-e lltani az index rtkt?	4	\N	2	\N	1	36
497	\N	Hogyan tvolthatom el a betket egymstl extra szkzk nlkl?	4	\N	3	\N	1	36
498	\N	Mi a "Vlts" funkci?	4	\N	4	\N	1	36
499	\N	lltsuk be adott fekete betk alhzst kk sznre.	4	\N	5	\N	1	36
500	\N	Mi kztt tart tvolsgot a trkz?	4	\N	6	\N	1	36
501	\N	Jellje a helytelen vlaszt!	4	\N	0	\N	1	37
502	\N	Mit NEM tudok az rnykkal kapcsolatban megvltoztatni a jobb oldali munkaablakon?	4	\N	1	\N	1	37
503	\N	Hogyan formzhatom meg a WordArt htternek belltott kpet kkrnyalatosra?	4	\N	2	\N	1	37
504	\N	A kvetkez lehetsgek melyiknek kln trtn formzst NEM tudom belltani a Tblatervez men bal oldaln?	4	\N	3	\N	1	37
505	\N	Melyik lehetsg ad trhatst a tblzat cellinak?	4	\N	4	\N	1	37
506	\N	Miben ms a csatolt kp egy prezentciban a beszrthoz, vagy beillesztetthez kpest?	4	\N	5	\N	1	37
507	\N	Melyik llts HAMIS?	4	\N	6	\N	1	37
508	\N	Hasznlhatom-e a Creative Commons tartalmakat? 	4	\N	7	\N	1	37
509	\N	Melyik nem trhats effektus a kpeinknl?	4	\N	8	\N	1	37
510	\N	Hogy jelli a PowerPoint az ltala eltvoltandnak vlt httrt a Kpformtum men Httr eltvoltsa lehetsgnl?	4	\N	9	\N	1	37
511	\N	Milyen billentykombincival lltom le a kpernyvide felvtelt?	4	\N	0	\N	1	38
513	\N	Milyen pontossggal vghatom meg a beszrt hangfjlt a PowerPointban?	4	\N	2	\N	1	38
514	\N	Mi az Elhalvnyuls?	4	\N	3	\N	1	38
515	\N	Mi volt a "hiba"? Mirt nem volt a msodik din lfej s llb?	4	\N	0	\N	1	39
516	\N	Hol lltom be a dia utlagos trendezst?	4	\N	1	\N	1	39
517	\N	lltsuk be, hogy a dink szlessge 28 centimter s mg pontosan 2 millimter legyen!	4	\N	2	\N	1	39
518	\N	Mikor hasznos a diavettst elltni jegyzetekkel?	4	\N	3	\N	1	39
519	\N	Melyik llts NEM igaz a dik szmozsra?	4	\N	4	\N	1	39
520	\N	Mi a link beszrsnak billentyparancsa?	4	\N	5	\N	1	39
521	\N	Milyen formtumban kell elmentem a felvett eladst, ahhoz, hogy automatikusan le is jtsza a PowerPoint?	4	\N	6	\N	1	39
522	\N	Be tudok e illeszteni sajt szvegdobozt a dikra?	4	\N	0	\N	1	41
523	\N	Mit NEM tudok a fjl menben intzni?	4	\N	1	\N	1	41
524	\N	lltsuk be, hogy diavettsnl az els dirl automatikusan vltson a PowerPoint a msodikra, ttnssel, 4 msodperc utn!	4	\N	\N	246	1	40
525	\N	Mi mutatja, hogy az ttns mkdik az adott din?	4	\N	\N	206	1	40
526	\N	Hogy llthatom be, hogy a dim pontosan 19,51 cm magas legyen?	4	\N	6	\N	1	41
527	\N	Milyen billentyt kell lenyomva tartanom ahhoz, hogy egyszerre tbb szvegrszt is kijellhessek?	4	\N	7	\N	1	41
528	\N	Mit NEM msol t a formtummsol?	4	\N	8	\N	1	41
529	\N	Mikor hasznos a diavettst elltni jegyzetekkel?	4	\N	9	\N	1	41
530	\N	Mekkora (milyen magas) lehet kinyomtatva egy 60-as mret bet?	4	\N	10	\N	1	41
531	\N	Mit llthatok be a Tervezsi tletekkel a flksz fotalbumomnak?	4	\N	11	\N	1	41
532	\N	Mi a "Vlts" funkci?	4	\N	12	\N	1	41
533	\N	Hogyan lltom, hogy a prezentciban hasznlt tbb egyni httr kzl egyet alkalmazzon a PowerPoint az sszes dira?	4	\N	13	\N	1	41
534	\N	Mit jelent a "sorkizrt"?	4	\N	14	\N	1	41
535	\N	Hogyan formzhatom meg a WordArt htternek belltott kpet kkrnyalatosra?	4	\N	15	\N	1	41
536	\N	Milyen kt akci indthatja el az akcigombhoz rendelt mveletet?	4	\N	\N	165	1	39
537	\N	Hogy jelli a PowerPoint az ltala eltvoltandnak vlt htteret a Kpformtum men Httr eltvoltsa lehetsgnl?	4	\N	2	\N	1	41
538	\N	Melyik lehetsg ad trhatst a tblzat cellinak?	4	\N	3	\N	1	41
539	\N	Mi az Elhalvnyuls?	4	\N	4	\N	1	41
540	\N	Melyik llts igaz?	4	\N	5	\N	1	41
541	\N	Melyik menben tallom a szvegbl oszlopok varzsljt, a Szvegdarabolt?	4	\N	1	\N	1	14
542	\N	Hol tudom testreszabni az Adatrvnyests hibazenett?	4	\N	2	\N	1	14
543	\N	Adatimportlsnl mirt kell a Power Query-ben a szmokat megfelel formtumra pl. "Egsz szm" belltani?	4	\N	3	\N	1	14
544	\N	Mi trtnik a szrsnl?	4	\N	4	\N	1	14
545	\N	Tudom-e szeglyezni az Excel diagramok adatfeliratait?	4	\N	5	\N	1	14
546	\N	Milyen hatsa van a szles margnak?	4	\N	1	\N	1	25
547	\N	Mivel lltom a bekezdsek kztti "helyet"?	4	\N	2	\N	1	25
548	\N	Mi a tabultor elnye?	4	\N	3	\N	1	25
549	\N	OBS	4	\N	5	\N	1	10
550	\N	Obs test exam question?	4	\N	1	\N	1	11
551	\N	Milyen billentyt kell lenyomva tartanom ahhoz, hogy az thelyezshez egyszerre tbb dit is kijellhessek?	4	\N	1	\N	1	34
552	\N	Mi a megoszts lnyege?	4	\N	2	\N	1	34
553	\N	Mi kztt tart tvolsgot a trkz?	4	\N	3	\N	1	34
\.


--
-- Data for Name: question_type; Type: TABLE DATA; Schema: public; Owner: dev_service_user
--

COPY public.question_type (id, name) FROM stdin;
1	single_answer
2	multiple_answers
\.


--
-- Data for Name: question_version; Type: TABLE DATA; Schema: public; Owner: dev_service_user
--

COPY public.question_version (id, video_version_id, exam_version_id, question_id, question_data_id, personality_trait_category_id) FROM stdin;
1	\N	1	1	1	1
2	\N	1	2	2	1
3	\N	1	3	3	1
4	\N	1	4	4	1
5	\N	1	5	5	1
6	\N	1	6	6	1
7	\N	1	7	7	1
8	\N	1	8	8	2
9	\N	1	9	9	2
10	\N	1	10	10	2
11	\N	1	11	11	2
12	\N	1	12	12	2
13	\N	1	13	13	2
14	\N	1	14	14	2
15	\N	1	15	15	3
16	\N	1	16	16	3
17	\N	1	17	17	3
18	\N	1	18	18	3
19	\N	1	19	19	3
20	\N	1	20	20	3
21	\N	1	21	21	3
22	\N	1	22	22	4
23	\N	1	23	23	4
24	\N	1	24	24	4
25	\N	1	25	25	4
26	\N	1	26	26	4
27	\N	1	27	27	4
28	\N	1	28	28	4
29	\N	1	29	29	5
30	\N	1	30	30	5
31	\N	1	31	31	5
32	\N	1	32	32	5
33	\N	1	33	33	5
34	\N	1	34	34	5
35	\N	1	35	35	5
36	23	\N	36	36	\N
37	17	\N	37	37	\N
38	\N	2	38	38	\N
39	\N	2	42	42	\N
40	\N	2	43	43	\N
41	\N	2	44	44	\N
42	\N	2	45	45	\N
43	\N	2	184	184	\N
44	\N	2	185	185	\N
45	\N	2	186	186	\N
46	\N	2	189	189	\N
47	\N	2	190	190	\N
48	\N	2	191	191	\N
49	\N	2	192	192	\N
50	\N	2	193	193	\N
51	24	\N	39	39	\N
52	27	\N	40	40	\N
53	28	\N	41	41	\N
54	8	\N	46	46	\N
55	7	\N	47	47	\N
56	2	\N	48	48	\N
57	12	\N	49	49	\N
58	13	\N	50	50	\N
59	14	\N	51	51	\N
60	51	\N	52	52	\N
61	52	\N	53	53	\N
62	53	\N	54	54	\N
63	\N	3	55	55	\N
64	\N	3	56	56	\N
65	\N	3	57	57	\N
66	\N	3	58	58	\N
67	\N	3	59	59	\N
68	\N	3	60	60	\N
69	16	\N	61	61	\N
70	37	\N	62	62	\N
71	38	\N	63	63	\N
72	4	\N	64	64	\N
73	5	\N	65	65	\N
74	6	\N	66	66	\N
75	11	\N	67	67	\N
76	33	\N	68	68	\N
77	40	\N	69	69	\N
78	10	\N	70	70	\N
79	29	\N	71	71	\N
80	31	\N	72	72	\N
81	34	\N	73	73	\N
82	42	\N	74	74	\N
83	44	\N	75	75	\N
84	9	\N	76	76	\N
85	30	\N	77	77	\N
86	41	\N	78	78	\N
87	46	\N	79	79	\N
88	26	\N	80	80	\N
89	43	\N	81	81	\N
90	47	\N	82	82	\N
91	45	\N	83	83	\N
92	53	\N	84	84	\N
93	89	\N	86	86	\N
94	91	\N	87	87	\N
95	93	\N	88	88	\N
96	94	\N	89	89	\N
97	97	\N	90	90	\N
98	100	\N	91	91	\N
99	104	\N	92	92	\N
100	106	\N	93	93	\N
101	111	\N	94	94	\N
102	88	\N	95	95	\N
103	105	\N	96	96	\N
104	110	\N	97	97	\N
105	96	\N	98	98	\N
106	102	\N	99	99	\N
107	365	\N	100	100	\N
108	371	\N	101	101	\N
109	101	\N	102	102	\N
110	112	\N	103	103	\N
111	115	\N	104	104	\N
112	130	\N	105	105	\N
113	114	\N	106	106	\N
114	113	\N	107	107	\N
115	99	\N	108	108	\N
116	117	\N	109	109	\N
117	116	\N	110	110	\N
118	107	\N	111	111	\N
119	118	\N	112	112	\N
120	119	\N	113	113	\N
121	90	\N	114	114	\N
122	121	\N	115	115	\N
123	122	\N	116	116	\N
124	123	\N	117	117	\N
125	125	\N	118	118	\N
126	135	\N	119	119	\N
127	133	\N	120	120	\N
128	132	\N	121	121	\N
129	141	\N	122	122	\N
130	143	\N	123	123	\N
131	170	\N	124	124	\N
132	152	\N	125	125	\N
133	154	\N	126	126	\N
134	157	\N	127	127	\N
135	160	\N	128	128	\N
136	127	\N	129	129	\N
137	129	\N	130	130	\N
138	134	\N	131	131	\N
139	136	\N	132	132	\N
140	144	\N	133	133	\N
141	148	\N	134	134	\N
142	151	\N	135	135	\N
143	159	\N	136	136	\N
144	166	\N	137	137	\N
145	131	\N	138	138	\N
146	139	\N	139	139	\N
147	146	\N	140	140	\N
148	168	\N	141	141	\N
149	137	\N	142	142	\N
150	149	\N	143	143	\N
151	165	\N	144	144	\N
152	172	\N	145	145	\N
153	171	\N	146	146	\N
154	174	\N	147	147	\N
155	173	\N	148	148	\N
156	175	\N	149	149	\N
157	164	\N	150	150	\N
158	161	\N	151	151	\N
159	180	\N	152	152	\N
160	210	\N	153	153	\N
161	216	\N	154	154	\N
162	187	\N	155	155	\N
163	109	\N	156	156	\N
164	103	\N	157	157	\N
165	87	\N	158	158	\N
166	95	\N	159	159	\N
167	108	\N	160	160	\N
168	92	\N	161	161	\N
169	120	\N	162	162	\N
170	128	\N	163	163	\N
171	138	\N	164	164	\N
172	145	\N	165	165	\N
173	169	\N	166	166	\N
174	163	\N	167	167	\N
175	203	\N	168	168	\N
176	205	\N	169	169	\N
177	207	\N	170	170	\N
178	185	\N	171	171	\N
179	186	\N	172	172	\N
180	232	\N	173	173	\N
181	192	\N	174	174	\N
182	196	\N	175	175	\N
183	202	\N	176	176	\N
184	238	\N	177	177	\N
185	239	\N	178	178	\N
186	240	\N	179	179	\N
187	241	\N	180	180	\N
188	242	\N	181	181	\N
189	243	\N	182	182	\N
190	244	\N	183	183	\N
191	\N	4	187	187	\N
192	\N	4	188	188	\N
193	\N	10	194	194	\N
194	\N	10	195	195	\N
195	\N	10	196	196	\N
196	\N	10	197	197	\N
197	\N	10	198	198	\N
198	\N	10	199	199	\N
199	\N	11	200	200	\N
200	\N	11	201	201	\N
201	\N	11	202	202	\N
202	\N	11	203	203	\N
203	\N	11	204	204	\N
204	\N	11	205	205	\N
205	\N	11	206	206	\N
206	\N	11	207	207	\N
207	\N	11	208	208	\N
208	237	\N	209	209	\N
209	\N	5	210	210	\N
210	\N	5	211	211	\N
211	\N	5	212	212	\N
212	\N	5	213	213	\N
213	\N	5	214	214	\N
214	\N	5	215	215	\N
215	\N	5	216	216	\N
216	234	\N	217	217	\N
217	245	\N	218	218	\N
218	309	\N	219	219	\N
219	190	\N	220	220	\N
220	197	\N	221	221	\N
221	199	\N	222	222	\N
222	217	\N	223	223	\N
223	222	\N	224	224	\N
224	224	\N	225	225	\N
225	195	\N	226	226	\N
226	208	\N	227	227	\N
227	223	\N	228	228	\N
228	225	\N	229	229	\N
229	198	\N	230	230	\N
230	220	\N	231	231	\N
231	227	\N	232	232	\N
232	206	\N	233	233	\N
233	226	\N	234	234	\N
234	219	\N	235	235	\N
235	184	\N	236	236	\N
236	194	\N	237	237	\N
237	228	\N	238	238	\N
238	229	\N	239	239	\N
239	230	\N	240	240	\N
240	231	\N	241	241	\N
241	233	\N	242	242	\N
242	247	\N	243	243	\N
243	250	\N	244	244	\N
244	252	\N	245	245	\N
245	256	\N	246	246	\N
246	257	\N	247	247	\N
247	259	\N	248	248	\N
248	262	\N	249	249	\N
249	264	\N	250	250	\N
250	267	\N	251	251	\N
251	235	\N	252	252	\N
252	246	\N	253	253	\N
253	251	\N	254	254	\N
254	255	\N	255	255	\N
255	258	\N	256	256	\N
256	263	\N	257	257	\N
257	266	\N	258	258	\N
258	270	\N	259	259	\N
259	273	\N	260	260	\N
260	276	\N	261	261	\N
261	278	\N	262	262	\N
262	248	\N	263	263	\N
263	254	\N	264	264	\N
264	261	\N	265	265	\N
265	268	\N	266	266	\N
266	272	\N	267	267	\N
267	277	\N	268	268	\N
268	280	\N	269	269	\N
269	236	\N	270	270	\N
270	253	\N	271	271	\N
271	265	\N	272	272	\N
272	274	\N	273	273	\N
273	279	\N	274	274	\N
274	283	\N	275	275	\N
275	260	\N	276	276	\N
276	275	\N	277	277	\N
277	282	\N	278	278	\N
278	249	\N	279	279	\N
279	271	\N	280	280	\N
280	284	\N	281	281	\N
281	269	\N	282	282	\N
282	285	\N	283	283	\N
283	281	\N	284	284	\N
284	288	\N	285	285	\N
285	287	\N	286	286	\N
286	286	\N	287	287	\N
287	289	\N	288	288	\N
288	290	\N	289	289	\N
289	291	\N	290	290	\N
290	292	\N	291	291	\N
291	293	\N	292	292	\N
292	298	\N	293	293	\N
293	299	\N	294	294	\N
294	301	\N	295	295	\N
295	304	\N	296	296	\N
296	306	\N	297	297	\N
297	319	\N	298	298	\N
298	320	\N	299	299	\N
299	321	\N	300	300	\N
300	322	\N	301	301	\N
301	323	\N	302	302	\N
302	324	\N	303	303	\N
303	326	\N	304	304	\N
304	329	\N	305	305	\N
305	297	\N	306	306	\N
306	300	\N	307	307	\N
307	305	\N	308	308	\N
308	311	\N	309	309	\N
309	313	\N	310	310	\N
310	316	\N	311	311	\N
311	318	\N	312	312	\N
312	328	\N	313	313	\N
313	333	\N	314	314	\N
314	335	\N	315	315	\N
315	296	\N	316	316	\N
316	303	\N	317	317	\N
317	\N	4	318	318	\N
318	\N	4	319	319	\N
319	\N	4	320	320	\N
320	\N	4	321	321	\N
321	\N	4	322	322	\N
322	\N	4	323	323	\N
323	\N	4	324	324	\N
324	\N	4	325	325	\N
325	\N	6	326	326	\N
326	\N	6	327	327	\N
327	\N	7	328	328	\N
328	\N	7	329	329	\N
329	\N	6	330	330	\N
330	\N	6	331	331	\N
331	\N	6	332	332	\N
332	\N	6	333	333	\N
333	\N	6	334	334	\N
334	\N	6	335	335	\N
335	\N	6	336	336	\N
336	\N	6	337	337	\N
337	\N	6	338	338	\N
338	\N	6	339	339	\N
339	\N	9	340	340	\N
340	\N	9	341	341	\N
341	\N	7	342	342	\N
342	\N	8	343	343	\N
343	\N	8	344	344	\N
344	\N	8	345	345	\N
345	\N	8	346	346	\N
346	\N	8	347	347	\N
347	\N	8	348	348	\N
348	\N	8	349	349	\N
349	\N	8	350	350	\N
350	\N	8	351	351	\N
351	\N	8	352	352	\N
352	\N	8	353	353	\N
353	\N	8	354	354	\N
354	\N	9	355	355	\N
355	\N	9	356	356	\N
356	\N	9	357	357	\N
357	\N	9	358	358	\N
358	\N	9	359	359	\N
359	\N	9	360	360	\N
360	\N	12	361	361	\N
361	\N	12	362	362	\N
362	\N	12	363	363	\N
363	\N	13	364	364	\N
364	\N	7	365	365	\N
365	\N	7	366	366	\N
366	\N	7	367	367	\N
367	\N	7	368	368	\N
368	\N	7	369	369	\N
369	\N	7	370	370	\N
370	\N	7	371	371	\N
371	\N	7	372	372	\N
372	\N	7	373	373	\N
373	\N	7	374	374	\N
374	\N	7	375	375	\N
375	\N	13	376	376	\N
376	\N	13	377	377	\N
377	\N	8	378	378	\N
378	\N	13	379	379	\N
379	\N	13	380	380	\N
380	\N	8	381	381	\N
381	\N	8	382	382	\N
382	\N	13	383	383	\N
383	\N	13	384	384	\N
384	\N	14	385	385	\N
385	\N	14	386	386	\N
386	\N	12	387	387	\N
387	\N	12	388	388	\N
388	\N	12	389	389	\N
389	\N	12	390	390	\N
390	\N	12	391	391	\N
391	\N	12	392	392	\N
392	\N	12	393	393	\N
393	\N	12	394	394	\N
394	\N	14	395	395	\N
395	\N	12	396	396	\N
396	\N	14	397	397	\N
397	\N	14	398	398	\N
398	\N	14	399	399	\N
399	\N	14	400	400	\N
400	\N	14	401	401	\N
401	\N	14	402	402	\N
402	\N	14	403	403	\N
403	\N	15	404	404	\N
404	\N	15	405	405	\N
405	\N	15	406	406	\N
406	\N	15	407	407	\N
407	\N	15	408	408	\N
408	\N	15	409	409	\N
409	\N	15	410	410	\N
410	\N	15	411	411	\N
411	\N	15	412	412	\N
412	\N	15	413	413	\N
413	\N	16	414	414	\N
414	\N	16	415	415	\N
415	\N	16	416	416	\N
416	\N	16	417	417	\N
417	\N	16	418	418	\N
418	\N	16	419	419	\N
419	\N	16	420	420	\N
420	\N	16	421	421	\N
421	338	\N	422	422	\N
422	310	\N	423	423	\N
423	351	\N	424	424	\N
424	360	\N	425	425	\N
425	342	\N	426	426	\N
426	307	\N	427	427	\N
427	339	\N	428	428	\N
428	344	\N	429	429	\N
429	\N	16	430	430	\N
430	\N	16	431	431	\N
431	\N	16	432	432	\N
432	\N	16	433	433	\N
433	\N	16	434	434	\N
434	\N	16	435	435	\N
435	\N	16	436	436	\N
436	345	\N	437	437	\N
437	\N	16	438	438	\N
438	312	\N	439	439	\N
439	331	\N	440	440	\N
440	334	\N	441	441	\N
441	352	\N	442	442	\N
442	218	\N	443	443	\N
443	294	\N	444	444	\N
444	341	\N	445	445	\N
445	314	\N	446	446	\N
446	\N	16	447	447	\N
447	\N	16	448	448	\N
448	\N	16	449	449	\N
449	\N	16	450	450	\N
450	\N	16	451	451	\N
451	347	\N	452	452	\N
452	\N	16	453	453	\N
453	337	\N	454	454	\N
454	349	\N	455	455	\N
455	353	\N	456	456	\N
456	124	\N	457	457	\N
457	179	\N	458	458	\N
458	182	\N	459	459	\N
459	221	\N	460	460	\N
460	354	\N	461	461	\N
461	357	\N	462	462	\N
462	336	\N	463	463	\N
463	361	\N	464	464	\N
464	392	\N	465	465	\N
465	401	\N	466	466	\N
466	369	\N	467	467	\N
467	370	\N	468	468	\N
468	373	\N	469	469	\N
469	374	\N	470	470	\N
470	375	\N	471	471	\N
471	402	\N	472	472	\N
472	376	\N	473	473	\N
473	384	\N	474	474	\N
474	387	\N	475	475	\N
475	359	\N	476	476	\N
476	378	\N	477	477	\N
477	380	\N	478	478	\N
478	382	\N	479	479	\N
479	385	\N	480	480	\N
480	391	\N	481	481	\N
481	358	\N	482	482	\N
482	400	\N	483	483	\N
483	381	\N	484	484	\N
484	377	\N	485	485	\N
485	379	\N	486	486	\N
486	\N	17	487	487	\N
487	\N	17	488	488	\N
488	\N	17	489	489	\N
489	\N	17	490	490	\N
490	\N	17	491	491	\N
491	\N	17	492	492	\N
492	\N	17	493	493	\N
493	\N	18	494	494	\N
494	\N	18	495	495	\N
495	\N	18	496	496	\N
496	\N	18	497	497	\N
497	\N	18	498	498	\N
498	\N	18	499	499	\N
499	\N	18	500	500	\N
500	\N	19	501	501	\N
501	\N	19	502	502	\N
502	\N	19	503	503	\N
503	\N	19	504	504	\N
504	\N	19	505	505	\N
505	\N	19	506	506	\N
506	\N	19	507	507	\N
507	\N	19	508	508	\N
508	\N	19	509	509	\N
509	\N	19	510	510	\N
510	\N	20	511	511	\N
511	\N	20	512	512	\N
512	\N	20	513	513	\N
513	\N	20	514	514	\N
514	\N	21	515	515	\N
515	\N	21	516	516	\N
516	\N	21	517	517	\N
517	\N	21	518	518	\N
518	\N	21	519	519	\N
519	\N	21	520	520	\N
520	\N	21	521	521	\N
521	\N	22	522	522	\N
522	\N	22	523	523	\N
523	395	\N	524	524	\N
524	390	\N	525	525	\N
525	\N	22	526	526	\N
526	\N	22	527	527	\N
527	\N	22	528	528	\N
528	\N	22	529	529	\N
529	\N	22	530	530	\N
530	\N	22	531	531	\N
531	\N	22	532	532	\N
532	\N	22	533	533	\N
533	\N	22	534	534	\N
534	\N	22	535	535	\N
535	403	\N	536	536	\N
536	\N	22	537	537	\N
537	\N	22	538	538	\N
538	\N	22	539	539	\N
539	\N	22	540	540	\N
540	\N	33	541	541	\N
541	\N	33	542	542	\N
542	\N	33	543	543	\N
543	\N	33	544	544	\N
544	\N	33	545	545	\N
545	\N	28	546	546	\N
546	\N	28	547	547	\N
547	\N	28	548	548	\N
548	\N	29	549	549	\N
549	\N	30	550	550	\N
550	\N	31	551	551	\N
551	\N	31	552	552	\N
552	\N	31	553	553	\N
553	431	\N	36	36	\N
554	421	\N	37	37	\N
555	432	\N	39	39	\N
556	433	\N	40	40	\N
557	434	\N	41	41	\N
558	406	\N	46	46	\N
559	562	\N	47	47	\N
560	408	\N	48	48	\N
561	413	\N	49	49	\N
562	415	\N	50	50	\N
563	416	\N	51	51	\N
564	419	\N	61	61	\N
565	440	\N	62	62	\N
566	441	\N	63	63	\N
567	444	\N	64	64	\N
568	445	\N	65	65	\N
569	446	\N	66	66	\N
570	447	\N	67	67	\N
571	448	\N	68	68	\N
572	449	\N	69	69	\N
573	450	\N	70	70	\N
574	451	\N	71	71	\N
575	452	\N	72	72	\N
576	453	\N	73	73	\N
577	454	\N	74	74	\N
578	455	\N	75	75	\N
579	456	\N	76	76	\N
580	457	\N	77	77	\N
581	458	\N	78	78	\N
582	459	\N	79	79	\N
583	460	\N	80	80	\N
584	461	\N	81	81	\N
585	462	\N	82	82	\N
586	463	\N	83	83	\N
587	405	\N	86	86	\N
588	563	\N	87	87	\N
589	407	\N	88	88	\N
590	409	\N	89	89	\N
591	411	\N	90	90	\N
592	414	\N	91	91	\N
593	418	\N	92	92	\N
594	420	\N	93	93	\N
595	425	\N	94	94	\N
596	426	\N	95	95	\N
597	466	\N	96	96	\N
598	467	\N	97	97	\N
599	474	\N	98	98	\N
600	417	\N	99	99	\N
601	475	\N	102	102	\N
602	476	\N	103	103	\N
603	477	\N	104	104	\N
604	495	\N	105	105	\N
605	480	\N	106	106	\N
606	482	\N	107	107	\N
607	483	\N	108	108	\N
608	484	\N	109	109	\N
609	485	\N	110	110	\N
610	486	\N	111	111	\N
611	487	\N	112	112	\N
612	488	\N	113	113	\N
613	429	\N	114	114	\N
614	490	\N	115	115	\N
615	491	\N	116	116	\N
616	492	\N	117	117	\N
617	493	\N	118	118	\N
618	497	\N	119	119	\N
619	496	\N	120	120	\N
620	510	\N	121	121	\N
621	499	\N	122	122	\N
622	500	\N	123	123	\N
623	504	\N	124	124	\N
624	505	\N	125	125	\N
625	506	\N	126	126	\N
626	507	\N	127	127	\N
627	508	\N	128	128	\N
628	509	\N	129	129	\N
629	540	\N	130	130	\N
630	532	\N	131	131	\N
631	511	\N	132	132	\N
632	513	\N	133	133	\N
633	514	\N	134	134	\N
634	515	\N	135	135	\N
635	517	\N	136	136	\N
636	519	\N	137	137	\N
637	520	\N	138	138	\N
638	521	\N	139	139	\N
639	522	\N	140	140	\N
640	526	\N	141	141	\N
641	528	\N	142	142	\N
642	529	\N	143	143	\N
643	502	\N	144	144	\N
644	531	\N	145	145	\N
645	534	\N	146	146	\N
646	537	\N	147	147	\N
647	539	\N	148	148	\N
648	541	\N	149	149	\N
649	542	\N	150	150	\N
650	543	\N	151	151	\N
651	548	\N	152	152	\N
652	549	\N	153	153	\N
653	555	\N	154	154	\N
654	559	\N	155	155	\N
655	422	\N	156	156	\N
656	465	\N	157	157	\N
657	468	\N	158	158	\N
658	478	\N	159	159	\N
659	479	\N	160	160	\N
660	481	\N	161	161	\N
661	489	\N	162	162	\N
662	494	\N	163	163	\N
663	498	\N	164	164	\N
664	501	\N	165	165	\N
665	503	\N	166	166	\N
666	518	\N	167	167	\N
667	470	\N	168	168	\N
668	471	\N	169	169	\N
669	472	\N	170	170	\N
670	557	\N	171	171	\N
671	558	\N	172	172	\N
672	473	\N	173	173	\N
673	\N	34	38	38	\N
674	\N	34	42	42	\N
675	\N	34	43	43	\N
676	\N	34	44	44	\N
677	\N	34	45	45	\N
678	\N	34	184	184	\N
679	\N	34	185	185	\N
680	\N	34	186	186	\N
681	\N	34	189	189	\N
682	\N	34	190	190	\N
683	\N	34	191	191	\N
684	\N	34	192	192	\N
685	\N	34	193	193	\N
686	\N	37	187	187	\N
687	\N	37	188	188	\N
688	\N	35	194	194	\N
689	\N	35	195	195	\N
690	\N	35	196	196	\N
691	\N	35	197	197	\N
692	\N	35	198	198	\N
693	\N	35	199	199	\N
694	\N	36	200	200	\N
695	\N	36	201	201	\N
696	\N	36	202	202	\N
697	\N	36	203	203	\N
698	\N	36	204	204	\N
699	\N	36	205	205	\N
700	\N	36	206	206	\N
701	\N	36	207	207	\N
702	\N	36	208	208	\N
703	\N	38	210	210	\N
704	\N	38	211	211	\N
705	\N	38	212	212	\N
706	\N	38	213	213	\N
707	\N	38	214	214	\N
708	\N	38	215	215	\N
709	\N	38	216	216	\N
710	\N	37	318	318	\N
711	\N	37	319	319	\N
712	\N	37	320	320	\N
713	\N	37	321	321	\N
714	\N	37	322	322	\N
715	\N	37	323	323	\N
716	\N	37	324	324	\N
717	\N	37	325	325	\N
718	\N	39	326	326	\N
719	\N	39	327	327	\N
720	\N	40	328	328	\N
721	\N	40	329	329	\N
722	\N	39	330	330	\N
723	\N	39	331	331	\N
724	\N	39	332	332	\N
725	\N	39	333	333	\N
726	\N	39	334	334	\N
727	\N	39	335	335	\N
728	\N	39	336	336	\N
729	\N	39	337	337	\N
730	\N	39	338	338	\N
731	\N	39	339	339	\N
732	\N	40	342	342	\N
733	\N	41	343	343	\N
734	\N	41	344	344	\N
735	\N	41	345	345	\N
736	\N	41	346	346	\N
737	\N	41	347	347	\N
738	\N	41	348	348	\N
739	\N	41	349	349	\N
740	\N	41	350	350	\N
741	\N	41	351	351	\N
742	\N	41	352	352	\N
743	\N	41	353	353	\N
744	\N	41	354	354	\N
745	\N	40	365	365	\N
746	\N	40	366	366	\N
747	\N	40	367	367	\N
748	\N	40	368	368	\N
749	\N	40	369	369	\N
750	\N	40	370	370	\N
751	\N	40	371	371	\N
752	\N	40	372	372	\N
753	\N	40	373	373	\N
754	\N	40	374	374	\N
755	\N	40	375	375	\N
756	\N	41	378	378	\N
757	\N	41	381	381	\N
758	\N	41	382	382	\N
759	\N	42	541	541	\N
760	\N	42	542	542	\N
761	\N	42	543	543	\N
762	\N	42	544	544	\N
763	\N	42	545	545	\N
764	584	\N	100	100	\N
765	586	\N	101	101	\N
766	643	\N	422	422	\N
767	631	\N	423	423	\N
768	568	\N	424	424	\N
769	581	\N	425	425	\N
770	647	\N	426	426	\N
771	630	\N	427	427	\N
772	644	\N	428	428	\N
773	649	\N	429	429	\N
774	650	\N	437	437	\N
775	564	\N	439	439	\N
776	638	\N	440	440	\N
777	640	\N	441	441	\N
778	569	\N	442	442	\N
779	574	\N	443	443	\N
780	570	\N	444	444	\N
781	646	\N	445	445	\N
782	632	\N	446	446	\N
783	652	\N	452	452	\N
784	642	\N	454	454	\N
785	566	\N	455	455	\N
786	571	\N	456	456	\N
787	572	\N	457	457	\N
788	573	\N	458	458	\N
789	576	\N	459	459	\N
790	577	\N	460	460	\N
791	578	\N	461	461	\N
792	580	\N	462	462	\N
793	641	\N	463	463	\N
794	582	\N	464	464	\N
795	587	\N	465	465	\N
796	588	\N	466	466	\N
797	591	\N	467	467	\N
798	592	\N	468	468	\N
799	593	\N	469	469	\N
800	594	\N	470	470	\N
801	595	\N	471	471	\N
802	596	\N	472	472	\N
803	597	\N	473	473	\N
804	598	\N	474	474	\N
805	599	\N	475	475	\N
806	601	\N	476	476	\N
807	602	\N	477	477	\N
808	603	\N	478	478	\N
809	604	\N	479	479	\N
810	605	\N	480	480	\N
811	607	\N	481	481	\N
812	608	\N	482	482	\N
813	611	\N	483	483	\N
814	613	\N	484	484	\N
815	614	\N	485	485	\N
816	615	\N	486	486	\N
817	618	\N	524	524	\N
818	620	\N	525	525	\N
819	609	\N	536	536	\N
820	\N	48	487	487	\N
821	\N	48	488	488	\N
822	\N	48	489	489	\N
823	\N	48	490	490	\N
824	\N	48	491	491	\N
825	\N	48	492	492	\N
826	\N	48	493	493	\N
827	\N	43	494	494	\N
828	\N	43	495	495	\N
829	\N	43	496	496	\N
830	\N	43	497	497	\N
831	\N	43	498	498	\N
832	\N	43	499	499	\N
833	\N	43	500	500	\N
834	\N	44	501	501	\N
835	\N	44	502	502	\N
836	\N	44	503	503	\N
837	\N	44	504	504	\N
838	\N	44	505	505	\N
839	\N	44	506	506	\N
840	\N	44	507	507	\N
841	\N	44	508	508	\N
842	\N	44	509	509	\N
843	\N	44	510	510	\N
844	\N	45	511	511	\N
845	\N	45	512	512	\N
846	\N	45	513	513	\N
847	\N	45	514	514	\N
848	\N	46	515	515	\N
849	\N	46	516	516	\N
850	\N	46	517	517	\N
851	\N	46	518	518	\N
852	\N	46	519	519	\N
853	\N	46	520	520	\N
854	\N	46	521	521	\N
855	\N	47	522	522	\N
856	\N	47	523	523	\N
857	\N	47	526	526	\N
858	\N	47	527	527	\N
859	\N	47	528	528	\N
860	\N	47	529	529	\N
861	\N	47	530	530	\N
862	\N	47	531	531	\N
863	\N	47	532	532	\N
864	\N	47	533	533	\N
865	\N	47	534	534	\N
866	\N	47	535	535	\N
867	\N	47	537	537	\N
868	\N	47	538	538	\N
869	\N	47	539	539	\N
870	\N	47	540	540	\N
871	\N	49	551	551	\N
872	\N	49	552	552	\N
873	\N	49	553	553	\N
874	697	\N	100	100	\N
875	699	\N	101	101	\N
876	658	\N	422	422	\N
877	660	\N	423	423	\N
878	681	\N	424	424	\N
879	694	\N	425	425	\N
880	665	\N	426	426	\N
881	666	\N	427	427	\N
882	668	\N	428	428	\N
883	669	\N	429	429	\N
884	672	\N	437	437	\N
885	677	\N	439	439	\N
886	655	\N	440	440	\N
887	656	\N	441	441	\N
888	682	\N	442	442	\N
889	687	\N	443	443	\N
890	683	\N	444	444	\N
891	673	\N	445	445	\N
892	674	\N	446	446	\N
893	675	\N	452	452	\N
894	657	\N	454	454	\N
895	679	\N	455	455	\N
896	684	\N	456	456	\N
897	685	\N	457	457	\N
898	686	\N	458	458	\N
899	689	\N	459	459	\N
900	690	\N	460	460	\N
901	691	\N	461	461	\N
902	693	\N	462	462	\N
903	663	\N	463	463	\N
904	695	\N	464	464	\N
905	700	\N	465	465	\N
906	701	\N	466	466	\N
907	704	\N	467	467	\N
908	705	\N	468	468	\N
909	706	\N	469	469	\N
910	707	\N	470	470	\N
911	708	\N	471	471	\N
912	709	\N	472	472	\N
913	710	\N	473	473	\N
914	711	\N	474	474	\N
915	712	\N	475	475	\N
916	714	\N	476	476	\N
917	715	\N	477	477	\N
918	716	\N	478	478	\N
919	717	\N	479	479	\N
920	718	\N	480	480	\N
921	720	\N	481	481	\N
922	721	\N	482	482	\N
923	724	\N	483	483	\N
924	726	\N	484	484	\N
925	727	\N	485	485	\N
926	728	\N	486	486	\N
927	731	\N	524	524	\N
928	733	\N	525	525	\N
929	722	\N	536	536	\N
930	\N	50	487	487	\N
931	\N	50	488	488	\N
932	\N	50	489	489	\N
933	\N	50	490	490	\N
934	\N	50	491	491	\N
935	\N	50	492	492	\N
936	\N	50	493	493	\N
937	\N	51	494	494	\N
938	\N	51	495	495	\N
939	\N	51	496	496	\N
940	\N	51	497	497	\N
941	\N	51	498	498	\N
942	\N	51	499	499	\N
943	\N	51	500	500	\N
944	\N	52	501	501	\N
945	\N	52	502	502	\N
946	\N	52	503	503	\N
947	\N	52	504	504	\N
948	\N	52	505	505	\N
949	\N	52	506	506	\N
950	\N	52	507	507	\N
951	\N	52	508	508	\N
952	\N	52	509	509	\N
953	\N	52	510	510	\N
954	\N	53	511	511	\N
955	\N	53	512	512	\N
956	\N	53	513	513	\N
957	\N	53	514	514	\N
958	\N	54	515	515	\N
959	\N	54	516	516	\N
960	\N	54	517	517	\N
961	\N	54	518	518	\N
962	\N	54	519	519	\N
963	\N	54	520	520	\N
964	\N	54	521	521	\N
965	\N	55	522	522	\N
966	\N	55	523	523	\N
967	\N	55	526	526	\N
968	\N	55	527	527	\N
969	\N	55	528	528	\N
970	\N	55	529	529	\N
971	\N	55	530	530	\N
972	\N	55	531	531	\N
973	\N	55	532	532	\N
974	\N	55	533	533	\N
975	\N	55	534	534	\N
976	\N	55	535	535	\N
977	\N	55	537	537	\N
978	\N	55	538	538	\N
979	\N	55	539	539	\N
980	\N	55	540	540	\N
981	\N	56	551	551	\N
982	\N	56	552	552	\N
983	\N	56	553	553	\N
984	793	\N	100	100	\N
985	795	\N	101	101	\N
986	756	\N	422	422	\N
987	758	\N	423	423	\N
988	778	\N	424	424	\N
989	790	\N	425	425	\N
990	763	\N	426	426	\N
991	764	\N	427	427	\N
992	766	\N	428	428	\N
993	767	\N	429	429	\N
994	770	\N	437	437	\N
995	775	\N	439	439	\N
996	753	\N	440	440	\N
997	754	\N	441	441	\N
998	779	\N	442	442	\N
999	784	\N	443	443	\N
1000	780	\N	444	444	\N
1001	771	\N	445	445	\N
1002	772	\N	446	446	\N
1003	773	\N	452	452	\N
1004	755	\N	454	454	\N
1005	743	\N	455	455	\N
1006	781	\N	456	456	\N
1007	782	\N	457	457	\N
1008	783	\N	458	458	\N
1009	786	\N	459	459	\N
1010	787	\N	460	460	\N
1011	744	\N	461	461	\N
1012	789	\N	462	462	\N
1013	761	\N	463	463	\N
1014	791	\N	464	464	\N
1015	796	\N	465	465	\N
1016	797	\N	466	466	\N
1017	800	\N	467	467	\N
1018	801	\N	468	468	\N
1019	802	\N	469	469	\N
1020	803	\N	470	470	\N
1021	804	\N	471	471	\N
1022	805	\N	472	472	\N
1023	806	\N	473	473	\N
1024	745	\N	474	474	\N
1025	807	\N	475	475	\N
1026	809	\N	476	476	\N
1027	746	\N	477	477	\N
1028	810	\N	478	478	\N
1029	811	\N	479	479	\N
1030	812	\N	480	480	\N
1031	814	\N	481	481	\N
1032	815	\N	482	482	\N
1033	818	\N	483	483	\N
1034	820	\N	484	484	\N
1035	821	\N	485	485	\N
1036	747	\N	486	486	\N
1037	824	\N	524	524	\N
1038	826	\N	525	525	\N
1039	816	\N	536	536	\N
1040	\N	58	487	487	\N
1041	\N	58	488	488	\N
1042	\N	58	489	489	\N
1043	\N	58	490	490	\N
1044	\N	58	491	491	\N
1045	\N	58	492	492	\N
1046	\N	58	493	493	\N
1047	\N	59	494	494	\N
1048	\N	59	495	495	\N
1049	\N	59	496	496	\N
1050	\N	59	497	497	\N
1051	\N	59	498	498	\N
1052	\N	59	499	499	\N
1053	\N	59	500	500	\N
1054	\N	60	501	501	\N
1055	\N	60	502	502	\N
1056	\N	60	503	503	\N
1057	\N	60	504	504	\N
1058	\N	60	505	505	\N
1059	\N	60	506	506	\N
1060	\N	60	507	507	\N
1061	\N	60	508	508	\N
1062	\N	60	509	509	\N
1063	\N	60	510	510	\N
1064	\N	61	511	511	\N
1065	\N	61	512	512	\N
1066	\N	61	513	513	\N
1067	\N	61	514	514	\N
1068	\N	62	515	515	\N
1069	\N	62	516	516	\N
1070	\N	62	517	517	\N
1071	\N	62	518	518	\N
1072	\N	62	519	519	\N
1073	\N	62	520	520	\N
1074	\N	62	521	521	\N
1075	\N	57	522	522	\N
1076	\N	57	523	523	\N
1077	\N	57	526	526	\N
1078	\N	57	527	527	\N
1079	\N	57	528	528	\N
1080	\N	57	529	529	\N
1081	\N	57	530	530	\N
1082	\N	57	531	531	\N
1083	\N	57	532	532	\N
1084	\N	57	533	533	\N
1085	\N	57	534	534	\N
1086	\N	57	535	535	\N
1087	\N	57	537	537	\N
1088	\N	57	538	538	\N
1089	\N	57	539	539	\N
1090	\N	57	540	540	\N
1091	\N	63	551	551	\N
1092	\N	63	552	552	\N
1093	\N	63	553	553	\N
1094	884	\N	100	100	\N
1095	886	\N	101	101	\N
1096	849	\N	422	422	\N
1097	851	\N	423	423	\N
1098	870	\N	424	424	\N
1099	881	\N	425	425	\N
1100	856	\N	426	426	\N
1101	857	\N	427	427	\N
1102	859	\N	428	428	\N
1103	860	\N	429	429	\N
1104	863	\N	437	437	\N
1105	868	\N	439	439	\N
1106	847	\N	440	440	\N
1107	831	\N	441	441	\N
1108	871	\N	442	442	\N
1109	876	\N	443	443	\N
1110	872	\N	444	444	\N
1111	864	\N	445	445	\N
1112	865	\N	446	446	\N
1113	866	\N	452	452	\N
1114	848	\N	454	454	\N
1115	838	\N	455	455	\N
1116	873	\N	456	456	\N
1117	874	\N	457	457	\N
1118	875	\N	458	458	\N
1119	878	\N	459	459	\N
1120	879	\N	460	460	\N
1121	839	\N	461	461	\N
1122	880	\N	462	462	\N
1123	854	\N	463	463	\N
1124	882	\N	464	464	\N
1125	887	\N	465	465	\N
1126	888	\N	466	466	\N
1127	891	\N	467	467	\N
1128	892	\N	468	468	\N
1129	893	\N	469	469	\N
1130	894	\N	470	470	\N
1131	895	\N	471	471	\N
1132	896	\N	472	472	\N
1133	897	\N	473	473	\N
1134	834	\N	474	474	\N
1135	898	\N	475	475	\N
1136	900	\N	476	476	\N
1137	840	\N	477	477	\N
1138	835	\N	478	478	\N
1139	901	\N	479	479	\N
1140	902	\N	480	480	\N
1141	904	\N	481	481	\N
1142	905	\N	482	482	\N
1143	908	\N	483	483	\N
1144	910	\N	484	484	\N
1145	836	\N	485	485	\N
1146	841	\N	486	486	\N
1147	913	\N	524	524	\N
1148	915	\N	525	525	\N
1149	906	\N	536	536	\N
1150	\N	65	487	487	\N
1151	\N	65	488	488	\N
1152	\N	65	489	489	\N
1153	\N	65	490	490	\N
1154	\N	65	491	491	\N
1155	\N	65	492	492	\N
1156	\N	65	493	493	\N
1157	\N	66	494	494	\N
1158	\N	66	495	495	\N
1159	\N	66	496	496	\N
1160	\N	66	497	497	\N
1161	\N	66	498	498	\N
1162	\N	66	499	499	\N
1163	\N	66	500	500	\N
1164	\N	67	501	501	\N
1165	\N	67	502	502	\N
1166	\N	67	503	503	\N
1167	\N	67	504	504	\N
1168	\N	67	505	505	\N
1169	\N	67	506	506	\N
1170	\N	67	507	507	\N
1171	\N	67	508	508	\N
1172	\N	67	509	509	\N
1173	\N	67	510	510	\N
1174	\N	68	511	511	\N
1175	\N	68	512	512	\N
1176	\N	68	513	513	\N
1177	\N	68	514	514	\N
1178	\N	69	515	515	\N
1179	\N	69	516	516	\N
1180	\N	69	517	517	\N
1181	\N	69	518	518	\N
1182	\N	69	519	519	\N
1183	\N	69	520	520	\N
1184	\N	69	521	521	\N
1185	\N	64	522	522	\N
1186	\N	64	523	523	\N
1187	\N	64	526	526	\N
1188	\N	64	527	527	\N
1189	\N	64	528	528	\N
1190	\N	64	529	529	\N
1191	\N	64	530	530	\N
1192	\N	64	531	531	\N
1193	\N	64	532	532	\N
1194	\N	64	533	533	\N
1195	\N	64	534	534	\N
1196	\N	64	535	535	\N
1197	\N	64	537	537	\N
1198	\N	64	538	538	\N
1199	\N	64	539	539	\N
1200	\N	64	540	540	\N
1201	\N	70	551	551	\N
1202	\N	70	552	552	\N
1203	\N	70	553	553	\N
1204	973	\N	100	100	\N
1205	975	\N	101	101	\N
1206	938	\N	422	422	\N
1207	940	\N	423	423	\N
1208	959	\N	424	424	\N
1209	970	\N	425	425	\N
1210	945	\N	426	426	\N
1211	946	\N	427	427	\N
1212	948	\N	428	428	\N
1213	949	\N	429	429	\N
1214	952	\N	437	437	\N
1215	957	\N	439	439	\N
1216	936	\N	440	440	\N
1217	924	\N	441	441	\N
1218	960	\N	442	442	\N
1219	965	\N	443	443	\N
1220	961	\N	444	444	\N
1221	953	\N	445	445	\N
1222	954	\N	446	446	\N
1223	955	\N	452	452	\N
1224	937	\N	454	454	\N
1225	931	\N	455	455	\N
1226	962	\N	456	456	\N
1227	963	\N	457	457	\N
1228	964	\N	458	458	\N
1229	967	\N	459	459	\N
1230	968	\N	460	460	\N
1231	932	\N	461	461	\N
1232	969	\N	462	462	\N
1233	943	\N	463	463	\N
1234	971	\N	464	464	\N
1235	976	\N	465	465	\N
1236	977	\N	466	466	\N
1237	980	\N	467	467	\N
1238	981	\N	468	468	\N
1239	982	\N	469	469	\N
1240	983	\N	470	470	\N
1241	984	\N	471	471	\N
1242	985	\N	472	472	\N
1243	986	\N	473	473	\N
1244	927	\N	474	474	\N
1245	987	\N	475	475	\N
1246	989	\N	476	476	\N
1247	933	\N	477	477	\N
1248	928	\N	478	478	\N
1249	990	\N	479	479	\N
1250	991	\N	480	480	\N
1251	993	\N	481	481	\N
1252	994	\N	482	482	\N
1253	997	\N	483	483	\N
1254	999	\N	484	484	\N
1255	929	\N	485	485	\N
1256	934	\N	486	486	\N
1257	1002	\N	524	524	\N
1258	1004	\N	525	525	\N
1259	995	\N	536	536	\N
1260	\N	72	487	487	\N
1261	\N	72	488	488	\N
1262	\N	72	489	489	\N
1263	\N	72	490	490	\N
1264	\N	72	491	491	\N
1265	\N	72	492	492	\N
1266	\N	72	493	493	\N
1267	\N	73	494	494	\N
1268	\N	73	495	495	\N
1269	\N	73	496	496	\N
1270	\N	73	497	497	\N
1271	\N	73	498	498	\N
1272	\N	73	499	499	\N
1273	\N	73	500	500	\N
1274	\N	74	501	501	\N
1275	\N	74	502	502	\N
1276	\N	74	503	503	\N
1277	\N	74	504	504	\N
1278	\N	74	505	505	\N
1279	\N	74	506	506	\N
1280	\N	74	507	507	\N
1281	\N	74	508	508	\N
1282	\N	74	509	509	\N
1283	\N	74	510	510	\N
1284	\N	75	511	511	\N
1285	\N	75	512	512	\N
1286	\N	75	513	513	\N
1287	\N	75	514	514	\N
1288	\N	76	515	515	\N
1289	\N	76	516	516	\N
1290	\N	76	517	517	\N
1291	\N	76	518	518	\N
1292	\N	76	519	519	\N
1293	\N	76	520	520	\N
1294	\N	76	521	521	\N
1295	\N	71	522	522	\N
1296	\N	71	523	523	\N
1297	\N	71	526	526	\N
1298	\N	71	527	527	\N
1299	\N	71	528	528	\N
1300	\N	71	529	529	\N
1301	\N	71	530	530	\N
1302	\N	71	531	531	\N
1303	\N	71	532	532	\N
1304	\N	71	533	533	\N
1305	\N	71	534	534	\N
1306	\N	71	535	535	\N
1307	\N	71	537	537	\N
1308	\N	71	538	538	\N
1309	\N	71	539	539	\N
1310	\N	71	540	540	\N
1311	\N	77	551	551	\N
1312	\N	77	552	552	\N
1313	\N	77	553	553	\N
1314	1037	\N	36	36	\N
1315	1027	\N	37	37	\N
1316	1038	\N	39	39	\N
1317	1039	\N	40	40	\N
1318	1040	\N	41	41	\N
1319	1012	\N	46	46	\N
1320	1010	\N	47	47	\N
1321	1014	\N	48	48	\N
1322	1019	\N	49	49	\N
1323	1021	\N	50	50	\N
1324	1022	\N	51	51	\N
1325	1025	\N	61	61	\N
1326	1046	\N	62	62	\N
1327	1047	\N	63	63	\N
1328	1050	\N	64	64	\N
1329	1051	\N	65	65	\N
1330	1052	\N	66	66	\N
1331	1053	\N	67	67	\N
1332	1054	\N	68	68	\N
1333	1055	\N	69	69	\N
1334	1056	\N	70	70	\N
1335	1057	\N	71	71	\N
1336	1058	\N	72	72	\N
1337	1059	\N	73	73	\N
1338	1060	\N	74	74	\N
1339	1061	\N	75	75	\N
1340	1062	\N	76	76	\N
1341	1063	\N	77	77	\N
1342	1064	\N	78	78	\N
1343	1065	\N	79	79	\N
1344	1066	\N	80	80	\N
1345	1067	\N	81	81	\N
1346	1068	\N	82	82	\N
1347	1069	\N	83	83	\N
1348	1011	\N	86	86	\N
1349	1009	\N	87	87	\N
1350	1013	\N	88	88	\N
1351	1015	\N	89	89	\N
1352	1017	\N	90	90	\N
1353	1020	\N	91	91	\N
1354	1024	\N	92	92	\N
1355	1026	\N	93	93	\N
1356	1031	\N	94	94	\N
1357	1032	\N	95	95	\N
1358	1072	\N	96	96	\N
1359	1073	\N	97	97	\N
1360	1080	\N	98	98	\N
1361	1023	\N	99	99	\N
1362	1081	\N	102	102	\N
1363	1082	\N	103	103	\N
1364	1083	\N	104	104	\N
1365	1101	\N	105	105	\N
1366	1086	\N	106	106	\N
1367	1088	\N	107	107	\N
1368	1089	\N	108	108	\N
1369	1090	\N	109	109	\N
1370	1091	\N	110	110	\N
1371	1092	\N	111	111	\N
1372	1093	\N	112	112	\N
1373	1094	\N	113	113	\N
1374	1035	\N	114	114	\N
1375	1096	\N	115	115	\N
1376	1097	\N	116	116	\N
1377	1098	\N	117	117	\N
1378	1099	\N	118	118	\N
1379	1103	\N	119	119	\N
1380	1102	\N	120	120	\N
1381	1116	\N	121	121	\N
1382	1105	\N	122	122	\N
1383	1106	\N	123	123	\N
1384	1110	\N	124	124	\N
1385	1111	\N	125	125	\N
1386	1112	\N	126	126	\N
1387	1113	\N	127	127	\N
1388	1114	\N	128	128	\N
1389	1115	\N	129	129	\N
1390	1146	\N	130	130	\N
1391	1138	\N	131	131	\N
1392	1117	\N	132	132	\N
1393	1119	\N	133	133	\N
1394	1120	\N	134	134	\N
1395	1121	\N	135	135	\N
1396	1123	\N	136	136	\N
1397	1125	\N	137	137	\N
1398	1126	\N	138	138	\N
1399	1127	\N	139	139	\N
1400	1128	\N	140	140	\N
1401	1132	\N	141	141	\N
1402	1134	\N	142	142	\N
1403	1135	\N	143	143	\N
1404	1108	\N	144	144	\N
1405	1137	\N	145	145	\N
1406	1140	\N	146	146	\N
1407	1143	\N	147	147	\N
1408	1145	\N	148	148	\N
1409	1147	\N	149	149	\N
1410	1148	\N	150	150	\N
1411	1149	\N	151	151	\N
1412	1154	\N	152	152	\N
1413	1155	\N	153	153	\N
1414	1161	\N	154	154	\N
1415	1165	\N	155	155	\N
1416	1028	\N	156	156	\N
1417	1071	\N	157	157	\N
1418	1074	\N	158	158	\N
1419	1084	\N	159	159	\N
1420	1085	\N	160	160	\N
1421	1087	\N	161	161	\N
1422	1095	\N	162	162	\N
1423	1100	\N	163	163	\N
1424	1104	\N	164	164	\N
1425	1107	\N	165	165	\N
1426	1109	\N	166	166	\N
1427	1124	\N	167	167	\N
1428	1076	\N	168	168	\N
1429	1077	\N	169	169	\N
1430	1078	\N	170	170	\N
1431	1163	\N	171	171	\N
1432	1164	\N	172	172	\N
1433	1079	\N	173	173	\N
1434	\N	79	38	38	\N
1435	\N	79	42	42	\N
1436	\N	79	43	43	\N
1437	\N	79	44	44	\N
1438	\N	79	45	45	\N
1439	\N	79	184	184	\N
1440	\N	79	185	185	\N
1441	\N	79	186	186	\N
1442	\N	79	189	189	\N
1443	\N	79	190	190	\N
1444	\N	79	191	191	\N
1445	\N	79	192	192	\N
1446	\N	79	193	193	\N
1447	\N	82	187	187	\N
1448	\N	82	188	188	\N
1449	\N	80	194	194	\N
1450	\N	80	195	195	\N
1451	\N	80	196	196	\N
1452	\N	80	197	197	\N
1453	\N	80	198	198	\N
1454	\N	80	199	199	\N
1455	\N	81	200	200	\N
1456	\N	81	201	201	\N
1457	\N	81	202	202	\N
1458	\N	81	203	203	\N
1459	\N	81	204	204	\N
1460	\N	81	205	205	\N
1461	\N	81	206	206	\N
1462	\N	81	207	207	\N
1463	\N	81	208	208	\N
1464	\N	83	210	210	\N
1465	\N	83	211	211	\N
1466	\N	83	212	212	\N
1467	\N	83	213	213	\N
1468	\N	83	214	214	\N
1469	\N	83	215	215	\N
1470	\N	83	216	216	\N
1471	\N	82	318	318	\N
1472	\N	82	319	319	\N
1473	\N	82	320	320	\N
1474	\N	82	321	321	\N
1475	\N	82	322	322	\N
1476	\N	82	323	323	\N
1477	\N	82	324	324	\N
1478	\N	82	325	325	\N
1479	\N	84	326	326	\N
1480	\N	84	327	327	\N
1481	\N	85	328	328	\N
1482	\N	85	329	329	\N
1483	\N	84	330	330	\N
1484	\N	84	331	331	\N
1485	\N	84	332	332	\N
1486	\N	84	333	333	\N
1487	\N	84	334	334	\N
1488	\N	84	335	335	\N
1489	\N	84	336	336	\N
1490	\N	84	337	337	\N
1491	\N	84	338	338	\N
1492	\N	84	339	339	\N
1493	\N	85	342	342	\N
1494	\N	78	343	343	\N
1495	\N	78	344	344	\N
1496	\N	78	345	345	\N
1497	\N	78	346	346	\N
1498	\N	78	347	347	\N
1499	\N	78	348	348	\N
1500	\N	78	349	349	\N
1501	\N	78	350	350	\N
1502	\N	78	351	351	\N
1503	\N	78	352	352	\N
1504	\N	78	353	353	\N
1505	\N	78	354	354	\N
1506	\N	85	365	365	\N
1507	\N	85	366	366	\N
1508	\N	85	367	367	\N
1509	\N	85	368	368	\N
1510	\N	85	369	369	\N
1511	\N	85	370	370	\N
1512	\N	85	371	371	\N
1513	\N	85	372	372	\N
1514	\N	85	373	373	\N
1515	\N	85	374	374	\N
1516	\N	85	375	375	\N
1517	\N	78	378	378	\N
1518	\N	78	381	381	\N
1519	\N	78	382	382	\N
1520	\N	86	541	541	\N
1521	\N	86	542	542	\N
1522	\N	86	543	543	\N
1523	\N	86	544	544	\N
1524	\N	86	545	545	\N
1525	1202	\N	36	36	\N
1526	1192	\N	37	37	\N
1527	1203	\N	39	39	\N
1528	1204	\N	40	40	\N
1529	1205	\N	41	41	\N
1530	1177	\N	46	46	\N
1531	1175	\N	47	47	\N
1532	1179	\N	48	48	\N
1533	1184	\N	49	49	\N
1534	1186	\N	50	50	\N
1535	1187	\N	51	51	\N
1536	1190	\N	61	61	\N
1537	1211	\N	62	62	\N
1538	1212	\N	63	63	\N
1539	1215	\N	64	64	\N
1540	1216	\N	65	65	\N
1541	1217	\N	66	66	\N
1542	1218	\N	67	67	\N
1543	1219	\N	68	68	\N
1544	1220	\N	69	69	\N
1545	1221	\N	70	70	\N
1546	1222	\N	71	71	\N
1547	1223	\N	72	72	\N
1548	1224	\N	73	73	\N
1549	1225	\N	74	74	\N
1550	1226	\N	75	75	\N
1551	1227	\N	76	76	\N
1552	1228	\N	77	77	\N
1553	1229	\N	78	78	\N
1554	1230	\N	79	79	\N
1555	1231	\N	80	80	\N
1556	1232	\N	81	81	\N
1557	1233	\N	82	82	\N
1558	1234	\N	83	83	\N
1559	1176	\N	86	86	\N
1560	1174	\N	87	87	\N
1561	1178	\N	88	88	\N
1562	1180	\N	89	89	\N
1563	1182	\N	90	90	\N
1564	1185	\N	91	91	\N
1565	1189	\N	92	92	\N
1566	1191	\N	93	93	\N
1567	1196	\N	94	94	\N
1568	1197	\N	95	95	\N
1569	1237	\N	96	96	\N
1570	1238	\N	97	97	\N
1571	1245	\N	98	98	\N
1572	1188	\N	99	99	\N
1573	1246	\N	102	102	\N
1574	1247	\N	103	103	\N
1575	1248	\N	104	104	\N
1576	1266	\N	105	105	\N
1577	1251	\N	106	106	\N
1578	1253	\N	107	107	\N
1579	1254	\N	108	108	\N
1580	1255	\N	109	109	\N
1581	1256	\N	110	110	\N
1582	1257	\N	111	111	\N
1583	1258	\N	112	112	\N
1584	1259	\N	113	113	\N
1585	1200	\N	114	114	\N
1586	1261	\N	115	115	\N
1587	1262	\N	116	116	\N
1588	1263	\N	117	117	\N
1589	1264	\N	118	118	\N
1590	1268	\N	119	119	\N
1591	1267	\N	120	120	\N
1592	1281	\N	121	121	\N
1593	1270	\N	122	122	\N
1594	1271	\N	123	123	\N
1595	1275	\N	124	124	\N
1596	1276	\N	125	125	\N
1597	1277	\N	126	126	\N
1598	1278	\N	127	127	\N
1599	1279	\N	128	128	\N
1600	1280	\N	129	129	\N
1601	1311	\N	130	130	\N
1602	1303	\N	131	131	\N
1603	1282	\N	132	132	\N
1604	1284	\N	133	133	\N
1605	1285	\N	134	134	\N
1606	1286	\N	135	135	\N
1607	1288	\N	136	136	\N
1608	1290	\N	137	137	\N
1609	1291	\N	138	138	\N
1610	1292	\N	139	139	\N
1611	1293	\N	140	140	\N
1612	1297	\N	141	141	\N
1613	1299	\N	142	142	\N
1614	1300	\N	143	143	\N
1615	1273	\N	144	144	\N
1616	1302	\N	145	145	\N
1617	1305	\N	146	146	\N
1618	1308	\N	147	147	\N
1619	1310	\N	148	148	\N
1620	1312	\N	149	149	\N
1621	1313	\N	150	150	\N
1622	1314	\N	151	151	\N
1623	1319	\N	152	152	\N
1624	1320	\N	153	153	\N
1625	1326	\N	154	154	\N
1626	1172	\N	155	155	\N
1627	1193	\N	156	156	\N
1628	1236	\N	157	157	\N
1629	1239	\N	158	158	\N
1630	1249	\N	159	159	\N
1631	1250	\N	160	160	\N
1632	1252	\N	161	161	\N
1633	1260	\N	162	162	\N
1634	1265	\N	163	163	\N
1635	1269	\N	164	164	\N
1636	1272	\N	165	165	\N
1637	1274	\N	166	166	\N
1638	1289	\N	167	167	\N
1639	1241	\N	168	168	\N
1640	1242	\N	169	169	\N
1641	1243	\N	170	170	\N
1642	1170	\N	171	171	\N
1643	1171	\N	172	172	\N
1644	1244	\N	173	173	\N
1645	\N	88	38	38	\N
1646	\N	88	42	42	\N
1647	\N	88	43	43	\N
1648	\N	88	44	44	\N
1649	\N	88	45	45	\N
1650	\N	88	184	184	\N
1651	\N	88	185	185	\N
1652	\N	88	186	186	\N
1653	\N	88	189	189	\N
1654	\N	88	190	190	\N
1655	\N	88	191	191	\N
1656	\N	88	192	192	\N
1657	\N	88	193	193	\N
1658	\N	91	187	187	\N
1659	\N	91	188	188	\N
1660	\N	89	194	194	\N
1661	\N	89	195	195	\N
1662	\N	89	196	196	\N
1663	\N	89	197	197	\N
1664	\N	89	198	198	\N
1665	\N	89	199	199	\N
1666	\N	90	200	200	\N
1667	\N	90	201	201	\N
1668	\N	90	202	202	\N
1669	\N	90	203	203	\N
1670	\N	90	204	204	\N
1671	\N	90	205	205	\N
1672	\N	90	206	206	\N
1673	\N	90	207	207	\N
1674	\N	90	208	208	\N
1675	\N	92	210	210	\N
1676	\N	92	211	211	\N
1677	\N	92	212	212	\N
1678	\N	92	213	213	\N
1679	\N	92	214	214	\N
1680	\N	92	215	215	\N
1681	\N	92	216	216	\N
1682	\N	91	318	318	\N
1683	\N	91	319	319	\N
1684	\N	91	320	320	\N
1685	\N	91	321	321	\N
1686	\N	91	322	322	\N
1687	\N	91	323	323	\N
1688	\N	91	324	324	\N
1689	\N	91	325	325	\N
1690	\N	93	326	326	\N
1691	\N	93	327	327	\N
1692	\N	94	328	328	\N
1693	\N	94	329	329	\N
1694	\N	93	330	330	\N
1695	\N	93	331	331	\N
1696	\N	93	332	332	\N
1697	\N	93	333	333	\N
1698	\N	93	334	334	\N
1699	\N	93	335	335	\N
1700	\N	93	336	336	\N
1701	\N	93	337	337	\N
1702	\N	93	338	338	\N
1703	\N	93	339	339	\N
1704	\N	94	342	342	\N
1705	\N	87	343	343	\N
1706	\N	87	344	344	\N
1707	\N	87	345	345	\N
1708	\N	87	346	346	\N
1709	\N	87	347	347	\N
1710	\N	87	348	348	\N
1711	\N	87	349	349	\N
1712	\N	87	350	350	\N
1713	\N	87	351	351	\N
1714	\N	87	352	352	\N
1715	\N	87	353	353	\N
1716	\N	87	354	354	\N
1717	\N	94	365	365	\N
1718	\N	94	366	366	\N
1719	\N	94	367	367	\N
1720	\N	94	368	368	\N
1721	\N	94	369	369	\N
1722	\N	94	370	370	\N
1723	\N	94	371	371	\N
1724	\N	94	372	372	\N
1725	\N	94	373	373	\N
1726	\N	94	374	374	\N
1727	\N	94	375	375	\N
1728	\N	87	378	378	\N
1729	\N	87	381	381	\N
1730	\N	87	382	382	\N
1731	\N	95	541	541	\N
1732	\N	95	542	542	\N
1733	\N	95	543	543	\N
1734	\N	95	544	544	\N
1735	\N	95	545	545	\N
1736	1330	\N	52	52	\N
1737	1331	\N	53	53	\N
1738	1332	\N	54	54	\N
1739	1332	\N	84	84	\N
1740	\N	96	55	55	\N
1741	\N	96	56	56	\N
1742	\N	96	57	57	\N
1743	\N	96	58	58	\N
1744	\N	96	59	59	\N
1745	\N	96	60	60	\N
1746	\N	97	549	549	\N
1747	\N	98	550	550	\N
1748	1338	\N	52	52	\N
1749	1339	\N	53	53	\N
1750	1340	\N	54	54	\N
1751	1340	\N	84	84	\N
1752	\N	99	55	55	\N
1753	\N	99	56	56	\N
1754	\N	99	57	57	\N
1755	\N	99	58	58	\N
1756	\N	99	59	59	\N
1757	\N	99	60	60	\N
1758	\N	100	549	549	\N
1759	\N	101	550	550	\N
1760	1378	\N	36	36	\N
1761	1368	\N	37	37	\N
1762	1379	\N	39	39	\N
1763	1380	\N	40	40	\N
1764	1381	\N	41	41	\N
1765	1353	\N	46	46	\N
1766	1351	\N	47	47	\N
1767	1355	\N	48	48	\N
1768	1360	\N	49	49	\N
1769	1362	\N	50	50	\N
1770	1363	\N	51	51	\N
1771	1366	\N	61	61	\N
1772	1387	\N	62	62	\N
1773	1388	\N	63	63	\N
1774	1391	\N	64	64	\N
1775	1392	\N	65	65	\N
1776	1393	\N	66	66	\N
1777	1394	\N	67	67	\N
1778	1395	\N	68	68	\N
1779	1396	\N	69	69	\N
1780	1397	\N	70	70	\N
1781	1398	\N	71	71	\N
1782	1399	\N	72	72	\N
1783	1400	\N	73	73	\N
1784	1401	\N	74	74	\N
1785	1402	\N	75	75	\N
1786	1403	\N	76	76	\N
1787	1404	\N	77	77	\N
1788	1405	\N	78	78	\N
1789	1406	\N	79	79	\N
1790	1407	\N	80	80	\N
1791	1408	\N	81	81	\N
1792	1409	\N	82	82	\N
1793	1410	\N	83	83	\N
1794	1352	\N	86	86	\N
1795	1350	\N	87	87	\N
1796	1354	\N	88	88	\N
1797	1356	\N	89	89	\N
1798	1358	\N	90	90	\N
1799	1361	\N	91	91	\N
1800	1365	\N	92	92	\N
1801	1367	\N	93	93	\N
1802	1372	\N	94	94	\N
1803	1373	\N	95	95	\N
1804	1413	\N	96	96	\N
1805	1414	\N	97	97	\N
1806	1421	\N	98	98	\N
1807	1364	\N	99	99	\N
1808	1422	\N	102	102	\N
1809	1423	\N	103	103	\N
1810	1424	\N	104	104	\N
1811	1442	\N	105	105	\N
1812	1427	\N	106	106	\N
1813	1429	\N	107	107	\N
1814	1430	\N	108	108	\N
1815	1431	\N	109	109	\N
1816	1432	\N	110	110	\N
1817	1433	\N	111	111	\N
1818	1434	\N	112	112	\N
1819	1435	\N	113	113	\N
1820	1376	\N	114	114	\N
1821	1437	\N	115	115	\N
1822	1438	\N	116	116	\N
1823	1439	\N	117	117	\N
1824	1440	\N	118	118	\N
1825	1444	\N	119	119	\N
1826	1443	\N	120	120	\N
1827	1457	\N	121	121	\N
1828	1446	\N	122	122	\N
1829	1447	\N	123	123	\N
1830	1451	\N	124	124	\N
1831	1452	\N	125	125	\N
1832	1453	\N	126	126	\N
1833	1454	\N	127	127	\N
1834	1455	\N	128	128	\N
1835	1456	\N	129	129	\N
1836	1487	\N	130	130	\N
1837	1479	\N	131	131	\N
1838	1458	\N	132	132	\N
1839	1460	\N	133	133	\N
1840	1461	\N	134	134	\N
1841	1462	\N	135	135	\N
1842	1464	\N	136	136	\N
1843	1466	\N	137	137	\N
1844	1467	\N	138	138	\N
1845	1468	\N	139	139	\N
1846	1469	\N	140	140	\N
1847	1473	\N	141	141	\N
1848	1475	\N	142	142	\N
1849	1476	\N	143	143	\N
1850	1449	\N	144	144	\N
1851	1478	\N	145	145	\N
1852	1481	\N	146	146	\N
1853	1484	\N	147	147	\N
1854	1486	\N	148	148	\N
1855	1488	\N	149	149	\N
1856	1489	\N	150	150	\N
1857	1490	\N	151	151	\N
1858	1495	\N	152	152	\N
1859	1496	\N	153	153	\N
1860	1502	\N	154	154	\N
1861	1348	\N	155	155	\N
1862	1369	\N	156	156	\N
1863	1412	\N	157	157	\N
1864	1415	\N	158	158	\N
1865	1425	\N	159	159	\N
1866	1426	\N	160	160	\N
1867	1428	\N	161	161	\N
1868	1436	\N	162	162	\N
1869	1441	\N	163	163	\N
1870	1445	\N	164	164	\N
1871	1448	\N	165	165	\N
1872	1450	\N	166	166	\N
1873	1465	\N	167	167	\N
1874	1417	\N	168	168	\N
1875	1418	\N	169	169	\N
1876	1419	\N	170	170	\N
1877	1346	\N	171	171	\N
1878	1347	\N	172	172	\N
1879	1420	\N	173	173	\N
1880	\N	103	38	38	\N
1881	\N	103	42	42	\N
1882	\N	103	43	43	\N
1883	\N	103	44	44	\N
1884	\N	103	45	45	\N
1885	\N	103	184	184	\N
1886	\N	103	185	185	\N
1887	\N	103	186	186	\N
1888	\N	103	189	189	\N
1889	\N	103	190	190	\N
1890	\N	103	191	191	\N
1891	\N	103	192	192	\N
1892	\N	103	193	193	\N
1893	\N	106	187	187	\N
1894	\N	106	188	188	\N
1895	\N	104	194	194	\N
1896	\N	104	195	195	\N
1897	\N	104	196	196	\N
1898	\N	104	197	197	\N
1899	\N	104	198	198	\N
1900	\N	104	199	199	\N
1901	\N	105	200	200	\N
1902	\N	105	201	201	\N
1903	\N	105	202	202	\N
1904	\N	105	203	203	\N
1905	\N	105	204	204	\N
1906	\N	105	205	205	\N
1907	\N	105	206	206	\N
1908	\N	105	207	207	\N
1909	\N	105	208	208	\N
1910	\N	107	210	210	\N
1911	\N	107	211	211	\N
1912	\N	107	212	212	\N
1913	\N	107	213	213	\N
1914	\N	107	214	214	\N
1915	\N	107	215	215	\N
1916	\N	107	216	216	\N
1917	\N	106	318	318	\N
1918	\N	106	319	319	\N
1919	\N	106	320	320	\N
1920	\N	106	321	321	\N
1921	\N	106	322	322	\N
1922	\N	106	323	323	\N
1923	\N	106	324	324	\N
1924	\N	106	325	325	\N
1925	\N	108	326	326	\N
1926	\N	108	327	327	\N
1927	\N	109	328	328	\N
1928	\N	109	329	329	\N
1929	\N	108	330	330	\N
1930	\N	108	331	331	\N
1931	\N	108	332	332	\N
1932	\N	108	333	333	\N
1933	\N	108	334	334	\N
1934	\N	108	335	335	\N
1935	\N	108	336	336	\N
1936	\N	108	337	337	\N
1937	\N	108	338	338	\N
1938	\N	108	339	339	\N
1939	\N	109	342	342	\N
1940	\N	102	343	343	\N
1941	\N	102	344	344	\N
1942	\N	102	345	345	\N
1943	\N	102	346	346	\N
1944	\N	102	347	347	\N
1945	\N	102	348	348	\N
1946	\N	102	349	349	\N
1947	\N	102	350	350	\N
1948	\N	102	351	351	\N
1949	\N	102	352	352	\N
1950	\N	102	353	353	\N
1951	\N	102	354	354	\N
1952	\N	109	365	365	\N
1953	\N	109	366	366	\N
1954	\N	109	367	367	\N
1955	\N	109	368	368	\N
1956	\N	109	369	369	\N
1957	\N	109	370	370	\N
1958	\N	109	371	371	\N
1959	\N	109	372	372	\N
1960	\N	109	373	373	\N
1961	\N	109	374	374	\N
1962	\N	109	375	375	\N
1963	\N	102	378	378	\N
1964	\N	102	381	381	\N
1965	\N	102	382	382	\N
1966	\N	110	541	541	\N
1967	\N	110	542	542	\N
1968	\N	110	543	543	\N
1969	\N	110	544	544	\N
1970	\N	110	545	545	\N
1971	1538	\N	36	36	\N
1972	1528	\N	37	37	\N
1973	1539	\N	39	39	\N
1974	1540	\N	40	40	\N
1975	1541	\N	41	41	\N
1976	1513	\N	46	46	\N
1977	1511	\N	47	47	\N
1978	1515	\N	48	48	\N
1979	1520	\N	49	49	\N
1980	1522	\N	50	50	\N
1981	1523	\N	51	51	\N
1982	1526	\N	61	61	\N
1983	1547	\N	62	62	\N
1984	1548	\N	63	63	\N
1985	1551	\N	64	64	\N
1986	1552	\N	65	65	\N
1987	1553	\N	66	66	\N
1988	1554	\N	67	67	\N
1989	1555	\N	68	68	\N
1990	1556	\N	69	69	\N
1991	1557	\N	70	70	\N
1992	1558	\N	71	71	\N
1993	1559	\N	72	72	\N
1994	1560	\N	73	73	\N
1995	1561	\N	74	74	\N
1996	1562	\N	75	75	\N
1997	1563	\N	76	76	\N
1998	1564	\N	77	77	\N
1999	1565	\N	78	78	\N
2000	1566	\N	79	79	\N
2001	1567	\N	80	80	\N
2002	1568	\N	81	81	\N
2003	1569	\N	82	82	\N
2004	1570	\N	83	83	\N
2005	1512	\N	86	86	\N
2006	1510	\N	87	87	\N
2007	1514	\N	88	88	\N
2008	1516	\N	89	89	\N
2009	1518	\N	90	90	\N
2010	1521	\N	91	91	\N
2011	1525	\N	92	92	\N
2012	1527	\N	93	93	\N
2013	1532	\N	94	94	\N
2014	1533	\N	95	95	\N
2015	1573	\N	96	96	\N
2016	1574	\N	97	97	\N
2017	1581	\N	98	98	\N
2018	1524	\N	99	99	\N
2019	1582	\N	102	102	\N
2020	1583	\N	103	103	\N
2021	1584	\N	104	104	\N
2022	1602	\N	105	105	\N
2023	1587	\N	106	106	\N
2024	1589	\N	107	107	\N
2025	1590	\N	108	108	\N
2026	1591	\N	109	109	\N
2027	1592	\N	110	110	\N
2028	1593	\N	111	111	\N
2029	1594	\N	112	112	\N
2030	1595	\N	113	113	\N
2031	1536	\N	114	114	\N
2032	1597	\N	115	115	\N
2033	1598	\N	116	116	\N
2034	1599	\N	117	117	\N
2035	1600	\N	118	118	\N
2036	1604	\N	119	119	\N
2037	1603	\N	120	120	\N
2038	1617	\N	121	121	\N
2039	1606	\N	122	122	\N
2040	1607	\N	123	123	\N
2041	1611	\N	124	124	\N
2042	1612	\N	125	125	\N
2043	1613	\N	126	126	\N
2044	1614	\N	127	127	\N
2045	1615	\N	128	128	\N
2046	1616	\N	129	129	\N
2047	1647	\N	130	130	\N
2048	1639	\N	131	131	\N
2049	1618	\N	132	132	\N
2050	1620	\N	133	133	\N
2051	1621	\N	134	134	\N
2052	1622	\N	135	135	\N
2053	1624	\N	136	136	\N
2054	1626	\N	137	137	\N
2055	1627	\N	138	138	\N
2056	1628	\N	139	139	\N
2057	1629	\N	140	140	\N
2058	1633	\N	141	141	\N
2059	1635	\N	142	142	\N
2060	1636	\N	143	143	\N
2061	1609	\N	144	144	\N
2062	1638	\N	145	145	\N
2063	1641	\N	146	146	\N
2064	1644	\N	147	147	\N
2065	1646	\N	148	148	\N
2066	1648	\N	149	149	\N
2067	1649	\N	150	150	\N
2068	1650	\N	151	151	\N
2069	1655	\N	152	152	\N
2070	1656	\N	153	153	\N
2071	1662	\N	154	154	\N
2072	1508	\N	155	155	\N
2073	1529	\N	156	156	\N
2074	1572	\N	157	157	\N
2075	1575	\N	158	158	\N
2076	1585	\N	159	159	\N
2077	1586	\N	160	160	\N
2078	1588	\N	161	161	\N
2079	1596	\N	162	162	\N
2080	1601	\N	163	163	\N
2081	1605	\N	164	164	\N
2082	1608	\N	165	165	\N
2083	1610	\N	166	166	\N
2084	1625	\N	167	167	\N
2085	1577	\N	168	168	\N
2086	1578	\N	169	169	\N
2087	1579	\N	170	170	\N
2088	1506	\N	171	171	\N
2089	1507	\N	172	172	\N
2090	1580	\N	173	173	\N
2091	\N	112	38	38	\N
2092	\N	112	42	42	\N
2093	\N	112	43	43	\N
2094	\N	112	44	44	\N
2095	\N	112	45	45	\N
2096	\N	112	184	184	\N
2097	\N	112	185	185	\N
2098	\N	112	186	186	\N
2099	\N	112	189	189	\N
2100	\N	112	190	190	\N
2101	\N	112	191	191	\N
2102	\N	112	192	192	\N
2103	\N	112	193	193	\N
2104	\N	115	187	187	\N
2105	\N	115	188	188	\N
2106	\N	113	194	194	\N
2107	\N	113	195	195	\N
2108	\N	113	196	196	\N
2109	\N	113	197	197	\N
2110	\N	113	198	198	\N
2111	\N	113	199	199	\N
2112	\N	114	200	200	\N
2113	\N	114	201	201	\N
2114	\N	114	202	202	\N
2115	\N	114	203	203	\N
2116	\N	114	204	204	\N
2117	\N	114	205	205	\N
2118	\N	114	206	206	\N
2119	\N	114	207	207	\N
2120	\N	114	208	208	\N
2121	\N	116	210	210	\N
2122	\N	116	211	211	\N
2123	\N	116	212	212	\N
2124	\N	116	213	213	\N
2125	\N	116	214	214	\N
2126	\N	116	215	215	\N
2127	\N	116	216	216	\N
2128	\N	115	318	318	\N
2129	\N	115	319	319	\N
2130	\N	115	320	320	\N
2131	\N	115	321	321	\N
2132	\N	115	322	322	\N
2133	\N	115	323	323	\N
2134	\N	115	324	324	\N
2135	\N	115	325	325	\N
2136	\N	117	326	326	\N
2137	\N	117	327	327	\N
2138	\N	118	328	328	\N
2139	\N	118	329	329	\N
2140	\N	117	330	330	\N
2141	\N	117	331	331	\N
2142	\N	117	332	332	\N
2143	\N	117	333	333	\N
2144	\N	117	334	334	\N
2145	\N	117	335	335	\N
2146	\N	117	336	336	\N
2147	\N	117	337	337	\N
2148	\N	117	338	338	\N
2149	\N	117	339	339	\N
2150	\N	118	342	342	\N
2151	\N	111	343	343	\N
2152	\N	111	344	344	\N
2153	\N	111	345	345	\N
2154	\N	111	346	346	\N
2155	\N	111	347	347	\N
2156	\N	111	348	348	\N
2157	\N	111	349	349	\N
2158	\N	111	350	350	\N
2159	\N	111	351	351	\N
2160	\N	111	352	352	\N
2161	\N	111	353	353	\N
2162	\N	111	354	354	\N
2163	\N	118	365	365	\N
2164	\N	118	366	366	\N
2165	\N	118	367	367	\N
2166	\N	118	368	368	\N
2167	\N	118	369	369	\N
2168	\N	118	370	370	\N
2169	\N	118	371	371	\N
2170	\N	118	372	372	\N
2171	\N	118	373	373	\N
2172	\N	118	374	374	\N
2173	\N	118	375	375	\N
2174	\N	111	378	378	\N
2175	\N	111	381	381	\N
2176	\N	111	382	382	\N
2177	\N	119	541	541	\N
2178	\N	119	542	542	\N
2179	\N	119	543	543	\N
2180	\N	119	544	544	\N
2181	\N	119	545	545	\N
2182	1698	\N	36	36	\N
2183	1688	\N	37	37	\N
2184	1699	\N	39	39	\N
2185	1700	\N	40	40	\N
2186	1701	\N	41	41	\N
2187	1673	\N	46	46	\N
2188	1671	\N	47	47	\N
2189	1675	\N	48	48	\N
2190	1680	\N	49	49	\N
2191	1682	\N	50	50	\N
2192	1683	\N	51	51	\N
2193	1686	\N	61	61	\N
2194	1707	\N	62	62	\N
2195	1708	\N	63	63	\N
2196	1711	\N	64	64	\N
2197	1712	\N	65	65	\N
2198	1713	\N	66	66	\N
2199	1714	\N	67	67	\N
2200	1715	\N	68	68	\N
2201	1716	\N	69	69	\N
2202	1717	\N	70	70	\N
2203	1718	\N	71	71	\N
2204	1719	\N	72	72	\N
2205	1720	\N	73	73	\N
2206	1721	\N	74	74	\N
2207	1722	\N	75	75	\N
2208	1723	\N	76	76	\N
2209	1724	\N	77	77	\N
2210	1725	\N	78	78	\N
2211	1726	\N	79	79	\N
2212	1727	\N	80	80	\N
2213	1728	\N	81	81	\N
2214	1729	\N	82	82	\N
2215	1730	\N	83	83	\N
2216	1672	\N	86	86	\N
2217	1670	\N	87	87	\N
2218	1674	\N	88	88	\N
2219	1676	\N	89	89	\N
2220	1678	\N	90	90	\N
2221	1681	\N	91	91	\N
2222	1685	\N	92	92	\N
2223	1687	\N	93	93	\N
2224	1692	\N	94	94	\N
2225	1693	\N	95	95	\N
2226	1733	\N	96	96	\N
2227	1734	\N	97	97	\N
2228	1741	\N	98	98	\N
2229	1684	\N	99	99	\N
2230	1742	\N	102	102	\N
2231	1743	\N	103	103	\N
2232	1744	\N	104	104	\N
2233	1762	\N	105	105	\N
2234	1747	\N	106	106	\N
2235	1749	\N	107	107	\N
2236	1750	\N	108	108	\N
2237	1751	\N	109	109	\N
2238	1752	\N	110	110	\N
2239	1753	\N	111	111	\N
2240	1754	\N	112	112	\N
2241	1755	\N	113	113	\N
2242	1696	\N	114	114	\N
2243	1757	\N	115	115	\N
2244	1758	\N	116	116	\N
2245	1759	\N	117	117	\N
2246	1760	\N	118	118	\N
2247	1764	\N	119	119	\N
2248	1763	\N	120	120	\N
2249	1777	\N	121	121	\N
2250	1766	\N	122	122	\N
2251	1767	\N	123	123	\N
2252	1771	\N	124	124	\N
2253	1772	\N	125	125	\N
2254	1773	\N	126	126	\N
2255	1774	\N	127	127	\N
2256	1775	\N	128	128	\N
2257	1776	\N	129	129	\N
2258	1807	\N	130	130	\N
2259	1799	\N	131	131	\N
2260	1778	\N	132	132	\N
2261	1780	\N	133	133	\N
2262	1781	\N	134	134	\N
2263	1782	\N	135	135	\N
2264	1784	\N	136	136	\N
2265	1786	\N	137	137	\N
2266	1787	\N	138	138	\N
2267	1788	\N	139	139	\N
2268	1789	\N	140	140	\N
2269	1793	\N	141	141	\N
2270	1795	\N	142	142	\N
2271	1796	\N	143	143	\N
2272	1769	\N	144	144	\N
2273	1798	\N	145	145	\N
2274	1801	\N	146	146	\N
2275	1804	\N	147	147	\N
2276	1806	\N	148	148	\N
2277	1808	\N	149	149	\N
2278	1809	\N	150	150	\N
2279	1810	\N	151	151	\N
2280	1815	\N	152	152	\N
2281	1816	\N	153	153	\N
2282	1822	\N	154	154	\N
2283	1668	\N	155	155	\N
2284	1689	\N	156	156	\N
2285	1732	\N	157	157	\N
2286	1735	\N	158	158	\N
2287	1745	\N	159	159	\N
2288	1746	\N	160	160	\N
2289	1748	\N	161	161	\N
2290	1756	\N	162	162	\N
2291	1761	\N	163	163	\N
2292	1765	\N	164	164	\N
2293	1768	\N	165	165	\N
2294	1770	\N	166	166	\N
2295	1785	\N	167	167	\N
2296	1737	\N	168	168	\N
2297	1738	\N	169	169	\N
2298	1739	\N	170	170	\N
2299	1666	\N	171	171	\N
2300	1667	\N	172	172	\N
2301	1740	\N	173	173	\N
2302	\N	121	38	38	\N
2303	\N	121	42	42	\N
2304	\N	121	43	43	\N
2305	\N	121	44	44	\N
2306	\N	121	45	45	\N
2307	\N	121	184	184	\N
2308	\N	121	185	185	\N
2309	\N	121	186	186	\N
2310	\N	121	189	189	\N
2311	\N	121	190	190	\N
2312	\N	121	191	191	\N
2313	\N	121	192	192	\N
2314	\N	121	193	193	\N
2315	\N	124	187	187	\N
2316	\N	124	188	188	\N
2317	\N	122	194	194	\N
2318	\N	122	195	195	\N
2319	\N	122	196	196	\N
2320	\N	122	197	197	\N
2321	\N	122	198	198	\N
2322	\N	122	199	199	\N
2323	\N	123	200	200	\N
2324	\N	123	201	201	\N
2325	\N	123	202	202	\N
2326	\N	123	203	203	\N
2327	\N	123	204	204	\N
2328	\N	123	205	205	\N
2329	\N	123	206	206	\N
2330	\N	123	207	207	\N
2331	\N	123	208	208	\N
2332	\N	125	210	210	\N
2333	\N	125	211	211	\N
2334	\N	125	212	212	\N
2335	\N	125	213	213	\N
2336	\N	125	214	214	\N
2337	\N	125	215	215	\N
2338	\N	125	216	216	\N
2339	\N	124	318	318	\N
2340	\N	124	319	319	\N
2341	\N	124	320	320	\N
2342	\N	124	321	321	\N
2343	\N	124	322	322	\N
2344	\N	124	323	323	\N
2345	\N	124	324	324	\N
2346	\N	124	325	325	\N
2347	\N	126	326	326	\N
2348	\N	126	327	327	\N
2349	\N	127	328	328	\N
2350	\N	127	329	329	\N
2351	\N	126	330	330	\N
2352	\N	126	331	331	\N
2353	\N	126	332	332	\N
2354	\N	126	333	333	\N
2355	\N	126	334	334	\N
2356	\N	126	335	335	\N
2357	\N	126	336	336	\N
2358	\N	126	337	337	\N
2359	\N	126	338	338	\N
2360	\N	126	339	339	\N
2361	\N	127	342	342	\N
2362	\N	120	343	343	\N
2363	\N	120	344	344	\N
2364	\N	120	345	345	\N
2365	\N	120	346	346	\N
2366	\N	120	347	347	\N
2367	\N	120	348	348	\N
2368	\N	120	349	349	\N
2369	\N	120	350	350	\N
2370	\N	120	351	351	\N
2371	\N	120	352	352	\N
2372	\N	120	353	353	\N
2373	\N	120	354	354	\N
2374	\N	127	365	365	\N
2375	\N	127	366	366	\N
2376	\N	127	367	367	\N
2377	\N	127	368	368	\N
2378	\N	127	369	369	\N
2379	\N	127	370	370	\N
2380	\N	127	371	371	\N
2381	\N	127	372	372	\N
2382	\N	127	373	373	\N
2383	\N	127	374	374	\N
2384	\N	127	375	375	\N
2385	\N	120	378	378	\N
2386	\N	120	381	381	\N
2387	\N	120	382	382	\N
2388	\N	128	541	541	\N
2389	\N	128	542	542	\N
2390	\N	128	543	543	\N
2391	\N	128	544	544	\N
2392	\N	128	545	545	\N
2393	1856	\N	36	36	\N
2394	1846	\N	37	37	\N
2395	1857	\N	39	39	\N
2396	1858	\N	40	40	\N
2397	1859	\N	41	41	\N
2398	1831	\N	46	46	\N
2399	1829	\N	47	47	\N
2400	1833	\N	48	48	\N
2401	1838	\N	49	49	\N
2402	1840	\N	50	50	\N
2403	1841	\N	51	51	\N
2404	1844	\N	61	61	\N
2405	1865	\N	62	62	\N
2406	1866	\N	63	63	\N
2407	1869	\N	64	64	\N
2408	1870	\N	65	65	\N
2409	1871	\N	66	66	\N
2410	1872	\N	67	67	\N
2411	1873	\N	68	68	\N
2412	1874	\N	69	69	\N
2413	1875	\N	70	70	\N
2414	1876	\N	71	71	\N
2415	1877	\N	72	72	\N
2416	1878	\N	73	73	\N
2417	1879	\N	74	74	\N
2418	1880	\N	75	75	\N
2419	1881	\N	76	76	\N
2420	1882	\N	77	77	\N
2421	1883	\N	78	78	\N
2422	1884	\N	79	79	\N
2423	1885	\N	80	80	\N
2424	1886	\N	81	81	\N
2425	1887	\N	82	82	\N
2426	1888	\N	83	83	\N
2427	1830	\N	86	86	\N
2428	1828	\N	87	87	\N
2429	1832	\N	88	88	\N
2430	1834	\N	89	89	\N
2431	1836	\N	90	90	\N
2432	1839	\N	91	91	\N
2433	1843	\N	92	92	\N
2434	1845	\N	93	93	\N
2435	1850	\N	94	94	\N
2436	1851	\N	95	95	\N
2437	1891	\N	96	96	\N
2438	1892	\N	97	97	\N
2439	1899	\N	98	98	\N
2440	1842	\N	99	99	\N
2441	1900	\N	102	102	\N
2442	1901	\N	103	103	\N
2443	1902	\N	104	104	\N
2444	1920	\N	105	105	\N
2445	1905	\N	106	106	\N
2446	1907	\N	107	107	\N
2447	1908	\N	108	108	\N
2448	1909	\N	109	109	\N
2449	1910	\N	110	110	\N
2450	1911	\N	111	111	\N
2451	1912	\N	112	112	\N
2452	1913	\N	113	113	\N
2453	1854	\N	114	114	\N
2454	1915	\N	115	115	\N
2455	1916	\N	116	116	\N
2456	1917	\N	117	117	\N
2457	1918	\N	118	118	\N
2458	1922	\N	119	119	\N
2459	1921	\N	120	120	\N
2460	1935	\N	121	121	\N
2461	1924	\N	122	122	\N
2462	1925	\N	123	123	\N
2463	1929	\N	124	124	\N
2464	1930	\N	125	125	\N
2465	1931	\N	126	126	\N
2466	1932	\N	127	127	\N
2467	1933	\N	128	128	\N
2468	1934	\N	129	129	\N
2469	1965	\N	130	130	\N
2470	1957	\N	131	131	\N
2471	1936	\N	132	132	\N
2472	1938	\N	133	133	\N
2473	1939	\N	134	134	\N
2474	1940	\N	135	135	\N
2475	1942	\N	136	136	\N
2476	1944	\N	137	137	\N
2477	1945	\N	138	138	\N
2478	1946	\N	139	139	\N
2479	1947	\N	140	140	\N
2480	1951	\N	141	141	\N
2481	1953	\N	142	142	\N
2482	1954	\N	143	143	\N
2483	1927	\N	144	144	\N
2484	1956	\N	145	145	\N
2485	1959	\N	146	146	\N
2486	1962	\N	147	147	\N
2487	1964	\N	148	148	\N
2488	1966	\N	149	149	\N
2489	1967	\N	150	150	\N
2490	1968	\N	151	151	\N
2491	1973	\N	152	152	\N
2492	1974	\N	153	153	\N
2493	1980	\N	154	154	\N
2494	1826	\N	155	155	\N
2495	1847	\N	156	156	\N
2496	1890	\N	157	157	\N
2497	1893	\N	158	158	\N
2498	1903	\N	159	159	\N
2499	1904	\N	160	160	\N
2500	1906	\N	161	161	\N
2501	1914	\N	162	162	\N
2502	1919	\N	163	163	\N
2503	1923	\N	164	164	\N
2504	1926	\N	165	165	\N
2505	1928	\N	166	166	\N
2506	1943	\N	167	167	\N
2507	1895	\N	168	168	\N
2508	1896	\N	169	169	\N
2509	1897	\N	170	170	\N
2510	1824	\N	171	171	\N
2511	1825	\N	172	172	\N
2512	1898	\N	173	173	\N
2513	\N	130	38	38	\N
2514	\N	130	42	42	\N
2515	\N	130	43	43	\N
2516	\N	130	44	44	\N
2517	\N	130	45	45	\N
2518	\N	130	184	184	\N
2519	\N	130	185	185	\N
2520	\N	130	186	186	\N
2521	\N	130	189	189	\N
2522	\N	130	190	190	\N
2523	\N	130	191	191	\N
2524	\N	130	192	192	\N
2525	\N	130	193	193	\N
2526	\N	133	187	187	\N
2527	\N	133	188	188	\N
2528	\N	131	194	194	\N
2529	\N	131	195	195	\N
2530	\N	131	196	196	\N
2531	\N	131	197	197	\N
2532	\N	131	198	198	\N
2533	\N	131	199	199	\N
2534	\N	132	200	200	\N
2535	\N	132	201	201	\N
2536	\N	132	202	202	\N
2537	\N	132	203	203	\N
2538	\N	132	204	204	\N
2539	\N	132	205	205	\N
2540	\N	132	206	206	\N
2541	\N	132	207	207	\N
2542	\N	132	208	208	\N
2543	\N	134	210	210	\N
2544	\N	134	211	211	\N
2545	\N	134	212	212	\N
2546	\N	134	213	213	\N
2547	\N	134	214	214	\N
2548	\N	134	215	215	\N
2549	\N	134	216	216	\N
2550	\N	133	318	318	\N
2551	\N	133	319	319	\N
2552	\N	133	320	320	\N
2553	\N	133	321	321	\N
2554	\N	133	322	322	\N
2555	\N	133	323	323	\N
2556	\N	133	324	324	\N
2557	\N	133	325	325	\N
2558	\N	135	326	326	\N
2559	\N	135	327	327	\N
2560	\N	136	328	328	\N
2561	\N	136	329	329	\N
2562	\N	135	330	330	\N
2563	\N	135	331	331	\N
2564	\N	135	332	332	\N
2565	\N	135	333	333	\N
2566	\N	135	334	334	\N
2567	\N	135	335	335	\N
2568	\N	135	336	336	\N
2569	\N	135	337	337	\N
2570	\N	135	338	338	\N
2571	\N	135	339	339	\N
2572	\N	136	342	342	\N
2573	\N	129	343	343	\N
2574	\N	129	344	344	\N
2575	\N	129	345	345	\N
2576	\N	129	346	346	\N
2577	\N	129	347	347	\N
2578	\N	129	348	348	\N
2579	\N	129	349	349	\N
2580	\N	129	350	350	\N
2581	\N	129	351	351	\N
2582	\N	129	352	352	\N
2583	\N	129	353	353	\N
2584	\N	129	354	354	\N
2585	\N	136	365	365	\N
2586	\N	136	366	366	\N
2587	\N	136	367	367	\N
2588	\N	136	368	368	\N
2589	\N	136	369	369	\N
2590	\N	136	370	370	\N
2591	\N	136	371	371	\N
2592	\N	136	372	372	\N
2593	\N	136	373	373	\N
2594	\N	136	374	374	\N
2595	\N	136	375	375	\N
2596	\N	129	378	378	\N
2597	\N	129	381	381	\N
2598	\N	129	382	382	\N
2599	\N	137	541	541	\N
2600	\N	137	542	542	\N
2601	\N	137	543	543	\N
2602	\N	137	544	544	\N
2603	\N	137	545	545	\N
2604	1985	\N	174	174	\N
2605	1988	\N	175	175	\N
2606	1993	\N	176	176	\N
2607	2015	\N	177	177	\N
2608	2016	\N	178	178	\N
2609	2017	\N	179	179	\N
2610	2018	\N	180	180	\N
2611	2019	\N	181	181	\N
2612	2020	\N	182	182	\N
2613	2021	\N	183	183	\N
2614	2014	\N	209	209	\N
2615	2011	\N	217	217	\N
2616	2022	\N	218	218	\N
2617	2083	\N	219	219	\N
2618	1983	\N	220	220	\N
2619	1989	\N	221	221	\N
2620	1991	\N	222	222	\N
2621	1997	\N	223	223	\N
2622	2000	\N	224	224	\N
2623	2002	\N	225	225	\N
2624	1987	\N	226	226	\N
2625	1996	\N	227	227	\N
2626	2001	\N	228	228	\N
2627	2003	\N	229	229	\N
2628	1990	\N	230	230	\N
2629	1999	\N	231	231	\N
2630	2005	\N	232	232	\N
2631	1995	\N	233	233	\N
2632	2004	\N	234	234	\N
2633	1998	\N	235	235	\N
2634	1982	\N	236	236	\N
2635	1986	\N	237	237	\N
2636	2006	\N	238	238	\N
2637	2007	\N	239	239	\N
2638	2008	\N	240	240	\N
2639	2009	\N	241	241	\N
2640	2010	\N	242	242	\N
2641	2024	\N	243	243	\N
2642	2027	\N	244	244	\N
2643	2029	\N	245	245	\N
2644	2033	\N	246	246	\N
2645	2034	\N	247	247	\N
2646	2036	\N	248	248	\N
2647	2039	\N	249	249	\N
2648	2041	\N	250	250	\N
2649	2044	\N	251	251	\N
2650	2012	\N	252	252	\N
2651	2023	\N	253	253	\N
2652	2028	\N	254	254	\N
2653	2032	\N	255	255	\N
2654	2035	\N	256	256	\N
2655	2040	\N	257	257	\N
2656	2043	\N	258	258	\N
2657	2047	\N	259	259	\N
2658	2050	\N	260	260	\N
2659	2053	\N	261	261	\N
2660	2055	\N	262	262	\N
2661	2025	\N	263	263	\N
2662	2031	\N	264	264	\N
2663	2038	\N	265	265	\N
2664	2045	\N	266	266	\N
2665	2049	\N	267	267	\N
2666	2054	\N	268	268	\N
2667	2057	\N	269	269	\N
2668	2013	\N	270	270	\N
2669	2030	\N	271	271	\N
2670	2042	\N	272	272	\N
2671	2051	\N	273	273	\N
2672	2056	\N	274	274	\N
2673	2060	\N	275	275	\N
2674	2037	\N	276	276	\N
2675	2052	\N	277	277	\N
2676	2059	\N	278	278	\N
2677	2026	\N	279	279	\N
2678	2048	\N	280	280	\N
2679	2061	\N	281	281	\N
2680	2046	\N	282	282	\N
2681	2062	\N	283	283	\N
2682	2058	\N	284	284	\N
2683	2065	\N	285	285	\N
2684	2064	\N	286	286	\N
2685	2063	\N	287	287	\N
2686	2066	\N	288	288	\N
2687	2067	\N	289	289	\N
2688	2068	\N	290	290	\N
2689	2069	\N	291	291	\N
2690	2070	\N	292	292	\N
2691	2074	\N	293	293	\N
2692	2075	\N	294	294	\N
2693	2077	\N	295	295	\N
2694	2079	\N	296	296	\N
2695	2081	\N	297	297	\N
2696	2088	\N	298	298	\N
2697	2089	\N	299	299	\N
2698	2090	\N	300	300	\N
2699	2091	\N	301	301	\N
2700	2092	\N	302	302	\N
2701	2093	\N	303	303	\N
2702	2094	\N	304	304	\N
2703	2096	\N	305	305	\N
2704	2073	\N	306	306	\N
2705	2076	\N	307	307	\N
2706	2080	\N	308	308	\N
2707	2084	\N	309	309	\N
2708	2085	\N	310	310	\N
2709	2086	\N	311	311	\N
2710	2087	\N	312	312	\N
2711	2095	\N	313	313	\N
2712	2097	\N	314	314	\N
2713	2098	\N	315	315	\N
2714	2072	\N	316	316	\N
2715	2078	\N	317	317	\N
2716	\N	139	548	554	\N
2717	\N	140	340	340	\N
2718	\N	140	341	341	\N
2719	\N	140	355	355	\N
2720	\N	140	356	356	\N
2721	\N	140	357	357	\N
2722	\N	140	358	358	\N
2723	\N	140	359	359	\N
2724	\N	140	360	360	\N
2725	\N	141	361	361	\N
2726	\N	141	362	362	\N
2727	\N	141	363	363	\N
2728	\N	142	364	364	\N
2729	\N	142	376	376	\N
2730	\N	142	377	377	\N
2731	\N	142	379	379	\N
2732	\N	142	380	380	\N
2733	\N	142	383	383	\N
2734	\N	142	384	384	\N
2735	\N	143	385	385	\N
2736	\N	143	386	386	\N
2737	\N	141	387	387	\N
2738	\N	141	388	388	\N
2739	\N	141	389	389	\N
2740	\N	141	390	390	\N
2741	\N	141	391	391	\N
2742	\N	141	392	392	\N
2743	\N	141	393	393	\N
2744	\N	141	394	394	\N
2745	\N	143	395	395	\N
2746	\N	141	396	396	\N
2747	\N	143	397	397	\N
2748	\N	143	398	398	\N
2749	\N	143	399	399	\N
2750	\N	143	400	400	\N
2751	\N	143	401	401	\N
2752	\N	143	402	402	\N
2753	\N	143	403	403	\N
2754	\N	144	404	404	\N
2755	\N	144	405	405	\N
2756	\N	144	406	406	\N
2757	\N	144	407	407	\N
2758	\N	144	408	408	\N
2759	\N	144	409	409	\N
2760	\N	144	410	410	\N
2761	\N	144	411	411	\N
2762	\N	144	412	412	\N
2763	\N	144	413	413	\N
2764	\N	145	414	414	\N
2765	\N	145	415	415	\N
2766	\N	145	416	416	\N
2767	\N	145	417	417	\N
2768	\N	145	418	418	\N
2769	\N	145	419	419	\N
2770	\N	145	420	420	\N
2771	\N	145	421	421	\N
2772	\N	145	430	430	\N
2773	\N	145	431	431	\N
2774	\N	145	432	432	\N
2775	\N	145	433	433	\N
2776	\N	145	434	434	\N
2777	\N	145	435	435	\N
2778	\N	145	436	436	\N
2779	\N	145	438	438	\N
2780	\N	145	447	447	\N
2781	\N	145	448	448	\N
2782	\N	145	449	449	\N
2783	\N	145	450	450	\N
2784	\N	145	451	451	\N
2785	\N	145	453	453	\N
2786	\N	139	546	546	\N
2787	\N	139	547	547	\N
2788	2103	\N	174	174	\N
2789	2106	\N	175	175	\N
2790	2111	\N	176	176	\N
2791	2133	\N	177	177	\N
2792	2134	\N	178	178	\N
2793	2135	\N	179	179	\N
2794	2136	\N	180	180	\N
2795	2137	\N	181	181	\N
2796	2138	\N	182	182	\N
2797	2139	\N	183	183	\N
2798	2132	\N	209	209	\N
2799	2129	\N	217	217	\N
2800	2140	\N	218	218	\N
2801	2201	\N	219	219	\N
2802	2101	\N	220	220	\N
2803	2107	\N	221	221	\N
2804	2109	\N	222	222	\N
2805	2115	\N	223	223	\N
2806	2118	\N	224	224	\N
2807	2120	\N	225	225	\N
2808	2105	\N	226	226	\N
2809	2114	\N	227	227	\N
2810	2119	\N	228	228	\N
2811	2121	\N	229	229	\N
2812	2108	\N	230	230	\N
2813	2117	\N	231	231	\N
2814	2123	\N	232	232	\N
2815	2113	\N	233	233	\N
2816	2122	\N	234	234	\N
2817	2116	\N	235	235	\N
2818	2100	\N	236	236	\N
2819	2104	\N	237	237	\N
2820	2124	\N	238	238	\N
2821	2125	\N	239	239	\N
2822	2126	\N	240	240	\N
2823	2127	\N	241	241	\N
2824	2128	\N	242	242	\N
2825	2142	\N	243	243	\N
2826	2145	\N	244	244	\N
2827	2147	\N	245	245	\N
2828	2151	\N	246	246	\N
2829	2152	\N	247	247	\N
2830	2154	\N	248	248	\N
2831	2157	\N	249	249	\N
2832	2159	\N	250	250	\N
2833	2162	\N	251	251	\N
2834	2130	\N	252	252	\N
2835	2141	\N	253	253	\N
2836	2146	\N	254	254	\N
2837	2150	\N	255	255	\N
2838	2153	\N	256	256	\N
2839	2158	\N	257	257	\N
2840	2161	\N	258	258	\N
2841	2165	\N	259	259	\N
2842	2168	\N	260	260	\N
2843	2171	\N	261	261	\N
2844	2173	\N	262	262	\N
2845	2143	\N	263	263	\N
2846	2149	\N	264	264	\N
2847	2156	\N	265	265	\N
2848	2163	\N	266	266	\N
2849	2167	\N	267	267	\N
2850	2172	\N	268	268	\N
2851	2175	\N	269	269	\N
2852	2131	\N	270	270	\N
2853	2148	\N	271	271	\N
2854	2160	\N	272	272	\N
2855	2169	\N	273	273	\N
2856	2174	\N	274	274	\N
2857	2178	\N	275	275	\N
2858	2155	\N	276	276	\N
2859	2170	\N	277	277	\N
2860	2177	\N	278	278	\N
2861	2144	\N	279	279	\N
2862	2166	\N	280	280	\N
2863	2179	\N	281	281	\N
2864	2164	\N	282	282	\N
2865	2180	\N	283	283	\N
2866	2176	\N	284	284	\N
2867	2183	\N	285	285	\N
2868	2182	\N	286	286	\N
2869	2181	\N	287	287	\N
2870	2184	\N	288	288	\N
2871	2185	\N	289	289	\N
2872	2186	\N	290	290	\N
2873	2187	\N	291	291	\N
2874	2188	\N	292	292	\N
2875	2192	\N	293	293	\N
2876	2193	\N	294	294	\N
2877	2195	\N	295	295	\N
2878	2197	\N	296	296	\N
2879	2199	\N	297	297	\N
2880	2206	\N	298	298	\N
2881	2207	\N	299	299	\N
2882	2208	\N	300	300	\N
2883	2209	\N	301	301	\N
2884	2210	\N	302	302	\N
2885	2211	\N	303	303	\N
2886	2212	\N	304	304	\N
2887	2214	\N	305	305	\N
2888	2191	\N	306	306	\N
2889	2194	\N	307	307	\N
2890	2198	\N	308	308	\N
2891	2202	\N	309	309	\N
2892	2203	\N	310	310	\N
2893	2204	\N	311	311	\N
2894	2205	\N	312	312	\N
2895	2213	\N	313	313	\N
2896	2215	\N	314	314	\N
2897	2216	\N	315	315	\N
2898	2190	\N	316	316	\N
2899	2196	\N	317	317	\N
2900	\N	146	453	555	\N
2901	\N	147	548	554	\N
2902	\N	148	340	340	\N
2903	\N	148	341	341	\N
2904	\N	148	355	355	\N
2905	\N	148	356	356	\N
2906	\N	148	357	357	\N
2907	\N	148	358	358	\N
2908	\N	148	359	359	\N
2909	\N	148	360	360	\N
2910	\N	149	361	361	\N
2911	\N	149	362	362	\N
2912	\N	149	363	363	\N
2913	\N	150	364	364	\N
2914	\N	150	376	376	\N
2915	\N	150	377	377	\N
2916	\N	150	379	379	\N
2917	\N	150	380	380	\N
2918	\N	150	383	383	\N
2919	\N	150	384	384	\N
2920	\N	151	385	385	\N
2921	\N	151	386	386	\N
2922	\N	149	387	387	\N
2923	\N	149	388	388	\N
2924	\N	149	389	389	\N
2925	\N	149	390	390	\N
2926	\N	149	391	391	\N
2927	\N	149	392	392	\N
2928	\N	149	393	393	\N
2929	\N	149	394	394	\N
2930	\N	151	395	395	\N
2931	\N	149	396	396	\N
2932	\N	151	397	397	\N
2933	\N	151	398	398	\N
2934	\N	151	399	399	\N
2935	\N	151	400	400	\N
2936	\N	151	401	401	\N
2937	\N	151	402	402	\N
2938	\N	151	403	403	\N
2939	\N	152	404	404	\N
2940	\N	152	405	405	\N
2941	\N	152	406	406	\N
2942	\N	152	407	407	\N
2943	\N	152	408	408	\N
2944	\N	152	409	409	\N
2945	\N	152	410	410	\N
2946	\N	152	411	411	\N
2947	\N	152	412	412	\N
2948	\N	152	413	413	\N
2949	\N	146	414	414	\N
2950	\N	146	415	415	\N
2951	\N	146	416	416	\N
2952	\N	146	417	417	\N
2953	\N	146	418	418	\N
2954	\N	146	419	419	\N
2955	\N	146	420	420	\N
2956	\N	146	421	421	\N
2957	\N	146	430	430	\N
2958	\N	146	431	431	\N
2959	\N	146	432	432	\N
2960	\N	146	433	433	\N
2961	\N	146	434	434	\N
2962	\N	146	435	435	\N
2963	\N	146	436	436	\N
2964	\N	146	438	438	\N
2965	\N	146	447	447	\N
2966	\N	146	448	448	\N
2967	\N	146	449	449	\N
2968	\N	146	450	450	\N
2969	\N	146	451	451	\N
2970	\N	147	546	546	\N
2971	\N	147	547	547	\N
\.


--
-- Data for Name: role; Type: TABLE DATA; Schema: public; Owner: dev_service_user
--

COPY public.role (id, deletion_date, name, is_custom, company_id) FROM stdin;
1	\N	Company Owner	f	\N
2	\N	Company HR Viewer	f	\N
3	\N	Company Role Manager	f	\N
4	\N	Company User	f	\N
5	\N	CUSTOM [company_id: 2 (EPISTOGRAM)]	t	2
\.


--
-- Data for Name: role_activity_bridge; Type: TABLE DATA; Schema: public; Owner: dev_service_user
--

COPY public.role_activity_bridge (id, role_id, activity_id) FROM stdin;
1	2	3
\.


--
-- Data for Name: role_assignment_bridge; Type: TABLE DATA; Schema: public; Owner: dev_service_user
--

COPY public.role_assignment_bridge (id, role_id, assignee_user_id, assignee_company_id, context_company_id) FROM stdin;
1	4	\N	1	1
2	4	\N	2	2
3	4	18	\N	2
4	1	18	\N	2
5	4	8	\N	2
9	4	2	\N	1
10	1	2	\N	1
11	2	2	\N	1
12	3	2	\N	1
13	4	36	\N	2
14	4	37	\N	2
15	1	37	\N	2
16	1	38	\N	4
17	2	38	\N	4
18	3	38	\N	4
19	4	38	\N	4
20	4	40	\N	2
21	1	41	\N	4
22	2	41	\N	4
23	3	41	\N	4
24	4	41	\N	4
25	1	43	\N	4
26	2	43	\N	4
27	3	43	\N	4
28	4	43	\N	4
29	1	45	\N	4
30	2	45	\N	4
31	3	45	\N	4
32	4	45	\N	4
33	1	47	\N	4
34	2	47	\N	4
35	3	47	\N	4
36	4	47	\N	4
\.


--
-- Data for Name: role_permission_bridge; Type: TABLE DATA; Schema: public; Owner: dev_service_user
--

COPY public.role_permission_bridge (id, role_id, permission_id) FROM stdin;
1	1	8
2	1	7
3	1	6
4	1	3
5	1	21
6	1	11
7	3	3
8	3	7
9	3	8
10	3	6
11	4	19
13	2	41
14	1	41
\.


--
-- Data for Name: shop_item; Type: TABLE DATA; Schema: public; Owner: dev_service_user
--

COPY public.shop_item (id, name, purchase_limit, details_url, coin_price, currency_price, shop_item_category_id, cover_file_id, course_id, discount_codes_id) FROM stdin;
1	WINDOWS 11 PRO (RETAIL) - 50% kedvezmny	999	https://szoftverkulcsok.hu/shop/windows-11-pro-retail/	500	0	2	459	\N	\N
2	Windows 10 PRO 32/64 bit (RETAIL) - 50% kedvezmny	999	https://szoftverkulcsok.hu/shop/windows-10-pro-32-64-bit-retail/	500	0	2	460	\N	\N
3	Enigma Design Lab kedvezmnyes marketing szolgltatsok  	999	https://enigmadesignlab.com/epistogram/	990	0	6	461	\N	\N
4	Budapest Cellulite Massage - 15% kedvezmny az sszes brletre	988	https://instagram.com/cellulitmasszazs	500	0	6	462	\N	\N
5	Microsoft Office 2019 Professional Plus - 50% kedvezmny kupon	997	https://szoftverkulcsok.hu/shop/microsoft-office-2019-professional-plus/	500	0	2	463	\N	\N
6	e-cegem.hu 50% kedvezmny egyedi logtervezsre	999	https://e-cegem.hu	499	0	3	464	\N	\N
7	e-cegem.hu 20% kedvezmny az sszes weboldal csomagra	999	https://e-cegem.hu	300	0	6	465	\N	\N
\.


--
-- Data for Name: shop_item_category; Type: TABLE DATA; Schema: public; Owner: dev_service_user
--

COPY public.shop_item_category (id, name, shop_items_id) FROM stdin;
1	Prmium kurzusok	\N
2	Szoftverek, jtkok	\N
3	Fizikai termkek	\N
4	Digitlis mvszet - NFT	\N
5	lmny csomagok	\N
6	Egyb kedvezmnyek	\N
\.


--
-- Data for Name: storage_file; Type: TABLE DATA; Schema: public; Owner: dev_service_user
--

COPY public.storage_file (id, file_path) FROM stdin;
1	/daily_tip_videos/video_1.mp4
2	videos/video_1.mp4
3	videos/video_2.mp4
4	videos/video_3.m4v
5	videos/video_4.m4v
6	videos/video_5.m4v
7	videos/Excel/video6.mp4
8	videos/Excel/video4.mp4
9	videos/Excel/video5.mp4
10	videos/Excel/video7.mp4
11	videos/Excel/video8.mp4
12	videos/Excel/video9.mp4
13	videos/video_16_1635356359230.mp4
14	videos/video_19_1635357645570.mp4
15	videos/video_20_1635360304676.mp4
16	videos/video_14_1635361284711.mp4
17	videos/video_22_1635362870117.mp4
18	videos/video_15_1635368157925.mp4
19	videos/video_24_1635370562408.mp4
20	videos/video_25_1635370793321.mp4
21	videos/video_26_1635371990315.mp4
22	videos/video_27_1635403309043.mp4
23	videos/video_29_1635403683487.mp4
24	videos/video_28_1635403799107.mp4
25	videos/video_30_1635404029016.mp4
26	videos/video_31_1635404292829.mp4
27	videos/video_32_1635404767809.mp4
28	videos/video_33_1635405542242.mp4
29	videos/video_34_1635405681366.mp4
30	videos/video_35_1635405784640.mp4
31	videos/video_36_1635405883864.mp4
32	videos/video_37_1635406029938.mp4
33	videos/video_38_1635406780840.mp4
34	videos/video_39_1635407859429.mp4
35	videos/video_40_1635408388593.mp4
36	videos/video_41_1635411303803.mp4
37	videos/video_42_1635411420290.mp4
38	videos/video_45_1635430115696.mp4
39	videos/video_47_1635430594286.mp4
40	videos/video_46_1635430813636.mp4
41	videos/video_48_1635432060265.mp4
42	videos/video_49_1635432236559.mp4
43	videos/video_50_1635432512850.mp4
44	videos/video_44_1635678182003.mp4
45	videos/video_51_1635678978059.mp4
46	videos/video_52_1635834488203.mp4
47	videos/video_53_1635834637948.mp4
48	videos/video_54_1635835840234.mp4
49	videos/video_55_1635836802208.mp4
50	videos/video_56_1635837016714.mp4
51	videos/video_57_1635837351339.mp4
52	videos/video_58_1635837731261.mp4
53	videos/video_59_1635855327183.mp4
54	videos/video_60_1635856311858.mp4
55	videos/video_61_1635856375907.mp4
56	videos/video_62_1635858596076.mp4
57	videos/video_63_1635858714682.mp4
58	videos/video_64_1635871434839.mp4
59	videos/video_65_1635871512550.mp4
60	videos/video_66_1635871779344.mp4
61	videos/video_67_1635872375630.mp4
62	videos/video_68_1635872461945.mp4
63	videos/video_69_1635880651601.mp4
64	videos/video_70_1635880734585.mp4
65	videos/video_71_1635880858160.mp4
66	videos/video_72_1635881542329.mp4
67	videos/video_73_1635882737723.mp4
68	videos/video_74_1635882898351.mp4
69	videos/video_75_1635883029641.mp4
70	videos/video_76_1635883597854.mp4
71	videos/video_77_1635883669916.mp4
72	videos/video_78_1635884110048.mp4
73	videos/video_79_1635884258120.mp4
74	videos/video_80_1635884364662.mp4
75	videos/video_81_1635884497305.mp4
76	videos/video_82_1635884582817.mp4
77	videos/video_83_1635884641105.mp4
78	videos/video_84_1635884728692.mp4
79	videos/video_85_1635923599723.mp4
80	videos/video_86_1635923706936.mp4
81	videos/video_87_1635923761072.mp4
82	videos/video_89_1635923978301.mp4
83	videos/video_90_1635924019402.mp4
84	videos/video_88_1635924127291.mp4
85	videos/video_92_1635924154696.mp4
86	videos/video_91_1635924189653.mp4
87	videos/video_93_1635937267082.mp4
88	videos/video_94_1635937404720.mp4
89	videos/video_95_1635937618766.mp4
90	videos/video_96_1635937883264.mp4
91	videos/video_97_1635937916714.mp4
92	videos/video_98_1635937945943.mp4
93	videos/video_99_1635937979519.mp4
94	videos/video_100_1635938049083.mp4
95	videos/video_101_1635938151112.mp4
96	videos/video_102_1635938191716.mp4
97	videos/video_103_1635938279107.mp4
98	videos/video_104_1635938524021.mp4
99	videos/video_105_1635938580237.mp4
100	videos/video_106_1635938758920.mp4
101	videos/video_107_1635938819123.mp4
102	videos/video_108_1636025070186.mp4
103	videos/video_109_1636025187920.mp4
104	videos/video_110_1636025277553.mp4
105	videos/video_111_1636025356126.mp4
106	videos/video_112_1636025544751.mp4
107	videos/video_113_1636025636707.mp4
108	videos/video_114_1636025690178.mp4
109	videos/video_115_1636025811004.mp4
110	videos/video_116_1636025934868.mp4
111	videos/video_117_1636026114822.mp4
112	videos/video_118_1636026180263.mp4
113	videos/video_119_1636026253364.mp4
114	videos/video_120_1636026318217.mp4
115	videos/video_121_1636026383723.mp4
116	videos/video_122_1636026430111.mp4
117	videos/video_123_1636026494142.mp4
118	videos/video_124_1636026560817.mp4
119	videos/video_125_1636026621998.mp4
120	videos/video_127_1636026741727.mp4
121	videos/video_126_1636026835129.mp4
122	videos/video_128_1636026962359.mp4
123	videos/video_129_1636027012337.mp4
124	userAvatars/user_avatar_38_1637171730460.png
125	videos/video_130_1637172214302.mp4
126	videos/video_131_1637172509622.mp4
127	shop_item_cover_images/shop_item_cover_image_12_1642158978574..jpg
128	videos/video_132_1642182711523.mp4
129	videos/video_133_1642183297675.mp4
130	videos/video_134_1642183731290.mp4
131	videos/video_135_1642184061853.mp4
132	videos/video_136_1642184378622.mp4
133	videos/video_137_1642184642234.mp4
134	videos/video_138_1642184927006.mp4
135	videos/video_139_1642185170523.mp4
136	videos/video_140_1642185271020.mp4
137	videos/video_141_1642185458602.mp4
138	videos/video_142_1642185629615.mp4
139	videos/video_143_1642185742615.mp4
140	videos/video_144_1642185946368.mp4
141	videos/video_145_1642186064744.mp4
142	videos/video_147_1642186364638.mp4
143	videos/video_148_1642186569910.mp4
144	videos/video_149_1642187038157.mp4
145	videos/video_150_1642187231159.mp4
146	videos/video_152_1642187540819.mp4
147	videos/video_153_1642187725578.mp4
148	videos/video_154_1642187892005.mp4
149	videos/video_155_1642188039305.mp4
150	videos/video_156_1642188376633.mp4
151	videos/video_157_1642188533828.mp4
152	videos/video_158_1642188622593.mp4
153	videos/video_159_1642188766752.mp4
154	videos/video_160_1642188881549.mp4
155	videos/video_161_1642189182909.mp4
156	videos/video_163_1642189866139.mp4
157	videos/video_164_1642190028415.mp4
158	videos/video_165_1642190199308.mp4
159	videos/video_166_1642190357677.mp4
160	videos/video_167_1642190668031.mp4
161	videos/video_168_1642190845473.mp4
162	videos/video_169_1642193021023.mp4
163	videos/video_170_1642193159796.mp4
164	videos/video_171_1642193466018.mp4
165	videos/video_172_1642193657117.mp4
166	videos/video_173_1642193875418.mp4
167	videos/video_174_1642194213902.mp4
168	videos/video_175_1642194471107.mp4
169	videos/video_176_1642194602809.mp4
170	videos/video_177_1642194870629.mp4
171	videos/video_178_1642194996441.mp4
172	videos/video_179_1642195170739.mp4
173	videos/video_180_1642195304980.mp4
174	videos/video_181_1642195503032.mp4
175	videos/video_182_1642195630766.mp4
176	videos/video_183_1642195939369.mp4
177	videos/video_184_1642196096261.mp4
178	videos/video_185_1642196933012.mp4
179	videos/video_186_1642197078467.mp4
180	videos/video_187_1642197253869.mp4
181	videos/video_188_1642197412864.mp4
182	videos/video_189_1642197551704.mp4
183	videos/video_190_1642197761658.mp4
184	videos/video_191_1642197891521.mp4
185	videos/video_192_1642198129520.mp4
186	videos/video_193_1642198253013.mp4
187	videos/video_194_1642198523957.mp4
188	videos/video_195_1642198648757.mp4
189	videos/video_196_1642199045470.mp4
190	videos/video_197_1642199133521.mp4
191	videos/video_198_1642199318134.mp4
192	videos/video_199_1642199515473.mp4
193	videos/video_200_1642199671322.mp4
194	videos/video_201_1642199890060.mp4
195	videos/video_202_1642200026152.mp4
196	videos/video_203_1642200115761.mp4
197	videos/video_204_1642200242280.mp4
198	videos/video_205_1642200356750.mp4
199	videos/video_206_1642200529731.mp4
200	videos/video_207_1642200665240.mp4
201	videos/video_208_1642241285103.mp4
202	videos/video_209_1642241619840.mp4
203	videos/video_210_1642241792507.mp4
204	videos/video_211_1642242240030.mp4
205	videos/video_212_1642242468056.mp4
206	videos/video_213_1642242563433.mp4
207	videos/video_214_1642242704425.mp4
208	videos/video_215_1642242786972.mp4
209	videos/video_216_1642242913143.mp4
210	videos/video_217_1642243297406.mp4
211	videos/video_218_1642243408137.mp4
212	videos/video_219_1642243843576.mp4
213	videos/video_220_1642244094365.mp4
214	videos/video_221_1642244419748.mp4
215	videos/video_222_1642244567395.mp4
216	videos/video_223_1642244790641.mp4
217	videos/video_224_1642244931822.mp4
218	videos/video_225_1642245588720.mp4
219	videos/video_227_1642246131254.mp4
220	videos/video_228_1642246327656.mp4
221	videos/video_229_1642247167536.mp4
222	videos/video_230_1642247436670.mp4
223	videos/video_231_1642247544639.mp4
224	videos/video_232_1642247651400.mp4
225	videos/video_233_1642247739313.mp4
226	videos/video_234_1642247873311.mp4
227	videos/video_235_1642248257206.mp4
228	videos/video_236_1642248572416.mp4
229	videos/video_237_1642248769958.mp4
230	videos/video_238_1642248934593.mp4
231	videos/video_239_1642256074309.mp4
232	videos/video_240_1642256131419.mp4
233	videos/video_241_1642256507925.mp4
234	videos/video_242_1642256687410.mp4
235	videos/video_244_1642257047120.mp4
236	videos/video_245_1642257326634.mp4
237	videos/video_246_1642258771640.mp4
238	videos/video_247_1642259265423.mp4
239	videos/video_248_1642262913233.mp4
240	videos/video_249_1642263003329.mp4
241	videos/video_250_1642263178295.mp4
242	videos/video_251_1642263260244.mp4
243	videos/video_252_1642263383445.mp4
244	videos/video_253_1642263567275.mp4
245	videos/video_254_1642263733522.mp4
246	videos/video_255_1642263815324.mp4
247	videos/video_256_1642263944865.mp4
248	videos/video_257_1642264006161.mp4
249	shop_item_cover_images/shop_item_cover_image_12_1642264387986.jpg
250	shop_item_cover_images/shop_item_cover_image_14_1642264439823.jpg
251	videos/video_258_1642267152702.mp4
252	videos/video_259_1642267375717.mp4
253	videos/video_260_1642267455009.mp4
254	videos/video_261_1642267549269.mp4
255	videos/video_262_1642267707971.mp4
256	videos/video_263_1642268314222.mp4
257	videos/video_264_1642268401554.mp4
258	videos/video_265_1642268788686.mp4
259	videos/video_266_1642268878740.mp4
260	videos/video_267_1642268939134.mp4
261	videos/video_268_1642269036366.mp4
262	videos/video_269_1642269137882.mp4
263	videos/video_270_1642269198583.mp4
264	videos/video_271_1642269295114.mp4
265	videos/video_272_1642269399859.mp4
266	videos/video_273_1642269476842.mp4
267	videos/video_274_1642269825558.mp4
268	videos/video_275_1642269893620.mp4
269	videos/video_276_1642270004174.mp4
270	videos/video_277_1642270230499.mp4
271	videos/video_278_1642270346904.mp4
272	videos/video_279_1642270425352.mp4
273	videos/video_280_1642270494385.mp4
274	videos/video_281_1642270556826.mp4
275	videos/video_282_1642270643494.mp4
276	videos/video_283_1642270825951.mp4
277	videos/video_284_1642270949933.mp4
278	videos/video_285_1642271096747.mp4
279	videos/video_286_1642335717990.mp4
280	videos/video_287_1642335990069.mp4
281	videos/video_288_1642336367431.mp4
282	videos/video_290_1642337192197.mp4
283	videos/video_291_1642337713896.mp4
284	videos/video_292_1642338017243.mp4
285	videos/video_293_1642338180080.mp4
286	videos/video_294_1642338262571.mp4
287	videos/video_295_1642338404135.mp4
288	videos/video_296_1642343369958.mp4
289	videos/video_297_1642343546883.mp4
290	videos/video_298_1642343653385.mp4
291	videos/video_299_1642343733827.mp4
292	videos/video_300_1642343799126.mp4
293	videos/video_301_1642343851773.mp4
294	videos/video_302_1642343929387.mp4
295	videos/video_303_1642344009217.mp4
296	videos/video_304_1642344087713.mp4
297	videos/video_305_1642344146210.mp4
298	videos/video_306_1642344270306.mp4
299	videos/video_307_1642344458345.mp4
300	videos/video_308_1642344529913.mp4
301	videos/video_309_1642345852651.mp4
302	videos/video_310_1642345902339.mp4
303	videos/video_311_1642345989681.mp4
304	videos/video_312_1642346161566.mp4
305	videos/video_313_1642346296561.mp4
306	videos/video_314_1642346370721.mp4
307	videos/video_315_1642346472365.mp4
308	videos/video_316_1642346636021.mp4
309	videos/video_317_1642346785539.mp4
310	videos/video_318_1642346868042.mp4
311	videos/video_319_1642347051491.mp4
312	videos/video_320_1642347168663.mp4
313	videos/video_321_1642347330807.mp4
314	videos/video_322_1642347409915.mp4
315	videos/video_323_1642347484678.mp4
316	videos/video_324_1642347531991.mp4
317	videos/video_325_1642347593734.mp4
318	videos/video_326_1642347649531.mp4
319	videos/video_327_1642347765214.mp4
320	videos/video_328_1642348113103.mp4
321	videos/video_329_1642348258991.mp4
322	videos/video_330_1642348429933.mp4
323	videos/video_331_1642348587573.mp4
324	videos/video_332_1642348718828.mp4
325	videos/video_333_1642351814099.mp4
326	videos/video_334_1642351912057.mp4
327	videos/video_335_1642351988739.mp4
328	videos/video_336_1642357606070.mp4
329	videos/video_337_1642357911557.mp4
330	videos/video_338_1642357993433.mp4
331	videos/video_339_1642358108674.mp4
332	videos/video_340_1642358201725.mp4
333	videos/video_341_1642358277747.mp4
334	videos/video_342_1642358423017.mp4
335	videos/video_343_1642358562333.mp4
336	videos/video_344_1642358715360.mp4
337	videos/video_345_1642358821988.mp4
338	videos/video_346_1642359083698.mp4
339	videos/video_347_1642359161786.mp4
340	videos/video_348_1642359245534.mp4
341	videos/video_349_1642359437841.mp4
342	videos/video_350_1642359597763.mp4
343	videos/video_351_1642359743070.mp4
344	videos/video_352_1642359972226.mp4
345	videos/video_353_1642360073779.mp4
346	videos/video_354_1642360147706.mp4
347	videos/video_355_1642360225916.mp4
348	videos/video_356_1642360322955.mp4
349	videos/video_357_1642360405611.mp4
350	videos/video_358_1642360530696.mp4
351	videos/video_359_1642360621475.mp4
352	videos/video_360_1642360732454.mp4
353	videos/video_361_1642360800377.mp4
354	videos/video_362_1642360882891.mp4
355	videos/video_363_1642361027470.mp4
356	videos/video_364_1642361151335.mp4
357	videos/video_365_1642361276310.mp4
358	userAvatars/user_avatar_72_1642951805977.png
359	videos/video_366_1642961363636.mp4
360	videos/video_367_1643976432088.mp4
361	videos/video_368_1643977036996.mp4
362	videos/video_369_1643977126609.mp4
363	videos/video_370_1643977196749.mp4
364	videos/video_371_1643977446422.mp4
365	videos/video_372_1643977908325.mp4
366	videos/video_373_1643978122203.mp4
367	videos/video_374_1643978746142.mp4
368	videos/video_375_1643978822575.mp4
369	videos/video_376_1643979087729.mp4
370	videos/video_377_1643979212708.mp4
371	videos/video_378_1643979310682.mp4
372	videos/video_379_1643979457161.mp4
373	videos/video_380_1643979649177.mp4
374	videos/video_381_1643979846963.mp4
375	videos/video_382_1643980102087.mp4
376	videos/video_383_1643980260532.mp4
377	videos/video_384_1643980373580.mp4
378	videos/video_385_1643980653574.mp4
379	videos/video_386_1643980801225.mp4
380	videos/video_387_1643980901011.mp4
381	videos/video_388_1643981057322.mp4
382	videos/video_389_1643981495433.mp4
383	videos/video_390_1643981657799.mp4
384	videos/video_391_1643981907696.mp4
385	videos/video_392_1643981977804.mp4
386	videos/video_393_1643982116233.mp4
387	videos/video_395_1643982360578.mp4
388	videos/video_396_1643982460594.mp4
389	videos/video_397_1643982611751.mp4
390	videos/video_398_1643982699246.mp4
391	videos/video_399_1643982859660.mp4
392	videos/video_400_1643982979848.mp4
393	videos/video_401_1643983155515.mp4
394	videos/video_402_1643983281195.mp4
395	videos/video_403_1643983532166.mp4
396	videos/video_404_1643983674588.mp4
397	videos/video_405_1643983849099.mp4
398	videos/video_406_1643984026526.mp4
399	videos/video_407_1643984470590.mp4
400	videos/video_408_1643985296579.mp4
401	videos/video_409_1644012212820.mp4
402	videos/video_410_1644012469671.mp4
403	videos/video_411_1644012856055.mp4
404	videos/video_412_1644013264683.mp4
405	videos/video_413_1644015779105.mp4
406	videos/video_414_1644015949769.mp4
407	videos/video_415_1644016456777.mp4
408	videos/video_416_1644016571974.mp4
409	videos/video_417_1644019652482.mp4
410	videos/video_418_1644019772256.mp4
411	videos/video_419_1644019900054.mp4
412	videos/video_420_1644020602890.mp4
413	videos/video_421_1644020835914.mp4
414	videos/video_422_1644020935310.mp4
415	videos/video_423_1644021043296.mp4
416	videos/video_424_1644021306601.mp4
417	videos/video_425_1644021466460.mp4
418	videos/video_431_1644021842196.mp4
419	videos/video_432_1644022085258.mp4
420	videos/video_433_1644022279979.mp4
421	videos/video_434_1644022693554.mp4
422	videos/video_435_1644022811050.mp4
423	videos/video_437_1644023372887.mp4
424	videos/video_438_1644023637325.mp4
425	videos/video_439_1644023799414.mp4
426	videos/video_440_1644023871844.mp4
427	videos/video_441_1644057194956.mp4
428	videos/video_442_1644057411060.mp4
429	videos/video_443_1644057649236.mp4
430	videos/video_444_1644057766952.mp4
431	videos/video_445_1644058045060.mp4
432	videos/video_446_1644058120597.mp4
433	videos/video_447_1644058308489.mp4
434	videos/video_448_1644058605182.mp4
435	videos/video_449_1644058991220.mp4
436	videos/video_451_1644059402529.mp4
437	videos/video_452_1644059607716.mp4
438	videos/video_453_1644059750705.mp4
439	videos/video_454_1644059854356.mp4
440	videos/video_455_1644059987642.mp4
441	videos/video_456_1644060136985.mp4
442	videos/video_458_1644060567432.mp4
443	videos/video_459_1644060738835.mp4
444	videos/video_460_1644060875572.mp4
445	videos/video_461_1644060934869.mp4
446	videos/video_462_1644061027093.mp4
447	videos/video_463_1644061107757.mp4
448	videos/video_464_1644063784555.mp4
449	videos/video_465_1644064071854.mp4
450	videos/video_457_1644065042154.mp4
451	shop_item_cover_images/shop_item_cover_image_13_1644244524808.jpg
452	shop_item_cover_images/shop_item_cover_image_15_1644271334368.jpg
453	shop_item_cover_images/shop_item_cover_image_16_1644272124130.jpg
454	shop_item_cover_images/shop_item_cover_image_17_1644398843260.jpg
455	shop_item_cover_images/shop_item_cover_image_18_1644399045859.jpg
456	videos/video_466_1644657621356.mp4
457	videos/video_467_1644657953246.mp4
458	videos/video_467_1644657953246.mp4
459	/shop_item_cover_images/shop_item_cover_image_12_1642264387986.jpg
460	/shop_item_cover_images/shop_item_cover_image_13_1644244524808.jpg
461	/shop_item_cover_images/shop_item_cover_image_15_1644271334368.jpg
462	/shop_item_cover_images/shop_item_cover_image_16_1644272124130.jpg
463	/shop_item_cover_images/shop_item_cover_image_14_1642264439823.jpg
464	/shop_item_cover_images/shop_item_cover_image_17_1644398843260.jpg
465	/shop_item_cover_images/shop_item_cover_image_18_1644399045859.jpg
466	course_cover_container/course_cover_canva.png
467	course_cover_container/course_cover_cyber.jpg
468	course_cover_container/course_cover_pp.jpg
469	course_cover_container/course_cover_obs.jpg
470	course_cover_container/course_cover_insta.jpg
471	course_cover_container/course_cover_ads.jpg
472	course_cover_container/course_cover_li.jpg
473	course_cover_container/course_cover_py.jpg
474	course_cover_container/course_cover_excel.jpg
475	course_cover_container/course_cover_word.jpg
476	/loginScreen/loginbackground.png
477	/images/logo.png
478	company_logo_container/company_logo_3_1664877994934.jpg
479	company_logo_container/company_logo_3_1664878013196.jpg
480	company_cover_container/company_cover_3_1664878013518.jpg
481	company_logo_container/company_logo_3_1664878079503.jpg
482	company_cover_container/company_cover_3_1664878079824.jpg
483	company_logo_container/company_logo_3_1664878619910.jpg
484	company_cover_container/company_cover_3_1664878621921.jpg
485	company_logo_container/company_logo_3_1664878649026.jpg
486	company_cover_container/company_cover_3_1664878649270.jpg
487	video_file_container/video_file_893_1665139093924.jpg
488	video_file_container/video_file_894_1665210482100.jpg
489	company_logo_container/company_logo_3_1665305854840.jpg
490	company_cover_container/company_cover_3_1665305855159.jpg
491	company_logo_container/company_logo_3_1665305859980.jpg
492	company_cover_container/company_cover_3_1665305860186.jpg
493	company_logo_container/company_logo_4_1665678017606.jpg
494	company_cover_container/company_cover_4_1665678018052.jpg
495	company_logo_container/company_logo_4_1665678020319.jpg
496	company_cover_container/company_cover_4_1665678020638.jpg
497	company_logo_container/company_logo_4_1665678020997.jpg
498	company_logo_container/company_logo_4_1665678021194.jpg
499	company_cover_container/company_cover_4_1665678021226.jpg
500	company_logo_container/company_logo_4_1665678021461.jpg
501	company_logo_container/company_logo_4_1665678021567.jpg
502	company_cover_container/company_cover_4_1665678021700.jpg
503	company_logo_container/company_logo_4_1665678021836.jpg
504	company_cover_container/company_cover_4_1665678022084.jpg
505	company_cover_container/company_cover_4_1665678022420.jpg
506	company_cover_container/company_cover_4_1665678022728.jpg
507	company_logo_container/company_logo_4_1665679145924.jpg
\.


--
-- Data for Name: task; Type: TABLE DATA; Schema: public; Owner: dev_service_user
--

COPY public.task (id, name, due_data, objective, user_id) FROM stdin;
\.


--
-- Data for Name: teacher_info; Type: TABLE DATA; Schema: public; Owner: dev_service_user
--

COPY public.teacher_info (id, skills, course_count, video_count, student_count, rating, description, badges, user_id) FROM stdin;
1	Teaching, mostly	5	23	14	4	desc	badge1	1
\.


--
-- Data for Name: tempomat_adjustment_value; Type: TABLE DATA; Schema: public; Owner: dev_service_user
--

COPY public.tempomat_adjustment_value (id, min_value, max_value, tempomat_mode, prequiz_answer_id) FROM stdin;
1	20	60	auto	1
2	15	50	auto	2
3	10	40	auto	3
4	5	25	auto	4
5	10	40	balanced	1
6	5	30	balanced	2
7	0	20	balanced	3
8	0	15	balanced	4
\.


--
-- Data for Name: test_table; Type: TABLE DATA; Schema: public; Owner: dev_service_user
--

COPY public.test_table (aname) FROM stdin;
\.


--
-- Data for Name: test_table2; Type: TABLE DATA; Schema: public; Owner: dev_service_user
--

COPY public.test_table2 (aname) FROM stdin;
\.


--
-- Data for Name: typeorm_metadata; Type: TABLE DATA; Schema: public; Owner: dev_service_user
--

COPY public.typeorm_metadata (type, database, schema, "table", name, value) FROM stdin;
\.


--
-- Data for Name: user; Type: TABLE DATA; Schema: public; Owner: dev_service_user
--

COPY public."user" (id, deletion_date, creation_date, is_god, is_invitation_accepted, registration_type, is_trusted, email, username, first_name, last_name, phone_number, user_description, linked_in_url, password, refresh_token, reset_password_token, invitation_token, avatar_file_id, company_id, department_id, is_survey_required) FROM stdin;
18	\N	2022-10-05 14:46:17.606+00	f	t	Invitation	t	iylyrjsoielgzqnyvd@tmmwj.net		Bencenek	Test	\N	\N	\N	$2a$12$e76WZn2ugloqrCV.985MEeZ8mEkR6PhP9vx3Z4mE0HNIyjBqySMOa		\N	eyJhbGciOiJIUzI1NiIsInR5cCI6IkpXVCJ9.eyJ1c2VyRW1haWwiOiJpeWx5cmpzb2llbGd6cW55dmRAdG1td2oubmV0IiwiaWF0IjoxNjY0OTgxMTc3LCJleHAiOjE2NjU0MzgzNzd9.i_W-FQZLvqvaDn7ksQN54ibnTw1tkk0Kg16E06dKXmE	\N	2	26	t
21	\N	2022-10-06 08:29:12.559+00	f	t	Invitation	t	horvath.d@paqart.hu		Daniel	Horvath	\N	\N	\N	$2a$12$Rnzv0o8vOpqFP.XGAdqBcOkXL2.W2ss6ksyKtcqh3twhR7bf0e3Hu	eyJhbGciOiJIUzI1NiIsInR5cCI6IkpXVCJ9.eyJ1c2VySWQiOjIxLCJpYXQiOjE2NjUwNzIzNTIsImV4cCI6MTY2NTMzMTU1Mn0.JwUoiQ5B9a1oc2y6W3hGcYj8HWmHtkegICByu7o7EOk	\N	eyJhbGciOiJIUzI1NiIsInR5cCI6IkpXVCJ9.eyJ1c2VyRW1haWwiOiJob3J2YXRoLmRAcGFxYXJ0Lmh1IiwiaWF0IjoxNjY1MDQ0OTUyLCJleHAiOjE2NjU1MDIxNTJ9.EDg2vBopwHZ6-Wc8hBxc6-Q5CLrm6oHm1TPua_me5Ns	\N	2	26	t
6	2022-10-04 11:50:46.98	2022-10-04 10:26:18.631+00	f	f	Invitation	t	sttfdojahmtdqkouqs@tmmcv.com		Bruno	Kiss	\N	\N	\N	$2a$12$D9vm/KACP6UWS0guBBOQ.eaRQVeBR1SSnucZX5Gp5Vl4god5iomO2	\N	\N	eyJhbGciOiJIUzI1NiIsInR5cCI6IkpXVCJ9.eyJ1c2VyRW1haWwiOiJzdHRmZG9qYWhtdGRxa291cXNAdG1tY3YuY29tIiwiaWF0IjoxNjY0ODc5MTc4LCJleHAiOjE2NjUzMzYzNzh9.c4Y9uWY0L-wUFdtkKfxCHzI7l8oNZJ7Ouxho_B86LSM	\N	1	26	t
7	2022-10-04 11:50:54.734	2022-10-04 10:36:12.927+00	f	t	Invitation	t	uqqnaqdixksxszbnlq@tmmcv.net		Teszt	User	\N	\N	\N	$2a$12$qMfe06pFf6ljTWnJDmf6dedng31GpDZiwXIcpkF14CmK6ElnGm7yu	eyJhbGciOiJIUzI1NiIsInR5cCI6IkpXVCJ9.eyJ1c2VySWQiOjcsImlhdCI6MTY2NDg4MTIxOSwiZXhwIjoxNjY1MTQwNDE5fQ.Z2Ta-PBZyOuRaWM4M4nKeuoLW-hSa_qLCV-7_LuX2lg	\N	eyJhbGciOiJIUzI1NiIsInR5cCI6IkpXVCJ9.eyJ1c2VyRW1haWwiOiJ1cXFuYXFkaXhrc3hzemJubHFAdG1tY3YubmV0IiwiaWF0IjoxNjY0ODc5NzcyLCJleHAiOjE2NjUzMzY5NzJ9.FlzutsISk2PnS6RgpfSHjmj3KRjuwKV4kfv3vzeBTmM	\N	2	26	t
5	\N	2022-10-04 10:23:46.49+00	f	f	Invitation	t	egqohejgsisahoetin@tmmwj.com		Szubally	Brn	\N	\N	\N	$2a$12$mHKP2zcRczdp7mS58wLwk.abdWSFo9uTSJ2rgK8ZIV7ArA5GWMsae	\N	\N	eyJhbGciOiJIUzI1NiIsInR5cCI6IkpXVCJ9.eyJ1c2VyRW1haWwiOiJlZ3FvaGVqZ3Npc2Fob2V0aW5AdG1td2ouY29tIiwiaWF0IjoxNjY0ODc5MDI2LCJleHAiOjE2NjUzMzYyMjZ9.TVphIqt-3SvWoGBsTYcFaQ4GI9jpwIyOiZTjEh_uHkk	\N	3	26	t
14	\N	2022-10-04 18:30:47.313+00	f	t	Invitation	t	nbouyiivbjsfulxoum@tmmcv.net		TEszt	Utolso	\N	\N	\N	$2a$12$tq1Yd7anSMlEcI5cmIxFf.iV3H/yuEM8d32Tg0uJoRe2Y6f2uhjye		\N	eyJhbGciOiJIUzI1NiIsInR5cCI6IkpXVCJ9.eyJ1c2VyRW1haWwiOiJuYm91eWlpdmJqc2Z1bHhvdW1AdG1tY3YubmV0IiwiaWF0IjoxNjY0OTA4MjQ3LCJleHAiOjE2NjUzNjU0NDd9.wVQgmkyuNNVo_XIgwotMzHbPuAlbVivatTiDCMysa3Y	\N	2	26	t
12	\N	2022-10-04 15:50:59.01+00	f	t	Invitation	t	private@spenglermanfred.com		Manfrd	Spengler	\N	\N	\N	$2a$12$.Xh/1RnojqHjRcXjk/l/Xu6cFRohdXGZj5W85HwNNALqYi.fLfZOe		\N	eyJhbGciOiJIUzI1NiIsInR5cCI6IkpXVCJ9.eyJ1c2VyRW1haWwiOiJwcml2YXRlQHNwZW5nbGVybWFuZnJlZC5jb20iLCJpYXQiOjE2NjQ4OTg2NTksImV4cCI6MTY2NTM1NTg1OX0.LTmAjJvU_rfUf1Fqu80DYtVt1NOiaiLZLv9sJCKoG0w	\N	2	26	t
10	2022-10-04 15:50:25.568	2022-10-04 15:34:50.928+00	f	t	Invitation	t	private@spenglermanfred.com		Manfrd	Spengler	\N	\N	\N	$2a$12$NaIPgMKrOSmOFD1FGHRRLO8rnjzEvQb0fs8XsubZu5jtEFbkQhEv.	eyJhbGciOiJIUzI1NiIsInR5cCI6IkpXVCJ9.eyJ1c2VySWQiOjEwLCJpYXQiOjE2NjQ4OTc5MzMsImV4cCI6MTY2NTE1NzEzM30.CAb7Iuv63QpRJ1saUy6oqE2Bi7ioUli5031HXPr1I1I	\N	eyJhbGciOiJIUzI1NiIsInR5cCI6IkpXVCJ9.eyJ1c2VyRW1haWwiOiJwcml2YXRlQHNwZW5nbGVybWFuZnJlZC5jb20iLCJpYXQiOjE2NjQ4OTc2OTAsImV4cCI6MTY2NTM1NDg5MH0.9hxQxgWCS6ZTyHxH00E1tOvEws1uI8s5ydzYLmNEAgk	\N	2	26	t
9	\N	2022-10-04 13:21:21.147+00	f	t	Invitation	t	hadzisz.lazar@gmail.com		Hadzisz	Lzr	\N	\N	\N	$2a$12$Po47DUegxWWOx2dhBewbH.nz35UJLynSzmhKrhLCxy2n3xE5Zrpqa	eyJhbGciOiJIUzI1NiIsInR5cCI6IkpXVCJ9.eyJ1c2VySWQiOjksImlhdCI6MTY2NDg5NjI2NSwiZXhwIjoxNjY1MTU1NDY1fQ.7l-GltYjepTx2tO7yMrQArWJszwrKklekx0XdeStMDk	\N	eyJhbGciOiJIUzI1NiIsInR5cCI6IkpXVCJ9.eyJ1c2VyRW1haWwiOiJoYWR6aXN6LmxhemFyQGdtYWlsLmNvbSIsImlhdCI6MTY2NDg4OTY4MSwiZXhwIjoxNjY1MzQ2ODgxfQ.EYNnNigseKqX6KRKxpWETYIE_rZj8kbtdtfiDBBqF7I	\N	2	26	t
11	\N	2022-10-04 15:41:38.32+00	f	t	Invitation	t	info@mannimedia.hu		Manfrd	Spengler	\N	\N	\N	$2a$12$LIVbUc4gFsNaUtLEM0nDE.eHWsz70GlLxSUX7DDj3hWt9jaI.9YaO	eyJhbGciOiJIUzI1NiIsInR5cCI6IkpXVCJ9.eyJ1c2VySWQiOjExLCJpYXQiOjE2NjQ4OTg2MjgsImV4cCI6MTY2NTE1NzgyOH0.MnJC56KqZOlbw2prlQfmaXP2PEEoHTuYZcyJP-xVPR8	\N	eyJhbGciOiJIUzI1NiIsInR5cCI6IkpXVCJ9.eyJ1c2VyRW1haWwiOiJpbmZvQG1hbm5pbWVkaWEuaHUiLCJpYXQiOjE2NjQ4OTgwOTgsImV4cCI6MTY2NTM1NTI5OH0.YJ9eTUNb9OIyL4mYQuUjrWhQhgqZvCw_hCm3nwQhyqc	\N	2	26	t
16	\N	2022-10-04 18:45:32.013+00	f	t	Invitation	t	vuqawkcfdyrsdkpizf@tmmcv.net		Test	Dev	\N	\N	\N	$2a$12$PzUDNOXU9RxTJniIuxUaxOdIf720Yq2KOMF9SXSDHvcqR2Bc1XI.u	eyJhbGciOiJIUzI1NiIsInR5cCI6IkpXVCJ9.eyJ1c2VySWQiOjE2LCJpYXQiOjE2NjQ5MDkyNjgsImV4cCI6MTY2NTE2ODQ2OH0.WR76nol7gear-_TPJONxlDdm9DQg8fWhLTHGxvHqVjk	\N	eyJhbGciOiJIUzI1NiIsInR5cCI6IkpXVCJ9.eyJ1c2VyRW1haWwiOiJ2dXFhd2tjZmR5cnNka3BpemZAdG1tY3YubmV0IiwiaWF0IjoxNjY0OTA5MTMyLCJleHAiOjE2NjUzNjYzMzJ9.WJLLhrw950I3XHlArXDjqRJN6SrTiWZEGIVUQGrL2Z4	\N	2	26	t
17	\N	2022-10-05 08:06:46.366+00	f	t	Invitation	t	sakvnzcvoajrkusbda@tmmbt.com		Manfrd	Spengler	\N	\N	\N	$2a$12$F3T8WA8oAlf0YjPbcPVBg.PrTczPvFSFJgCAm/lSAMaTPAoZFG24y	eyJhbGciOiJIUzI1NiIsInR5cCI6IkpXVCJ9.eyJ1c2VySWQiOjE3LCJpYXQiOjE2NjQ5NTc1NzQsImV4cCI6MTY2NTIxNjc3NH0.N6IJoqB7a_B4V3t12rWiJCwRCJg_g5nGEQc0Zb1XC-U	\N	eyJhbGciOiJIUzI1NiIsInR5cCI6IkpXVCJ9.eyJ1c2VyRW1haWwiOiJzYWt2bnpjdm9hanJrdXNiZGFAdG1tYnQuY29tIiwiaWF0IjoxNjY0OTU3MjA2LCJleHAiOjE2NjU0MTQ0MDZ9.K9m2aQB2FHGO8KMI7Oa9ACGsBMlv7cPzrBiz_bI-PW4	\N	2	26	t
13	\N	2022-10-04 17:05:30.929+00	f	t	Invitation	t	szubally.bruno@epistogram.com		Brn	Szubally	\N	\N	\N	$2a$12$uB2/bGrLgiTCWW8qPUPWCed1ODSl7RTJGnGWzxW6pCVm8NvKvzxwW	eyJhbGciOiJIUzI1NiIsInR5cCI6IkpXVCJ9.eyJ1c2VySWQiOjEzLCJpYXQiOjE2NjQ5MDkwMTMsImV4cCI6MTY2NTE2ODIxM30.bAUIDtlSJIL1eXQx0DOV8VM-SDNIOUBEzlVZ2b9sSH8	\N	eyJhbGciOiJIUzI1NiIsInR5cCI6IkpXVCJ9.eyJ1c2VyRW1haWwiOiJ6dWdqb25kam54bWJxZWtlam9AdG1tYnQubmV0IiwiaWF0IjoxNjY0OTAzMTMwLCJleHAiOjE2NjUzNjAzMzB9.qxiPYsK-Hqw6rlG651OpNWu9OuoU5fp6X_pWJMNRfDs	\N	2	26	t
20	\N	2022-10-05 15:50:13.495+00	f	t	Invitation	t	ijwnduqeandmkgebjk@tmmcv.com		Dezs	Kiss	\N	\N	\N	$2a$12$4nR82T8F/kI36kFhK6mze.SHVTEUbs7.VG/d8dUCvGMoZk/2LYw5u	eyJhbGciOiJIUzI1NiIsInR5cCI6IkpXVCJ9.eyJ1c2VySWQiOjIwLCJpYXQiOjE2NjUwMzMwNzEsImV4cCI6MTY2NTI5MjI3MX0.P4Sj1hrt_yvwoM240ssRttzh9OmB4pbOgRhfdMoe6C8	\N	eyJhbGciOiJIUzI1NiIsInR5cCI6IkpXVCJ9.eyJ1c2VyRW1haWwiOiJpanduZHVxZWFuZG1rZ2ViamtAdG1tY3YuY29tIiwiaWF0IjoxNjY0OTg1MDEzLCJleHAiOjE2NjU0NDIyMTN9.MusTNNL1ZMMYBsQDRBmXuf0qdYoKPeXEqGGbIo1-TM4	\N	2	26	t
15	\N	2022-10-04 18:32:56.609+00	f	t	Invitation	t	spengler.manfred@epistogram.com		Manfrd	Spengler	\N	\N	\N	$2a$12$YpYqkz/bJ7hBvikti1gP4.YftE98QSOUsyfBCRc6Uj3bUYgZ7dmHi		\N	eyJhbGciOiJIUzI1NiIsInR5cCI6IkpXVCJ9.eyJ1c2VyRW1haWwiOiJzcGVuZ2xlci5tYW5mcmVkQGVwaXN0b2dyYW0uY29tIiwiaWF0IjoxNjY0OTA4Mzc2LCJleHAiOjE2NjUzNjU1NzZ9.gdYBDTeZqTUpd5T8V56IjPfXxrVZ9_OvaVfY4W11xp0	\N	2	26	t
24	\N	2022-10-10 12:06:08.836+00	f	f	Invitation	t	episto2@demoaccounts.epistogram.com		Teszt2	EpistoGram	\N	\N	\N	$2a$12$DHxYgOZCq7rFdSKYevsFl.1kaw9TBQVtW1iDkoLy3D3vkdkVfJQPa	\N	\N	eyJhbGciOiJIUzI1NiIsInR5cCI6IkpXVCJ9.eyJ1c2VyRW1haWwiOiJlcGlzdG8yQGRlbW9hY2NvdW50cy5lcGlzdG9ncmFtLmNvbSIsImlhdCI6MTY2NTQwMzU2OCwiZXhwIjoxNjY1ODYwNzY4fQ.93N3orlGVMJ2yNbmHfzpX9Sotxeglsh3VtUz7JTGa6E	\N	2	26	t
23	\N	2022-10-10 10:03:12.9+00	f	f	Invitation	t	episto1@demoaccounts.epistogram.com		Teszt1	EpistoGram	\N	\N	\N	$2a$12$LGdGXNgsi6h8l/VdeMVGDe56qlqKGXqw6rfZGd.H6r6PYtvspCtG.	eyJhbGciOiJIUzI1NiIsInR5cCI6IkpXVCJ9.eyJ1c2VySWQiOjIzLCJpYXQiOjE2NjU0MjEzNjAsImV4cCI6MTY2NTY4MDU2MH0.R-Ptcr1Hw743eVJ7fas1TDTJ4S3lk4m_3Tw7WovRXC4	\N	eyJhbGciOiJIUzI1NiIsInR5cCI6IkpXVCJ9.eyJ1c2VyRW1haWwiOiJlcGlzdG8xQGRlbW9hY2NvdW50cy5lcGlzdG9ncmFtLmNvbSIsImlhdCI6MTY2NTM5NjE5MiwiZXhwIjoxNjY1ODUzMzkyfQ.-VgV7NNgfc9zcVy-Kxkyzisz96oFj2KuvPrHkV3xJGw	\N	2	26	t
26	\N	2022-10-10 12:21:28.386+00	f	t	Invitation	t	episto4@demoaccounts.epistogram.com		Teszt4	EpistoGram	\N	\N	\N	$2a$12$qnwKWNKzCISK3tfwXYPBz.1Nwn0AzDR19837PniT6yhgrfoMxAQmC	eyJhbGciOiJIUzI1NiIsInR5cCI6IkpXVCJ9.eyJ1c2VySWQiOjI2LCJpYXQiOjE2NjU0MjYwODQsImV4cCI6MTY2NTY4NTI4NH0.vJTkCMXTfltKvVM-0cCh67kDgQjEYBLT4l0Gao8seys	\N	eyJhbGciOiJIUzI1NiIsInR5cCI6IkpXVCJ9.eyJ1c2VyRW1haWwiOiJlcGlzdG80QGRlbW9hY2NvdW50cy5lcGlzdG9ncmFtLmNvbSIsImlhdCI6MTY2NTQwNDQ4OCwiZXhwIjoxNjY1ODYxNjg4fQ.RjzTQWDECDSvHzxb5K2frrXjNX0z5fzh2Z8Ltb7vdRE	\N	2	26	t
28	\N	2022-10-10 18:28:23.228+00	f	f	Invitation	t	episto8@demoaccounts.epistogram.com		Teszt5	EpistoGram	\N	\N	\N	$2a$12$TDDBsP3d9xOZ1yTTxhxclOW2EQdXDmf6dZKKjhHyh.uChCQhub1Sa	\N	\N	eyJhbGciOiJIUzI1NiIsInR5cCI6IkpXVCJ9.eyJ1c2VyRW1haWwiOiJlcGlzdG84QGRlbW9hY2NvdW50cy5lcGlzdG9ncmFtLmNvbSIsImlhdCI6MTY2NTQyNjUwMywiZXhwIjoxNjY1ODgzNzAzfQ._DxROoCAFqNaX4sVvkNtfBXMQMfmdg6kAj7rrUORgPQ	\N	2	26	t
25	2022-10-11 16:39:03.657	2022-10-10 12:16:03.8+00	f	f	Invitation	t	episto3@demoaccounts.epistogram.com		Teszt3	EpistoGram	\N	\N	\N	$2a$12$bBNoUSqgbDCPvqdHhVCxQOKp1tIaNv6DB3A7vjPLS6nXGIrhW89Nq	\N	\N	eyJhbGciOiJIUzI1NiIsInR5cCI6IkpXVCJ9.eyJ1c2VyRW1haWwiOiJlcGlzdG8zQGRlbW9hY2NvdW50cy5lcGlzdG9ncmFtLmNvbSIsImlhdCI6MTY2NTQwNDE2MywiZXhwIjoxNjY1ODYxMzYzfQ.uQLJEw5BghtOGnJ_ygIbEmqxO32iRBCMmmgV3EJ0KDk	\N	2	26	t
22	2022-10-12 14:08:16.867	2022-10-07 19:07:36.356+00	f	f	Invitation	t	xskfqrdpgcnmfesuok@tmmcv.net		Kis	Kis	\N	\N	\N	$2a$12$qmXMGx4nVt4.MVjOHaCeMuVdakFv4PZvGu5XZEjZU2mmqo75v6piu	\N	\N	eyJhbGciOiJIUzI1NiIsInR5cCI6IkpXVCJ9.eyJ1c2VyRW1haWwiOiJ4c2tmcXJkcGdjbm1mZXN1b2tAdG1tY3YubmV0IiwiaWF0IjoxNjY1MTY5NjU2LCJleHAiOjE2NjU2MjY4NTZ9.GY28In7pmnEvbac0pv4f1TW-kT34yQIIu_415aLqDJw	\N	2	26	t
35	2022-10-13 11:22:47.966	2022-10-13 11:19:49.151+00	f	f	Invitation	t	gciplvlerfmmljxnbk@tmm		Teszt	Suervey	\N	\N	\N	$2a$12$VPjcKiQL2LmTHogHE4VXEuSLE/5iJ0nj6tlIwsZ4b5DqtAS2wFuEK	\N	\N	eyJhbGciOiJIUzI1NiIsInR5cCI6IkpXVCJ9.eyJ1c2VyRW1haWwiOiJnY2lwbHZsZXJmbW1sanhuYmtAdG1tIiwiaWF0IjoxNjY1NjU5OTg5LCJleHAiOjE2NjYxMTcxODl9.S2ikfrfcnMVNRClnwIxghlfnwvEXia-vmDWoRVuiec4	\N	2	8	t
36	\N	2022-10-13 11:23:07.68+00	f	t	Invitation	t	gciplvlerfmmljxnbk@tmmwj.net		Teszt	Survey	\N	\N	\N	$2a$12$qwIilFdguBtlGg6TSrLqdeznpEdwEm4f/6OP8jbSZcYdCtjfigrra	eyJhbGciOiJIUzI1NiIsInR5cCI6IkpXVCJ9.eyJ1c2VySWQiOjM2LCJpYXQiOjE2NjU2NjcwNzUsImV4cCI6MTY2NTkyNjI3NX0.aeAP_RnVliehuYcG6gHQKhpIp2kZtWeOeDbyYv8Mr6c	\N	eyJhbGciOiJIUzI1NiIsInR5cCI6IkpXVCJ9.eyJ1c2VyRW1haWwiOiJnY2lwbHZsZXJmbW1sanhuYmtAdG1td2oubmV0IiwiaWF0IjoxNjY1NjYwMTg3LCJleHAiOjE2NjYxMTczODd9.565mbwGlcwlWrCq_C9KsMedlV6HHPLGWEKlZDHQLg5Y	\N	2	3	f
33	2022-10-12 17:07:53.444	2022-10-12 17:07:33.448+00	f	f	Invitation	t	test@elek.asd		Testuserke	Testmanfred	\N	\N	\N	$2a$12$iNykpt0Jrr1zinUBrEU2LutqyUvZp8woC5KB4N.7bwrT8RzNomBvi	\N	\N	eyJhbGciOiJIUzI1NiIsInR5cCI6IkpXVCJ9.eyJ1c2VyRW1haWwiOiJ0ZXN0QGVsZWsuYXNkIiwiaWF0IjoxNjY1NTk0NDUzLCJleHAiOjE2NjYwNTE2NTN9.a1LASE6SNqOKqQG5sR4uoGbj1bwQkWLRp-0MgwW8EiY	\N	2	6	t
37	\N	2022-10-13 11:59:47.089+00	f	t	Invitation	t	dfpfhnklzlkebukizo@tmmcv.com		Vagyok	Surveyke	\N	\N	\N	$2a$12$A6Bvx2QbidKa7S0lCCgSb.v5Ti45majosL4kosbGgCqd3XgTR2WuS	eyJhbGciOiJIUzI1NiIsInR5cCI6IkpXVCJ9.eyJ1c2VySWQiOjM3LCJpYXQiOjE2NjU2NjcxMjMsImV4cCI6MTY2NTkyNjMyM30.G73Gc6NQwfJvuSj5oXROW2qoux2dfZpwTVzr9MRhuLM	\N	eyJhbGciOiJIUzI1NiIsInR5cCI6IkpXVCJ9.eyJ1c2VyRW1haWwiOiJkZnBmaG5rbHpsa2VidWtpem9AdG1tY3YuY29tIiwiaWF0IjoxNjY1NjYyMzg3LCJleHAiOjE2NjYxMTk1ODd9.UEGLI5TX2UJVx_zxfUyxLqga7zzQtTAA3LOE0O2bRtw	\N	2	3	f
34	\N	2022-10-13 11:03:40.01+00	f	t	Invitation	t	bahhcydoyciskypqme@tmmcv.net		K	K	\N	\N	\N	$2a$12$LS.atyETAw4K73LUJ.Z7vuMMvOrHnzyNTd2M9QQMRrq5cgwcUqxQC	eyJhbGciOiJIUzI1NiIsInR5cCI6IkpXVCJ9.eyJ1c2VySWQiOjM0LCJpYXQiOjE2NjU2NTk4OTksImV4cCI6MTY2NTkxOTA5OX0.UmeyvDTlg3sHMIh0zrENU3a0W-0wt3hcsNFv3yGbU9I	\N	eyJhbGciOiJIUzI1NiIsInR5cCI6IkpXVCJ9.eyJ1c2VyRW1haWwiOiJiYWhoY3lkb3ljaXNreXBxbWVAdG1tY3YubmV0IiwiaWF0IjoxNjY1NjU5MDIwLCJleHAiOjE2NjYxMTYyMjB9.LIxY5eeVstec2Qcw7kvFTvqN_OpaKw012ljouXg4qP8	\N	2	3	t
8	\N	2022-10-04 11:33:50.58+00	f	t	Invitation	t	demonika@email.com		Mnika	De	\N	\N	\N	$2a$12$i374gV7pLVlclC5ZuMyMUeJ4fyH/b738.J00aKFEEBtSLTES0oQum		\N	eyJhbGciOiJIUzI1NiIsInR5cCI6IkpXVCJ9.eyJ1c2VyRW1haWwiOiJybHd4aWdqbmllanFqY2dqcGRAdG1tY3YuY29tIiwiaWF0IjoxNjY0ODgzMjMwLCJleHAiOjE2NjUzNDA0MzB9.IlEiSpGPdB-msnSQcga5jup6_8iyvMpJeeDiwRHh0a8	\N	2	26	f
3	\N	2022-10-04 10:02:36.025+00	f	f	Invitation	t	tom.strand@pcw.com	tomstrand	Tom	Strand	\N	\N	\N	$2a$12$kNDmMKg.TrLi.RpvAUNeiuQa/AcnMArV8/Nixjge1uVct2bEtOE5C	\N	\N	\N	\N	1	26	t
4	\N	2022-10-04 10:02:36.025+00	f	f	Invitation	t	liz.blue@pcw.com	lizblue	Liz	Blue	\N	\N	\N	$2a$12$kNDmMKg.TrLi.RpvAUNeiuQa/AcnMArV8/Nixjge1uVct2bEtOE5C	\N	\N	\N	\N	1	26	t
27	\N	2022-10-10 12:30:45.24+00	f	f	Invitation	t	henkel1@demoaccounts.epistogram.com		Test1	Henkel	\N	\N	\N	$2a$12$EwoP0ZN9IPv20dcibmqcweNL/Dd8nSNKbKBM7EQxJruSaJhld0.fa	\N	\N	eyJhbGciOiJIUzI1NiIsInR5cCI6IkpXVCJ9.eyJ1c2VyRW1haWwiOiJoZW5rZWwxQGRlbW9hY2NvdW50cy5lcGlzdG9ncmFtLmNvbSIsImlhdCI6MTY2NTQwNTA0NSwiZXhwIjoxNjY1ODYyMjQ1fQ.-hhHZUO9UdIYUGIo8eNa2XDGs41oQ3EIPHKqiERcWZM	\N	1	26	t
19	\N	2022-10-05 14:47:31.924+00	f	f	Invitation	t	iylyrjsoielgzqnyvsddssdd@tmmwj.net		tetetet	test	\N	\N	\N	$2a$12$uUO9pUU5uXzFfk30mp/V/O1w/GTq5dVT4YdccZN4I/QGxV7gOQNZi	\N	\N	eyJhbGciOiJIUzI1NiIsInR5cCI6IkpXVCJ9.eyJ1c2VyRW1haWwiOiJpeWx5cmpzb2llbGd6cW55dnNkZHNzZGRAdG1td2oubmV0IiwiaWF0IjoxNjY0OTgxMjUxLCJleHAiOjE2NjU0Mzg0NTF9.gIwbBcTjLXU-ZS-TRiayZAgg7o13LrEqrbmhshkTyZY	\N	1	26	t
2	\N	2022-10-04 10:02:36.025+00	f	t	Invitation	t	bill.murry@epistogram.com	billmurry	Bill	Murry	\N	\N	\N	$2a$12$kNDmMKg.TrLi.RpvAUNeiuQa/AcnMArV8/Nixjge1uVct2bEtOE5C	eyJhbGciOiJIUzI1NiIsInR5cCI6IkpXVCJ9.eyJ1c2VySWQiOjIsImlhdCI6MTY2NTE3MDQyOCwiZXhwIjoxNjY1NDI5NjI4fQ.Tb08yj91YPAc-o8AgV3GYVS1tq2vIfm2mOitFRpM19U	\N	\N	\N	1	26	t
29	\N	2022-10-10 18:58:21.782+00	f	f	Invitation	t	sanyesz@gmail.com		2	Henkel	\N	\N	\N	$2a$12$0Hg9IxOfBoXCYkp2Ejors.hM207aCEBaWdmV5P88XmaCXx.1Ulukm	\N	\N	eyJhbGciOiJIUzI1NiIsInR5cCI6IkpXVCJ9.eyJ1c2VyRW1haWwiOiJzYW55ZXN6QGdtYWlsLmNvbSIsImlhdCI6MTY2NTQyODMwMSwiZXhwIjoxNjY1ODg1NTAxfQ.GA-nSvPkU11MemFMB8Ff8Yp5pZgXO6mXQJd0YCYouvY	\N	1	26	t
42	\N	2022-10-14 07:02:05.853+00	f	f	Invitation	t	ateceged2@demoaccounts.epistogram.com		Tams	Nagyvradi	\N	\N	\N	$2a$12$p4Hwgn1khwOpAyV.1gPKs.B1RP9Mgwa6J9FLbC1h1un55OgBgVOFa	\N	\N	eyJhbGciOiJIUzI1NiIsInR5cCI6IkpXVCJ9.eyJ1c2VyRW1haWwiOiJhdGVjZWdlZDJAZGVtb2FjY291bnRzLmVwaXN0b2dyYW0uY29tIiwiaWF0IjoxNjY1NzMwOTI1LCJleHAiOjE2NjYxODgxMjV9.oG1MyRXewbUEsHkcWR-4nYqOZKllJ7tCAjup-lAEaF8	\N	4	11	t
43	\N	2022-10-14 08:08:33.995+00	f	t	Invitation	t	info@blast.hu		User	Test	\N	\N	\N	$2a$12$LkH8szbB8FfxFQbiAOInbOieGbt5UBcZuLfnNRxRAk7VDfkkNscFa	eyJhbGciOiJIUzI1NiIsInR5cCI6IkpXVCJ9.eyJ1c2VySWQiOjQzLCJpYXQiOjE2NjU3MzkwNzUsImV4cCI6MTY2NTk5ODI3NX0.GLHNa0nG6hG3yGfnIZlSyX_Fzs6wUb_EWQmvrbiqJkA	\N	eyJhbGciOiJIUzI1NiIsInR5cCI6IkpXVCJ9.eyJ1c2VyRW1haWwiOiJpbmZvQGJsYXN0Lmh1IiwiaWF0IjoxNjY1NzM0OTEzLCJleHAiOjE2NjYxOTIxMTN9.-DsszTpgj3jGnR7WGKzs2jJ2gurgGcx4nAwYFb_MKuE	\N	4	26	f
44	\N	2022-10-14 08:27:50.153+00	f	f	Invitation	t	nasnan@nn.com		N	N	\N	\N	\N	$2a$12$.k2/hI5XYhDzGNUTmnvHIeMGebD1KKV9LmSj7rFnRGmECPoVaJn3W	\N	\N	eyJhbGciOiJIUzI1NiIsInR5cCI6IkpXVCJ9.eyJ1c2VyRW1haWwiOiJuYXNuYW5Abm4uY29tIiwiaWF0IjoxNjY1NzM2MDcwLCJleHAiOjE2NjYxOTMyNzB9.ulUJS5qJf-DNPZO30LXV46vIFqHNIzncAaNKWnovnPQ	\N	2	3	t
39	\N	2022-10-13 19:23:07.609+00	f	t	Invitation	t	spenciman@gmail.com		Manfrd	Spengler	\N	\N	\N	$2a$12$NHwPv//dOyjpRm5XRF4UJeuVpoBXY4xsbZk2m6W7OP1o/ugY4DJMq	eyJhbGciOiJIUzI1NiIsInR5cCI6IkpXVCJ9.eyJ1c2VySWQiOjM5LCJpYXQiOjE2NjU2ODkxMDYsImV4cCI6MTY2NTk0ODMwNn0.00mpr99FC-ZRxLA0uu1Q9DkQ_U5Cdmfl44H-wbNlXjg	\N	eyJhbGciOiJIUzI1NiIsInR5cCI6IkpXVCJ9.eyJ1c2VyRW1haWwiOiJzcGVuY2ltYW5AZ21haWwuY29tIiwiaWF0IjoxNjY1Njg4OTg3LCJleHAiOjE2NjYxNDYxODd9.vCaN-52nlDr9wCdQ3Cw9qfme2A5Lqz5-FdZ_bnkRaRM	\N	4	26	t
45	\N	2022-10-14 09:28:39.679+00	f	t	Invitation	t	ateceged3@demoaccounts.epistogram.com		Tmea	Kissn	\N	\N	\N	$2a$12$gqe9/ts/sxMhrOVtXB4o0eSkbv.ad.p6euttL6nTaKuLYeb0NHDN6	eyJhbGciOiJIUzI1NiIsInR5cCI6IkpXVCJ9.eyJ1c2VySWQiOjQ1LCJpYXQiOjE2NjU3Mzk4NjIsImV4cCI6MTY2NTk5OTA2Mn0.xRCk7tr7gTBJ710oz_Hgp3yX-2JyVD41lkfEUiCGo50	\N	eyJhbGciOiJIUzI1NiIsInR5cCI6IkpXVCJ9.eyJ1c2VyRW1haWwiOiJ1YnZka25temxwYnZoYXdjdXNAdG1tYnQuY29tIiwiaWF0IjoxNjY1NzM5NzE5LCJleHAiOjE2NjYxOTY5MTl9.gmJR_m40H-2lnt-_4WZ9nqXtANtcWnxKzBlvUUIFzqo	\N	4	7	f
40	\N	2022-10-13 20:30:04.317+00	f	t	Invitation	t	torolnirrossa@gmail.com		Tulajdonos	aTecged	\N	\N	\N	$2a$12$k9FRZLMAkgWvMzyevL.kSejM7b8g.Rrx1XTpWnIIlGfY7tuXoZm4G		\N	eyJhbGciOiJIUzI1NiIsInR5cCI6IkpXVCJ9.eyJ1c2VyRW1haWwiOiJhdGVjZWdlZEBlcGlzdG9ncmFtLmNvbSIsImlhdCI6MTY2NTY5MzAwNCwiZXhwIjoxNjY2MTUwMjA0fQ.H6Rw9VbQRFKaThn3yasemdXi31J0k_Cj7RMRjT5cOcw	\N	2	7	f
47	\N	2022-10-14 09:44:00.426+00	f	t	Invitation	t	atecegedadmin@epistogram.com		Admin	aTecged	\N	\N	\N	$2a$12$hKZzEs5yBTvr3DD1iz9VhO2sLbwqe9UIzvNcSvqt07WJV4WyCQN7K	eyJhbGciOiJIUzI1NiIsInR5cCI6IkpXVCJ9.eyJ1c2VySWQiOjQ3LCJpYXQiOjE2NjU3NDA2OTQsImV4cCI6MTY2NTk5OTg5NH0.WQymu5dC8UuQgwx8LdNV6JuXld5x6NjCyg51_Fd8yIU	\N	eyJhbGciOiJIUzI1NiIsInR5cCI6IkpXVCJ9.eyJ1c2VyRW1haWwiOiJhdGVjZWdlZGFkbWluQGVwaXN0b2dyYW0uY29tIiwiaWF0IjoxNjY1NzQwNjQwLCJleHAiOjE2NjYxOTc4NDB9.HNQBvX454PwvZOqhkRE44N7DWhH2i9HjWaHNIXL20nw	\N	4	7	f
41	\N	2022-10-13 20:33:01.26+00	f	t	Invitation	t	atecegeduserteszt@epistogram.com		Jnos	Balogh	\N	\N	\N	$2a$12$5DWV8jtsVBGb3o8Ww0SOYOWcuEp.MIm0KMLEyRqPLAuicWMOYOHmm	eyJhbGciOiJIUzI1NiIsInR5cCI6IkpXVCJ9.eyJ1c2VySWQiOjQxLCJpYXQiOjE2NjY2MTc1MzMsImV4cCI6MTY2Njg3NjczM30.8iQhO_nTR43izrgRlDh7sUkJCBw_WuyU0JVp_fTmfa4	\N	eyJhbGciOiJIUzI1NiIsInR5cCI6IkpXVCJ9.eyJ1c2VyRW1haWwiOiJhdGVjZWdlZEBlcGlzdG9ncmFtLmNvbSIsImlhdCI6MTY2NTY5MzE4MSwiZXhwIjoxNjY2MTUwMzgxfQ.R9fOTL1vmvlaqVqdtSW7RIy1iX7CCA_YevqUdhBt5qk	\N	4	7	f
48	\N	2022-10-14 13:17:14.793+00	f	t	Invitation	t	ateceged4@demoaccounts.epistogram.com		Jen	Nagy	\N	\N	\N	$2a$12$ARwyfEuOmTJ.NrY5WYfFtebnz2jxK04BK7mYRIHF7xmYlUV69bVDS	eyJhbGciOiJIUzI1NiIsInR5cCI6IkpXVCJ9.eyJ1c2VySWQiOjQ4LCJpYXQiOjE2NjYxNzg4NjgsImV4cCI6MTY2NjQzODA2OH0.wi4H5pSdQk_bnqETSM8eGx7uhjj6QGs0XeQtitDYU1g	\N	eyJhbGciOiJIUzI1NiIsInR5cCI6IkpXVCJ9.eyJ1c2VyRW1haWwiOiJ4bnd2ZGR2dmR6cXZwZXlzYm9AdG1td2oubmV0IiwiaWF0IjoxNjY1NzUzNDM0LCJleHAiOjE2NjYyMTA2MzR9.BezDec4HpF-Q84qzrwniFz5osOTlOj0agnEa1k_WBjo	\N	4	26	t
46	\N	2022-10-14 09:34:38.8+00	f	t	Invitation	t	ateceged@epistogram.com		SimaUser	aTecged	\N	\N	\N	$2a$12$IpEDXrXaLg0vsNf4zVMNBurcz.TVlnmubg7RMXeuGvQYLaduI5fc.	eyJhbGciOiJIUzI1NiIsInR5cCI6IkpXVCJ9.eyJ1c2VySWQiOjQ2LCJpYXQiOjE2NjU3NTM2OTYsImV4cCI6MTY2NjAxMjg5Nn0.feK14I2_RtwaIyokXbHEdnVsskGkk_v_dXHGTzVhiuA	\N	eyJhbGciOiJIUzI1NiIsInR5cCI6IkpXVCJ9.eyJ1c2VyRW1haWwiOiJhdGVjZWdlZEBlcGlzdG9ncmFtLmNvbSIsImlhdCI6MTY2NTc0MDA3OCwiZXhwIjoxNjY2MTk3Mjc4fQ.VBZzQuXJvoY_2P2lf7k372tmPnol7HCwDq6SkVOayrk	\N	4	8	t
38	\N	2022-10-13 16:48:01.773+00	f	t	Invitation	t	atecegedadmin2@epistogram.com		Boglrka	Szegedi	\N	\N	\N	$2a$12$ABeAse47tghrfZmAUmxD8eNoSn45NRL8o11dSBA5FQlBG5yCNhnx2	eyJhbGciOiJIUzI1NiIsInR5cCI6IkpXVCJ9.eyJ1c2VySWQiOjM4LCJpYXQiOjE2NjU3NTUwMzEsImV4cCI6MTY2NjAxNDIzMX0.OxKCfhoM71nEID1lPpDbR9kHDsahw1gTWo_CktP-rX4	eyJhbGciOiJIUzI1NiIsInR5cCI6IkpXVCJ9.eyJ1c2VySWQiOjM4LCJpYXQiOjE2NjU2OTI4MDksImV4cCI6MTY2NTcyMTYwOX0.ginmmx1YOs6Ntmuj9Hy52gzdUEnRNFZET1yixNkGcsQ	eyJhbGciOiJIUzI1NiIsInR5cCI6IkpXVCJ9.eyJ1c2VyRW1haWwiOiJhdGVjZWdlZGFkbWluQGVwaXN0b2dyYW0uY29tIiwiaWF0IjoxNjY1Njc5NjgxLCJleHAiOjE2NjYxMzY4ODF9.NVa3PkSDqL6IB8ntvzhfNcjSTXSO0NaY9PvCu1WB37g	\N	4	7	t
1	\N	2022-10-04 10:02:36.025+00	t	t	Invitation	t	endre.marosi@epistogram.com	endremarosi	Endre	Marosi	\N	\N	\N	$2a$12$kNDmMKg.TrLi.RpvAUNeiuQa/AcnMArV8/Nixjge1uVct2bEtOE5C	eyJhbGciOiJIUzI1NiIsInR5cCI6IkpXVCJ9.eyJ1c2VySWQiOjEsImlhdCI6MTY2Njg2MDA1NCwiZXhwIjoxNjY3MTE5MjU0fQ.vUb9_KDkaBkryOGchB-sicujNK2GCP7ilA8GpoXkuP4	eyJhbGciOiJIUzI1NiIsInR5cCI6IkpXVCJ9.eyJ1c2VySWQiOjEsImlhdCI6MTY2NTE2NTI5MywiZXhwIjoxNjY1MTk0MDkzfQ.s36BTvYQ0YRKWKcmuvRp7FPBoY8nT9cQDk3aWfATdNc	\N	\N	2	26	t
\.


--
-- Data for Name: user_comment_bridge; Type: TABLE DATA; Schema: public; Owner: dev_service_user
--

COPY public.user_comment_bridge (id, deletion_date, creation_date, user_id, comment_id) FROM stdin;
1	2022-05-13 16:59:10.25021	2022-05-13 14:59:09.604961+00	1	4
2	2022-05-13 16:59:14.346757	2022-05-13 14:59:11.199031+00	1	4
3	2022-05-13 16:59:16.124654	2022-05-13 14:59:14.961635+00	1	4
4	2022-05-13 16:59:17.271432	2022-05-13 14:59:16.681577+00	1	4
5	2022-05-13 16:59:23.393127	2022-05-13 14:59:18.219744+00	1	4
6	2022-05-13 16:59:26.330663	2022-05-13 14:59:24.811426+00	1	4
7	2022-05-13 20:56:57.420298	2022-05-13 14:59:27.438752+00	1	4
8	2022-05-13 20:57:03.734164	2022-05-13 18:57:03.095128+00	1	3
10	2022-05-13 20:59:23.332628	2022-05-13 18:59:19.566635+00	1	3
11	2022-05-13 20:59:26.594374	2022-05-13 18:59:24.382974+00	1	3
13	2022-05-13 20:59:30.873342	2022-05-13 18:59:29.483475+00	1	3
14	2022-05-13 20:59:33.119463	2022-05-13 18:59:31.690778+00	1	3
15	2022-05-13 20:59:36.895987	2022-05-13 18:59:35.269639+00	1	3
16	2022-05-13 21:01:10.736712	2022-05-13 19:01:06.818232+00	1	3
17	2022-05-13 21:01:13.642375	2022-05-13 19:01:11.668229+00	1	3
18	2022-05-13 21:06:27.852894	2022-05-13 19:06:23.61184+00	1	3
19	2022-05-13 21:06:46.715033	2022-05-13 19:06:28.569225+00	1	3
9	2022-05-13 21:06:47.981732	2022-05-13 18:59:17.660966+00	1	2
20	2022-05-13 21:06:49.704821	2022-05-13 19:06:48.800744+00	1	2
21	2022-05-13 21:06:50.783934	2022-05-13 19:06:50.407578+00	1	2
22	2022-05-13 21:06:51.324639	2022-05-13 19:06:51.081194+00	1	2
23	2022-05-13 21:06:51.850296	2022-05-13 19:06:51.565531+00	1	2
24	2022-05-13 21:06:53.19774	2022-05-13 19:06:52.509798+00	1	2
25	2022-05-13 21:06:54.419296	2022-05-13 19:06:53.826015+00	1	3
26	2022-05-13 21:06:56.206328	2022-05-13 19:06:55.776261+00	1	5
27	2022-05-13 21:06:56.709967	2022-05-13 19:06:56.523612+00	1	5
28	2022-05-13 21:06:57.06207	2022-05-13 19:06:56.882325+00	1	5
29	2022-05-13 21:06:57.511488	2022-05-13 19:06:57.288156+00	1	5
30	2022-05-13 21:06:58.723121	2022-05-13 19:06:58.157973+00	1	5
12	2022-05-13 21:06:59.290957	2022-05-13 18:59:28.026693+00	1	4
31	2022-05-13 21:08:12.299692	2022-05-13 19:07:00.510202+00	1	1
33	2022-05-13 21:08:14.210857	2022-05-13 19:08:13.290962+00	1	1
32	2022-05-13 21:08:15.825952	2022-05-13 19:07:01.859374+00	1	3
35	2022-05-13 21:10:33.115074	2022-05-13 19:10:29.814355+00	1	2
36	2022-05-13 21:10:34.395846	2022-05-13 19:10:31.098181+00	1	1
34	2022-05-13 21:10:35.931408	2022-05-13 19:08:16.738663+00	1	3
\.


--
-- Data for Name: user_course_access_bridge; Type: TABLE DATA; Schema: public; Owner: dev_service_user
--

COPY public.user_course_access_bridge (id, user_id, course_id) FROM stdin;
\.


--
-- Data for Name: user_course_bridge; Type: TABLE DATA; Schema: public; Owner: dev_service_user
--

COPY public.user_course_bridge (id, creation_date, start_date, course_mode, is_current, current_item_code, stage_name, tempomat_mode, previsioned_completion_date, required_completion_date, user_id, course_id) FROM stdin;
14	2022-10-04 15:39:52.054461+00	2022-10-04 15:40:03.054+00	advanced	f	NTBAdmlkZW8=	watch	auto	\N	\N	10	8
4	2022-10-04 10:42:26.800624+00	2022-10-04 10:42:41.656+00	advanced	f	\N	pretest	auto	\N	\N	7	9
3	2022-10-04 10:37:38.005043+00	\N	advanced	t	\N	pretest	auto	\N	\N	7	10
11	2022-10-04 15:36:25.703815+00	2022-10-04 15:40:27.459+00	advanced	t	\N	pretest	auto	\N	\N	10	10
19	2022-10-04 15:52:58.080898+00	2022-10-04 15:53:10.953+00	advanced	f	NTBAdmlkZW8=	watch	auto	\N	\N	12	8
17	2022-10-04 15:52:04.484014+00	2022-10-04 15:52:19.844+00	advanced	t	MzM5QHZpZGVv	watch	auto	\N	\N	12	9
7	2022-10-04 11:34:54.420393+00	2022-10-04 14:19:45.804+00	advanced	f	MzM1QHZpZGVv	watch	auto	\N	\N	8	9
15	2022-10-04 15:43:04.091112+00	2022-10-04 15:43:20.686+00	advanced	f	MzM1QHZpZGVv	watch	auto	\N	\N	11	9
27	2022-10-04 18:38:08.778491+00	2022-10-04 18:38:51.178+00	advanced	f	\N	pretest_results	auto	\N	\N	14	7
21	2022-10-04 17:09:09.57083+00	2022-10-04 17:09:19.722+00	advanced	f	MTkzQHZpZGVv	watch	auto	\N	\N	13	7
16	2022-10-04 15:43:30.319197+00	2022-10-04 15:45:58.613+00	advanced	t	\N	pretest	auto	\N	\N	11	10
23	2022-10-04 18:33:22.286862+00	2022-10-04 18:33:35.063+00	advanced	t	OEB2aWRlbw==	watch	auto	\N	\N	14	10
22	2022-10-04 17:10:21.851703+00	2022-10-04 17:10:37.204+00	advanced	f	OTlAdmlkZW8=	watch	auto	\N	\N	13	10
20	2022-10-04 17:06:59.922575+00	2022-10-04 17:07:10.823+00	advanced	t	\N	pretest_results	auto	\N	\N	13	9
18	2022-10-04 15:52:29.981257+00	2022-10-04 15:52:46.196+00	advanced	f	MTkzQHZpZGVv	watch	auto	\N	\N	12	7
12	2022-10-04 15:38:58.049086+00	2022-10-04 15:39:15.696+00	advanced	f	MzM1QHZpZGVv	watch	auto	\N	\N	10	9
28	2022-10-04 18:48:01.379207+00	2022-10-04 18:48:43.645+00	advanced	t	OEB2aWRlbw==	watch	auto	\N	\N	16	10
13	2022-10-04 15:39:26.174085+00	2022-10-04 15:39:39.563+00	advanced	f	MTkzQHZpZGVv	watch	auto	\N	\N	10	7
29	2022-10-05 08:08:09.832682+00	2022-10-05 08:08:30.58+00	advanced	t	OEB2aWRlbw==	watch	auto	\N	\N	17	10
26	2022-10-04 18:38:03.800048+00	2022-10-04 18:38:25.745+00	advanced	f	\N	pretest_results	auto	\N	\N	15	9
25	2022-10-04 18:37:15.773753+00	2022-10-04 18:37:30.703+00	advanced	f	MzM1QHZpZGVv	watch	auto	\N	\N	14	9
8	2022-10-04 11:35:44.977407+00	2022-10-05 13:25:22.787+00	advanced	f	NTBAdmlkZW8=	watch	auto	\N	\N	8	8
30	2022-10-05 15:25:40.058944+00	2022-10-05 15:26:13.317+00	advanced	t	OEB2aWRlbw==	watch	auto	\N	\N	18	10
31	2022-10-05 15:51:14.417396+00	2022-10-05 15:51:25.64+00	advanced	t	OEB2aWRlbw==	watch	auto	\N	\N	20	10
32	2022-10-06 09:12:26.68567+00	2022-10-06 09:14:28.45+00	advanced	t	MTQyQHZpZGVv	watch	auto	\N	\N	21	10
24	2022-10-04 18:34:04.618687+00	2022-10-05 20:15:23.681+00	advanced	t	OEB2aWRlbw==	watch	auto	\N	\N	15	10
9	2022-10-04 11:43:39.74887+00	2022-10-04 18:44:28.382+00	advanced	f	OTRAdmlkZW8=	watch	auto	\N	\N	8	10
10	2022-10-04 15:13:01.639793+00	2022-10-04 15:13:14.051+00	advanced	t	MjAzQHZpZGVv	watch	strict	\N	2022-10-12 22:00:00+00	8	7
33	2022-10-13 12:09:48.818452+00	2022-10-13 12:10:05.92+00	beginner	t	OEB2aWRlbw==	watch	auto	\N	\N	36	10
5	2022-10-04 10:43:49.098469+00	2022-10-04 14:17:13.546+00	advanced	f	MTkzQHZpZGVv	watch	auto	\N	\N	1	7
37	2022-10-24 11:28:19.59071+00	\N	advanced	f	\N	pretest	auto	\N	\N	41	10
38	2022-10-24 11:34:40.832289+00	2022-10-24 11:34:54.235+00	advanced	t	MzM1QHZpZGVv	watch	auto	\N	\N	41	9
34	2022-10-13 19:04:27.124209+00	2022-10-13 19:04:42.394+00	advanced	t	OUB2aWRlbw==	watch	auto	\N	\N	38	10
39	2022-10-24 11:41:15.770734+00	\N	advanced	f	\N	pretest	auto	\N	\N	41	7
35	2022-10-13 19:25:14.752256+00	2022-10-13 19:25:33.095+00	advanced	t	OEB2aWRlbw==	watch	auto	\N	\N	39	10
1	2022-09-28 12:32:36.132+00	2022-09-28 12:37:36.132+00	advanced	t	MjNAbW9kdWxl	watch	light	2022-10-17 13:33:36.133+00	\N	1	10
36	2022-10-14 09:39:01.189326+00	2022-10-14 09:39:14.267+00	advanced	t	NTBAdmlkZW8=	watch	auto	\N	\N	46	8
6	2022-10-04 10:45:01.397987+00	2022-10-04 15:08:50.128+00	advanced	f	NTBAdmlkZW8=	watch	auto	\N	\N	1	8
2	2022-10-04 10:32:08.175322+00	2022-10-04 14:15:43.383+00	advanced	f	MzEzQHZpZGVv	watch	auto	\N	\N	1	9
40	2022-10-24 11:44:00.570385+00	2022-10-24 11:44:12.624+00	advanced	f	NTBAdmlkZW8=	watch	auto	\N	\N	41	8
\.


--
-- Data for Name: user_exam_progress_bridge; Type: TABLE DATA; Schema: public; Owner: dev_service_user
--

COPY public.user_exam_progress_bridge (id, completion_date, user_id, exam_version_id) FROM stdin;
\.


--
-- Data for Name: user_session_activity; Type: TABLE DATA; Schema: public; Owner: dev_service_user
--

COPY public.user_session_activity (id, creation_date, type, video_version_id, exam_version_id, activity_session_id) FROM stdin;
3	2022-10-04 10:05:21.522+00	login	\N	\N	3
4	2022-10-04 10:05:21.971+00	generic	\N	\N	3
1	2022-10-04 10:10:22.671+00	generic	\N	\N	4
2	2022-10-04 10:14:01.757+00	generic	\N	\N	4
5	2022-10-04 10:15:35.799+00	login	\N	\N	4
6	2022-10-04 10:15:36.239+00	generic	\N	\N	4
7	2022-10-04 10:17:35.239+00	generic	\N	\N	4
8	2022-10-04 10:22:16.706+00	generic	\N	\N	4
9	2022-10-04 10:26:58.835+00	generic	\N	\N	4
10	2022-10-04 10:30:33.946+00	login	\N	\N	4
11	2022-10-04 10:30:34.394+00	generic	\N	\N	4
12	2022-10-04 10:30:40.052+00	generic	\N	\N	4
13	2022-10-04 10:30:45.069+00	generic	\N	\N	4
14	2022-10-04 10:32:04.873+00	generic	\N	\N	4
15	2022-10-04 10:36:53.398+00	generic	\N	\N	5
16	2022-10-04 10:37:05.867+00	generic	\N	\N	6
17	2022-10-04 10:37:30.678+00	generic	\N	\N	5
18	2022-10-04 10:39:28.076+00	generic	\N	\N	5
19	2022-10-04 10:40:16.543+00	generic	\N	\N	5
20	2022-10-04 10:42:06.6+00	generic	\N	\N	7
21	2022-10-04 10:42:40.925+00	exam	\N	31	5
22	2022-10-04 10:43:58.333+00	exam	\N	28	7
23	2022-10-04 10:44:22.701+00	exam	\N	28	7
24	2022-10-04 10:44:28.15+00	exam	\N	28	7
25	2022-10-04 10:45:11.828+00	exam	\N	29	7
26	2022-10-04 10:45:17.095+00	generic	\N	\N	5
27	2022-10-04 10:45:24.425+00	generic	\N	\N	7
28	2022-10-04 10:45:58.164+00	video	89	\N	7
29	2022-10-04 10:46:53.212+00	generic	\N	\N	7
30	2022-10-04 10:50:18.097+00	generic	\N	\N	8
31	2022-10-04 10:55:18.813+00	generic	\N	\N	9
32	2022-10-04 11:00:19.524+00	generic	\N	\N	10
33	2022-10-04 11:05:20.101+00	generic	\N	\N	11
34	2022-10-04 11:11:54.038+00	generic	\N	\N	12
35	2022-10-04 11:16:12.623+00	generic	\N	\N	12
36	2022-10-04 11:21:13.174+00	generic	\N	\N	13
37	2022-10-04 11:21:14.77+00	exam	\N	49	13
38	2022-10-04 11:23:09.04+00	generic	\N	\N	13
39	2022-10-04 11:24:35.784+00	generic	\N	\N	13
40	2022-10-04 11:24:45.233+00	video	405	\N	13
41	2022-10-04 11:34:07.651+00	generic	\N	\N	14
42	2022-10-04 11:34:42.78+00	generic	\N	\N	14
43	2022-10-04 11:35:09.901+00	generic	\N	\N	14
44	2022-10-04 11:40:10.469+00	generic	\N	\N	15
45	2022-10-04 11:40:12.878+00	login	\N	\N	16
46	2022-10-04 11:40:13.3+00	generic	\N	\N	16
47	2022-10-04 11:42:19.063+00	exam	\N	63	15
48	2022-10-04 11:42:59.829+00	generic	\N	\N	15
49	2022-10-04 11:43:48.701+00	exam	\N	42	15
50	2022-10-04 11:46:14.562+00	generic	\N	\N	17
51	2022-10-04 11:47:05.179+00	video	405	\N	17
52	2022-10-04 11:48:12.417+00	generic	\N	\N	15
53	2022-10-04 11:49:15.456+00	generic	\N	\N	15
54	2022-10-04 11:49:17.934+00	generic	\N	\N	17
55	2022-10-04 11:54:16.334+00	generic	\N	\N	18
56	2022-10-04 11:59:17.297+00	generic	\N	\N	19
57	2022-10-04 12:02:48.851+00	generic	\N	\N	20
58	2022-10-04 12:03:37.437+00	generic	\N	\N	20
59	2022-10-04 12:04:01.28+00	generic	\N	\N	20
60	2022-10-04 12:04:06.962+00	generic	\N	\N	20
61	2022-10-04 12:04:17.944+00	generic	\N	\N	21
62	2022-10-04 12:04:30.055+00	generic	\N	\N	20
63	2022-10-04 12:04:43.368+00	generic	\N	\N	20
64	2022-10-04 12:04:56.729+00	exam	\N	70	20
65	2022-10-04 12:05:05.038+00	exam	\N	70	20
66	2022-10-04 12:05:10.701+00	exam	\N	70	20
67	2022-10-04 12:05:39.234+00	exam	\N	70	20
68	2022-10-04 12:05:40.843+00	generic	\N	\N	21
69	2022-10-04 12:06:28.632+00	generic	\N	\N	21
70	2022-10-04 12:07:17.117+00	exam	\N	77	21
71	2022-10-04 12:07:32.234+00	exam	\N	42	21
72	2022-10-04 12:08:18.195+00	generic	\N	\N	21
73	2022-10-04 12:08:19.01+00	generic	\N	\N	21
74	2022-10-04 12:08:31.215+00	login	\N	\N	21
75	2022-10-04 12:08:31.415+00	login	\N	\N	21
76	2022-10-04 12:08:31.966+00	generic	\N	\N	21
77	2022-10-04 12:08:47.173+00	exam	\N	77	21
78	2022-10-04 12:08:58.454+00	exam	\N	77	21
79	2022-10-04 12:09:06.717+00	exam	\N	77	21
80	2022-10-04 12:09:55.944+00	generic	\N	\N	21
81	2022-10-04 12:10:22.378+00	generic	\N	\N	20
82	2022-10-04 12:10:29.409+00	generic	\N	\N	21
83	2022-10-04 12:10:35.594+00	exam	\N	42	21
84	2022-10-04 12:10:43.301+00	exam	\N	42	21
85	2022-10-04 12:10:48.932+00	generic	\N	\N	21
86	2022-10-04 12:10:54.61+00	exam	\N	42	21
87	2022-10-04 12:11:05.969+00	exam	\N	42	21
88	2022-10-04 12:11:10.386+00	exam	\N	42	21
89	2022-10-04 12:11:20.558+00	generic	\N	\N	21
90	2022-10-04 13:07:37.582+00	generic	\N	\N	22
91	2022-10-04 13:08:24.023+00	generic	\N	\N	22
92	2022-10-04 13:08:35.638+00	generic	\N	\N	23
93	2022-10-04 13:13:36.197+00	generic	\N	\N	24
94	2022-10-04 13:22:25.238+00	generic	\N	\N	25
95	2022-10-04 13:22:27.945+00	generic	\N	\N	26
96	2022-10-04 13:25:52.621+00	video	405	\N	25
97	2022-10-04 13:27:25.873+00	generic	\N	\N	25
98	2022-10-04 13:27:28.619+00	generic	\N	\N	27
99	2022-10-04 13:29:42.881+00	generic	\N	\N	25
100	2022-10-04 13:30:58.024+00	video	405	\N	25
101	2022-10-04 13:32:26.747+00	generic	\N	\N	25
102	2022-10-04 14:12:27.422+00	generic	\N	\N	28
103	2022-10-04 14:15:36.59+00	generic	\N	\N	28
104	2022-10-04 14:15:42.738+00	exam	\N	77	28
105	2022-10-04 14:15:52.02+00	video	924	\N	28
106	2022-10-04 14:15:59.562+00	generic	\N	\N	29
107	2022-10-04 14:16:04.714+00	exam	\N	77	29
108	2022-10-04 14:16:07.822+00	generic	\N	\N	29
109	2022-10-04 14:16:09.454+00	generic	\N	\N	29
110	2022-10-04 14:16:11.551+00	generic	\N	\N	29
111	2022-10-04 14:16:27.054+00	generic	\N	\N	29
112	2022-10-04 14:16:49.867+00	login	\N	\N	29
113	2022-10-04 14:16:50.298+00	generic	\N	\N	29
114	2022-10-04 14:16:56.624+00	exam	\N	77	29
115	2022-10-04 14:17:12.981+00	exam	\N	28	28
116	2022-10-04 14:17:25.804+00	video	192	\N	28
117	2022-10-04 14:17:49.301+00	login	\N	\N	28
118	2022-10-04 14:17:49.719+00	generic	\N	\N	28
119	2022-10-04 14:17:59.929+00	logout	\N	\N	28
120	2022-10-04 14:18:08.838+00	login	\N	\N	29
121	2022-10-04 14:18:09.349+00	generic	\N	\N	29
122	2022-10-04 14:18:47.99+00	generic	\N	\N	29
123	2022-10-04 14:19:02.547+00	generic	\N	\N	29
124	2022-10-04 14:19:34.708+00	video	924	\N	29
125	2022-10-04 14:19:38.523+00	video	924	\N	29
126	2022-10-04 14:19:45.224+00	exam	\N	42	29
127	2022-10-04 14:19:50.686+00	generic	\N	\N	29
128	2022-10-04 14:19:53.55+00	generic	\N	\N	29
129	2022-10-04 14:20:07.921+00	login	\N	\N	29
130	2022-10-04 14:20:08.329+00	generic	\N	\N	29
131	2022-10-04 14:20:15.456+00	exam	\N	42	29
134	2022-10-04 14:23:14.941+00	generic	\N	\N	29
136	2022-10-04 14:28:15.712+00	generic	\N	\N	31
137	2022-10-04 14:33:36.546+00	generic	\N	\N	32
138	2022-10-04 14:38:37.249+00	generic	\N	\N	33
139	2022-10-04 14:59:35.767+00	login	\N	\N	34
140	2022-10-04 14:59:36.197+00	generic	\N	\N	34
141	2022-10-04 14:59:51.964+00	login	\N	\N	35
142	2022-10-04 14:59:52.407+00	generic	\N	\N	35
143	2022-10-04 15:00:00.081+00	generic	\N	\N	35
144	2022-10-04 15:00:22.668+00	generic	\N	\N	35
145	2022-10-04 15:00:42.868+00	generic	\N	\N	34
146	2022-10-04 15:01:08.923+00	generic	\N	\N	34
147	2022-10-04 15:01:13.847+00	generic	\N	\N	34
148	2022-10-04 15:01:20.02+00	generic	\N	\N	34
149	2022-10-04 15:01:24.249+00	generic	\N	\N	34
150	2022-10-04 15:02:14.524+00	generic	\N	\N	34
151	2022-10-04 15:03:34.937+00	generic	\N	\N	35
152	2022-10-04 15:04:32.066+00	generic	\N	\N	35
153	2022-10-04 15:06:13.478+00	generic	\N	\N	34
154	2022-10-04 15:06:28.454+00	generic	\N	\N	34
155	2022-10-04 15:06:32.852+00	generic	\N	\N	34
156	2022-10-04 15:06:47.146+00	login	\N	\N	35
157	2022-10-04 15:06:47.551+00	generic	\N	\N	35
158	2022-10-04 15:06:49.62+00	generic	\N	\N	35
159	2022-10-04 15:07:02.115+00	video	924	\N	35
160	2022-10-04 15:08:49.513+00	exam	\N	29	34
161	2022-10-04 15:09:00.982+00	logout	\N	\N	34
162	2022-10-04 15:09:29.707+00	generic	\N	\N	35
163	2022-10-04 15:09:37.141+00	generic	\N	\N	35
164	2022-10-04 15:10:17.166+00	generic	\N	\N	35
165	2022-10-04 15:10:46.722+00	login	\N	\N	35
166	2022-10-04 15:10:47.266+00	generic	\N	\N	35
167	2022-10-04 15:11:05.624+00	generic	\N	\N	36
169	2022-10-04 15:11:59.056+00	exam	\N	29	35
170	2022-10-04 15:12:08.405+00	video	49	\N	35
171	2022-10-04 15:12:13.429+00	video	49	\N	35
172	2022-10-04 15:13:13.463+00	exam	\N	28	35
173	2022-10-04 15:13:21.808+00	video	192	\N	35
174	2022-10-04 15:13:26.376+00	generic	\N	\N	35
175	2022-10-04 15:16:06.228+00	generic	\N	\N	37
176	2022-10-04 15:35:22.235+00	generic	\N	\N	38
177	2022-10-04 15:36:06.482+00	generic	\N	\N	38
178	2022-10-04 15:36:49.281+00	exam	\N	42	38
179	2022-10-04 15:37:07.306+00	generic	\N	\N	38
180	2022-10-04 15:38:53.27+00	generic	\N	\N	38
181	2022-10-04 15:39:15.069+00	exam	\N	77	38
182	2022-10-04 15:39:38.785+00	exam	\N	28	38
183	2022-10-04 15:40:02.377+00	exam	\N	29	38
184	2022-10-04 15:40:26.741+00	exam	\N	42	38
185	2022-10-04 15:42:04.569+00	generic	\N	\N	38
186	2022-10-04 15:42:13.111+00	generic	\N	\N	39
187	2022-10-04 15:42:55.78+00	generic	\N	\N	39
188	2022-10-04 15:43:20.063+00	exam	\N	77	39
189	2022-10-04 15:43:48.052+00	exam	\N	42	39
190	2022-10-04 15:45:48.601+00	generic	\N	\N	39
191	2022-10-04 15:45:57.837+00	exam	\N	95	39
192	2022-10-04 15:46:06.988+00	generic	\N	\N	39
193	2022-10-04 15:48:30.46+00	generic	\N	\N	39
194	2022-10-04 15:48:40.274+00	generic	\N	\N	39
195	2022-10-04 15:48:57.532+00	generic	\N	\N	39
196	2022-10-04 15:49:09.479+00	generic	\N	\N	39
197	2022-10-04 15:50:28.09+00	generic	\N	\N	39
198	2022-10-04 15:51:09.834+00	generic	\N	\N	39
199	2022-10-04 15:51:18.492+00	generic	\N	\N	40
200	2022-10-04 15:51:58.383+00	generic	\N	\N	40
201	2022-10-04 15:51:58.952+00	generic	\N	\N	40
202	2022-10-04 15:52:19.147+00	exam	\N	77	40
203	2022-10-04 15:52:45.56+00	exam	\N	28	40
204	2022-10-04 15:53:10.34+00	exam	\N	29	40
205	2022-10-04 15:53:20.512+00	video	49	\N	40
206	2022-10-04 16:28:00.976+00	generic	\N	\N	41
207	2022-10-04 16:28:06.91+00	generic	\N	\N	41
208	2022-10-04 16:28:08.782+00	generic	\N	\N	41
209	2022-10-04 16:28:10.472+00	generic	\N	\N	41
210	2022-10-04 16:28:12.102+00	generic	\N	\N	41
211	2022-10-04 16:28:21.82+00	generic	\N	\N	41
212	2022-10-04 16:28:25.678+00	generic	\N	\N	41
213	2022-10-04 16:28:48.89+00	generic	\N	\N	41
214	2022-10-04 16:28:51.305+00	generic	\N	\N	41
215	2022-10-04 16:28:53.101+00	generic	\N	\N	41
216	2022-10-04 16:29:12.125+00	generic	\N	\N	41
217	2022-10-04 16:29:56.237+00	generic	\N	\N	41
218	2022-10-04 16:42:23.188+00	generic	\N	\N	42
219	2022-10-04 16:42:25.461+00	generic	\N	\N	42
220	2022-10-04 16:42:38.114+00	generic	\N	\N	42
221	2022-10-04 16:42:40.897+00	generic	\N	\N	43
222	2022-10-04 16:42:45.609+00	generic	\N	\N	42
223	2022-10-04 16:42:45.639+00	generic	\N	\N	43
224	2022-10-04 16:42:47.128+00	generic	\N	\N	42
225	2022-10-04 16:42:48.036+00	generic	\N	\N	43
226	2022-10-04 16:42:52.785+00	generic	\N	\N	43
227	2022-10-04 16:42:55.838+00	generic	\N	\N	42
228	2022-10-04 16:43:17.058+00	generic	\N	\N	42
229	2022-10-04 16:43:20.518+00	generic	\N	\N	42
230	2022-10-04 16:43:31.019+00	generic	\N	\N	42
231	2022-10-04 16:43:32.683+00	generic	\N	\N	42
232	2022-10-04 16:43:38.552+00	generic	\N	\N	43
234	2022-10-04 16:43:48.874+00	login	\N	\N	45
235	2022-10-04 16:43:49.304+00	generic	\N	\N	45
236	2022-10-04 16:43:54.077+00	generic	\N	\N	45
237	2022-10-04 16:43:58.478+00	generic	\N	\N	45
238	2022-10-04 16:45:15.78+00	generic	\N	\N	43
239	2022-10-04 16:45:22.638+00	generic	\N	\N	43
240	2022-10-04 16:45:30.633+00	generic	\N	\N	43
241	2022-10-04 16:45:58.616+00	generic	\N	\N	45
242	2022-10-04 16:46:02.652+00	generic	\N	\N	45
243	2022-10-04 16:46:05.747+00	generic	\N	\N	45
244	2022-10-04 16:51:06.446+00	generic	\N	\N	46
245	2022-10-04 16:59:52.946+00	generic	\N	\N	47
246	2022-10-04 17:00:02.408+00	generic	\N	\N	47
247	2022-10-04 17:00:08.55+00	generic	\N	\N	48
248	2022-10-04 17:00:15.542+00	generic	\N	\N	48
249	2022-10-04 17:00:23.283+00	generic	\N	\N	47
250	2022-10-04 17:01:31.735+00	generic	\N	\N	47
251	2022-10-04 17:04:42.03+00	generic	\N	\N	49
252	2022-10-04 17:05:02.663+00	video	924	\N	49
253	2022-10-04 17:05:16.093+00	generic	\N	\N	50
254	2022-10-04 17:05:57.093+00	generic	\N	\N	51
255	2022-10-04 17:06:13.547+00	generic	\N	\N	47
256	2022-10-04 17:06:26.818+00	generic	\N	\N	47
257	2022-10-04 17:06:47.28+00	generic	\N	\N	47
258	2022-10-04 17:06:52.609+00	generic	\N	\N	51
259	2022-10-04 17:07:10.165+00	exam	\N	77	51
260	2022-10-04 17:07:21.624+00	video	924	\N	51
261	2022-10-04 17:07:54.339+00	generic	\N	\N	51
262	2022-10-04 17:08:01.375+00	generic	\N	\N	47
263	2022-10-04 17:09:19.078+00	exam	\N	28	51
264	2022-10-04 17:09:28.211+00	generic	\N	\N	51
265	2022-10-04 17:09:42.838+00	generic	\N	\N	49
266	2022-10-04 17:10:17.191+00	generic	\N	\N	52
267	2022-10-04 17:10:18.32+00	generic	\N	\N	51
268	2022-10-04 17:10:36.372+00	exam	\N	95	51
269	2022-10-04 17:11:18.01+00	generic	\N	\N	51
270	2022-10-04 17:11:28.426+00	generic	\N	\N	51
271	2022-10-04 17:11:53.061+00	generic	\N	\N	47
272	2022-10-04 17:13:22.092+00	video	1183	\N	51
273	2022-10-04 17:13:27.424+00	generic	\N	\N	47
274	2022-10-04 17:14:43.493+00	generic	\N	\N	53
275	2022-10-04 17:15:17.832+00	generic	\N	\N	54
276	2022-10-04 17:16:29.138+00	generic	\N	\N	51
277	2022-10-04 17:19:44.135+00	generic	\N	\N	55
278	2022-10-04 17:20:18.629+00	generic	\N	\N	56
279	2022-10-04 17:21:29.939+00	generic	\N	\N	57
280	2022-10-04 18:26:16.032+00	generic	\N	\N	58
281	2022-10-04 18:29:28.6+00	generic	\N	\N	59
282	2022-10-04 18:29:33.158+00	generic	\N	\N	60
283	2022-10-04 18:31:59.981+00	generic	\N	\N	61
284	2022-10-04 18:33:09.692+00	generic	\N	\N	61
285	2022-10-04 18:33:13.824+00	generic	\N	\N	61
286	2022-10-04 18:33:18.046+00	generic	\N	\N	62
287	2022-10-04 18:33:34.17+00	exam	\N	95	61
288	2022-10-04 18:33:54.367+00	generic	\N	\N	62
289	2022-10-04 18:33:55.011+00	generic	\N	\N	62
290	2022-10-04 18:33:58.688+00	generic	\N	\N	63
291	2022-10-04 18:34:29.437+00	generic	\N	\N	64
292	2022-10-04 18:34:31.144+00	exam	\N	95	62
293	2022-10-04 18:34:33.825+00	generic	\N	\N	65
294	2022-10-04 18:34:35.258+00	generic	\N	\N	62
295	2022-10-04 18:34:54.919+00	generic	\N	\N	62
296	2022-10-04 18:35:02.885+00	generic	\N	\N	62
297	2022-10-04 18:35:17.573+00	exam	\N	95	62
298	2022-10-04 18:35:18.984+00	exam	\N	88	61
299	2022-10-04 18:36:08.424+00	generic	\N	\N	62
300	2022-10-04 18:36:15.973+00	generic	\N	\N	62
301	2022-10-04 18:36:28.567+00	video	1202	\N	61
302	2022-10-04 18:37:04.483+00	generic	\N	\N	61
303	2022-10-04 18:37:08.287+00	exam	\N	95	62
304	2022-10-04 18:37:16.652+00	generic	\N	\N	62
305	2022-10-04 18:37:20.33+00	exam	\N	95	62
306	2022-10-04 18:37:25.093+00	generic	\N	\N	62
307	2022-10-04 18:37:30.061+00	exam	\N	77	61
308	2022-10-04 18:37:32.932+00	generic	\N	\N	61
309	2022-10-04 18:37:33.493+00	generic	\N	\N	62
310	2022-10-04 18:37:42.184+00	exam	\N	95	62
311	2022-10-04 18:37:46.306+00	generic	\N	\N	62
312	2022-10-04 18:37:58.23+00	generic	\N	\N	62
313	2022-10-04 18:38:25.027+00	exam	\N	77	62
314	2022-10-04 18:38:37.169+00	video	924	\N	62
315	2022-10-04 18:38:50.515+00	exam	\N	28	61
316	2022-10-04 18:38:51.489+00	exam	\N	95	62
317	2022-10-04 18:38:59.324+00	generic	\N	\N	66
318	2022-10-04 18:39:30.318+00	generic	\N	\N	67
319	2022-10-04 18:39:34.453+00	generic	\N	\N	68
320	2022-10-04 18:40:01.539+00	generic	\N	\N	62
321	2022-10-04 18:40:17.602+00	video	1175	\N	62
322	2022-10-04 18:40:22.632+00	video	1175	\N	62
323	2022-10-04 18:40:27.727+00	video	1175	\N	62
324	2022-10-04 18:40:32.671+00	video	1175	\N	62
325	2022-10-04 18:40:37.789+00	video	1175	\N	62
326	2022-10-04 18:40:38.511+00	generic	\N	\N	61
327	2022-10-04 18:40:42.75+00	video	1175	\N	62
328	2022-10-04 18:40:59.802+00	logout	\N	\N	61
329	2022-10-04 18:41:05.598+00	login	\N	\N	62
330	2022-10-04 18:41:06.138+00	generic	\N	\N	62
331	2022-10-04 18:41:18.525+00	generic	\N	\N	62
332	2022-10-04 18:41:31.783+00	generic	\N	\N	62
333	2022-10-04 18:42:01.032+00	video	1202	\N	62
334	2022-10-04 18:42:05.969+00	video	1202	\N	62
335	2022-10-04 18:42:09.527+00	generic	\N	\N	62
336	2022-10-04 18:42:11.219+00	generic	\N	\N	62
337	2022-10-04 18:42:13.296+00	generic	\N	\N	62
338	2022-10-04 18:42:15.954+00	generic	\N	\N	62
339	2022-10-04 18:42:18.869+00	generic	\N	\N	62
340	2022-10-04 18:42:35.732+00	exam	\N	95	62
341	2022-10-04 18:43:33.096+00	generic	\N	\N	67
342	2022-10-04 18:43:43.303+00	generic	\N	\N	62
343	2022-10-04 18:44:03.25+00	generic	\N	\N	69
344	2022-10-04 18:44:20.866+00	generic	\N	\N	69
345	2022-10-04 18:44:27.721+00	exam	\N	95	69
346	2022-10-04 18:44:35.001+00	generic	\N	\N	70
347	2022-10-04 18:46:32.749+00	generic	\N	\N	62
348	2022-10-04 18:46:57.415+00	generic	\N	\N	71
349	2022-10-04 18:47:48.018+00	generic	\N	\N	71
350	2022-10-04 18:48:42.857+00	exam	\N	95	71
351	2022-10-04 18:48:53.699+00	video	1175	\N	71
352	2022-10-04 19:39:58.318+00	generic	\N	\N	72
353	2022-10-04 19:49:55.64+00	generic	\N	\N	73
354	2022-10-04 19:54:59.491+00	generic	\N	\N	74
355	2022-10-04 20:00:00.191+00	generic	\N	\N	75
356	2022-10-04 20:05:01.156+00	generic	\N	\N	76
357	2022-10-04 20:10:02.016+00	generic	\N	\N	77
358	2022-10-04 20:15:02.794+00	generic	\N	\N	78
359	2022-10-04 20:20:03.562+00	generic	\N	\N	79
360	2022-10-04 20:25:04.405+00	generic	\N	\N	80
361	2022-10-04 20:30:05.195+00	generic	\N	\N	81
362	2022-10-04 20:35:06.147+00	generic	\N	\N	82
363	2022-10-04 20:40:06.825+00	generic	\N	\N	83
364	2022-10-04 20:45:07.718+00	generic	\N	\N	84
365	2022-10-04 20:50:08.418+00	generic	\N	\N	85
366	2022-10-04 20:55:09.246+00	generic	\N	\N	86
367	2022-10-04 21:00:10.133+00	generic	\N	\N	87
368	2022-10-04 21:05:10.816+00	generic	\N	\N	88
369	2022-10-04 21:10:11.743+00	generic	\N	\N	89
370	2022-10-04 21:15:12.529+00	generic	\N	\N	90
371	2022-10-05 05:56:53.567+00	login	\N	\N	91
372	2022-10-05 05:56:54.07+00	generic	\N	\N	91
373	2022-10-05 05:57:03.984+00	generic	\N	\N	91
374	2022-10-05 05:57:11.93+00	generic	\N	\N	91
375	2022-10-05 07:55:06.127+00	generic	\N	\N	92
376	2022-10-05 07:55:46.432+00	generic	\N	\N	93
377	2022-10-05 07:56:02.753+00	generic	\N	\N	93
378	2022-10-05 07:59:34.306+00	generic	\N	\N	93
379	2022-10-05 07:59:41.849+00	generic	\N	\N	93
380	2022-10-05 08:04:42.397+00	generic	\N	\N	94
381	2022-10-05 08:06:57.608+00	generic	\N	\N	95
382	2022-10-05 08:07:14.214+00	generic	\N	\N	96
383	2022-10-05 08:07:53.32+00	generic	\N	\N	96
384	2022-10-05 08:08:29.867+00	exam	\N	95	96
385	2022-10-05 08:08:55.402+00	video	1175	\N	96
386	2022-10-05 08:09:06.391+00	generic	\N	\N	97
387	2022-10-05 08:09:10.428+00	logout	\N	\N	97
388	2022-10-05 08:09:20.864+00	login	\N	\N	95
389	2022-10-05 08:09:21.359+00	generic	\N	\N	95
390	2022-10-05 08:09:37.512+00	exam	\N	95	95
391	2022-10-05 08:09:43.019+00	generic	\N	\N	98
392	2022-10-05 08:12:50.568+00	generic	\N	\N	95
393	2022-10-05 08:12:53.872+00	generic	\N	\N	96
394	2022-10-05 08:13:08.855+00	exam	\N	95	95
395	2022-10-05 08:14:43.551+00	generic	\N	\N	99
396	2022-10-05 08:14:50.092+00	logout	\N	\N	99
397	2022-10-05 08:14:56.27+00	login	\N	\N	100
398	2022-10-05 08:14:56.721+00	generic	\N	\N	100
399	2022-10-05 08:15:36.704+00	generic	\N	\N	100
400	2022-10-05 08:16:59.573+00	generic	\N	\N	100
401	2022-10-05 08:24:06.436+00	login	\N	\N	101
402	2022-10-05 08:24:06.989+00	generic	\N	\N	101
403	2022-10-05 08:24:39.831+00	generic	\N	\N	101
404	2022-10-05 08:27:00.259+00	generic	\N	\N	101
405	2022-10-05 08:29:40.689+00	generic	\N	\N	101
406	2022-10-05 08:34:41.434+00	generic	\N	\N	102
407	2022-10-05 08:37:01.055+00	generic	\N	\N	102
408	2022-10-05 08:37:09.777+00	generic	\N	\N	102
409	2022-10-05 08:39:42.04+00	generic	\N	\N	102
410	2022-10-05 09:29:13.299+00	generic	\N	\N	103
411	2022-10-05 09:53:12.018+00	generic	\N	\N	104
412	2022-10-05 09:53:29.084+00	generic	\N	\N	104
413	2022-10-05 09:56:58.312+00	generic	\N	\N	105
414	2022-10-05 09:57:54.393+00	generic	\N	\N	106
415	2022-10-05 10:10:14.931+00	generic	\N	\N	107
416	2022-10-05 10:10:21.419+00	generic	\N	\N	107
417	2022-10-05 10:10:33.937+00	generic	\N	\N	107
418	2022-10-05 10:22:30.052+00	video	1176	\N	108
419	2022-10-05 10:22:34.884+00	video	1176	\N	108
420	2022-10-05 10:22:44.981+00	video	1177	\N	108
421	2022-10-05 10:22:51.043+00	video	1177	\N	108
422	2022-10-05 10:22:55.94+00	video	1177	\N	108
423	2022-10-05 10:23:02.499+00	video	1177	\N	108
424	2022-10-05 10:23:08.039+00	video	1177	\N	108
425	2022-10-05 10:23:15.048+00	video	1177	\N	108
426	2022-10-05 10:23:22.083+00	video	1177	\N	108
427	2022-10-05 10:23:26.987+00	video	1177	\N	108
428	2022-10-05 10:23:33.012+00	video	1177	\N	108
429	2022-10-05 10:23:37.944+00	video	1177	\N	108
430	2022-10-05 10:23:44.073+00	video	1177	\N	108
431	2022-10-05 10:23:50.027+00	video	1177	\N	108
432	2022-10-05 10:23:55.992+00	video	1177	\N	108
433	2022-10-05 10:24:01.974+00	video	1177	\N	108
434	2022-10-05 10:24:06.939+00	video	1177	\N	108
435	2022-10-05 10:24:12.999+00	video	1177	\N	108
436	2022-10-05 10:24:17.989+00	video	1177	\N	108
437	2022-10-05 10:24:20.01+00	video	1177	\N	108
438	2022-10-05 10:51:19.76+00	video	1177	\N	109
439	2022-10-05 10:51:26.678+00	video	1177	\N	109
440	2022-10-05 10:51:31.695+00	video	1177	\N	109
441	2022-10-05 10:51:38.734+00	video	1177	\N	109
442	2022-10-05 10:51:44.728+00	video	1177	\N	109
443	2022-10-05 10:52:01.653+00	video	1178	\N	109
444	2022-10-05 10:52:06.628+00	video	1178	\N	109
445	2022-10-05 10:52:12.718+00	video	1178	\N	109
446	2022-10-05 10:52:18.66+00	video	1178	\N	109
447	2022-10-05 10:52:23.592+00	video	1178	\N	109
448	2022-10-05 10:52:29.657+00	video	1178	\N	109
449	2022-10-05 10:52:35.736+00	video	1178	\N	109
450	2022-10-05 10:52:41.693+00	video	1178	\N	109
451	2022-10-05 10:52:46.618+00	video	1178	\N	109
452	2022-10-05 10:52:53.659+00	video	1178	\N	109
453	2022-10-05 11:53:13.683+00	generic	\N	\N	110
454	2022-10-05 11:53:23.123+00	video	1178	\N	110
455	2022-10-05 11:53:27.978+00	video	1178	\N	110
456	2022-10-05 11:53:33.998+00	video	1178	\N	110
457	2022-10-05 11:53:39.976+00	video	1178	\N	110
458	2022-10-05 11:53:46.944+00	video	1178	\N	110
459	2022-10-05 11:53:52.949+00	video	1178	\N	110
460	2022-10-05 11:53:58.972+00	video	1178	\N	110
461	2022-10-05 11:54:03.939+00	video	1178	\N	110
462	2022-10-05 11:54:09.049+00	video	1178	\N	110
463	2022-10-05 11:54:13.918+00	video	1178	\N	110
464	2022-10-05 11:54:19.987+00	video	1178	\N	110
465	2022-10-05 11:54:24.887+00	video	1178	\N	110
466	2022-10-05 11:54:29.969+00	video	1178	\N	110
467	2022-10-05 11:54:36.164+00	video	1178	\N	110
468	2022-10-05 11:54:42.01+00	video	1178	\N	110
469	2022-10-05 11:54:47.978+00	video	1178	\N	110
470	2022-10-05 11:54:52.921+00	video	1178	\N	110
471	2022-10-05 11:55:00.034+00	video	1178	\N	110
472	2022-10-05 11:55:05.981+00	video	1178	\N	110
473	2022-10-05 11:55:10.919+00	video	1178	\N	110
474	2022-10-05 11:55:17.052+00	video	1178	\N	110
475	2022-10-05 12:13:14.351+00	generic	\N	\N	111
476	2022-10-05 12:18:51.45+00	generic	\N	\N	112
477	2022-10-05 12:33:45.618+00	generic	\N	\N	113
478	2022-10-05 12:55:58.769+00	generic	\N	\N	114
479	2022-10-05 13:11:45.917+00	generic	\N	\N	115
480	2022-10-05 13:22:18.33+00	generic	\N	\N	116
481	2022-10-05 13:22:48.755+00	generic	\N	\N	116
482	2022-10-05 13:25:16.496+00	generic	\N	\N	116
483	2022-10-05 13:25:22.212+00	exam	\N	29	116
484	2022-10-05 13:41:11.401+00	generic	\N	\N	117
485	2022-10-05 14:04:02.765+00	generic	\N	\N	118
486	2022-10-05 14:05:06.141+00	generic	\N	\N	118
487	2022-10-05 14:14:35.065+00	exam	\N	9	119
488	2022-10-05 14:14:39.424+00	generic	\N	\N	119
489	2022-10-05 14:24:39.986+00	generic	\N	\N	120
490	2022-10-05 14:30:35.16+00	generic	\N	\N	121
491	2022-10-05 14:45:51.056+00	generic	\N	\N	122
492	2022-10-05 14:48:27.593+00	generic	\N	\N	123
493	2022-10-05 14:48:35.447+00	generic	\N	\N	124
494	2022-10-05 14:49:19.957+00	generic	\N	\N	124
495	2022-10-05 14:50:25.608+00	generic	\N	\N	122
496	2022-10-05 14:50:43.998+00	generic	\N	\N	122
497	2022-10-05 14:51:01.149+00	logout	\N	\N	122
498	2022-10-05 14:51:07.969+00	login	\N	\N	124
499	2022-10-05 14:51:08.007+00	generic	\N	\N	124
500	2022-10-05 14:51:17.35+00	generic	\N	\N	124
501	2022-10-05 14:52:05.991+00	generic	\N	\N	125
502	2022-10-05 14:53:04.593+00	generic	\N	\N	125
503	2022-10-05 14:53:26.052+00	generic	\N	\N	124
504	2022-10-05 15:00:39.072+00	generic	\N	\N	126
505	2022-10-05 15:02:47.995+00	generic	\N	\N	126
506	2022-10-05 15:25:39.912+00	generic	\N	\N	127
507	2022-10-05 15:26:13.159+00	exam	\N	95	127
508	2022-10-05 15:26:18.836+00	video	1175	\N	127
509	2022-10-05 15:44:27.807+00	login	\N	\N	128
510	2022-10-05 15:44:28.243+00	generic	\N	\N	128
512	2022-10-05 15:47:18.951+00	login	\N	\N	130
513	2022-10-05 15:47:19.383+00	generic	\N	\N	130
514	2022-10-05 15:50:29.812+00	generic	\N	\N	131
515	2022-10-05 15:51:06.269+00	generic	\N	\N	131
516	2022-10-05 15:51:24.94+00	exam	\N	95	131
517	2022-10-05 15:51:33.479+00	video	1175	\N	131
518	2022-10-05 17:31:38.504+00	generic	\N	\N	132
519	2022-10-05 17:37:00.357+00	generic	\N	\N	133
520	2022-10-05 17:45:13.957+00	generic	\N	\N	134
521	2022-10-05 17:45:42.721+00	generic	\N	\N	134
522	2022-10-05 17:45:48.029+00	generic	\N	\N	134
523	2022-10-05 17:45:49.862+00	generic	\N	\N	134
524	2022-10-05 17:45:51.187+00	generic	\N	\N	134
525	2022-10-05 17:46:16.936+00	video	1175	\N	134
526	2022-10-05 17:46:21.602+00	video	1175	\N	134
527	2022-10-05 17:46:22.237+00	video	1175	\N	134
528	2022-10-05 17:46:26.427+00	video	1175	\N	134
529	2022-10-05 17:46:33.928+00	video	1175	\N	134
530	2022-10-05 17:46:50.016+00	video	1176	\N	134
531	2022-10-05 18:30:56.453+00	generic	\N	\N	135
532	2022-10-05 18:37:31.436+00	generic	\N	\N	136
533	2022-10-05 18:38:55.879+00	generic	\N	\N	137
534	2022-10-05 18:42:32.081+00	generic	\N	\N	138
535	2022-10-05 18:45:11.855+00	generic	\N	\N	139
536	2022-10-05 18:46:17.883+00	generic	\N	\N	139
537	2022-10-05 18:47:32.963+00	generic	\N	\N	140
538	2022-10-05 20:13:00.817+00	generic	\N	\N	141
539	2022-10-05 20:13:19.317+00	video	1178	\N	141
540	2022-10-05 20:13:24.196+00	video	1178	\N	141
541	2022-10-05 20:13:28.051+00	video	1178	\N	141
542	2022-10-05 20:13:37.805+00	generic	\N	\N	141
543	2022-10-05 20:13:38.798+00	generic	\N	\N	141
544	2022-10-05 20:13:40.474+00	video	1179	\N	141
545	2022-10-05 20:13:43.558+00	video	1179	\N	141
546	2022-10-05 20:15:09.458+00	generic	\N	\N	142
547	2022-10-05 20:15:22.969+00	exam	\N	95	142
548	2022-10-05 20:15:34.859+00	video	1182	\N	142
549	2022-10-05 20:15:51.706+00	exam	\N	88	142
550	2022-10-05 20:16:04.98+00	generic	\N	\N	142
551	2022-10-06 05:11:11.221+00	generic	\N	\N	143
552	2022-10-06 05:11:13.89+00	generic	\N	\N	144
553	2022-10-06 05:12:37.774+00	generic	\N	\N	144
554	2022-10-06 05:52:47.086+00	generic	\N	\N	145
555	2022-10-06 05:54:24.091+00	generic	\N	\N	146
556	2022-10-06 08:10:39.689+00	generic	\N	\N	147
557	2022-10-06 08:12:09.676+00	generic	\N	\N	147
558	2022-10-06 08:29:49.634+00	generic	\N	\N	148
559	2022-10-06 08:34:50.623+00	generic	\N	\N	149
560	2022-10-06 08:39:51.66+00	generic	\N	\N	150
561	2022-10-06 09:04:54.455+00	generic	\N	\N	151
562	2022-10-06 09:08:59.166+00	generic	\N	\N	151
563	2022-10-06 09:09:42.346+00	generic	\N	\N	151
564	2022-10-06 09:14:27.817+00	exam	\N	95	151
565	2022-10-06 09:14:43.001+00	generic	\N	\N	151
566	2022-10-06 09:14:51.41+00	video	1175	\N	151
567	2022-10-06 09:14:56.389+00	video	1175	\N	151
568	2022-10-06 09:15:01.445+00	video	1175	\N	151
569	2022-10-06 09:15:07.468+00	video	1175	\N	151
570	2022-10-06 09:15:13.463+00	video	1175	\N	151
571	2022-10-06 09:15:19.488+00	video	1175	\N	151
572	2022-10-06 09:15:25.792+00	video	1175	\N	151
573	2022-10-06 09:15:33.504+00	video	1175	\N	151
574	2022-10-06 09:16:02.665+00	video	1187	\N	151
575	2022-10-06 09:16:08.567+00	video	1187	\N	151
576	2022-10-06 09:16:13.529+00	video	1187	\N	151
577	2022-10-06 09:16:19.572+00	video	1187	\N	151
578	2022-10-06 09:16:24.511+00	video	1187	\N	151
579	2022-10-06 09:16:29.742+00	video	1187	\N	151
580	2022-10-06 09:19:43.707+00	generic	\N	\N	151
581	2022-10-06 09:23:07.879+00	generic	\N	\N	151
582	2022-10-06 09:23:50.612+00	login	\N	\N	151
583	2022-10-06 09:23:51.054+00	generic	\N	\N	151
584	2022-10-06 09:24:03.404+00	generic	\N	\N	151
585	2022-10-06 09:24:18.521+00	generic	\N	\N	151
586	2022-10-06 09:24:21.313+00	generic	\N	\N	151
587	2022-10-06 09:25:02.714+00	generic	\N	\N	151
588	2022-10-06 09:28:02.55+00	video	1270	\N	151
589	2022-10-06 09:28:07.462+00	video	1270	\N	151
590	2022-10-06 09:28:12.585+00	video	1270	\N	151
591	2022-10-06 09:28:17.518+00	video	1270	\N	151
592	2022-10-06 09:28:22.54+00	video	1270	\N	151
593	2022-10-06 09:28:27.507+00	video	1270	\N	151
594	2022-10-06 09:28:32.539+00	video	1270	\N	151
595	2022-10-06 09:28:37.546+00	video	1270	\N	151
596	2022-10-06 09:28:42.575+00	video	1270	\N	151
597	2022-10-06 09:28:47.595+00	video	1270	\N	151
598	2022-10-06 09:28:52.602+00	video	1270	\N	151
599	2022-10-06 09:28:57.597+00	video	1270	\N	151
600	2022-10-06 09:29:02.634+00	video	1270	\N	151
601	2022-10-06 09:29:07.64+00	video	1270	\N	151
602	2022-10-06 09:29:12.013+00	generic	\N	\N	152
603	2022-10-06 09:29:12.877+00	video	1270	\N	151
604	2022-10-06 09:29:14.817+00	generic	\N	\N	152
605	2022-10-06 09:29:17.662+00	video	1270	\N	151
606	2022-10-06 09:29:22.668+00	video	1270	\N	151
607	2022-10-06 09:29:52.756+00	video	1270	\N	151
608	2022-10-06 09:29:58.139+00	video	1270	\N	151
609	2022-10-06 09:30:02.81+00	video	1270	\N	151
610	2022-10-06 09:30:03.246+00	generic	\N	\N	151
611	2022-10-06 09:30:06.862+00	video	1270	\N	151
612	2022-10-06 09:35:03.776+00	generic	\N	\N	151
613	2022-10-06 09:42:03.237+00	generic	\N	\N	153
614	2022-10-06 09:42:10.794+00	generic	\N	\N	153
615	2022-10-06 09:43:09.34+00	generic	\N	\N	154
616	2022-10-06 09:46:49.201+00	generic	\N	\N	153
617	2022-10-06 09:48:10.255+00	generic	\N	\N	155
618	2022-10-06 09:55:00.84+00	generic	\N	\N	156
619	2022-10-06 10:54:38.308+00	generic	\N	\N	157
620	2022-10-06 10:56:11.503+00	generic	\N	\N	157
621	2022-10-06 12:03:39.932+00	generic	\N	\N	158
622	2022-10-06 13:12:56.5+00	generic	\N	\N	159
623	2022-10-06 13:17:57.35+00	generic	\N	\N	160
624	2022-10-06 13:22:58.873+00	generic	\N	\N	161
625	2022-10-06 14:10:35.106+00	generic	\N	\N	162
626	2022-10-06 14:15:35.671+00	generic	\N	\N	163
627	2022-10-06 14:18:42.794+00	generic	\N	\N	163
628	2022-10-06 14:20:36.431+00	generic	\N	\N	163
629	2022-10-06 14:25:37.082+00	generic	\N	\N	164
630	2022-10-06 15:45:48.658+00	generic	\N	\N	165
631	2022-10-06 15:50:50.049+00	generic	\N	\N	166
632	2022-10-06 15:55:50.706+00	generic	\N	\N	167
633	2022-10-06 16:00:51.382+00	generic	\N	\N	168
634	2022-10-06 16:05:51.94+00	generic	\N	\N	169
635	2022-10-06 16:10:52.48+00	generic	\N	\N	170
636	2022-10-07 08:28:08.446+00	generic	\N	\N	171
637	2022-10-07 08:43:22.744+00	generic	\N	\N	172
638	2022-10-07 10:37:35.935+00	generic	\N	\N	173
639	2022-10-07 10:39:21.419+00	generic	\N	\N	173
640	2022-10-07 13:33:56.621+00	generic	\N	\N	174
641	2022-10-07 13:38:57.712+00	generic	\N	\N	175
642	2022-10-07 14:08:10.198+00	generic	\N	\N	176
643	2022-10-07 16:00:33.776+00	generic	\N	\N	177
644	2022-10-07 16:04:17.466+00	login	\N	\N	178
645	2022-10-07 16:04:24.175+00	login	\N	\N	178
646	2022-10-07 16:05:01.032+00	generic	\N	\N	177
647	2022-10-07 16:05:20.264+00	login	\N	\N	177
648	2022-10-07 16:11:14.839+00	login	\N	\N	179
649	2022-10-07 16:11:34.462+00	login	\N	\N	179
650	2022-10-07 16:24:33.716+00	login	\N	\N	180
651	2022-10-07 16:24:34.288+00	generic	\N	\N	180
652	2022-10-07 16:25:07.092+00	login	\N	\N	180
653	2022-10-07 16:25:59.277+00	login	\N	\N	180
654	2022-10-07 16:26:33.117+00	login	\N	\N	180
655	2022-10-07 16:26:57.651+00	login	\N	\N	180
656	2022-10-07 16:30:26.37+00	generic	\N	\N	180
657	2022-10-07 16:30:53.735+00	generic	\N	\N	180
658	2022-10-07 16:40:54.032+00	generic	\N	\N	181
659	2022-10-07 16:47:13.515+00	generic	\N	\N	182
660	2022-10-07 16:52:30.443+00	generic	\N	\N	183
661	2022-10-07 17:14:08.037+00	generic	\N	\N	184
662	2022-10-07 17:14:32.248+00	generic	\N	\N	185
663	2022-10-07 17:14:37.965+00	generic	\N	\N	185
664	2022-10-07 17:17:12.995+00	generic	\N	\N	185
665	2022-10-07 17:17:44.425+00	generic	\N	\N	185
666	2022-10-07 17:19:59.174+00	generic	\N	\N	186
667	2022-10-07 17:20:12.15+00	generic	\N	\N	185
668	2022-10-07 17:24:49.376+00	generic	\N	\N	186
669	2022-10-07 17:34:17.75+00	logout	\N	\N	187
670	2022-10-07 17:34:20.992+00	login	\N	\N	187
671	2022-10-07 17:34:21.091+00	generic	\N	\N	187
672	2022-10-07 17:47:11.286+00	generic	\N	\N	188
673	2022-10-07 17:49:35.527+00	generic	\N	\N	189
674	2022-10-07 17:50:09.415+00	logout	\N	\N	189
675	2022-10-07 17:50:13.787+00	login	\N	\N	188
676	2022-10-07 17:50:14.615+00	generic	\N	\N	188
677	2022-10-07 17:50:37.363+00	logout	\N	\N	188
679	2022-10-07 17:50:51.791+00	login	\N	\N	188
680	2022-10-07 17:50:52.344+00	generic	\N	\N	188
681	2022-10-07 17:51:15.128+00	login	\N	\N	188
682	2022-10-07 17:51:20.263+00	login	\N	\N	188
684	2022-10-07 17:51:29.684+00	login	\N	\N	188
685	2022-10-07 17:51:30.202+00	generic	\N	\N	188
686	2022-10-07 17:51:36.111+00	generic	\N	\N	188
687	2022-10-07 17:51:51.497+00	generic	\N	\N	188
688	2022-10-07 17:52:06.504+00	generic	\N	\N	190
689	2022-10-07 17:52:19.035+00	logout	\N	\N	190
690	2022-10-07 17:52:34.921+00	login	\N	\N	189
691	2022-10-07 17:52:35.439+00	generic	\N	\N	189
692	2022-10-07 17:52:49.355+00	generic	\N	\N	189
693	2022-10-07 17:53:10.261+00	generic	\N	\N	189
694	2022-10-07 17:54:04.103+00	generic	\N	\N	188
695	2022-10-07 17:54:34.542+00	generic	\N	\N	188
696	2022-10-07 17:54:48.716+00	login	\N	\N	188
697	2022-10-07 17:55:20.341+00	generic	\N	\N	188
698	2022-10-07 17:56:07.074+00	login	\N	\N	188
699	2022-10-07 17:56:26.382+00	login	\N	\N	189
700	2022-10-07 17:58:11.174+00	generic	\N	\N	189
701	2022-10-07 17:59:05.187+00	generic	\N	\N	188
702	2022-10-07 17:59:10.488+00	generic	\N	\N	188
703	2022-10-07 18:02:27.765+00	login	\N	\N	189
704	2022-10-07 18:02:35.497+00	login	\N	\N	189
705	2022-10-07 18:04:40.577+00	generic	\N	\N	191
706	2022-10-07 18:04:57.676+00	login	\N	\N	191
707	2022-10-07 18:04:58.664+00	generic	\N	\N	191
708	2022-10-07 18:04:58.934+00	login	\N	\N	191
709	2022-10-07 18:04:59.694+00	generic	\N	\N	191
710	2022-10-07 18:05:35.36+00	login	\N	\N	191
711	2022-10-07 18:05:35.931+00	generic	\N	\N	191
712	2022-10-07 19:02:15.19+00	generic	\N	\N	192
713	2022-10-07 19:05:36.688+00	generic	\N	\N	193
714	2022-10-07 19:06:30.808+00	generic	\N	\N	192
715	2022-10-07 19:10:09.461+00	generic	\N	\N	192
716	2022-10-07 19:10:37.625+00	generic	\N	\N	194
717	2022-10-07 19:11:31.772+00	generic	\N	\N	192
718	2022-10-07 19:12:31.741+00	generic	\N	\N	192
719	2022-10-07 19:12:34.552+00	logout	\N	\N	192
720	2022-10-07 19:12:39.85+00	login	\N	\N	195
721	2022-10-07 19:12:40.517+00	generic	\N	\N	195
722	2022-10-07 19:13:02.782+00	generic	\N	\N	195
723	2022-10-07 19:13:16.721+00	generic	\N	\N	195
724	2022-10-07 19:14:43.326+00	generic	\N	\N	195
726	2022-10-07 19:15:12.16+00	login	\N	\N	194
727	2022-10-07 19:15:12.665+00	generic	\N	\N	194
728	2022-10-07 19:15:19.918+00	logout	\N	\N	194
729	2022-10-07 19:15:29.057+00	login	\N	\N	192
730	2022-10-07 19:15:29.561+00	generic	\N	\N	192
732	2022-10-07 19:16:09.121+00	generic	\N	\N	195
733	2022-10-07 19:16:48.902+00	generic	\N	\N	195
734	2022-10-07 19:20:16.19+00	generic	\N	\N	195
735	2022-10-07 19:20:28.154+00	generic	\N	\N	195
736	2022-10-07 19:20:30.182+00	generic	\N	\N	196
737	2022-10-07 19:20:50.883+00	generic	\N	\N	196
738	2022-10-07 19:21:04.854+00	generic	\N	\N	195
739	2022-10-07 19:21:38.052+00	generic	\N	\N	196
740	2022-10-07 19:33:44.751+00	login	\N	\N	197
741	2022-10-07 19:39:06.08+00	generic	\N	\N	198
742	2022-10-07 19:40:48.413+00	generic	\N	\N	198
743	2022-10-07 19:43:23.979+00	generic	\N	\N	198
744	2022-10-07 19:43:26.435+00	generic	\N	\N	198
745	2022-10-07 19:47:24.926+00	generic	\N	\N	198
746	2022-10-07 19:48:38.419+00	generic	\N	\N	199
747	2022-10-07 19:48:45.827+00	logout	\N	\N	199
748	2022-10-07 19:49:05.398+00	login	\N	\N	198
749	2022-10-07 19:49:05.911+00	generic	\N	\N	198
750	2022-10-07 19:50:59.974+00	login	\N	\N	198
751	2022-10-07 20:19:58.142+00	generic	\N	\N	200
752	2022-10-07 20:46:07.428+00	generic	\N	\N	201
753	2022-10-08 06:24:13.81+00	generic	\N	\N	202
754	2022-10-08 06:24:45.303+00	exam	\N	88	202
755	2022-10-08 06:26:57.777+00	generic	\N	\N	202
756	2022-10-08 06:29:56.522+00	exam	\N	120	202
757	2022-10-08 06:30:26.09+00	exam	\N	120	202
758	2022-10-08 06:52:09.411+00	exam	\N	120	203
759	2022-10-08 06:54:02.88+00	exam	\N	120	203
760	2022-10-08 06:54:08.84+00	exam	\N	120	203
761	2022-10-08 06:54:17.01+00	exam	\N	120	203
762	2022-10-08 06:54:20.939+00	generic	\N	\N	203
763	2022-10-08 06:54:42.865+00	exam	\N	120	203
764	2022-10-08 06:55:11.51+00	generic	\N	\N	203
765	2022-10-08 07:18:54.622+00	generic	\N	\N	204
766	2022-10-08 07:20:55.272+00	generic	\N	\N	204
767	2022-10-08 07:25:56.186+00	generic	\N	\N	205
768	2022-10-08 07:27:36.624+00	generic	\N	\N	205
769	2022-10-08 07:32:37.461+00	generic	\N	\N	206
770	2022-10-08 07:37:38.298+00	generic	\N	\N	207
771	2022-10-08 07:38:54.631+00	generic	\N	\N	207
772	2022-10-08 07:43:55.45+00	generic	\N	\N	208
773	2022-10-08 07:48:56.343+00	generic	\N	\N	209
774	2022-10-08 11:05:22.152+00	generic	\N	\N	210
775	2022-10-08 12:09:48.838+00	generic	\N	\N	211
776	2022-10-08 12:39:26.326+00	generic	\N	\N	212
777	2022-10-08 14:29:16.602+00	generic	\N	\N	213
778	2022-10-08 14:33:39.214+00	generic	\N	\N	213
779	2022-10-08 15:29:26.858+00	logout	\N	\N	214
780	2022-10-08 15:29:27.06+00	logout	\N	\N	214
781	2022-10-08 17:43:36.762+00	login	\N	\N	215
782	2022-10-08 17:43:37.291+00	generic	\N	\N	215
783	2022-10-08 19:38:45.471+00	generic	\N	\N	216
784	2022-10-08 20:18:21.071+00	generic	\N	\N	217
785	2022-10-09 08:56:43.299+00	generic	\N	\N	218
786	2022-10-09 08:56:51.262+00	generic	\N	\N	218
787	2022-10-09 09:37:14.914+00	generic	\N	\N	219
788	2022-10-09 10:37:00.72+00	generic	\N	\N	220
789	2022-10-09 10:37:09.338+00	video	1671	\N	220
790	2022-10-09 10:37:14.383+00	video	1671	\N	220
791	2022-10-09 10:37:19.373+00	video	1671	\N	220
792	2022-10-09 10:37:24.459+00	video	1671	\N	220
793	2022-10-09 10:37:29.467+00	video	1671	\N	220
794	2022-10-09 10:37:34.534+00	video	1671	\N	220
795	2022-10-09 10:42:01.131+00	generic	\N	\N	220
796	2022-10-09 10:42:27.196+00	logout	\N	\N	220
797	2022-10-09 10:42:36.167+00	login	\N	\N	220
798	2022-10-09 10:42:36.289+00	generic	\N	\N	220
799	2022-10-09 10:45:59.101+00	video	1672	\N	220
800	2022-10-09 10:46:01.982+00	video	1672	\N	220
801	2022-10-09 10:55:05.324+00	logout	\N	\N	221
802	2022-10-09 10:55:33.903+00	login	\N	\N	221
803	2022-10-09 10:55:33.994+00	generic	\N	\N	221
804	2022-10-09 11:15:26.089+00	login	\N	\N	222
805	2022-10-09 11:15:26.235+00	generic	\N	\N	222
806	2022-10-09 11:15:28.977+00	logout	\N	\N	222
807	2022-10-09 11:15:33.593+00	login	\N	\N	222
808	2022-10-09 11:15:33.71+00	generic	\N	\N	222
809	2022-10-09 11:15:35.938+00	logout	\N	\N	222
810	2022-10-09 11:15:39.329+00	login	\N	\N	222
811	2022-10-09 11:15:39.443+00	generic	\N	\N	222
812	2022-10-09 14:45:38.073+00	generic	\N	\N	223
813	2022-10-09 15:26:02.767+00	login	\N	\N	224
814	2022-10-09 15:26:02.907+00	generic	\N	\N	224
815	2022-10-09 17:43:01.365+00	generic	\N	\N	225
816	2022-10-09 17:50:03.449+00	generic	\N	\N	226
817	2022-10-09 17:59:56.176+00	generic	\N	\N	227
818	2022-10-09 18:14:17.295+00	generic	\N	\N	228
819	2022-10-09 18:31:00.179+00	generic	\N	\N	229
820	2022-10-09 18:31:09.521+00	generic	\N	\N	229
821	2022-10-09 19:37:17.59+00	login	\N	\N	230
822	2022-10-09 19:37:18.105+00	generic	\N	\N	230
823	2022-10-09 19:37:30.304+00	video	192	\N	230
824	2022-10-09 19:37:51.48+00	login	\N	\N	230
825	2022-10-09 19:37:52.004+00	generic	\N	\N	230
826	2022-10-09 21:20:28.9+00	generic	\N	\N	231
827	2022-10-09 21:20:35.546+00	generic	\N	\N	231
828	2022-10-09 21:20:45.53+00	generic	\N	\N	231
829	2022-10-09 21:20:50.615+00	logout	\N	\N	231
831	2022-10-09 21:20:56.223+00	login	\N	\N	232
833	2022-10-09 21:21:00.079+00	login	\N	\N	232
836	2022-10-09 21:21:07.304+00	login	\N	\N	231
837	2022-10-09 21:21:07.806+00	generic	\N	\N	231
838	2022-10-09 21:21:25.601+00	logout	\N	\N	231
840	2022-10-09 21:21:34.817+00	login	\N	\N	232
843	2022-10-09 21:21:51.667+00	login	\N	\N	232
846	2022-10-09 21:22:00.447+00	login	\N	\N	232
848	2022-10-09 21:22:39.196+00	login	\N	\N	232
850	2022-10-09 21:23:53.044+00	login	\N	\N	232
851	2022-10-09 21:24:01.741+00	login	\N	\N	231
852	2022-10-09 21:44:29.856+00	generic	\N	\N	233
853	2022-10-10 06:02:30.782+00	generic	\N	\N	234
854	2022-10-10 06:56:03.371+00	generic	\N	\N	235
855	2022-10-10 06:56:12.591+00	generic	\N	\N	235
856	2022-10-10 06:56:17.162+00	generic	\N	\N	235
857	2022-10-10 06:56:19.725+00	generic	\N	\N	235
858	2022-10-10 06:57:05.515+00	generic	\N	\N	235
859	2022-10-10 06:58:51.186+00	login	\N	\N	236
860	2022-10-10 08:08:16.252+00	generic	\N	\N	237
861	2022-10-10 08:08:18.306+00	generic	\N	\N	237
862	2022-10-10 08:13:19.145+00	generic	\N	\N	238
863	2022-10-10 08:56:54.007+00	generic	\N	\N	239
864	2022-10-10 08:58:43.715+00	generic	\N	\N	239
865	2022-10-10 09:15:21.308+00	generic	\N	\N	240
866	2022-10-10 09:15:29.863+00	video	192	\N	240
867	2022-10-10 09:15:40.558+00	exam	\N	9	240
868	2022-10-10 09:16:00.399+00	video	190	\N	240
869	2022-10-10 09:17:40.265+00	exam	\N	16	240
870	2022-10-10 09:37:04.994+00	generic	\N	\N	241
871	2022-10-10 09:37:09.699+00	generic	\N	\N	241
872	2022-10-10 09:37:17.717+00	generic	\N	\N	241
873	2022-10-10 09:56:35.834+00	generic	\N	\N	242
874	2022-10-10 10:01:36.818+00	generic	\N	\N	243
875	2022-10-10 10:10:37.8+00	video	1336	\N	244
876	2022-10-10 10:10:45.323+00	video	1336	\N	244
877	2022-10-10 10:10:50.184+00	video	1336	\N	244
878	2022-10-10 10:10:55.53+00	video	1336	\N	244
879	2022-10-10 10:12:18.551+00	generic	\N	\N	244
880	2022-10-10 10:17:19.204+00	generic	\N	\N	245
881	2022-10-10 10:18:53.05+00	video	1664	\N	245
882	2022-10-10 10:18:57.831+00	video	1664	\N	245
883	2022-10-10 10:19:02.994+00	video	1664	\N	245
884	2022-10-10 10:19:07.811+00	video	1664	\N	245
885	2022-10-10 10:19:12.891+00	video	1664	\N	245
886	2022-10-10 10:19:18.874+00	generic	\N	\N	245
887	2022-10-10 10:19:36.134+00	exam	\N	120	245
888	2022-10-10 10:19:41.153+00	generic	\N	\N	245
889	2022-10-10 11:00:04.799+00	generic	\N	\N	246
890	2022-10-10 11:38:23.118+00	generic	\N	\N	247
891	2022-10-10 12:08:43.701+00	generic	\N	\N	248
892	2022-10-10 12:13:44.836+00	generic	\N	\N	249
893	2022-10-10 12:14:04.172+00	generic	\N	\N	249
894	2022-10-10 12:19:04.968+00	generic	\N	\N	250
895	2022-10-10 12:38:54.612+00	generic	\N	\N	251
896	2022-10-10 12:43:55.481+00	generic	\N	\N	252
897	2022-10-10 13:35:29.594+00	generic	\N	\N	253
898	2022-10-10 13:36:04.453+00	generic	\N	\N	253
899	2022-10-10 13:42:53.463+00	generic	\N	\N	254
900	2022-10-10 17:02:25.405+00	generic	\N	\N	255
901	2022-10-10 17:02:26.574+00	generic	\N	\N	255
902	2022-10-10 17:02:32.493+00	generic	\N	\N	255
903	2022-10-10 17:02:34.725+00	generic	\N	\N	255
904	2022-10-10 17:02:40.023+00	generic	\N	\N	255
905	2022-10-10 17:02:45.844+00	generic	\N	\N	255
906	2022-10-10 17:03:24.228+00	login	\N	\N	256
907	2022-10-10 17:03:24.397+00	generic	\N	\N	256
908	2022-10-10 17:06:47.083+00	login	\N	\N	256
909	2022-10-10 17:06:47.259+00	generic	\N	\N	256
910	2022-10-10 17:10:57.712+00	login	\N	\N	256
911	2022-10-10 17:10:57.886+00	generic	\N	\N	256
912	2022-10-10 17:12:41.569+00	generic	\N	\N	256
913	2022-10-10 18:21:23.875+00	generic	\N	\N	257
914	2022-10-10 18:22:07.559+00	generic	\N	\N	258
915	2022-10-10 18:26:25.738+00	generic	\N	\N	259
916	2022-10-10 18:51:24.021+00	generic	\N	\N	260
917	2022-10-10 18:54:23.752+00	generic	\N	\N	260
918	2022-10-10 18:56:04.282+00	generic	\N	\N	260
919	2022-10-10 18:56:09.336+00	generic	\N	\N	260
920	2022-10-10 18:56:11.953+00	generic	\N	\N	260
921	2022-10-10 18:56:20.205+00	generic	\N	\N	260
922	2022-10-10 18:56:23.938+00	generic	\N	\N	260
923	2022-10-10 18:59:31.475+00	generic	\N	\N	260
924	2022-10-10 19:45:13.148+00	generic	\N	\N	261
925	2022-10-10 20:07:19.844+00	generic	\N	\N	262
926	2022-10-10 20:54:14.311+00	generic	\N	\N	263
927	2022-10-10 20:54:18.168+00	generic	\N	\N	263
928	2022-10-10 20:55:22.534+00	generic	\N	\N	263
929	2022-10-10 20:55:51.056+00	video	1672	\N	263
930	2022-10-10 20:55:56.001+00	video	1672	\N	263
931	2022-10-10 20:56:00.987+00	video	1672	\N	263
932	2022-10-10 20:56:05.973+00	video	1672	\N	263
933	2022-10-10 20:56:11.102+00	video	1672	\N	263
934	2022-10-10 20:56:15.933+00	video	1672	\N	263
935	2022-10-10 20:56:21.174+00	video	1672	\N	263
936	2022-10-10 20:56:25.973+00	video	1672	\N	263
937	2022-10-10 20:56:31.065+00	video	1672	\N	263
938	2022-10-10 20:56:35.998+00	video	1672	\N	263
939	2022-10-10 20:56:41.165+00	video	1672	\N	263
940	2022-10-10 20:56:46.044+00	video	1672	\N	263
941	2022-10-10 20:56:52.141+00	video	1672	\N	263
942	2022-10-10 20:56:57.087+00	video	1672	\N	263
943	2022-10-10 20:57:02.164+00	video	1672	\N	263
944	2022-10-10 20:57:07.095+00	video	1672	\N	263
945	2022-10-10 20:57:12.25+00	video	1672	\N	263
946	2022-10-10 20:57:17.229+00	video	1672	\N	263
947	2022-10-10 20:57:22.222+00	video	1672	\N	263
948	2022-10-10 20:57:27.222+00	video	1672	\N	263
949	2022-10-10 20:57:32.294+00	video	1672	\N	263
950	2022-10-10 20:57:37.188+00	video	1672	\N	263
951	2022-10-10 20:57:42.291+00	video	1672	\N	263
952	2022-10-10 20:57:47.23+00	video	1672	\N	263
953	2022-10-10 20:57:52.478+00	video	1672	\N	263
954	2022-10-10 20:57:57.227+00	video	1672	\N	263
955	2022-10-10 20:58:02.341+00	video	1672	\N	263
956	2022-10-10 20:58:07.279+00	video	1672	\N	263
957	2022-10-10 20:58:12.401+00	video	1672	\N	263
958	2022-10-10 20:58:17.33+00	video	1672	\N	263
959	2022-10-10 20:58:22.426+00	video	1672	\N	263
960	2022-10-10 20:58:27.392+00	video	1672	\N	263
961	2022-10-10 20:58:32.424+00	video	1672	\N	263
962	2022-10-10 20:58:37.473+00	video	1672	\N	263
963	2022-10-10 20:58:42.792+00	video	1672	\N	263
964	2022-10-10 20:58:47.447+00	video	1672	\N	263
965	2022-10-10 20:58:52.55+00	video	1672	\N	263
966	2022-10-10 20:58:57.438+00	video	1672	\N	263
967	2022-10-10 20:59:02.642+00	video	1672	\N	263
968	2022-10-10 20:59:07.488+00	video	1672	\N	263
969	2022-10-10 20:59:12.576+00	video	1672	\N	263
970	2022-10-10 20:59:17.526+00	video	1672	\N	263
971	2022-10-10 20:59:22.634+00	video	1672	\N	263
972	2022-10-10 20:59:27.544+00	video	1672	\N	263
973	2022-10-10 20:59:32.627+00	video	1672	\N	263
974	2022-10-10 20:59:37.639+00	video	1672	\N	263
975	2022-10-10 20:59:42.677+00	video	1672	\N	263
976	2022-10-10 20:59:47.739+00	video	1672	\N	263
977	2022-10-10 20:59:52.713+00	video	1672	\N	263
978	2022-10-10 20:59:55.656+00	video	1672	\N	263
979	2022-10-10 21:00:23.303+00	generic	\N	\N	263
980	2022-10-10 21:17:46.406+00	video	1673	\N	264
981	2022-10-10 21:17:51.242+00	video	1673	\N	264
982	2022-10-10 21:17:56.369+00	video	1673	\N	264
983	2022-10-10 21:18:01.222+00	video	1673	\N	264
984	2022-10-10 21:18:06.406+00	video	1673	\N	264
985	2022-10-10 21:18:11.273+00	video	1673	\N	264
986	2022-10-10 21:18:16.356+00	video	1673	\N	264
987	2022-10-10 21:18:21.296+00	video	1673	\N	264
988	2022-10-10 21:18:26.416+00	video	1673	\N	264
989	2022-10-10 21:18:31.498+00	video	1673	\N	264
990	2022-10-10 21:18:36.426+00	video	1673	\N	264
991	2022-10-10 21:18:41.356+00	video	1673	\N	264
992	2022-10-10 21:18:46.426+00	video	1673	\N	264
993	2022-10-10 21:18:51.405+00	video	1673	\N	264
994	2022-10-10 21:18:57.466+00	video	1673	\N	264
995	2022-10-10 21:19:02.414+00	video	1673	\N	264
996	2022-10-10 21:19:07.541+00	video	1673	\N	264
997	2022-10-10 21:19:12.452+00	video	1673	\N	264
998	2022-10-10 21:19:17.623+00	video	1673	\N	264
999	2022-10-10 21:19:21.483+00	video	1673	\N	264
1000	2022-10-10 21:19:35.578+00	video	1673	\N	264
1001	2022-10-10 21:19:40.549+00	video	1673	\N	264
1002	2022-10-10 21:19:45.568+00	video	1673	\N	264
1003	2022-10-10 21:19:50.516+00	video	1673	\N	264
1004	2022-10-10 21:19:55.609+00	video	1673	\N	264
1005	2022-10-10 21:20:00.618+00	video	1673	\N	264
1006	2022-10-10 21:20:16.802+00	video	1674	\N	264
1007	2022-10-10 21:20:21.698+00	video	1674	\N	264
1008	2022-10-10 21:20:26.935+00	video	1674	\N	264
1009	2022-10-10 21:20:31.454+00	generic	\N	\N	264
1010	2022-10-10 21:20:31.955+00	video	1674	\N	264
1011	2022-10-10 21:20:36.821+00	video	1674	\N	264
1012	2022-10-10 21:20:41.737+00	video	1674	\N	264
1013	2022-10-10 21:20:46.837+00	video	1674	\N	264
1014	2022-10-10 21:20:51.756+00	video	1674	\N	264
1015	2022-10-10 21:20:56.846+00	video	1674	\N	264
1016	2022-10-10 21:21:01.819+00	video	1674	\N	264
1017	2022-10-10 21:21:06.946+00	video	1674	\N	264
1018	2022-10-10 21:21:11.904+00	video	1674	\N	264
1019	2022-10-10 21:21:16.892+00	video	1674	\N	264
1020	2022-10-10 21:21:21.811+00	video	1674	\N	264
1021	2022-10-10 21:21:26.978+00	video	1674	\N	264
1022	2022-10-10 21:21:31.856+00	video	1674	\N	264
1023	2022-10-10 21:21:37.073+00	video	1674	\N	264
1024	2022-10-10 21:21:42.046+00	video	1674	\N	264
1025	2022-10-10 21:21:48.028+00	video	1674	\N	264
1026	2022-10-10 21:21:52.933+00	video	1674	\N	264
1027	2022-10-10 21:21:59.172+00	video	1674	\N	264
1028	2022-10-10 21:22:03.965+00	video	1674	\N	264
1029	2022-10-10 21:22:10.13+00	video	1674	\N	264
1030	2022-10-10 21:22:12.995+00	video	1674	\N	264
1031	2022-10-10 21:22:30.128+00	video	1674	\N	264
1032	2022-10-10 21:22:35.045+00	video	1674	\N	264
1033	2022-10-10 21:22:40.129+00	video	1674	\N	264
1034	2022-10-10 21:22:46.826+00	video	1674	\N	264
1035	2022-10-10 21:22:52.817+00	video	1674	\N	264
1036	2022-10-10 21:22:57.799+00	video	1674	\N	264
1037	2022-10-10 21:23:02.844+00	video	1674	\N	264
1038	2022-10-10 21:23:07.813+00	video	1674	\N	264
1039	2022-10-10 21:23:12.963+00	video	1674	\N	264
1040	2022-10-10 21:23:17.823+00	video	1674	\N	264
1041	2022-10-10 21:23:23.039+00	video	1674	\N	264
1042	2022-10-10 21:23:27.851+00	video	1674	\N	264
1043	2022-10-10 21:23:32.96+00	video	1674	\N	264
1044	2022-10-10 21:23:37.91+00	video	1674	\N	264
1045	2022-10-10 21:23:42.976+00	video	1674	\N	264
1046	2022-10-10 21:23:47.897+00	video	1674	\N	264
1047	2022-10-10 21:23:52.975+00	video	1674	\N	264
1048	2022-10-10 21:23:57.981+00	video	1674	\N	264
1049	2022-10-10 21:24:03.09+00	video	1674	\N	264
1050	2022-10-10 21:24:08.06+00	video	1674	\N	264
1051	2022-10-10 21:24:13.077+00	video	1674	\N	264
1052	2022-10-10 21:24:27.097+00	video	1675	\N	264
1053	2022-10-10 21:24:32.209+00	video	1675	\N	264
1054	2022-10-10 21:24:37.147+00	video	1675	\N	264
1055	2022-10-10 21:24:43.146+00	video	1675	\N	264
1056	2022-10-10 21:24:48.08+00	video	1675	\N	264
1057	2022-10-10 21:24:54.269+00	video	1675	\N	264
1058	2022-10-10 21:24:59.131+00	video	1675	\N	264
1059	2022-10-10 21:25:04.228+00	video	1675	\N	264
1060	2022-10-10 21:25:09.195+00	video	1675	\N	264
1061	2022-10-10 21:25:14.26+00	video	1675	\N	264
1062	2022-10-10 21:25:19.211+00	video	1675	\N	264
1063	2022-10-10 21:25:24.294+00	video	1675	\N	264
1064	2022-10-10 21:25:29.23+00	video	1675	\N	264
1065	2022-10-10 21:25:32.169+00	generic	\N	\N	264
1066	2022-10-10 21:25:34.34+00	video	1675	\N	264
1067	2022-10-10 21:25:39.292+00	video	1675	\N	264
1068	2022-10-10 21:25:44.41+00	video	1675	\N	264
1069	2022-10-10 21:25:49.299+00	video	1675	\N	264
1070	2022-10-10 21:25:54.446+00	video	1675	\N	264
1071	2022-10-10 21:25:59.331+00	video	1675	\N	264
1072	2022-10-10 21:26:04.541+00	video	1675	\N	264
1073	2022-10-10 21:26:09.49+00	video	1675	\N	264
1074	2022-10-10 21:27:50.97+00	video	1675	\N	264
1075	2022-10-10 21:27:55.898+00	video	1675	\N	264
1076	2022-10-10 21:28:13.794+00	video	1676	\N	264
1077	2022-10-10 21:28:20.863+00	video	1676	\N	264
1078	2022-10-10 21:28:24.694+00	video	1676	\N	264
1079	2022-10-10 21:28:41.861+00	video	1676	\N	264
1080	2022-10-10 21:41:33.2+00	generic	\N	\N	265
1081	2022-10-11 07:16:19.006+00	generic	\N	\N	266
1082	2022-10-11 07:18:01.543+00	generic	\N	\N	266
1083	2022-10-11 07:30:54.68+00	generic	\N	\N	267
1084	2022-10-11 07:31:13.45+00	generic	\N	\N	267
1085	2022-10-11 07:31:19.87+00	generic	\N	\N	267
1086	2022-10-11 07:32:05.679+00	generic	\N	\N	267
1087	2022-10-11 07:32:33.914+00	generic	\N	\N	267
1088	2022-10-11 07:35:55.677+00	generic	\N	\N	267
1089	2022-10-11 07:38:34.291+00	generic	\N	\N	267
1090	2022-10-11 07:41:24.261+00	generic	\N	\N	267
1091	2022-10-11 07:47:34.731+00	generic	\N	\N	268
1092	2022-10-11 07:57:51.933+00	generic	\N	\N	269
1093	2022-10-11 07:57:59.415+00	video	1677	\N	269
1094	2022-10-11 08:02:52.695+00	generic	\N	\N	269
1095	2022-10-11 08:06:01.489+00	exam	\N	16	269
1096	2022-10-11 08:07:26.157+00	exam	\N	16	269
1097	2022-10-11 08:07:33.059+00	exam	\N	16	269
1098	2022-10-11 08:07:35.636+00	generic	\N	\N	269
1099	2022-10-11 08:07:43.483+00	exam	\N	16	269
1100	2022-10-11 08:12:36.284+00	generic	\N	\N	269
1101	2022-10-11 09:00:59.13+00	generic	\N	\N	270
1102	2022-10-11 09:24:30.87+00	generic	\N	\N	271
1103	2022-10-11 09:27:56.556+00	generic	\N	\N	271
1104	2022-10-11 09:28:25.587+00	generic	\N	\N	271
1105	2022-10-11 09:40:08.109+00	exam	\N	16	272
1106	2022-10-11 09:41:03.529+00	generic	\N	\N	272
1107	2022-10-11 09:43:05.082+00	generic	\N	\N	272
1108	2022-10-11 09:44:11.249+00	generic	\N	\N	272
1109	2022-10-11 09:44:19.105+00	generic	\N	\N	272
1110	2022-10-11 09:50:49.154+00	generic	\N	\N	273
1111	2022-10-11 09:55:50.034+00	generic	\N	\N	274
1112	2022-10-11 10:00:51.013+00	generic	\N	\N	275
1113	2022-10-11 10:05:51.868+00	generic	\N	\N	276
1114	2022-10-11 10:10:52.698+00	generic	\N	\N	277
1115	2022-10-11 10:15:53.314+00	generic	\N	\N	278
1116	2022-10-11 10:16:29.635+00	generic	\N	\N	278
1117	2022-10-11 10:20:53.904+00	generic	\N	\N	278
1118	2022-10-11 10:25:55.454+00	generic	\N	\N	279
1119	2022-10-11 10:30:57.156+00	generic	\N	\N	280
1120	2022-10-11 10:35:58.197+00	generic	\N	\N	281
1121	2022-10-11 10:40:58.907+00	generic	\N	\N	282
1122	2022-10-11 10:46:00.408+00	generic	\N	\N	283
1123	2022-10-11 10:59:31.181+00	generic	\N	\N	284
1124	2022-10-11 11:09:23.289+00	generic	\N	\N	285
1125	2022-10-11 11:26:53.095+00	generic	\N	\N	286
1126	2022-10-11 12:30:50.619+00	generic	\N	\N	287
1127	2022-10-11 12:59:48.68+00	generic	\N	\N	288
1128	2022-10-11 12:59:54.381+00	video	1741	\N	288
1	2022-10-11 13:20:59.266+00	login	\N	\N	289
2	2022-10-11 13:20:59.918+00	generic	\N	\N	289
1129	2022-10-11 13:21:05.134+00	generic	\N	\N	289
1130	2022-10-11 13:21:19.323+00	generic	\N	\N	289
1131	2022-10-11 13:21:20.619+00	generic	\N	\N	289
1132	2022-10-11 13:21:40.868+00	login	\N	\N	290
1133	2022-10-11 13:21:41.449+00	generic	\N	\N	290
1134	2022-10-11 13:23:26.255+00	login	\N	\N	290
1135	2022-10-11 13:23:27.159+00	login	\N	\N	290
1136	2022-10-11 13:23:27.351+00	generic	\N	\N	290
1137	2022-10-11 13:26:22.06+00	generic	\N	\N	291
1138	2022-10-11 13:31:42.422+00	generic	\N	\N	292
1139	2022-10-11 13:31:56.493+00	video	1741	\N	292
1140	2022-10-11 13:32:01.384+00	video	1741	\N	292
1141	2022-10-11 13:32:22.939+00	exam	\N	120	292
1142	2022-10-11 13:34:36.318+00	generic	\N	\N	292
1143	2022-10-11 13:35:11.966+00	generic	\N	\N	292
1144	2022-10-11 13:36:02.659+00	generic	\N	\N	292
1145	2022-10-11 13:36:24.43+00	generic	\N	\N	292
1146	2022-10-11 13:36:55.065+00	generic	\N	\N	292
1147	2022-10-11 13:37:14.8+00	generic	\N	\N	292
1148	2022-10-11 13:37:29.243+00	generic	\N	\N	292
1149	2022-10-11 13:38:05.849+00	generic	\N	\N	292
1150	2022-10-11 13:41:50.639+00	generic	\N	\N	293
1151	2022-10-11 13:42:23.748+00	video	1674	\N	293
1152	2022-10-11 13:43:20.475+00	video	234	\N	293
1153	2022-10-11 13:43:25.377+00	video	234	\N	293
1154	2022-10-11 13:43:30.423+00	video	234	\N	293
1155	2022-10-11 13:43:35.37+00	video	234	\N	293
1156	2022-10-11 13:43:40.458+00	video	234	\N	293
1157	2022-10-11 13:43:45.43+00	video	234	\N	293
1158	2022-10-11 13:43:50.601+00	video	234	\N	293
1159	2022-10-11 13:43:55.596+00	video	234	\N	293
1160	2022-10-11 13:44:00.538+00	video	234	\N	293
1161	2022-10-11 13:44:05.473+00	video	234	\N	293
1162	2022-10-11 13:44:10.843+00	video	234	\N	293
1163	2022-10-11 13:44:15.515+00	video	234	\N	293
1164	2022-10-11 13:44:20.784+00	video	234	\N	293
1165	2022-10-11 13:44:24.58+00	video	234	\N	293
1166	2022-10-11 13:44:45.662+00	video	234	\N	293
1167	2022-10-11 13:44:59.701+00	video	237	\N	293
1168	2022-10-11 13:45:04.665+00	video	237	\N	293
1169	2022-10-11 13:45:09.771+00	video	237	\N	293
1170	2022-10-11 13:45:14.67+00	video	237	\N	293
1171	2022-10-11 13:45:19.744+00	video	237	\N	293
1172	2022-10-11 13:45:24.686+00	video	237	\N	293
1173	2022-10-11 13:45:29.761+00	video	237	\N	293
1174	2022-10-11 13:45:34.721+00	video	237	\N	293
1175	2022-10-11 13:45:39.863+00	video	237	\N	293
1176	2022-10-11 13:45:44.833+00	video	237	\N	293
1177	2022-10-11 13:45:50.329+00	video	237	\N	293
1178	2022-10-11 13:45:54.837+00	video	237	\N	293
1179	2022-10-11 13:45:59.855+00	video	237	\N	293
1180	2022-10-11 13:46:04.805+00	video	237	\N	293
1181	2022-10-11 13:46:10.03+00	video	237	\N	293
1182	2022-10-11 13:46:14.858+00	video	237	\N	293
1183	2022-10-11 13:46:19.958+00	video	237	\N	293
1184	2022-10-11 13:46:24.878+00	video	237	\N	293
1185	2022-10-11 13:46:29.026+00	video	237	\N	293
1186	2022-10-11 13:46:44.015+00	video	237	\N	293
1187	2022-10-11 13:46:48.957+00	video	237	\N	293
1188	2022-10-11 13:46:51.276+00	generic	\N	\N	293
1189	2022-10-11 13:47:05.03+00	video	202	\N	293
1190	2022-10-11 13:47:10.342+00	video	202	\N	293
1191	2022-10-11 13:47:15.17+00	video	202	\N	293
1192	2022-10-11 13:47:27.256+00	video	202	\N	293
1193	2022-10-11 13:47:28.831+00	generic	\N	\N	294
1194	2022-10-11 13:47:32.194+00	video	202	\N	293
1195	2022-10-11 13:47:37.313+00	video	202	\N	293
1196	2022-10-11 13:47:42.332+00	video	202	\N	293
1197	2022-10-11 13:47:47.324+00	video	202	\N	293
1198	2022-10-11 13:47:48.888+00	login	\N	\N	293
1199	2022-10-11 13:47:49.426+00	generic	\N	\N	293
1200	2022-10-11 13:47:52.288+00	video	202	\N	293
1201	2022-10-11 13:47:57.345+00	video	202	\N	293
1202	2022-10-11 13:48:06.462+00	generic	\N	\N	293
1203	2022-10-11 14:03:13.616+00	generic	\N	\N	295
1204	2022-10-11 14:10:10.971+00	generic	\N	\N	296
1205	2022-10-11 14:30:31.233+00	generic	\N	\N	297
1206	2022-10-11 14:30:33.895+00	logout	\N	\N	297
1207	2022-10-11 14:38:55.299+00	generic	\N	\N	298
1241	2022-10-11 16:25:46.83+00	login	\N	\N	332
1242	2022-10-11 16:25:47.361+00	generic	\N	\N	332
1243	2022-10-11 16:37:41.885+00	login	\N	\N	333
1244	2022-10-11 16:37:42.396+00	generic	\N	\N	333
1245	2022-10-11 18:13:26.734+00	generic	\N	\N	334
1246	2022-10-11 18:17:05.026+00	logout	\N	\N	334
1248	2022-10-11 20:14:51.485+00	login	\N	\N	336
1249	2022-10-11 20:14:52.045+00	generic	\N	\N	336
1250	2022-10-11 20:14:57.208+00	generic	\N	\N	336
1251	2022-10-11 20:16:49.212+00	generic	\N	\N	336
1252	2022-10-12 07:54:33.693+00	generic	\N	\N	337
1253	2022-10-12 08:57:33.129+00	generic	\N	\N	338
1254	2022-10-12 08:59:04.636+00	generic	\N	\N	338
1255	2022-10-12 09:02:46.475+00	generic	\N	\N	338
1256	2022-10-12 09:07:47.716+00	generic	\N	\N	339
1257	2022-10-12 09:17:48.815+00	generic	\N	\N	340
1258	2022-10-12 09:25:55.003+00	generic	\N	\N	341
1259	2022-10-12 09:30:55.889+00	generic	\N	\N	342
1260	2022-10-12 09:35:56.803+00	generic	\N	\N	343
1261	2022-10-12 09:37:49.933+00	generic	\N	\N	343
1262	2022-10-12 09:40:57.82+00	generic	\N	\N	343
1263	2022-10-12 09:42:50.937+00	generic	\N	\N	343
1264	2022-10-12 09:47:51.823+00	generic	\N	\N	344
1265	2022-10-12 09:52:52.723+00	generic	\N	\N	345
1266	2022-10-12 10:15:58.668+00	generic	\N	\N	346
1267	2022-10-12 10:21:23.317+00	generic	\N	\N	347
1268	2022-10-12 10:32:27.109+00	generic	\N	\N	348
1269	2022-10-12 10:41:17.32+00	generic	\N	\N	349
1270	2022-10-12 10:52:53.873+00	generic	\N	\N	350
1271	2022-10-12 10:58:09.837+00	generic	\N	\N	351
1272	2022-10-12 11:03:10.65+00	generic	\N	\N	352
1273	2022-10-12 11:06:59.489+00	generic	\N	\N	352
1274	2022-10-12 11:07:08.425+00	generic	\N	\N	352
1275	2022-10-12 11:08:26.031+00	generic	\N	\N	352
1276	2022-10-12 11:42:54.004+00	generic	\N	\N	353
1277	2022-10-12 11:48:08.703+00	video	1678	\N	354
1278	2022-10-12 11:48:15.046+00	video	1678	\N	354
1279	2022-10-12 11:48:20.746+00	video	1678	\N	354
1280	2022-10-12 11:48:25.82+00	video	1678	\N	354
1281	2022-10-12 11:48:32.798+00	video	1678	\N	354
1282	2022-10-12 11:48:38.916+00	video	1678	\N	354
1283	2022-10-12 11:48:43.68+00	video	1678	\N	354
1284	2022-10-12 11:48:48.815+00	video	1678	\N	354
1285	2022-10-12 11:48:54.798+00	video	1678	\N	354
1286	2022-10-12 11:49:01.812+00	video	1678	\N	354
1287	2022-10-12 11:49:07.77+00	video	1678	\N	354
1288	2022-10-12 11:49:13.814+00	video	1678	\N	354
1289	2022-10-12 11:49:18.718+00	video	1678	\N	354
1290	2022-10-12 11:49:24.824+00	video	1678	\N	354
1291	2022-10-12 11:49:30.908+00	video	1678	\N	354
1292	2022-10-12 11:49:57.892+00	generic	\N	\N	354
1293	2022-10-12 11:50:03.544+00	generic	\N	\N	354
1294	2022-10-12 11:55:04.401+00	generic	\N	\N	355
1295	2022-10-12 11:58:44.045+00	generic	\N	\N	355
1296	2022-10-12 11:58:56.048+00	video	924	\N	355
1297	2022-10-12 11:59:08.265+00	video	924	\N	355
1298	2022-10-12 11:59:46.476+00	video	1678	\N	355
1299	2022-10-12 11:59:56.542+00	video	1677	\N	355
1300	2022-10-12 12:00:09.631+00	video	1679	\N	355
1301	2022-10-12 12:00:14.548+00	video	1679	\N	355
1302	2022-10-12 12:00:19.619+00	video	1679	\N	355
1303	2022-10-12 12:00:24.79+00	video	1679	\N	355
1304	2022-10-12 12:05:31.464+00	generic	\N	\N	356
1305	2022-10-12 12:13:52.324+00	generic	\N	\N	357
1306	2022-10-12 12:23:53.208+00	generic	\N	\N	358
1307	2022-10-12 12:28:54.169+00	generic	\N	\N	359
1308	2022-10-12 12:37:00.478+00	generic	\N	\N	360
1309	2022-10-12 12:42:01.504+00	generic	\N	\N	361
1310	2022-10-12 12:47:02.352+00	generic	\N	\N	362
1311	2022-10-12 12:51:52.434+00	generic	\N	\N	362
1312	2022-10-12 12:51:56.322+00	generic	\N	\N	362
1313	2022-10-12 12:52:00.836+00	generic	\N	\N	362
1314	2022-10-12 13:56:43.359+00	generic	\N	\N	363
1315	2022-10-12 14:01:17.474+00	generic	\N	\N	363
1316	2022-10-12 14:08:09.164+00	generic	\N	\N	364
1317	2022-10-12 14:08:20.309+00	generic	\N	\N	364
1318	2022-10-12 14:08:59.63+00	logout	\N	\N	364
1319	2022-10-12 14:31:48.705+00	login	\N	\N	365
1320	2022-10-12 14:31:49.268+00	generic	\N	\N	365
1321	2022-10-12 15:11:48.382+00	generic	\N	\N	366
1323	2022-10-12 15:31:11.159+00	login	\N	\N	368
1324	2022-10-12 15:31:11.675+00	generic	\N	\N	368
1325	2022-10-12 15:31:15.64+00	generic	\N	\N	369
1326	2022-10-12 15:31:25.044+00	logout	\N	\N	369
1327	2022-10-12 15:31:30.099+00	login	\N	\N	368
1328	2022-10-12 15:31:30.705+00	generic	\N	\N	368
1329	2022-10-12 15:32:34.197+00	generic	\N	\N	368
1330	2022-10-12 15:37:34.959+00	generic	\N	\N	370
1331	2022-10-12 15:43:36.946+00	generic	\N	\N	371
1332	2022-10-12 15:48:37.906+00	generic	\N	\N	372
1333	2022-10-12 15:53:38.664+00	generic	\N	\N	373
1334	2022-10-12 15:53:55.607+00	generic	\N	\N	373
1335	2022-10-12 15:54:45.4+00	generic	\N	\N	373
1336	2022-10-12 16:01:56.439+00	generic	\N	\N	374
1337	2022-10-12 17:03:06.687+00	generic	\N	\N	375
1338	2022-10-12 17:03:07.845+00	generic	\N	\N	375
1339	2022-10-12 17:08:07.519+00	generic	\N	\N	375
1340	2022-10-12 17:13:08.497+00	generic	\N	\N	376
1341	2022-10-12 17:18:09.52+00	generic	\N	\N	377
1342	2022-10-12 17:23:10.365+00	generic	\N	\N	378
1343	2022-10-12 17:28:11.176+00	generic	\N	\N	379
1344	2022-10-12 17:30:40.562+00	exam	\N	16	379
1345	2022-10-12 17:32:56.569+00	generic	\N	\N	379
1346	2022-10-12 17:33:11.938+00	generic	\N	\N	379
1347	2022-10-12 17:33:15.831+00	generic	\N	\N	379
1348	2022-10-12 17:37:57.229+00	generic	\N	\N	379
1349	2022-10-12 17:38:12.677+00	generic	\N	\N	379
1350	2022-10-12 17:43:13.455+00	generic	\N	\N	380
1351	2022-10-12 17:45:50.816+00	generic	\N	\N	380
1352	2022-10-12 17:53:13.849+00	generic	\N	\N	381
1353	2022-10-12 17:58:14.842+00	generic	\N	\N	382
1354	2022-10-12 18:03:15.64+00	generic	\N	\N	383
1355	2022-10-12 18:08:16.433+00	generic	\N	\N	384
1356	2022-10-12 18:13:17.226+00	generic	\N	\N	385
1357	2022-10-12 18:18:17.998+00	generic	\N	\N	386
1358	2022-10-12 18:18:40.213+00	generic	\N	\N	386
1359	2022-10-12 18:23:18.774+00	generic	\N	\N	386
1360	2022-10-12 18:28:19.547+00	generic	\N	\N	387
1361	2022-10-12 18:31:24.751+00	generic	\N	\N	387
1362	2022-10-12 18:33:20.145+00	generic	\N	\N	387
1363	2022-10-12 18:38:20.916+00	generic	\N	\N	388
1364	2022-10-12 18:43:21.57+00	generic	\N	\N	389
1365	2022-10-12 18:46:54.887+00	generic	\N	\N	389
1366	2022-10-12 18:47:02.24+00	generic	\N	\N	389
1367	2022-10-12 18:47:05.285+00	login	\N	\N	389
1368	2022-10-12 18:47:05.797+00	generic	\N	\N	389
1369	2022-10-12 18:50:36.21+00	generic	\N	\N	389
1370	2022-10-12 18:52:06.727+00	generic	\N	\N	389
1371	2022-10-12 18:55:36.995+00	generic	\N	\N	389
1372	2022-10-12 18:57:07.574+00	generic	\N	\N	389
1373	2022-10-12 19:03:22.542+00	generic	\N	\N	390
1374	2022-10-12 19:04:38.787+00	generic	\N	\N	390
1375	2022-10-12 19:04:42.537+00	generic	\N	\N	390
1376	2022-10-12 19:08:23.545+00	generic	\N	\N	390
1377	2022-10-12 19:31:12.154+00	generic	\N	\N	391
1378	2022-10-12 19:36:12.917+00	generic	\N	\N	392
1379	2022-10-12 19:41:13.701+00	generic	\N	\N	393
1380	2022-10-12 19:46:14.467+00	generic	\N	\N	394
1381	2022-10-12 22:20:55.27+00	generic	\N	\N	395
1382	2022-10-13 06:55:40.4+00	generic	\N	\N	396
1383	2022-10-13 08:00:14.602+00	generic	\N	\N	397
1384	2022-10-13 08:05:15.594+00	generic	\N	\N	398
1385	2022-10-13 08:10:16.541+00	generic	\N	\N	399
1386	2022-10-13 08:15:17.316+00	generic	\N	\N	400
1387	2022-10-13 08:20:18.091+00	generic	\N	\N	401
1388	2022-10-13 08:25:18.882+00	generic	\N	\N	402
1389	2022-10-13 08:30:19.664+00	generic	\N	\N	403
1390	2022-10-13 08:35:20.631+00	generic	\N	\N	404
1391	2022-10-13 08:40:21.552+00	generic	\N	\N	405
1392	2022-10-13 08:45:43.441+00	generic	\N	\N	406
1393	2022-10-13 08:50:44.245+00	generic	\N	\N	407
1394	2022-10-13 08:55:45.222+00	generic	\N	\N	408
1395	2022-10-13 09:31:32.764+00	generic	\N	\N	409
1396	2022-10-13 09:52:55.314+00	generic	\N	\N	410
1397	2022-10-13 09:54:09.681+00	generic	\N	\N	410
1398	2022-10-13 09:57:56.096+00	generic	\N	\N	410
1399	2022-10-13 10:02:57.015+00	generic	\N	\N	411
1400	2022-10-13 10:07:57.826+00	generic	\N	\N	412
1401	2022-10-13 10:12:58.445+00	generic	\N	\N	413
1402	2022-10-13 10:17:59.358+00	generic	\N	\N	414
1403	2022-10-13 10:23:00.125+00	generic	\N	\N	415
1404	2022-10-13 10:55:03.223+00	generic	\N	\N	416
1405	2022-10-13 10:55:09.911+00	generic	\N	\N	416
1406	2022-10-13 10:55:52.484+00	login	\N	\N	417
1407	2022-10-13 10:55:53.065+00	generic	\N	\N	417
1408	2022-10-13 10:55:57.686+00	generic	\N	\N	417
1409	2022-10-13 10:56:10.579+00	generic	\N	\N	417
1410	2022-10-13 10:56:36.685+00	generic	\N	\N	416
1411	2022-10-13 10:56:43.692+00	generic	\N	\N	416
1412	2022-10-13 10:56:57.229+00	generic	\N	\N	416
1413	2022-10-13 10:57:15.007+00	generic	\N	\N	416
1414	2022-10-13 10:57:17.667+00	generic	\N	\N	416
1415	2022-10-13 10:57:20.031+00	generic	\N	\N	416
1416	2022-10-13 10:57:46.402+00	generic	\N	\N	416
1417	2022-10-13 10:58:12.685+00	generic	\N	\N	416
1418	2022-10-13 10:58:14.357+00	generic	\N	\N	416
1419	2022-10-13 10:58:16.747+00	generic	\N	\N	416
1420	2022-10-13 10:58:23.286+00	generic	\N	\N	416
1421	2022-10-13 10:58:37.706+00	generic	\N	\N	416
1422	2022-10-13 10:59:15.909+00	generic	\N	\N	416
1423	2022-10-13 10:59:24.406+00	generic	\N	\N	416
1424	2022-10-13 10:59:35.649+00	generic	\N	\N	416
1425	2022-10-13 10:59:44.2+00	generic	\N	\N	416
1426	2022-10-13 10:59:47.403+00	generic	\N	\N	416
1427	2022-10-13 11:00:07.613+00	generic	\N	\N	416
1428	2022-10-13 11:00:09.225+00	generic	\N	\N	416
1429	2022-10-13 11:00:17.114+00	generic	\N	\N	416
1430	2022-10-13 11:00:22.615+00	generic	\N	\N	416
1431	2022-10-13 11:00:23.622+00	generic	\N	\N	416
1432	2022-10-13 11:00:45.3+00	login	\N	\N	417
1433	2022-10-13 11:00:45.859+00	generic	\N	\N	417
1434	2022-10-13 11:00:47.711+00	generic	\N	\N	416
1435	2022-10-13 11:00:55.762+00	generic	\N	\N	417
1436	2022-10-13 11:01:01.596+00	generic	\N	\N	417
1437	2022-10-13 11:01:06.827+00	logout	\N	\N	417
1438	2022-10-13 11:01:26.387+00	login	\N	\N	416
1439	2022-10-13 11:01:27.085+00	generic	\N	\N	416
1440	2022-10-13 11:01:31.342+00	generic	\N	\N	416
1441	2022-10-13 11:01:35.02+00	generic	\N	\N	416
1442	2022-10-13 11:01:36.32+00	generic	\N	\N	416
1443	2022-10-13 11:01:38.039+00	generic	\N	\N	416
1444	2022-10-13 11:01:50.579+00	generic	\N	\N	416
1445	2022-10-13 11:01:53.227+00	generic	\N	\N	416
1446	2022-10-13 11:02:11.262+00	generic	\N	\N	416
1447	2022-10-13 11:02:13.875+00	generic	\N	\N	416
1448	2022-10-13 11:02:29.526+00	logout	\N	\N	416
1449	2022-10-13 11:02:42.774+00	login	\N	\N	417
1450	2022-10-13 11:02:43.47+00	generic	\N	\N	417
1453	2022-10-13 11:17:56.356+00	generic	\N	\N	419
1454	2022-10-13 11:18:04.393+00	generic	\N	\N	419
1455	2022-10-13 11:18:06.967+00	generic	\N	\N	419
1456	2022-10-13 11:18:15.594+00	generic	\N	\N	419
1457	2022-10-13 11:18:19.561+00	generic	\N	\N	419
1458	2022-10-13 11:18:32.445+00	generic	\N	\N	420
1459	2022-10-13 11:18:35.473+00	generic	\N	\N	419
1460	2022-10-13 11:19:13.42+00	logout	\N	\N	420
1461	2022-10-13 11:19:20.067+00	login	\N	\N	421
1462	2022-10-13 11:19:20.566+00	generic	\N	\N	421
1463	2022-10-13 11:23:28.301+00	generic	\N	\N	422
1464	2022-10-13 11:24:04.767+00	generic	\N	\N	422
1465	2022-10-13 11:24:13.758+00	generic	\N	\N	422
1466	2022-10-13 11:24:21.303+00	generic	\N	\N	423
1467	2022-10-13 11:27:07.323+00	generic	\N	\N	423
1468	2022-10-13 11:29:46.804+00	generic	\N	\N	423
1469	2022-10-13 11:29:53.39+00	generic	\N	\N	423
1470	2022-10-13 11:30:54.914+00	generic	\N	\N	424
1471	2022-10-13 11:30:59.468+00	generic	\N	\N	424
1472	2022-10-13 11:34:54.189+00	generic	\N	\N	425
1473	2022-10-13 11:36:01.607+00	generic	\N	\N	426
1474	2022-10-13 11:59:19.455+00	generic	\N	\N	427
1475	2022-10-13 11:59:53.733+00	generic	\N	\N	427
1476	2022-10-13 12:00:19.76+00	generic	\N	\N	428
1477	2022-10-13 12:00:40.427+00	generic	\N	\N	428
1478	2022-10-13 12:00:46.65+00	generic	\N	\N	428
1479	2022-10-13 12:02:00.431+00	generic	\N	\N	428
1480	2022-10-13 12:02:10.425+00	generic	\N	\N	428
1481	2022-10-13 12:02:55.775+00	generic	\N	\N	429
1482	2022-10-13 12:07:11.454+00	generic	\N	\N	430
1483	2022-10-13 12:07:56.796+00	generic	\N	\N	431
1484	2022-10-13 12:09:13.042+00	generic	\N	\N	431
1485	2022-10-13 12:09:19.294+00	generic	\N	\N	431
1486	2022-10-13 12:10:04.988+00	exam	\N	128	431
1487	2022-10-13 12:10:21.915+00	video	1671	\N	431
1488	2022-10-13 12:11:26.167+00	generic	\N	\N	431
1489	2022-10-13 12:11:47.886+00	video	1671	\N	431
1490	2022-10-13 12:11:52.804+00	video	1671	\N	431
1491	2022-10-13 12:11:57.929+00	video	1671	\N	431
1492	2022-10-13 12:12:02.825+00	video	1671	\N	431
1493	2022-10-13 12:12:12.331+00	generic	\N	\N	432
1494	2022-10-13 12:16:27.19+00	generic	\N	\N	431
1495	2022-10-13 12:17:13.495+00	generic	\N	\N	433
1496	2022-10-13 12:29:10.293+00	video	1671	\N	434
1497	2022-10-13 12:30:29.367+00	generic	\N	\N	434
1498	2022-10-13 12:31:15.513+00	generic	\N	\N	435
1499	2022-10-13 13:13:41.87+00	generic	\N	\N	436
1500	2022-10-13 13:17:16.49+00	generic	\N	\N	437
1501	2022-10-13 13:17:55.549+00	generic	\N	\N	438
1502	2022-10-13 13:18:42.871+00	generic	\N	\N	439
1503	2022-10-13 13:22:17.332+00	generic	\N	\N	440
1504	2022-10-13 13:22:56.526+00	generic	\N	\N	441
1505	2022-10-13 13:23:14.483+00	generic	\N	\N	440
1506	2022-10-13 13:23:43.58+00	generic	\N	\N	442
1507	2022-10-13 13:31:57.482+00	generic	\N	\N	443
1508	2022-10-13 13:34:05.522+00	generic	\N	\N	443
1509	2022-10-13 13:34:16.123+00	video	1680	\N	443
1510	2022-10-13 13:34:21.148+00	video	1680	\N	443
1511	2022-10-13 13:34:26.143+00	video	1680	\N	443
1512	2022-10-13 13:34:31.223+00	video	1680	\N	443
1513	2022-10-13 13:34:36.128+00	video	1680	\N	443
1514	2022-10-13 13:34:41.308+00	video	1680	\N	443
1515	2022-10-13 13:34:46.339+00	video	1680	\N	443
1516	2022-10-13 13:34:51.397+00	video	1680	\N	443
1517	2022-10-13 13:34:56.527+00	video	1680	\N	443
1518	2022-10-13 13:35:01.558+00	video	1680	\N	443
1519	2022-10-13 13:35:06.347+00	generic	\N	\N	443
1520	2022-10-13 13:35:14.072+00	video	1680	\N	443
1521	2022-10-13 13:35:19.237+00	video	1680	\N	443
1522	2022-10-13 13:35:24.29+00	video	1680	\N	443
1523	2022-10-13 13:35:29.319+00	video	1680	\N	443
1524	2022-10-13 13:35:34.432+00	video	1680	\N	443
1525	2022-10-13 13:35:39.343+00	video	1680	\N	443
1526	2022-10-13 13:35:44.509+00	video	1680	\N	443
1527	2022-10-13 13:35:49.487+00	video	1680	\N	443
1528	2022-10-13 13:35:54.485+00	video	1680	\N	443
1529	2022-10-13 13:35:59.541+00	video	1680	\N	443
1530	2022-10-13 13:36:04.535+00	video	1680	\N	443
1531	2022-10-13 13:36:09.775+00	video	1680	\N	443
1532	2022-10-13 13:36:14.797+00	video	1680	\N	443
1533	2022-10-13 13:36:19.888+00	video	1680	\N	443
1534	2022-10-13 13:36:24.927+00	video	1680	\N	443
1535	2022-10-13 13:36:29.967+00	video	1680	\N	443
1536	2022-10-13 13:36:35.071+00	video	1680	\N	443
1537	2022-10-13 13:36:40.167+00	video	1680	\N	443
1538	2022-10-13 13:36:45.08+00	video	1680	\N	443
1539	2022-10-13 13:36:50.177+00	video	1680	\N	443
1540	2022-10-13 13:36:55.206+00	video	1680	\N	443
1541	2022-10-13 13:37:00.263+00	video	1680	\N	443
1542	2022-10-13 13:37:05.339+00	video	1680	\N	443
1543	2022-10-13 13:37:10.39+00	video	1680	\N	443
1544	2022-10-13 13:37:15.442+00	video	1680	\N	443
1545	2022-10-13 13:37:20.448+00	video	1680	\N	443
1546	2022-10-13 13:37:25.519+00	video	1680	\N	443
1547	2022-10-13 13:37:30.543+00	video	1680	\N	443
1548	2022-10-13 13:37:35.589+00	video	1680	\N	443
1549	2022-10-13 13:37:40.644+00	video	1680	\N	443
1550	2022-10-13 13:37:45.711+00	video	1680	\N	443
1551	2022-10-13 13:37:50.722+00	video	1680	\N	443
1552	2022-10-13 13:37:55.75+00	video	1680	\N	443
1553	2022-10-13 13:38:00.772+00	video	1680	\N	443
1554	2022-10-13 13:38:05.804+00	video	1680	\N	443
1555	2022-10-13 13:38:10.901+00	video	1680	\N	443
1556	2022-10-13 13:38:15.984+00	video	1680	\N	443
1557	2022-10-13 13:38:20.951+00	video	1680	\N	443
1558	2022-10-13 13:38:26.022+00	video	1680	\N	443
1559	2022-10-13 13:38:31.086+00	video	1680	\N	443
1560	2022-10-13 13:38:36.144+00	video	1680	\N	443
1561	2022-10-13 13:38:41.257+00	video	1680	\N	443
1562	2022-10-13 13:38:46.239+00	video	1680	\N	443
1563	2022-10-13 13:38:51.206+00	video	1680	\N	443
1564	2022-10-13 13:38:56.274+00	video	1680	\N	443
1565	2022-10-13 13:39:01.369+00	video	1680	\N	443
1566	2022-10-13 13:39:06.374+00	video	1680	\N	443
1567	2022-10-13 13:39:11.281+00	video	1680	\N	443
1568	2022-10-13 13:39:16.315+00	video	1680	\N	443
1569	2022-10-13 13:39:22.32+00	generic	\N	\N	443
1570	2022-10-13 13:40:13.555+00	generic	\N	\N	443
1571	2022-10-13 13:40:45.136+00	generic	\N	\N	443
1572	2022-10-13 13:41:10.629+00	generic	\N	\N	443
1573	2022-10-13 13:46:11.173+00	generic	\N	\N	444
1574	2022-10-13 13:53:24.987+00	generic	\N	\N	445
1575	2022-10-13 13:54:05+00	generic	\N	\N	445
1576	2022-10-13 13:59:35.772+00	generic	\N	\N	446
1577	2022-10-13 13:59:43.599+00	generic	\N	\N	446
1578	2022-10-13 14:00:16.394+00	generic	\N	\N	446
1579	2022-10-13 14:01:10.83+00	generic	\N	\N	446
1580	2022-10-13 14:01:51.155+00	generic	\N	\N	446
1581	2022-10-13 14:02:13.371+00	generic	\N	\N	446
1582	2022-10-13 14:04:16.156+00	generic	\N	\N	446
1583	2022-10-13 15:38:16.234+00	generic	\N	\N	447
1584	2022-10-13 15:39:59.627+00	generic	\N	\N	447
1585	2022-10-13 15:40:35.01+00	generic	\N	\N	447
1586	2022-10-13 15:40:37.246+00	generic	\N	\N	447
1587	2022-10-13 15:42:06.28+00	logout	\N	\N	447
1588	2022-10-13 15:43:21.258+00	login	\N	\N	447
1589	2022-10-13 15:43:21.756+00	generic	\N	\N	447
1590	2022-10-13 15:45:00.454+00	generic	\N	\N	447
1591	2022-10-13 15:45:01.884+00	generic	\N	\N	447
1592	2022-10-13 15:45:14.225+00	login	\N	\N	447
1593	2022-10-13 15:45:14.722+00	generic	\N	\N	447
1594	2022-10-13 15:45:52.782+00	generic	\N	\N	447
1595	2022-10-13 15:46:50.241+00	generic	\N	\N	447
1596	2022-10-13 15:47:01.792+00	generic	\N	\N	447
1597	2022-10-13 16:02:13.893+00	generic	\N	\N	448
1598	2022-10-13 16:07:14.881+00	generic	\N	\N	449
1599	2022-10-13 16:20:01.28+00	generic	\N	\N	450
1600	2022-10-13 16:20:04.41+00	generic	\N	\N	450
1601	2022-10-13 16:20:25.06+00	generic	\N	\N	450
1602	2022-10-13 16:20:28.735+00	generic	\N	\N	450
1603	2022-10-13 16:37:17.85+00	generic	\N	\N	451
1604	2022-10-13 16:40:29.887+00	generic	\N	\N	451
1605	2022-10-13 16:45:30.949+00	generic	\N	\N	452
1606	2022-10-13 16:48:13.172+00	generic	\N	\N	452
1607	2022-10-13 16:50:31.958+00	generic	\N	\N	452
1608	2022-10-13 16:55:18.656+00	generic	\N	\N	453
1609	2022-10-13 16:55:25.781+00	generic	\N	\N	453
1610	2022-10-13 16:55:54.583+00	generic	\N	\N	454
1611	2022-10-13 16:56:10.196+00	generic	\N	\N	453
1612	2022-10-13 16:56:40.586+00	generic	\N	\N	453
1613	2022-10-13 16:56:42.831+00	generic	\N	\N	453
1614	2022-10-13 17:00:55.467+00	generic	\N	\N	455
1615	2022-10-13 17:05:56.401+00	generic	\N	\N	456
1616	2022-10-13 17:10:57.301+00	generic	\N	\N	457
1617	2022-10-13 17:15:32.204+00	generic	\N	\N	457
1618	2022-10-13 17:15:58.091+00	generic	\N	\N	457
1619	2022-10-13 17:20:58.895+00	generic	\N	\N	458
1620	2022-10-13 17:25:59.674+00	generic	\N	\N	459
1621	2022-10-13 17:26:19.449+00	generic	\N	\N	459
1622	2022-10-13 17:26:27.645+00	generic	\N	\N	459
1623	2022-10-13 17:27:16.815+00	generic	\N	\N	459
1624	2022-10-13 17:31:00.611+00	generic	\N	\N	459
1625	2022-10-13 17:36:01.436+00	generic	\N	\N	460
1626	2022-10-13 17:41:02.28+00	generic	\N	\N	461
1627	2022-10-13 17:46:02.935+00	generic	\N	\N	462
1628	2022-10-13 17:51:03.7+00	generic	\N	\N	463
1629	2022-10-13 18:51:41.071+00	generic	\N	\N	464
1630	2022-10-13 18:51:45.182+00	generic	\N	\N	464
1631	2022-10-13 18:51:49.35+00	generic	\N	\N	464
1632	2022-10-13 18:56:50.34+00	generic	\N	\N	465
1633	2022-10-13 19:01:03.093+00	generic	\N	\N	465
1634	2022-10-13 19:02:00.104+00	generic	\N	\N	465
1635	2022-10-13 19:03:40.963+00	generic	\N	\N	465
1636	2022-10-13 19:04:04.242+00	generic	\N	\N	466
1637	2022-10-13 19:04:21.931+00	generic	\N	\N	465
1638	2022-10-13 19:04:41.377+00	exam	\N	128	465
1639	2022-10-13 19:04:55.299+00	generic	\N	\N	465
1640	2022-10-13 19:09:56.485+00	generic	\N	\N	467
1641	2022-10-13 19:10:51.749+00	generic	\N	\N	467
1642	2022-10-13 19:15:52.756+00	generic	\N	\N	468
1643	2022-10-13 19:16:30.801+00	generic	\N	\N	468
1644	2022-10-13 19:16:47.764+00	video	1672	\N	468
1645	2022-10-13 19:16:52.617+00	video	1672	\N	468
1646	2022-10-13 19:16:57.763+00	video	1672	\N	468
1647	2022-10-13 19:17:02.659+00	video	1672	\N	468
1648	2022-10-13 19:17:07.744+00	video	1672	\N	468
1649	2022-10-13 19:17:12.716+00	video	1672	\N	468
1650	2022-10-13 19:17:17.799+00	video	1672	\N	468
1651	2022-10-13 19:17:22.743+00	video	1672	\N	468
1652	2022-10-13 19:17:27.861+00	video	1672	\N	468
1653	2022-10-13 19:17:32.806+00	video	1672	\N	468
1654	2022-10-13 19:17:37.895+00	video	1672	\N	468
1655	2022-10-13 19:17:42.872+00	video	1672	\N	468
1656	2022-10-13 19:17:47.914+00	video	1672	\N	468
1657	2022-10-13 19:17:52.853+00	video	1672	\N	468
1658	2022-10-13 19:17:57.96+00	video	1672	\N	468
1659	2022-10-13 19:18:02.905+00	video	1672	\N	468
1660	2022-10-13 19:18:08.007+00	video	1672	\N	468
1661	2022-10-13 19:18:12.946+00	video	1672	\N	468
1662	2022-10-13 19:18:18.037+00	video	1672	\N	468
1663	2022-10-13 19:18:22.988+00	video	1672	\N	468
1664	2022-10-13 19:18:28.117+00	video	1672	\N	468
1665	2022-10-13 19:18:33.045+00	video	1672	\N	468
1666	2022-10-13 19:18:38.128+00	video	1672	\N	468
1667	2022-10-13 19:18:43.07+00	video	1672	\N	468
1668	2022-10-13 19:18:48.165+00	video	1672	\N	468
1669	2022-10-13 19:18:53.137+00	video	1672	\N	468
1670	2022-10-13 19:18:58.297+00	video	1672	\N	468
1671	2022-10-13 19:19:03.186+00	video	1672	\N	468
1672	2022-10-13 19:19:08.291+00	video	1672	\N	468
1673	2022-10-13 19:19:13.231+00	video	1672	\N	468
1674	2022-10-13 19:19:18.351+00	video	1672	\N	468
1675	2022-10-13 19:19:23.276+00	video	1672	\N	468
1676	2022-10-13 19:19:28.36+00	video	1672	\N	468
1677	2022-10-13 19:19:33.333+00	video	1672	\N	468
1678	2022-10-13 19:19:38.428+00	video	1672	\N	468
1679	2022-10-13 19:19:43.347+00	video	1672	\N	468
1680	2022-10-13 19:19:48.429+00	video	1672	\N	468
1681	2022-10-13 19:19:53.404+00	video	1672	\N	468
1682	2022-10-13 19:19:58.497+00	video	1672	\N	468
1683	2022-10-13 19:20:03.467+00	video	1672	\N	468
1684	2022-10-13 19:20:06.97+00	video	1672	\N	468
1685	2022-10-13 19:21:31.73+00	generic	\N	\N	468
1686	2022-10-13 19:22:27.021+00	generic	\N	\N	469
1687	2022-10-13 19:22:30.762+00	logout	\N	\N	469
1688	2022-10-13 19:23:08.863+00	generic	\N	\N	468
1689	2022-10-13 19:23:35.036+00	generic	\N	\N	470
1691	2022-10-13 19:25:06.127+00	generic	\N	\N	470
1692	2022-10-13 19:25:32.159+00	exam	\N	128	470
1693	2022-10-13 19:25:45.69+00	video	1671	\N	470
1694	2022-10-13 19:28:10.147+00	generic	\N	\N	471
1695	2022-10-13 19:30:07.027+00	generic	\N	\N	470
1696	2022-10-13 19:38:11.357+00	generic	\N	\N	472
1697	2022-10-13 19:43:12.35+00	generic	\N	\N	473
1698	2022-10-13 19:48:13.563+00	generic	\N	\N	474
1700	2022-10-13 19:52:19.297+00	login	\N	\N	476
1701	2022-10-13 19:52:19.804+00	generic	\N	\N	476
1702	2022-10-13 19:53:14.639+00	generic	\N	\N	477
1703	2022-10-13 19:55:48.158+00	generic	\N	\N	476
1704	2022-10-13 19:56:25.819+00	generic	\N	\N	476
1705	2022-10-13 19:58:15.516+00	generic	\N	\N	478
1706	2022-10-13 19:58:48.96+00	generic	\N	\N	476
1707	2022-10-13 20:03:16.483+00	generic	\N	\N	479
1708	2022-10-13 20:08:26.203+00	generic	\N	\N	480
1709	2022-10-13 20:08:34.358+00	generic	\N	\N	480
1710	2022-10-13 20:11:44.329+00	generic	\N	\N	481
1711	2022-10-13 20:11:55.381+00	video	1680	\N	481
1712	2022-10-13 20:12:00.218+00	video	1680	\N	481
1713	2022-10-13 20:13:05.078+00	exam	\N	127	481
1714	2022-10-13 20:13:35.475+00	generic	\N	\N	482
1715	2022-10-13 20:14:55.633+00	generic	\N	\N	481
1716	2022-10-13 20:15:11.268+00	generic	\N	\N	481
1717	2022-10-13 20:17:17.836+00	generic	\N	\N	481
1718	2022-10-13 20:18:36.52+00	generic	\N	\N	483
1719	2022-10-13 20:23:37.4+00	generic	\N	\N	484
1720	2022-10-13 20:23:57.286+00	generic	\N	\N	485
1721	2022-10-13 20:26:21.385+00	generic	\N	\N	485
1722	2022-10-13 20:27:58.275+00	generic	\N	\N	485
1723	2022-10-13 20:28:38.134+00	generic	\N	\N	486
1724	2022-10-13 20:30:14.105+00	generic	\N	\N	485
1725	2022-10-13 20:30:35.994+00	generic	\N	\N	487
1726	2022-10-13 20:30:41.222+00	generic	\N	\N	487
1727	2022-10-13 20:30:53.676+00	login	\N	\N	485
1728	2022-10-13 20:30:54.165+00	generic	\N	\N	485
1729	2022-10-13 20:31:03.212+00	generic	\N	\N	485
1730	2022-10-13 20:31:26.861+00	generic	\N	\N	487
1731	2022-10-13 20:31:37.541+00	generic	\N	\N	485
1732	2022-10-13 20:32:07.568+00	generic	\N	\N	485
1733	2022-10-13 20:32:34.839+00	generic	\N	\N	485
1734	2022-10-13 20:33:17.092+00	generic	\N	\N	485
1735	2022-10-13 20:33:38.849+00	generic	\N	\N	488
1736	2022-10-13 20:33:56.157+00	generic	\N	\N	489
1737	2022-10-14 06:53:23.604+00	generic	\N	\N	490
1738	2022-10-14 06:53:45.443+00	generic	\N	\N	491
1739	2022-10-14 06:54:32.863+00	generic	\N	\N	492
1740	2022-10-14 06:54:35.772+00	generic	\N	\N	492
1741	2022-10-14 06:54:50.953+00	logout	\N	\N	492
1742	2022-10-14 06:54:55.713+00	login	\N	\N	490
1743	2022-10-14 06:54:56.241+00	generic	\N	\N	490
1744	2022-10-14 06:58:24.556+00	generic	\N	\N	490
1745	2022-10-14 06:58:46.489+00	generic	\N	\N	493
1746	2022-10-14 07:02:39.918+00	generic	\N	\N	494
1747	2022-10-14 07:03:47.523+00	generic	\N	\N	495
1748	2022-10-14 07:59:49.609+00	generic	\N	\N	496
1749	2022-10-14 08:00:51.46+00	generic	\N	\N	497
1750	2022-10-14 08:04:50.768+00	generic	\N	\N	498
1751	2022-10-14 08:05:52.563+00	generic	\N	\N	499
1752	2022-10-14 08:09:32.272+00	generic	\N	\N	500
1753	2022-10-14 08:09:51.781+00	generic	\N	\N	501
1754	2022-10-14 08:10:53.534+00	generic	\N	\N	502
1755	2022-10-14 08:14:31.444+00	generic	\N	\N	503
1756	2022-10-14 08:14:33.222+00	generic	\N	\N	504
1757	2022-10-14 08:14:52.607+00	generic	\N	\N	505
1758	2022-10-14 08:15:54.506+00	generic	\N	\N	506
1759	2022-10-14 08:19:32.519+00	generic	\N	\N	507
1760	2022-10-14 08:19:34.256+00	generic	\N	\N	508
1761	2022-10-14 08:19:53.522+00	generic	\N	\N	509
1762	2022-10-14 08:20:55.493+00	generic	\N	\N	510
1763	2022-10-14 08:24:35.165+00	generic	\N	\N	511
1764	2022-10-14 08:24:54.256+00	generic	\N	\N	512
1765	2022-10-14 08:25:57.235+00	generic	\N	\N	513
1766	2022-10-14 08:26:24.833+00	generic	\N	\N	512
1767	2022-10-14 08:27:53.956+00	generic	\N	\N	512
1768	2022-10-14 08:29:36.038+00	generic	\N	\N	514
1769	2022-10-14 08:30:58.262+00	generic	\N	\N	515
1770	2022-10-14 08:32:54.972+00	generic	\N	\N	516
1771	2022-10-14 08:54:31.608+00	generic	\N	\N	517
1772	2022-10-14 08:55:57.637+00	generic	\N	\N	518
1773	2022-10-14 08:59:32.53+00	generic	\N	\N	519
1774	2022-10-14 09:12:25.126+00	generic	\N	\N	520
1775	2022-10-14 09:17:40.463+00	generic	\N	\N	521
1776	2022-10-14 09:17:56.263+00	generic	\N	\N	521
1777	2022-10-14 09:18:52.31+00	generic	\N	\N	522
1778	2022-10-14 09:24:05.669+00	generic	\N	\N	523
1779	2022-10-14 09:26:20.975+00	generic	\N	\N	524
1780	2022-10-14 09:28:52.093+00	generic	\N	\N	524
1781	2022-10-14 09:29:01.168+00	generic	\N	\N	525
1782	2022-10-14 09:29:08.042+00	generic	\N	\N	525
1783	2022-10-14 09:29:30.258+00	logout	\N	\N	525
1784	2022-10-14 09:29:37.906+00	generic	\N	\N	526
1785	2022-10-14 09:29:43.03+00	login	\N	\N	524
1786	2022-10-14 09:29:43.624+00	generic	\N	\N	524
1787	2022-10-14 09:29:49.078+00	generic	\N	\N	524
1788	2022-10-14 09:31:02.484+00	login	\N	\N	525
1789	2022-10-14 09:31:03.008+00	generic	\N	\N	525
1790	2022-10-14 09:34:39.384+00	generic	\N	\N	527
1791	2022-10-14 09:34:49.812+00	generic	\N	\N	528
1792	2022-10-14 09:35:58.857+00	generic	\N	\N	529
1793	2022-10-14 09:36:58.307+00	generic	\N	\N	529
1794	2022-10-14 09:37:28.84+00	generic	\N	\N	529
1795	2022-10-14 09:37:51.507+00	generic	\N	\N	529
1796	2022-10-14 09:37:58.888+00	generic	\N	\N	529
1797	2022-10-14 09:39:13.456+00	exam	\N	100	529
1798	2022-10-14 09:39:40.481+00	generic	\N	\N	530
1799	2022-10-14 09:39:41.473+00	generic	\N	\N	529
1800	2022-10-14 09:39:50.534+00	generic	\N	\N	531
1801	2022-10-14 09:42:26.675+00	generic	\N	\N	529
1802	2022-10-14 09:43:10.269+00	login	\N	\N	531
1803	2022-10-14 09:43:10.946+00	generic	\N	\N	531
1804	2022-10-14 09:44:03.388+00	generic	\N	\N	531
1805	2022-10-14 09:44:19.464+00	generic	\N	\N	531
1806	2022-10-14 09:44:31.314+00	generic	\N	\N	531
1807	2022-10-14 09:44:41.366+00	generic	\N	\N	532
1808	2022-10-14 09:44:42.804+00	generic	\N	\N	533
1809	2022-10-14 09:44:51.013+00	generic	\N	\N	533
1810	2022-10-14 09:44:51.25+00	generic	\N	\N	531
1811	2022-10-14 09:44:53.775+00	generic	\N	\N	533
1812	2022-10-14 11:45:31.864+00	generic	\N	\N	534
1813	2022-10-14 11:46:10.692+00	generic	\N	\N	535
1814	2022-10-14 11:46:20.507+00	generic	\N	\N	536
1815	2022-10-14 11:51:11.745+00	generic	\N	\N	537
1816	2022-10-14 11:51:21.218+00	generic	\N	\N	538
1817	2022-10-14 11:56:12.641+00	generic	\N	\N	539
1818	2022-10-14 11:56:21.952+00	generic	\N	\N	540
1819	2022-10-14 12:01:13.525+00	generic	\N	\N	541
1820	2022-10-14 12:01:22.786+00	generic	\N	\N	542
1821	2022-10-14 12:02:43.962+00	generic	\N	\N	543
1822	2022-10-14 12:06:14.459+00	generic	\N	\N	544
1823	2022-10-14 12:06:23.608+00	generic	\N	\N	545
1824	2022-10-14 13:17:35.409+00	generic	\N	\N	546
1825	2022-10-14 13:18:15.722+00	login	\N	\N	546
1826	2022-10-14 13:18:16.278+00	generic	\N	\N	546
1827	2022-10-14 13:19:48.184+00	generic	\N	\N	547
1828	2022-10-14 13:20:15.958+00	generic	\N	\N	548
1829	2022-10-14 13:21:36.228+00	generic	\N	\N	549
1830	2022-10-14 13:22:36.472+00	generic	\N	\N	546
1831	2022-10-14 13:23:17.329+00	generic	\N	\N	546
1832	2022-10-14 13:24:49.137+00	generic	\N	\N	550
1833	2022-10-14 13:25:17.245+00	generic	\N	\N	551
1834	2022-10-14 13:29:36.172+00	login	\N	\N	552
1835	2022-10-14 13:29:36.747+00	generic	\N	\N	552
1836	2022-10-14 13:29:55.817+00	generic	\N	\N	551
1837	2022-10-14 13:30:28.613+00	generic	\N	\N	553
1838	2022-10-14 13:31:46.882+00	generic	\N	\N	552
1839	2022-10-14 13:32:00.397+00	generic	\N	\N	554
1840	2022-10-14 13:34:56.721+00	generic	\N	\N	555
1841	2022-10-14 13:35:29.422+00	generic	\N	\N	556
1842	2022-10-14 13:37:01.299+00	generic	\N	\N	557
1843	2022-10-14 13:43:51.5+00	generic	\N	\N	558
1844	2022-10-14 13:45:16.076+00	generic	\N	\N	559
1845	2022-10-14 13:46:48.072+00	generic	\N	\N	560
1846	2022-10-14 13:48:52.431+00	generic	\N	\N	561
1847	2022-10-14 13:50:37.362+00	generic	\N	\N	562
1848	2022-10-14 13:52:06.629+00	generic	\N	\N	563
1849	2022-10-14 13:55:38.26+00	generic	\N	\N	564
1850	2022-10-14 13:57:07.407+00	generic	\N	\N	565
1851	2022-10-14 14:58:17.857+00	generic	\N	\N	566
1852	2022-10-14 14:59:46.933+00	generic	\N	\N	567
1853	2022-10-16 18:04:10.105+00	generic	\N	\N	568
1854	2022-10-16 18:07:36.625+00	generic	\N	\N	569
1855	2022-10-16 18:09:03.909+00	generic	\N	\N	570
1856	2022-10-16 18:09:10.289+00	generic	\N	\N	571
1857	2022-10-16 18:12:37.553+00	generic	\N	\N	572
1858	2022-10-16 18:14:11.202+00	generic	\N	\N	573
1859	2022-10-16 18:17:38.608+00	generic	\N	\N	574
1860	2022-10-16 18:19:12.092+00	generic	\N	\N	575
1861	2022-10-16 18:22:39.717+00	generic	\N	\N	576
1862	2022-10-16 18:24:12.996+00	generic	\N	\N	577
1863	2022-10-16 18:27:40.459+00	generic	\N	\N	578
1864	2022-10-17 06:59:05.619+00	login	\N	\N	579
1865	2022-10-17 06:59:06.189+00	generic	\N	\N	579
1866	2022-10-17 07:03:09.45+00	generic	\N	\N	580
1867	2022-10-17 07:04:06.856+00	generic	\N	\N	581
1868	2022-10-17 07:08:10.353+00	generic	\N	\N	582
1869	2022-10-17 07:13:11.415+00	generic	\N	\N	583
1870	2022-10-17 07:18:12.309+00	generic	\N	\N	584
1871	2022-10-17 07:23:13.143+00	generic	\N	\N	585
1872	2022-10-17 07:28:13.985+00	generic	\N	\N	586
1873	2022-10-17 07:33:14.99+00	generic	\N	\N	587
1874	2022-10-17 07:38:40.789+00	generic	\N	\N	588
1875	2022-10-17 07:43:54.218+00	generic	\N	\N	589
1876	2022-10-17 07:48:55.055+00	generic	\N	\N	590
1877	2022-10-17 07:53:55.993+00	generic	\N	\N	591
1878	2022-10-17 07:59:04.365+00	generic	\N	\N	592
1879	2022-10-17 08:04:05.369+00	generic	\N	\N	593
1880	2022-10-17 08:09:06.357+00	generic	\N	\N	594
1881	2022-10-17 08:14:07.291+00	generic	\N	\N	595
1882	2022-10-17 08:19:08.145+00	generic	\N	\N	596
1883	2022-10-17 08:24:09.2+00	generic	\N	\N	597
1884	2022-10-17 08:29:18.71+00	generic	\N	\N	598
1885	2022-10-17 08:34:19.734+00	generic	\N	\N	599
1886	2022-10-17 08:39:20.894+00	generic	\N	\N	600
1887	2022-10-17 08:44:21.884+00	generic	\N	\N	601
1888	2022-10-17 08:49:22.867+00	generic	\N	\N	602
1889	2022-10-17 08:54:24.042+00	generic	\N	\N	603
1890	2022-10-17 09:00:37.451+00	generic	\N	\N	604
1891	2022-10-17 09:06:30.901+00	generic	\N	\N	605
1892	2022-10-17 09:11:31.872+00	generic	\N	\N	606
1893	2022-10-17 09:16:32.836+00	generic	\N	\N	607
1894	2022-10-17 09:38:23.83+00	generic	\N	\N	608
1895	2022-10-17 09:43:24.693+00	generic	\N	\N	609
1896	2022-10-17 09:45:16.133+00	generic	\N	\N	610
1897	2022-10-17 09:45:53.977+00	generic	\N	\N	610
1898	2022-10-17 09:46:05.076+00	video	1336	\N	610
1899	2022-10-17 09:48:25.835+00	generic	\N	\N	611
1900	2022-10-17 10:35:08.908+00	generic	\N	\N	612
1901	2022-10-17 10:40:10.024+00	generic	\N	\N	613
1902	2022-10-17 10:45:11.04+00	generic	\N	\N	614
1903	2022-10-17 12:00:21.529+00	generic	\N	\N	615
1904	2022-10-17 12:05:22.42+00	generic	\N	\N	616
1905	2022-10-17 12:10:23.284+00	generic	\N	\N	617
1906	2022-10-17 12:30:41.517+00	generic	\N	\N	618
1907	2022-10-17 12:41:03.81+00	generic	\N	\N	619
1908	2022-10-17 13:18:05.963+00	generic	\N	\N	620
1909	2022-10-17 13:23:06.916+00	generic	\N	\N	621
1910	2022-10-17 13:36:27.178+00	login	\N	\N	622
1911	2022-10-17 13:36:27.79+00	generic	\N	\N	622
1912	2022-10-17 13:36:57.212+00	exam	\N	129	622
1913	2022-10-17 13:39:54.409+00	login	\N	\N	622
1914	2022-10-17 13:39:55.195+00	generic	\N	\N	622
1915	2022-10-17 13:39:55.637+00	login	\N	\N	622
1916	2022-10-17 13:39:56.36+00	generic	\N	\N	622
1917	2022-10-17 13:40:13.508+00	video	924	\N	622
1918	2022-10-17 13:40:56.542+00	exam	\N	72	622
1919	2022-10-17 13:44:57.176+00	generic	\N	\N	622
1920	2022-10-17 14:51:51.146+00	generic	\N	\N	623
1921	2022-10-17 14:52:12.097+00	video	192	\N	623
1922	2022-10-17 15:42:06.703+00	generic	\N	\N	624
1923	2022-10-17 17:44:34.342+00	generic	\N	\N	625
1924	2022-10-18 05:35:07.85+00	generic	\N	\N	626
1925	2022-10-18 06:06:43.361+00	generic	\N	\N	627
1926	2022-10-18 06:06:49.343+00	login	\N	\N	627
1927	2022-10-18 06:06:49.873+00	generic	\N	\N	627
1928	2022-10-18 06:08:28.404+00	exam	\N	129	627
1929	2022-10-18 09:04:23.709+00	generic	\N	\N	628
1930	2022-10-18 09:04:24.094+00	generic	\N	\N	628
1931	2022-10-18 10:02:38.855+00	generic	\N	\N	629
1932	2022-10-18 10:06:23.7+00	generic	\N	\N	630
1933	2022-10-18 10:07:40.031+00	generic	\N	\N	631
1934	2022-10-18 10:13:11.24+00	generic	\N	\N	632
1935	2022-10-18 10:23:59.129+00	generic	\N	\N	633
1936	2022-10-18 11:19:34.762+00	generic	\N	\N	634
1937	2022-10-18 11:39:23.812+00	generic	\N	\N	635
1938	2022-10-18 11:44:24.821+00	generic	\N	\N	636
1939	2022-10-18 11:49:25.704+00	generic	\N	\N	637
1940	2022-10-18 11:54:26.594+00	generic	\N	\N	638
1941	2022-10-18 11:59:27.383+00	generic	\N	\N	639
1942	2022-10-18 12:04:28.083+00	generic	\N	\N	640
1943	2022-10-18 12:09:28.795+00	generic	\N	\N	641
1944	2022-10-18 12:19:38.236+00	generic	\N	\N	642
1945	2022-10-18 12:26:00.354+00	generic	\N	\N	643
1946	2022-10-18 12:31:01.254+00	generic	\N	\N	644
1947	2022-10-18 12:36:02.132+00	generic	\N	\N	645
1948	2022-10-18 12:57:38.28+00	generic	\N	\N	646
1949	2022-10-18 13:02:39.264+00	generic	\N	\N	647
1950	2022-10-18 13:07:40.185+00	generic	\N	\N	648
1951	2022-10-18 13:12:41.116+00	generic	\N	\N	649
1952	2022-10-18 13:32:42.253+00	generic	\N	\N	650
1953	2022-10-18 13:37:43.345+00	generic	\N	\N	651
1954	2022-10-18 13:42:44.496+00	generic	\N	\N	652
1955	2022-10-18 13:47:45.569+00	generic	\N	\N	653
1956	2022-10-18 13:52:46.671+00	generic	\N	\N	654
1957	2022-10-18 13:57:47.694+00	generic	\N	\N	655
1958	2022-10-19 10:17:56.912+00	generic	\N	\N	656
1959	2022-10-19 10:22:43.322+00	generic	\N	\N	657
1960	2022-10-19 10:27:44.267+00	generic	\N	\N	658
1961	2022-10-19 10:37:38.148+00	generic	\N	\N	659
1962	2022-10-19 10:42:39.093+00	generic	\N	\N	660
1963	2022-10-19 10:47:40.205+00	generic	\N	\N	661
1964	2022-10-19 10:52:41.082+00	generic	\N	\N	662
1965	2022-10-19 10:57:41.961+00	generic	\N	\N	663
1966	2022-10-19 11:02:42.981+00	generic	\N	\N	664
1967	2022-10-19 11:07:44.056+00	generic	\N	\N	665
1968	2022-10-19 11:12:45.202+00	generic	\N	\N	666
1969	2022-10-19 11:17:46.275+00	generic	\N	\N	667
1970	2022-10-19 11:22:47.162+00	generic	\N	\N	668
1971	2022-10-19 11:27:48.046+00	generic	\N	\N	669
1972	2022-10-19 16:38:10.065+00	generic	\N	\N	670
1973	2022-10-20 15:03:57.974+00	login	\N	\N	671
1974	2022-10-20 15:03:58.744+00	generic	\N	\N	671
1975	2022-10-21 06:54:25.602+00	generic	\N	\N	672
1976	2022-10-23 16:38:04.107+00	generic	\N	\N	673
1977	2022-10-23 16:38:10.427+00	generic	\N	\N	673
1978	2022-10-23 16:38:39.312+00	generic	\N	\N	673
1979	2022-10-23 16:46:50.594+00	generic	\N	\N	674
1980	2022-10-23 16:47:00.248+00	generic	\N	\N	674
1981	2022-10-23 16:47:21.121+00	generic	\N	\N	674
1982	2022-10-23 16:47:28.383+00	generic	\N	\N	674
1983	2022-10-23 16:49:17.722+00	generic	\N	\N	674
1984	2022-10-23 16:54:18.743+00	generic	\N	\N	675
1985	2022-10-23 16:55:19.949+00	generic	\N	\N	675
1986	2022-10-23 16:56:57.733+00	generic	\N	\N	675
1987	2022-10-23 17:01:58.844+00	generic	\N	\N	676
1988	2022-10-23 17:07:00.04+00	generic	\N	\N	677
1989	2022-10-23 17:07:30.308+00	generic	\N	\N	677
1990	2022-10-23 17:51:38.749+00	generic	\N	\N	678
1991	2022-10-24 07:35:41.698+00	generic	\N	\N	679
1992	2022-10-24 07:35:56.111+00	generic	\N	\N	679
1993	2022-10-24 08:49:04.961+00	generic	\N	\N	680
1994	2022-10-24 08:54:06.121+00	generic	\N	\N	681
1995	2022-10-24 09:02:22.411+00	generic	\N	\N	682
1996	2022-10-24 10:43:29.652+00	generic	\N	\N	683
1997	2022-10-24 10:43:30.048+00	login	\N	\N	683
1998	2022-10-24 10:43:53.836+00	generic	\N	\N	683
1999	2022-10-24 10:43:54.209+00	login	\N	\N	683
2000	2022-10-24 10:44:38.203+00	generic	\N	\N	683
2001	2022-10-24 10:44:38.897+00	login	\N	\N	683
2002	2022-10-24 10:49:39.714+00	generic	\N	\N	684
2003	2022-10-24 10:49:40.098+00	login	\N	\N	684
2004	2022-10-24 10:54:41.68+00	generic	\N	\N	685
2005	2022-10-24 10:54:42.067+00	login	\N	\N	685
2006	2022-10-24 10:59:42.97+00	generic	\N	\N	686
2007	2022-10-24 10:59:43.372+00	login	\N	\N	686
2008	2022-10-24 11:09:44.362+00	generic	\N	\N	687
2009	2022-10-24 11:09:44.776+00	login	\N	\N	687
2010	2022-10-24 11:19:45.792+00	generic	\N	\N	688
2011	2022-10-24 11:19:46.337+00	login	\N	\N	688
2012	2022-10-24 11:24:47.229+00	generic	\N	\N	689
2013	2022-10-24 11:24:47.613+00	login	\N	\N	689
2014	2022-10-24 11:28:37.439+00	generic	\N	\N	689
2015	2022-10-24 11:28:37.908+00	login	\N	\N	689
2016	2022-10-24 11:31:32.836+00	generic	\N	\N	689
2017	2022-10-24 11:31:33.243+00	login	\N	\N	689
2018	2022-10-24 11:34:53.339+00	exam	\N	77	689
2019	2022-10-24 11:34:59.156+00	generic	\N	\N	689
2020	2022-10-24 11:34:59.544+00	login	\N	\N	689
2021	2022-10-24 11:35:24.858+00	exam	\N	137	689
2022	2022-10-24 11:38:53.301+00	generic	\N	\N	689
2023	2022-10-24 11:38:53.687+00	login	\N	\N	689
2024	2022-10-24 11:43:50.358+00	exam	\N	137	689
2025	2022-10-24 11:43:54.2+00	generic	\N	\N	689
2026	2022-10-24 11:43:54.589+00	login	\N	\N	689
2027	2022-10-24 11:44:11.828+00	exam	\N	100	689
2028	2022-10-24 11:44:13.967+00	login	\N	\N	690
2029	2022-10-24 11:44:14.532+00	generic	\N	\N	690
2030	2022-10-24 11:44:14.84+00	login	\N	\N	690
2031	2022-10-24 11:44:15.927+00	generic	\N	\N	690
2032	2022-10-24 11:44:16.398+00	login	\N	\N	690
2033	2022-10-24 11:47:05.875+00	exam	\N	136	690
2034	2022-10-24 11:48:55.414+00	generic	\N	\N	689
2035	2022-10-24 11:48:55.81+00	login	\N	\N	689
2036	2022-10-24 11:51:34.511+00	generic	\N	\N	689
2037	2022-10-24 11:51:34.917+00	login	\N	\N	689
2038	2022-10-24 11:52:13.34+00	generic	\N	\N	689
2039	2022-10-24 11:52:13.726+00	login	\N	\N	689
2040	2022-10-24 11:57:14.472+00	generic	\N	\N	691
2041	2022-10-24 11:57:14.862+00	login	\N	\N	691
2042	2022-10-24 12:03:04.139+00	generic	\N	\N	692
2043	2022-10-24 12:03:04.53+00	login	\N	\N	692
2044	2022-10-24 12:08:05.494+00	generic	\N	\N	693
2045	2022-10-24 12:08:05.887+00	login	\N	\N	693
2046	2022-10-24 12:13:06.778+00	generic	\N	\N	694
2047	2022-10-24 12:13:07.173+00	login	\N	\N	694
2048	2022-10-24 12:18:08.593+00	generic	\N	\N	695
2049	2022-10-24 12:18:08.996+00	login	\N	\N	695
2050	2022-10-24 12:44:15.194+00	generic	\N	\N	696
2051	2022-10-24 12:44:15.579+00	login	\N	\N	696
2052	2022-10-24 12:49:16.438+00	generic	\N	\N	697
2053	2022-10-24 12:49:16.823+00	login	\N	\N	697
2054	2022-10-24 12:54:17.667+00	generic	\N	\N	698
2055	2022-10-24 12:54:18.048+00	login	\N	\N	698
2056	2022-10-24 12:59:18.886+00	generic	\N	\N	699
2057	2022-10-24 12:59:19.281+00	login	\N	\N	699
2058	2022-10-24 13:01:49.419+00	exam	\N	137	699
2059	2022-10-24 13:01:57.366+00	exam	\N	137	699
2060	2022-10-24 13:02:02.989+00	generic	\N	\N	699
2061	2022-10-24 13:02:03.376+00	login	\N	\N	699
2062	2022-10-24 13:02:06.865+00	generic	\N	\N	699
2063	2022-10-24 13:02:07.238+00	login	\N	\N	699
2064	2022-10-24 13:02:12.93+00	exam	\N	137	699
2065	2022-10-24 13:02:42.206+00	exam	\N	28	699
2066	2022-10-24 13:08:50.886+00	generic	\N	\N	700
2067	2022-10-24 13:08:51.278+00	login	\N	\N	700
2068	2022-10-24 13:13:52.02+00	generic	\N	\N	701
2069	2022-10-24 13:13:52.415+00	login	\N	\N	701
2070	2022-10-24 13:18:53.317+00	generic	\N	\N	702
2071	2022-10-24 13:18:53.722+00	login	\N	\N	702
2072	2022-10-24 13:21:24.501+00	generic	\N	\N	703
2073	2022-10-24 13:21:24.855+00	login	\N	\N	703
2074	2022-10-24 13:28:31.583+00	generic	\N	\N	704
2075	2022-10-24 13:28:31.935+00	login	\N	\N	704
2076	2022-10-24 13:29:01.318+00	generic	\N	\N	704
2077	2022-10-24 13:29:01.638+00	login	\N	\N	704
2078	2022-10-24 13:29:24.243+00	generic	\N	\N	704
2079	2022-10-24 13:29:24.576+00	login	\N	\N	704
2080	2022-10-24 15:24:08.057+00	generic	\N	\N	705
2081	2022-10-24 15:24:08.367+00	login	\N	\N	705
2082	2022-10-25 09:16:15.759+00	login	\N	\N	706
2083	2022-10-25 09:16:16.553+00	generic	\N	\N	706
2084	2022-10-25 09:16:16.952+00	login	\N	\N	706
2085	2022-10-25 09:16:17.926+00	generic	\N	\N	706
2086	2022-10-25 09:16:18.427+00	login	\N	\N	706
2087	2022-10-25 10:03:15.055+00	generic	\N	\N	707
2088	2022-10-25 10:03:15.412+00	login	\N	\N	707
2089	2022-10-25 15:45:50.55+00	generic	\N	\N	708
2090	2022-10-25 15:45:50.897+00	login	\N	\N	708
2091	2022-10-26 09:48:08.589+00	generic	\N	\N	709
2092	2022-10-26 09:48:08.951+00	login	\N	\N	709
2093	2022-10-27 08:30:51.274+00	generic	\N	\N	710
2094	2022-10-27 08:30:51.639+00	login	\N	\N	710
2095	2022-10-27 08:35:52.41+00	generic	\N	\N	711
2096	2022-10-27 08:35:52.774+00	login	\N	\N	711
2097	2022-10-27 08:40:53.615+00	generic	\N	\N	712
2098	2022-10-27 08:40:53.966+00	login	\N	\N	712
\.


--
-- Data for Name: user_video_progress_bridge; Type: TABLE DATA; Schema: public; Owner: dev_service_user
--

COPY public.user_video_progress_bridge (id, cursor_seconds, completed_percentage, user_id, video_version_id) FROM stdin;
1	1.375759	1	1	89
2	1.097014	0	1	405
6	10.692917	10	8	49
7	2.279757	1	8	192
8	5.799963	6	12	49
5	5.699095	3	8	924
9	5.64072	3	13	924
10	5.064011	4	13	1183
11	5.617621	2	14	1202
12	5.139379	3	15	924
13	30.447113	20	15	1175
14	10.787942	3	15	1202
15	1.317578	1	16	1175
16	1.217829	1	17	1175
17	10.629223	4	8	1176
18	132.931523	97	8	1177
19	120.496598	52	8	1178
20	1.424037	1	18	1175
21	1.595889	1	20	1175
22	18.504208	12	1	1175
23	1.984522	1	1	1176
24	13.125405	6	1	1178
25	8.010688	6	1	1179
26	1.386525	1	15	1182
27	140.450458	29	21	1175
28	148.47527	13	21	1187
29	104.389467	34	21	1270
30	30.341305	20	1	1671
32	5.507483	3	1	190
34	25.668392	17	1	1664
35	131.978688	96	1	1673
37	120.699374	96	1	1675
38	151.070725	13	1	1676
31	250.274181	98	1	1672
36	229.696617	99	1	1674
40	10.088502	7	1	1741
41	2.635917	1	8	1674
42	75.168927	97	8	234
43	105.618348	95	8	237
44	35.934814	25	8	202
45	5.50426	4	1	1678
39	5.039912	1	1	1677
46	25.267762	16	1	1679
47	6.133442	14	36	1671
49	204.617796	80	38	1672
50	5.496238	4	39	1671
48	10.561869	3	1	1680
33	5.700542	6	1	1336
3	1.0869415000197478	1	1	924
4	1.7778745830037515	1	1	192
\.


--
-- Data for Name: video; Type: TABLE DATA; Schema: public; Owner: dev_service_user
--

COPY public.video (id) FROM stdin;
1
2
3
4
5
6
7
8
9
10
11
12
13
14
15
16
17
18
19
20
21
22
23
24
25
26
27
28
29
30
31
32
33
34
35
36
37
38
39
40
41
42
43
44
45
46
47
48
49
50
51
52
53
54
55
56
57
58
59
60
61
62
63
64
65
66
67
68
69
70
71
72
73
74
75
76
77
78
79
80
81
82
83
84
85
86
87
88
89
90
91
92
93
94
95
96
97
98
99
100
101
102
103
104
105
106
107
108
109
110
111
112
113
114
115
116
117
118
119
120
121
122
123
124
125
126
127
128
129
130
131
132
133
134
135
136
137
138
139
140
141
142
143
144
145
146
147
148
149
150
151
152
153
154
155
156
157
158
159
160
161
162
163
164
165
166
167
168
169
170
171
172
173
174
175
176
177
178
179
180
181
182
183
184
185
186
187
188
189
190
191
192
193
194
195
196
197
198
199
200
201
202
203
204
205
206
207
208
209
210
211
212
213
214
215
216
217
218
219
220
221
222
223
224
225
226
227
228
229
230
231
232
233
234
235
236
237
238
239
240
241
242
243
244
245
246
247
248
249
250
251
252
253
254
255
256
257
258
259
260
261
262
263
264
265
266
267
268
269
270
271
272
273
274
275
276
277
278
279
280
281
282
283
284
285
286
287
288
289
290
291
292
293
294
295
296
297
298
299
300
301
302
303
304
305
306
307
308
309
310
311
312
313
314
315
316
317
318
319
320
321
322
323
324
325
326
327
328
329
330
331
332
333
334
335
336
337
338
339
340
341
342
343
344
345
346
347
348
349
350
351
352
353
354
355
356
357
358
359
360
361
362
363
364
365
366
367
368
369
370
371
372
373
374
375
376
377
378
379
380
381
382
383
384
385
386
387
388
389
390
391
392
393
394
395
396
397
398
399
400
401
402
403
404
405
406
407
\.


--
-- Data for Name: video_completion; Type: TABLE DATA; Schema: public; Owner: dev_service_user
--

COPY public.video_completion (id, completion_date, video_version_id, user_id) FROM stdin;
1	2022-10-04 15:12:13.306+00	49	8
2	2022-10-04 15:53:20.39+00	49	12
3	2022-10-04 18:40:22.513+00	1175	15
4	2022-10-05 10:22:50.918+00	1177	8
5	2022-10-05 10:52:12.6+00	1178	8
6	2022-10-05 17:46:21.483+00	1175	1
7	2022-10-05 20:13:27.928+00	1178	1
8	2022-10-05 20:13:43.438+00	1179	1
9	2022-10-06 09:14:56.269+00	1175	21
10	2022-10-06 09:16:13.401+00	1187	21
11	2022-10-06 09:28:17.379+00	1270	21
12	2022-10-09 10:37:14.378+00	1671	1
13	2022-10-10 10:10:45.204+00	1336	1
14	2022-10-10 10:18:57.711+00	1664	1
15	2022-10-10 20:56:00.869+00	1672	1
16	2022-10-10 21:17:51.115+00	1673	1
17	2022-10-10 21:20:26.812+00	1674	1
18	2022-10-10 21:24:32.089+00	1675	1
19	2022-10-10 21:28:20.745+00	1676	1
20	2022-10-11 13:32:01.266+00	1741	1
21	2022-10-11 13:43:20.343+00	234	8
22	2022-10-11 13:45:04.543+00	237	8
23	2022-10-11 13:47:10.162+00	202	8
24	2022-10-12 11:48:14.929+00	1678	1
25	2022-10-12 11:59:08.147+00	924	1
26	2022-10-12 12:00:14.424+00	1679	1
27	2022-10-13 12:11:47.753+00	1671	36
28	2022-10-13 13:34:31.221+00	1680	1
29	2022-10-13 19:16:57.642+00	1672	38
\.


--
-- Data for Name: video_data; Type: TABLE DATA; Schema: public; Owner: dev_service_user
--

COPY public.video_data (id, title, order_index, subtitle, description, video_file_id, thumbnail_file_id, video_file_length_seconds) FROM stdin;
248	Vgknyv	14	Mdostsok trtnete		301	\N	148.7
347	Vgknyv	23	Mdostsok trtnete		383	\N	175.3
468	Fix hivatkozs	4	Egyszer szmtsok		145	\N	225.033333
553	Sugr diagram	7	Diagramok		224	\N	207.133333
736	Mire j az Excel?	1	ttekints		128	\N	254.9
1	Feltteles formzs	29	rtkklnbsgek pontos brzolsa		54	\N	511.133333
2	Munka egyszerre tbb munkafzettel	3	Ablakok vltsa egyszeren		48	\N	123.533333
3	Gyakorl feladatok	21	Kamatszmts		37	\N	102.833333
4	Cellk formzsa	30	Szmformtumok		55	\N	135.7
5	Sorok s oszlopok formzsa	31	Mretek, egyests		56	\N	283.066667
6	Sorok s oszlopok formzsa	32	Szeglyek s tovbbi nyomtatsi belltsok		57	\N	266.333333
7	Megnyits	1	Excel dokumentumok megnyitsa klnbz mdon		46	\N	152.166667
8	Ments	2	Excel dokumentumok mentse klnbz mdon		47	\N	136.8
9	Fggvnyek rtkk alaktsa	42	Csere a szmtott rtkkel		70	\N	124.2
10	Szmformtumok	36	Egyni szmformtumok		64	\N	255
11	Szmformtumok	33	Pontossg, kerekts		61	\N	250.866667
12	Vglap	5	Msols, kivgs, beilleszts mdjai		50	\N	371.3
13	Kezdlap menszalag	6	Cellk formzsa		24	\N	261.166667
14	Kezdlap menszalag	7	Szmformtumok		23	\N	248.766667
15	Gyakorl feladatok	22	ves hozam kiszmtsa		58	\N	151.433333
16	Kezdlap menszalag	8	Stlusok, cellamveletek, rendezs		25	\N	168.566667
17	Sorok s oszlopok	9	Cellk adatainak szerkesztse brhol		26	\N	164.466667
18	Adatbevitel, javts	10	Generlt adatsorok		27	\N	239.2
19	Adatbevitel, javts	11	Adatsor men hasznlata		28	\N	225
20	Adatbevitel, javts	12	Tovbbi mveletek sorokkal, oszlopokkal		29	\N	284.633333
21	Adatbevitel, javts	13	Igazts, cellaegyests		30	\N	242.733333
22	Adatbevitel, javts	14	Cellk tartalmnak forgatsa, szeglyek		31	\N	104.233333
23	Egyszer szmtsok	16	Matematikai alapmveletek		32	\N	345.833333
24	Egyszer szmtsok	17	Egyenletek bevitele		33	\N	317.3
25	Nyomtats	4	Nyomtatsi nzet belltsai		49	\N	380
26	Elrejts, felfeds	46	Tblzat adott rszeinek elrejtse		74	\N	120.633333
27	Egyszer szmtsok	18	Szmtsok a cellk rtkeivel		34	\N	290.066667
28	Egyszer szmtsok	19	Fix hivatkozs		35	\N	464.066667
29	Tblatervez	37	Cellatartomny tblzatt alaktsa		65	\N	345.066667
30	llapotsor	43	Cellk tartalmnak gyors ellenrzse		71	\N	115.033333
31	Cellastlusok	38	Elre definilt s egyedi stlusok cellnknt		66	\N	188.066667
32	Gyakorl feladatok	20	Szmols dtummal, idpontokkal		36	\N	317.466667
33	Szmformtumok	34	Klnleges szmformtumok		62	\N	268
34	Legfontosabb fggvnyek	39	tlag, Min, Max		67	\N	225.033333
35	Gyakorl feladatok	23	Egyedi kalkultor ksztse		59	\N	205.566667
36	Gyakorl feladatok	24	Kerlet, Terlet, Felszn, Trfogat		60	\N	166.5
37	Formtummsols	26	Cellk azonos megjelenssel		51	\N	138.6
38	Cellk formzsa	27	Bettpus, igazts belltsa		52	\N	260.233333
39	Feltteles formzs	28	Adatok megklnbztetse messzirl		53	\N	377.066667
40	Szmformtumok	35	Tudomnyos szmformtum		63	\N	147.933333
41	Hibaelemzs	44	Leggyakoribb hibazenetek		72	\N	415.1
42	Legfontosabb fggvnyek	40	Mdusz.egy, Darab, Darab2		68	\N	229.033333
43	Nvkezel	47	Egyedi cella s tartomny nevek		75	\N	308.266667
44	Legfontosabb fggvnyek	41	Darabres, Darabteli, Ma, Most		69	\N	382.666667
45	Helyesrs ellenrzs	49	Munka tbb nyelven		77	\N	179.3
46	Panelek rgztse	45	Knnyebb tjkozds sok adat esetn		73	\N	309.933333
47	Egyni sorrend	48	Tblzat adatainak tbbszint rendezse		76	\N	239.866667
48	Keress s csere	50	Adatok gyors megtallsa s mdostsa		78	\N	227.766667
49	Az OBS letltse	0	Ingyenesen, brmilyen asztali rendszerre		79	\N	103.133333
50	Teleptsk az OBS Studiot	1	Msodpercek alatt hasznlhatjuk is		80	\N	78.433333
51	Alapvet konfigurls offline felvtelhez	3	Formtumok, minsg belltsa		81	\N	292.066667
52	Audio & video belltsok	4	Hangforrsok s felbonts finomhangolsa		84	\N	144
53	Kpernyfelvtel belltsa	5	Jelenetek, forrsok konfigurlsa		82	\N	287.333333
54	Varzsoljunk hangot OBS-ben	6	Bemeneti hangfelvev eszkzk belltsa		83	\N	173.733333
55	Zajszrs belltsa	0	Viszlt szknyikorgs!		85	\N	64.633333
56	Prbafelvtel OBS-ben	0	Figyeljnk, hogy mire nyomunk!		86	\N	98
57	Ismerkeds a Word-el	0	Megnyits, sablonok		44	\N	177.566667
58	Ismerkeds a Word-el	1	Gyorselrsi eszkztr		45	\N	222.933333
59	Billentyparancsok	13	Minden ltszik		107	\N	410.133333
60	Word dokumentum mentse	3	Ments lehetsgei		103	\N	193.6
61	Billentyparancsok	14	Bettpusok gyors belltsa		108	\N	94.2
62	Feloszts	25	Tbb dokumentum egy ablakban		119	\N	100.266667
63	Billentyparancsok	15	Gyors navigls a dokumentumban		109	\N	357.433333
64	Billentyparancsok	16	Szavak s mondatok kijellse		110	\N	318.766667
65	Bekezdsek kezelse	17	Behzs, igazts, listk		111	\N	537.666667
66	Munka egyszerre tbb dokumentummal	18	Gyors vlts az ablakok kztt		112	\N	136.2
67	Vglap mveletek	27	Beilleszts mdjai		120	\N	115.033333
68	Word dokumentum nyomtatsa	4	A nyomtats belltsai		104	\N	231.2
69	Hibajavts mdjai	5	Kijells, Backspace, Del		105	\N	219.466667
70	A szvegbevitel alapjai	6	Gpels, diktls		38	\N	142.2
71	Kezdlap menszalag	7	Betstlusok, alapvet formzs		40	\N	271.033333
72	Beszrs menszalag	8	Dokumentum kibvtse egyszeren		39	\N	304.033333
73	Tervezs menszalag	9	Sablonok hasznlata, szeglyek, vzjelek		41	\N	362.1
74	Elrendezs menszalag	10	Margk, hasbok, trdels		42	\N	404.733333
75	(CSERE) Hivatkozsok s Levelezs menszalag	11	Tartalomjegyzk s vltozk a levlben		43	\N	379.566667
76	Oldalak	19	Oldaltrsek beszrsa		113	\N	226.8
77	Vlemnyezs menszalag	12	Felolvass, megjegyzsek		106	\N	360.466667
78	Vglap mveletek	26	Kivgs, Msols, Beilleszts		121	\N	304.4
79	Word dokumentum megnyitsa	2	Megnyits lehetsgei		102	\N	81.433333
80	Megjelentsi lehetsgek	20	Vonalz, rcsvonalak, navigci		114	\N	144.3
81	Vgknyv	28	Mdostsok trtnete		122	\N	148.7
82	Helyi s lebeg menk	21	Leggyakoribb formzsi lehetsgek		115	\N	68.7
83	Nzetek	22	Olvasmd, nyomtatsi elrendezs		116	\N	76.4
84	Formtummsols	29	Azonos megjelens tbb helyen		123	\N	110.333333
85	Nagyts	23	Automatikus, vagy manulis bellts		117	\N	125.333333
86	Segdjelek	24	s azok jelentse		118	\N	112.633333
87	Fix hivatkozs	3	Egyszer szmtsok		145	\N	225.033333
88	Igazts, cellaegyests	12	Adatbevitel, javts		140	\N	242.733333
89	Mire j az Excel?	0	ttekints		128	\N	254.9
90	Cellk tartalmnak forgatsa, szeglyek	13	Adatbevitel, javts		141	\N	104.233333
91	Gyorselrsi eszkztr	1	ttekints		129	\N	248.533333
92	Cellastlusok	7	Elre definilt s egyedi stlusok cellnknt		153	\N	188.066667
93	A kezdlap alapjai	2	ttekints		130	\N	231.5
94	Megnyits	3	Excel dokumentumok megnyitsa klnbz mdon		131	\N	152.166667
95	Klnleges szmformtumok	4	Szmformtumok		150	\N	268
96	Formtummsols	0	Cellk azonos megjelenssel		146	\N	138.6
97	Ments	4	Excel dokumentumok mentse klnbz mdon		132	\N	136.8
98	Munka egyszerre tbb munkafzettel	5	Ablakok vltsa egyszeren		133	\N	123.533333
99	Adatok megklnbztetse messzirl	9	Feltteles formzs		155	\N	377.066667
100	Nyomtats	6	Nyomtatsi nzet belltsai		134	\N	380
101	Bettpus, igazts belltsa	1	Cellk formzsa		147	\N	260.233333
102	Vglap	7	Msols, kivgs, beilleszts mdjai		135	\N	371.3
103	Matematikai alapmveletek	0	Egyszer szmtsok		142	\N	345.833333
104	Sorok s oszlopok	8	Cellk adatainak szerkesztse brhol		136	\N	164.466667
105	Egyenletek bevitele	1	Egyszer szmtsok		143	\N	317.3
106	Generlt adatsorok	9	Adatbevitel, javts		137	\N	239.2
107	Mretek, egyests	12	Sorok s oszlopok formzsa		158	\N	283.066667
108	Tudomnyos szmformtum	5	Szmformtumok		151	\N	147.933333
109	Adatsor men hasznlata	10	Adatbevitel, javts		138	\N	225
110	Szmtsok a cellk rtkeivel	2	Egyszer szmtsok		144	\N	290.066667
111	Tovbbi mveletek sorokkal, oszlopokkal	11	Adatbevitel, javts		139	\N	284.633333
112	Szmformtumok	2	Cellk formzsa		148	\N	135.7
113	Szeglyek	8	Hozzads, formzs, belltsok		154	\N	254.566667
114	Egyni szmformtumok	6	Szmformtumok		152	\N	255
115	Pontossg, kerekts	3	Szmformtumok		149	\N	250.866667
116	rtkgrbk, kijells kplettel	11	Feltteles formzs		157	\N	256.966667
117	Adatsvok, ikonkszletek, sznsklk	10	Feltteles formzs		156	\N	245.066667
118	Szeglyek s tovbbi nyomtatsi belltsok	13	Sorok s oszlopok formzsa		159	\N	266.333333
119	Cellatartomny tblzatt alaktsa	14	Tblatervez		160	\N	345.066667
120	Sznek, kpek, mintzatok vlasztsa	15	Cellk s tblzat kitltse		161	\N	175
121	tlag s szls rtkek meghatrozsa	0	TLAG(), MIN(), MAX() fggvnyek		162	\N	225.033333
122	Gyakori rtkek s szmlls	1	MDUSZ.EGY(), DARAB(), DARAB2() fggvnyek		163	\N	229.033333
123	res s teli cellk meghatrozsa, jelenlegi dtum s idpont lekrse	2	DARABRES(), DARABTELI(), MA(), MOST() fggvnyek		164	\N	382.666667
124	Szveg formzsa	7	Kisbet, nagybet, kiskapitlis		395	\N	168.7
125	Csere a szmtott rtkkel	3	Fggvnyek rtkk alaktsa		165	\N	124.2
126	Szveg a tblzat fltt	9	Szvegdobozok		198	\N	87.5
127	Egyedi cella- s tartomnynevek	4	Nvkezel		180	\N	308.266667
128	Felttelhez kttt mveletek	4	HA() fggvny		166	\N	209.3
129	Sorok gyors szrse	10	Szrs		212	\N	241.466667
130	Tbb felttel rvnyestse egyszerre	5	S() fggvny 		167	\N	224.5
131	Egyedi htterek, keretek, rnykok	2	Kpek kezelse		191	\N	266.466667
132	Tblzat adatainak tbbszint rendezse	5	Egyni sorrend		181	\N	239.866667
133	Tbb felttelhez kttt darab s tlagszmts	6	DARABHATBB() s TLAGHATBB() fggvnyek		168	\N	268
134	Adatrvnyests szmtartomny megadsval	2	Adateszkzk		204	\N	407.166667
135	Szmtsok dtumokkal	7	Dtumfggvnyek		169	\N	222
136	Munka tbb nyelven	6	Helyesrs ellenrzs		182	\N	179.3
137	A Wingdings bettpus	10	Szimblumok beszrsa		199	\N	167.4
138	Fggleges keress a tblzatban	8	FKERES() fggvny		170	\N	348
139	lek, klnleges effektek, trbeli forgats	3	Kpek kezelse		192	\N	219.633333
140	Adatok gyors megtallsa s mdostsa	7	Keress s csere		183	\N	227.766667
141	A kerekts klnbz mdjai	9	KEREKTS(), KEREK.FEL(), KEREK.LE(), PLAFON(), PADL() fggvnyek		171	\N	309
142	Figyelmeztets megjelentse adatrvnyests esetn	5	Adateszkzk		207	\N	103.033333
143	Szvegek sszefzse, sszehasonltsa	10	SSZEFZ(), AZONOS() szvegfggvnyek		172	\N	144.766667
432	Egyszer szmtsok	31	Egyenletek bevitele		33	\N	317.3
144	Tblzaton bell s kvl egyarnt	8	Hivatkozsok ltrehozsa		184	\N	263.266667
145	Karakterek kiemelse szvegbl	11	BAL(), JOBB(), KZP() szvegfggvnyek		173	\N	235.233333
146	Kpkorrekci, krlvgs	4	Kpek kezelse		193	\N	119.1
147	Tblzat ltrehozsa .txt fjlbl	8	Adatimportls		210	\N	160.966667
148	Lehetsges eredmnyek kiprblsa	9	Esetvizsgl		185	\N	317.733333
149	Szabadkzi mveletek	11	Egyenletek beszrsa		200	\N	201.6
150	Httr eltvoltsa, kitltsek, egyb opcik	5	Kpformtum men		194	\N	222.766667
151	Ismert eredmnyhez tartoz bemeneti rtkek keresse	10	Clrtkkeress		186	\N	227.866667
152	Cellk tartalmnak gyors ellenrzse	0	llapotsor		176	\N	115.033333
153	Adatrvnyests szmok s lista segtsgvel	3	Adateszkzk		205	\N	294.933333
154	Leggyakoribb hibazenetek	1	Hibaelemzs		177	\N	415.1
155	Vletlen szerkeszts megakadlyozsa	0	Tblzatok vdelme, zrolsa		187	\N	320.6
156	Adattbla hasznlata	6	Lehetsgelemzs		208	\N	148.1
157	Knnyebb tjkozds sok adat esetn	2	Panelek rgztse		178	\N	309.933333
158	Stlus, effektek	6	Alakzatok formzsa		195	\N	207.233333
159	Hozzads, trls, figyelmeztet zenetek	1	Megjegyzsek		188	\N	199.766667
160	Tblzat adott rszeinek elrejtse	3	Elrejts, felfeds		179	\N	120.633333
161	Csoportosts sorok s oszlopok szerint	13	Tagols		215	\N	163.833333
162	Kitlts, rnyk, trbeli forgats	7	Alakzatok formzsa		196	\N	193.666667
163	Tblatervez hasznlata	0	Elklntett tblzatok		189	\N	200.1
164	Adatok csoportostsa ltvnyosan	12	Rszsszeg szmts		214	\N	309.766667
165	Egy felttelhez kttt sszegzs	12	SZUMHA() fggvny		201	\N	276
166	Hozzads, mretezs, forgats, elrendezs	1	Kpek kezelse		190	\N	227.833333
167	Oszlopok ltrehozsa szvegbl	0	Adateszkzk		202	\N	158.066667
168	Kreatv szvegek ltrehozsa	8	WordArt beszrsa		197	\N	310.066667
169	Tbb felttelhez kttt sszegzs	13	SZUMHATBB() fggvny		174	\N	206.733333
170	Egy felttel rvnyestse tbb kzl	14	VAGY() fggvny		175	\N	216.8
171	Hibazenet megjelentse adatrvnyests esetn	4	Adateszkzk		206	\N	233.133333
172	Ismtldsek eltvoltsa	1	Adateszkzk		203	\N	208.966667
173	Szrs bonyolultabb szrfelttelekkel	9	Irnytott szrs		211	\N	260.2
174	Webes tblzat beszrsa, a Power Query-szerkeszt hasznlata	7	Adatimportls		209	\N	206.066667
175	Gyakorls, pldk	11	Szrs		213	\N	393.8
176	Ltrehozs, alapvet formzs	14	Kimutats tblzat		216	\N	219.566667
177	rtkmez belltsok	15	Kimutats tblzat		217	\N	185.966667
178	Kimutatsok vltoztatsa idsorral, szeletelvel	16	Kimutats tblzat		218	\N	268.766667
179	Szveg formzsa	8	Betszn belltsa		396	\N	218.666667
180	Diagram sszetevinek belltsa	1	Krdiagram s annak formzsa		219	\N	235.066667
181	Szveg formzsa	10	Bekezdsek igaztsa		398	\N	129.833333
182	A vonalz hasznlata	11	Behzsok, sorkz, trkz		399	\N	271.3
183	A nyomtats belltsai	4	Word dokumentum nyomtatsa		254	\N	230.733333
184	Nhny tipp a helyes belltshoz	16	Bekezdsjellemzk, gyakori problmk		272	\N	112.1
185	Programozs az Excelben	1	Bevezets a VBA fellet hasznlatba		236	\N	187.7
186	Bvtmny teleptse	2	Solver bvtmny		237	\N	171.933333
187	Automatikus szmts tbb felttel figyelembevtelvel	3	Solver bvtmny		228	\N	365.5
188	Gombok, csszkk	4	Bevezets a vezrlkbe		229	\N	250.533333
189	Legrdl men, jellngyzet	5	Bevezets a vezrlkbe		230	\N	155.2
190	Bettpusok belltsa	0	Betk alapvet formzsi lehetsgei		256	\N	211.033333
191	Megnyits lehetsgei	2	Word dokumentum megnyitsa		252	\N	81.433333
192	Program megnyitsa	0	Ismerkeds a Word-el		239	\N	211.666667
193	Funkcik vgtelen trhza programozs nlkl	0	Bevezets a makrkba		227	\N	321
194	Egysges fggleges skok belltsa	17	Tabultorok		273	\N	298.833333
195	Alhzsok s annak tpusai	6	Betk alapvet formzsi lehetsgei		262	\N	123.966667
196	Gyorselrsi eszkztr	1	Ismerkeds a Word-el		240	\N	210.566667
197	Flkvr, dlt bettpusok	1	Betk alapvet formzsi lehetsgei		257	\N	158.866667
198	Eredeti kinzet helyrelltsa	10	Minden formzs trlse		266	\N	97.366667
199	Kis- s nagybetk belltsa egyszerre	2	Betk alapvet formzsi lehetsgei		258	\N	154.266667
200	Kijells, Backspace, Delete	5	Hibajavts mdjai		255	\N	190.9
201	Szmols dtummal, idpontokkal	4	Gyakorl feladatok		231	\N	317.466667
202	Gpels, diktls	8	A szvegbevitel alapjai		241	\N	142.2
203	Kamatszmts	5	Gyakorl feladatok		232	\N	102.833333
204	A ments lehetsgei	3	Word dokumentum mentse		253	\N	193.6
205	ves hozam kiszmtsa	6	Gyakorl feladatok		233	\N	151.433333
206	Sor- s trkz belltsa	13	Bekezdsek elklntse vagy sszeolvasztsa		269	\N	254.4
207	Egyedi kalkultor ksztse	7	Gyakorl feladatok		234	\N	205.566667
208	Kiskapitlis bet	7	Betk alapvet formzsi lehetsgei		263	\N	92.633333
209	Alapvet formzsi lehetsgek	0	Krdiagram s annak formzsa		235	\N	248.3
210	Egyedi htterek vlasztsa	2	Krdiagram s annak formzsa		220	\N	181.9
211	Leggyakoribb hiba ltrehozs esetn	3	Hibaelhrts		221	\N	182.2
212	Vonal, terlet, halmozott terlet diagramok	4	Diagramok		222	\N	230.066667
213	Oszlop s bubork diagramok	5	Diagramok		223	\N	125.7
214	Sugr diagram	6	Diagramok		224	\N	207.133333
215	Csoportostott oszlopdiagram	7	Diagramok		225	\N	165.2
216	Tovbbi belltsok	8	Diagramok		226	\N	357.7
217	Betszn s szvegkiemels	3	Betk alapvet formzsi lehetsgei		259	\N	221.8
218	Szveg formzsa	9	Bettpus panel		397	\N	115.3
219	Szeglyek s rnykok belltsa	15	Bekezdsek kiemelse		271	\N	268.2
220	Hogyan segt minket a "Minden ltszik" lehetsg?	11	Bekezdsek igaztsa		267	\N	125.466667
221	A szveg megjelentsi mdjai	12	Igazts, forgats, listk		400	\N	225.7
222	Betmret mdostsa	4	Betk alapvet formzsi lehetsgei		260	\N	133.133333
223	Bettpus panel	8	Betk alapvet formzsi lehetsgei		264	\N	232.9
224	Indexek belltsa	5	Betk alapvet formzsi lehetsgei		261	\N	151.733333
225	Ksz formzsi sszelltsok egy kattintssal	9	Szvegeffektusok		265	\N	228.533333
226	Trdels belltsa	14	Bekezdsek egyb lehetsgei		270	\N	238
227	Eltols a margtl	12	Bekezdsek behzsa		268	\N	163.3
228	Igazts s kitlts	18	Tabultorok		274	\N	253.633333
229	Listk egymsba gyazsa	19	Felsorols, szmozott lista		275	\N	326.766667
230	Lapmret s margk belltsa	20	Oldaljellemzk belltsa		276	\N	126.566667
231	Kitltsi effektusok s oldalszegly	21	Oldalsznek s httr belltsa		277	\N	231.233333
232	Kerlet, Terlet, Felszn, Trfogat 	8	Gyakorl feladatok		238	\N	166.5
233	Ltrehozs, elhelyezs	22	Oldalszmok		278	\N	177.5
234	Fjlnevek rgztse	6	A gyakran hasznlt fjlok gyorsabb elrse		279	\N	77.333333
235	Oldalak	3	Oldaltrsek beszrsa		290	\N	226.8
236	A helyesrs nyelvnek megadsa	0	Tbbnyelv dokumentum ellenrzse		308	\N	117.8
237	Informcik a dokumentumrl	7	Metaadatok szerkesztse		280	\N	110.133333
238	Betstlusok, alapvet formzs	9	Kezdlap menszalag		242	\N	271.033333
239	Dokumentum kibvtse egyszeren	10	Beszrs menszalag		243	\N	304.033333
240	Sablonok hasznlata, szeglyek, vzjelek	11	Tervezs menszalag		244	\N	362.1
241	Margk, hasbok, trdels	12	Elrendezs menszalag		245	\N	404.733333
242	Tartalomjegyzk	13	Hivatkozsok menszalag		246	\N	166.166667
243	Lbjegyzet, vgjegyzet	14	Hivatkozsok menszalag		247	\N	271.4
244	Bortk s cmke belltsai	15	Levelezs menszalag		248	\N	129.533333
245	Felolvass, megjegyzsek	16	Vlemnyezs menszalag		251	\N	360.466667
246	Megjelentsi lehetsgek	4	Vonalz, rcsvonalak, navigci		291	\N	144.3
247	Oldalszmok	23	Kezd oldalszm belltsa		281	\N	128.433333
249	Szvegrszek	9	Gyakran ismtld szvegek trolsa s hasznlata		317	\N	159.566667
250	lfej s llb belltsa	24	Kiegszt informcik elhelyezse az oldalon		282	\N	171.4
251	Helyi s lebeg menk	5	Leggyakoribb formzsi lehetsgek		292	\N	68.7
252	Fedlap ksztse	25	Vlaszts klnbz stlusok s sznek kzl		283	\N	115
253	Keress s csere	1	Keressi belltsok s paramterek		309	\N	314.1
254	Formtummsols	15	Azonos megjelens tbb helyen		302	\N	110.333333
255	Billentyparancsok	6	Bettpusok gyors belltsa		293	\N	94.2
256	Stlusok	26	Els lps a megfelel elrendezs fel		284	\N	283.333333
257	Stlusok	27	Meglv stlusok mdostsa		285	\N	160.066667
258	Nzetek	7	Olvasmd, nyomtatsi elrendezs		294	\N	76.4
259	Tmk	28	Hogyan ksztsnk egysges dokumentumot?		286	\N	150.866667
260	Helyesrsi s nyelvhelyessgi hibk	6	Ismtld hibk kijavtsa		314	\N	185.166667
261	Sablonok hasznlata	16	Egyni sablon mentse		303	\N	245.566667
262	Munka egyszerre tbb dokumentummal	0	Gyors vlts az ablakok kztt		287	\N	136.2
263	Nagyts	8	Automatikus, vagy manulis bellts		295	\N	125.333333
264	Billentyparancsok	1	Minden ltszik		288	\N	410.133333
265	Keress s csere	2	A tartalom cserje		310	\N	131.366667
266	Segdjelek	9	s azok jelentse		296	\N	112.633333
267	Billentyparancsok	2	Gyors navigls a dokumentumban		289	\N	337.266667
268	Megjegyzsek hozzadsa	0	Javaslat mdostsokra		304	\N	202.433333
269	Hasbok	12	Jobb tlthatsg elrse		320	\N	107.166667
270	Feloszts	10	Tbb dokumentum egy ablakban		297	\N	100.266667
271	Rendezs	10	Szmok s szveg rendezse		318	\N	70.2
272	Dokumentumvdelem	1	Szerkeszts korltozsa		305	\N	229.333333
273	Billentyparancsok	11	Szavak s mondatok kijellse		298	\N	318.766667
274	Keress s csere	3	Csere formzs alapjn		311	\N	448.2
275	Helyesrsi s nyelvhelyessgi hibk	7	Automatikus javts s belltsai		315	\N	154.366667
276	Vglap mveletek	12	Kivgs, Msols, Beilleszts		299	\N	304.4
277	Dokumentumvdelem	2	Vletlen mdostsok elkerlse a teljes dokumentumban		306	\N	151.4
278	Vglap mveletek	13	Beilleszts mdjai		300	\N	115.033333
279	Elvlaszts	4	Automatikus s kzi elvlaszts		312	\N	153.966667
280	Vzjelek	3	Hozzads s testreszabs		307	\N	163
281	Tartalomjegyzk hozzadsa	14	Ltrehozs s frissts		322	\N	78.566667
282	Szinonmk keresse	8	A beptett szinonmasztr hasznlata		316	\N	128.6
283	Helyesrsi s nyelvhelyessgi hibk	5	Javts s felvtel a sztrba		313	\N	174.666667
284	Bekezdsek elrendezse	11	Sor- oldal- s szakasztrs		319	\N	261.6
285	Cmsorszmozs	13	Cmek s alcmek meghatrozsa		321	\N	227.433333
286	Hosszabb szvegek formzsa	17	Elvlaszts s oldalszm belltsa		325	\N	86.2
287	Lbjegyzet, vgjegyzet	16	Kiegszt informcik az oldal aljn		324	\N	145.466667
288	Trgymutat ksztse	15	Magyarzat fzse kifejezsekhez		323	\N	238.1
289	Fejleszteszkzk ki- s bekapcsolsa	0	A Word rejtett funkcii		326	\N	131.4
290	Tartalomvezrlk hozzadsa	1	rlapok ksztse		327	\N	284.8
291	Kpek beszrsa	2	Elrendezs s mret belltsa		328	\N	234.033333
292	Alakzatok beszrsa	3	A jells s kiemels alternatv mdja		329	\N	294.4
293	Ikonok beszrsa	4	Pontos magyarzat szavak nlkl		330	\N	163.766667
294	Szveg formzsa	5	thzs, als s fels index		393	\N	145.933333
295	brk, matrick, krbevgott szemlyek beszrsa	5	Az ikonok men egyb lehetsgei		331	\N	237.766667
296	Krlevl ksztse	5	Adatok behelyettestse tblzatbl		356	\N	302.833333
297	Tblzatok	1	Cellk egyestse, felosztsa, trlse		345	\N	221.866667
298	Aktv ablak s 3D trhats modell beszrsa	6	Animlt szemlltetsi lehetsgek		332	\N	230.333333
299	Diagram beszrsa	7	Adatbrzols az Excel erejvel		333	\N	167.866667
300	Tblzatok	2	A tartalom elhelyezse s feloszts		346	\N	194.733333
301	Smartart-bra beszrsa	8	Pontos szemlltets dinamikus brkkal		334	\N	172.233333
302	A fjl men lehetsgei	7	Ments, megnyits, nyomtats		367	\N	75.066667
303	Krlevl ksztse	6	Excelben lv cmlista hasznlata		357	\N	229.266667
304	Kpek kezelse	9	Httr eltvoltsa s szveg krbefuttatsa		335	\N	295.5
305	Tblzatok	3	Szvegbl tblzat		347	\N	278.166667
306	Kpek kezelse	10	Kpeffektusok s korrekcik		336	\N	240.066667
307	Prezentci mretezse	14	Dik mretnek belltsa		374	\N	132.233333
308	Tblzatok	4	Szegly s mintzat belltsa		348	\N	277.3
309	A gyorselrsi eszkztr testreszabsa	17	Tetszleges funkcik hozzadsa		359	\N	77.833333
310	A prezentci mentse	8	Ments lehetsgei		368	\N	121.666667
311	Tblzatok	5	Stlus belltsa		349	\N	203.866667
312	Kezdkperny	0	Vlaszts a meglv tmk kzl		360	\N	106.866667
313	Tblzatok	6	Fggvnyek a Word-n bell		350	\N	331.333333
314	Tartalom beillesztse	22	Elnzet, belltsok		382	\N	265.033333
315	Alapvet kezelsi feladatok	1	j dia hozzadsa s alapvet szerkesztse		361	\N	231.833333
316	Egyszer nvjegy s cimke ksztse	0	Lapmret s margk ajnlott belltsai		351	\N	192.3
317	A prezentci videv konvertlsa	9	Animcik hozzadsa		369	\N	370.966667
318	Magnlevl ksztse	1	Bortkmretek s formzs belltsa		352	\N	232.866667
319	Alakzatok kezelse	11	Torzts, csompontok mdostsa		342	\N	176.033333
320	Szvegdoboz beszrsa	12	Szabadon mozgathat kiegszt szveg		337	\N	175.6
321	Wordart beszrsa	13	Szvegrszletek klnleges formzsa		338	\N	245.1
322	Szimblumok beszrsa	14	A Wingdings bettpus		339	\N	146.3
323	Kpletek beszrsa	15	Vlaszts meglvk kzl, vagy szabadkzi bevitel		340	\N	234.866667
324	Dtum beszrsa	16	Klnbz dtumformtumok		341	\N	89.1
325	A kperny rszei	2	Menszalagok, gyorselrsi eszkztr, sttuszsor		362	\N	115.733333
326	Inicil ksztse	17	Elhelyezse s belltsa		343	\N	140.066667
327	Szveg bevitele a dira	18	Szvegdobozok elhelyezse		378	\N	247.466667
328	nletrajz ksztse	2	Vlaszts a sablonok kzl		353	\N	145.533333
329	Tblzatok	0	A hozzads mdjai s Excel szmoltbla beszrsa		344	\N	294.033333
330	j dia hozzadsa	15	Vlaszts a tma elemei kzl		375	\N	104.433333
331	Tbb dokumentum egyidej kezelse	3	Vlts ablakok s prezentcik kztt		363	\N	81.266667
332	Ments diavettsknt	10	nmkden lejtszhat bemutat ltrehozsa		370	\N	126.6
333	Hivatalos levl ltrehozsa	3	Pldk s ellenrzs		354	\N	182.933333
334	A nagyts lehetsgei	4	Nagyts, kicsinyts, igazts		364	\N	189.033333
335	Szakdolgozat ltrehozsa	4	Ajnlott formzsi belltsok		355	\N	321.633333
336	Prezentci megnyitsa	11	Megnyits vdett nzetben		371	\N	95.766667
337	A prezentci tartalma	5	Beszrsi lehetsgek		365	\N	142.433333
338	A gyorselrsi eszkztr hasznlata	6	Visszavons, ismtls		366	\N	189.966667
339	Dik trlse	16	Trls billentyzet segtsgvel		376	\N	126.066667
340	j prezentci ksztse	12	Tma elemei s varicik kivlasztsa		372	\N	166.633333
341	Kattints s hzs	21	Tartalom thelyezse		381	\N	168.9
342	Prezentci megosztsa	13	A megoszts lehetsgei		373	\N	152.433333
343	Szvegrsz kijellse	19	Segt billentykombincik		379	\N	201.433333
344	Prezentci trendezse	17	Dik mozgatsa		377	\N	104.566667
345	Kattints s hzs	20	Szvegrsz s tartalom thelyezse		380	\N	119.933333
346	A gyorselrsi eszkztr testreszabsa	24	Tetszleges funkcik hozzadsa		384	\N	236.2
348	Formtummsols	0	Azonos megjelens tbb helyen		387	\N	130.166667
349	Szveg formzsa	1	Bettpus mdostsa		388	\N	294.166667
350	Szveg formzsa	2	A formzs trlse egy kattintssal		389	\N	64.366667
351	Szveg formzsa	3	A betmret mdostsa		391	\N	149.5
352	Szveg formzsa	4	Flkvr, dlt, alhzott szveg		392	\N	122.366667
353	Szveg formzsa	6	Betkz belltsa		394	\N	125.966667
354	WordArt ltrehozsa	0	Szvegek kreatv megjelenssel		401	\N	156.866667
355	Videk beszrsa	3	Videeffektusok belltsa		421	\N	297.9
356	WordArt alapvet formzsa	1	Krvonal s kitlts belltsa		402	\N	278.766667
357	WordArt effektusai	2	Tkrzds, ragyogs, forgats		403	\N	192.433333
358	Linkek beszrsa	6	Linkek tpusai		429	\N	264.933333
359	Vide vgsa	4	Automatikus indts belltsa		422	\N	278.5
360	WordArt betinek kitltse	3	Sznek, szntmenetek, kpek hasznlata a kitltshez		404	\N	261.366667
361	Tblzat ltrehozsa	4	Norml s excel szmoltbla ltrehozsa		405	\N	325.866667
506	Leggyakoribb hibazenetek	2	Hibaelemzs		177	\N	415.1
362	Tblzat szerkesztse	5	Mozgats, tmretezs, szeglyek		406	\N	227.7
363	Animcik testreszabsa	8	Effektus belltsa s az animcik sorrendjnek megvltoztatsa		450	\N	267.866667
364	Kpek beszrsa az internetrl	11	Kivgott szemlyek, matrick, brk		410	\N	154.1
365	Tblzat formzsa	6	Htterek, effektusok vlasztsa		407	\N	346.833333
366	Diaminta hasznlata	5	Egysges kinzet az egsz prezentci sorn		439	\N	161.266667
367	Alakzatok beszrsa	12	Elhelyezs, formtum belltsa		411	\N	216.3
368	Kpek beszrsa a szmtgprl	7	A beszrs klnbz mdjai		408	\N	200.1
369	Adatbrzols a PowerPointban	13	Tblzat s diagram beszrsa		412	\N	279
370	Grafikus elemek formzsa	14	rnyk s tkrzds belltsa		413	\N	287.766667
371	Szvegdoboz beszrsa	8	tmretezs, mozgats, elforgats		409	\N	285.966667
372	Egyni diasor meghatrozsa	10	Tartalom trendezse s kihagysa a prezentci sorn		431	\N	135.466667
373	Grafikus elemek formzsa	15	Trhats, trbeli forgats s mvszi effektusok		414	\N	238.333333
374	Grafikus elemek formzsa	16	Httr eltvoltsa, keretek s kpelrendezs		415	\N	281.3
375	Grafikus elemek formzsa	17	Krlvgs s krlvgs alakzattal		416	\N	206.966667
376	Kperny felvtele	0	Felvtel beszrsa a PowerPointba		418	\N	99.1
377	SmartArt brk s trhats modellek beszrsa	0	Klnleges szemlltetsi mdok		433	\N	204.266667
378	Dik fejlce s llba	0	Dihoz kapcsold kiegszt informcik elhelyezse		423	\N	245.433333
379	Tmk hasznlata	1	Vlaszts a beptett lehetsgek kzl		434	\N	269.533333
380	Dia tartalmnak utlagos trendezse	1	Vlaszts beptett elrendezsek kzl		424	\N	123.366667
381	Diavetts felvtele	11	Ments PowerPoint-diavettsknt		432	\N	132.366667
382	Dia mretnek belltsa	2	Vlaszts ll s fekv md kzl		425	\N	146.1
383	Dia egyni httere	2	Kitlts szntmenettel, kppel, mintzattal		435	\N	306.5
384	Videk lejtszsa	1	Eltns s elhalvnyuls belltsa		419	\N	247.833333
385	Dik kiegsztse jegyzetekkel	3	Jegyzetek megtekintse a prezentci sorn		426	\N	173.733333
386	Teljes prezentci egyni httere	3	Kitlts szntmenettel, kppel, mintzattal		436	\N	162.733333
387	Hangfjl beillesztse	2	Hanger belltsa s vgs		420	\N	277.433333
388	lfej s llb beszrsa	4	Dik sorszmozsa		427	\N	100.133333
389	Animcik idztse	9	Kiemels s eltns animcik		442	\N	346.966667
390	ttnsek beszrsa	6	Idtartam s hangeffekt belltsa		440	\N	278.633333
391	Dik elrejtse	5	jbli megjelentse		428	\N	146.966667
392	Automatikus mretezs	9	A funkci kikapcsolsa szksg esetn		448	\N	147.766667
393	 Csere a prezentciban	1	Egy s tbb szvegrszlet cserje		445	\N	97.833333
394	Animcik beszrsa	7	Megjelens animcik		441	\N	264.466667
395	ttnsek beszrsa	4	Vlaszts klnbz effektusok kzl		438	\N	267.5
396	Klnleges animcik	10	Szveg s trhats modellek animcija		443	\N	343.1
397	Megjegyzsek	3	Hozzads s trls		447	\N	151.1
398	Keress a prezentciban	0	Keressi lehetsgek		444	\N	120.333333
399	Helyesrs ellenrzs	2	Ellenrzs nyelvnek belltsa		446	\N	239.133333
400	Idzts belltsa	9	Automatikus vlts dik kztt		430	\N	222.866667
401	Szvegdoboz formzsa	10	Kitlts, szegly, effektusok		449	\N	285.966667
402	Fnykpalbum ltrehozsa	18	Tervezsi tletek		417	\N	169.833333
403	Akcigombok ltrehozsa	7	Akcibelltsok kattintsra s rmutatsra		456	\N	226.133333
404	Diavetts	8	Lehetsgeink prezentls kzben		457	\N	316.633333
405	Mire j az Excel?	3	ttekints		128	\N	254.9
406	Ments	4	Excel dokumentumok mentse klnbz mdon		47	\N	136.8
407	A kezdlap alapjai	5	ttekints		130	\N	231.5
408	Munka egyszerre tbb munkafzettel	6	Ablakok vltsa egyszeren		48	\N	123.533333
409	Megnyits	7	Excel dokumentumok megnyitsa klnbz mdon		131	\N	152.166667
410	Nyomtats	8	Nyomtatsi nzet belltsai		49	\N	380
411	Ments	9	Excel dokumentumok mentse klnbz mdon		132	\N	136.8
412	Munka egyszerre tbb munkafzettel	10	Ablakok vltsa egyszeren		133	\N	123.533333
413	Vglap	11	Msols, kivgs, beilleszts mdjai		50	\N	371.3
414	Nyomtats	12	Nyomtatsi nzet belltsai		134	\N	380
415	Kezdlap menszalag	13	Cellk formzsa		24	\N	261.166667
416	Kezdlap menszalag	14	Szmformtumok		23	\N	248.766667
417	Vglap	15	Msols, kivgs, beilleszts mdjai		135	\N	371.3
418	Sorok s oszlopok	16	Cellk adatainak szerkesztse brhol		136	\N	164.466667
419	Kezdlap menszalag	17	Stlusok, cellamveletek, rendezs		25	\N	168.566667
420	Generlt adatsorok	18	Adatbevitel, javts		137	\N	239.2
421	Sorok s oszlopok	19	Cellk adatainak szerkesztse brhol		26	\N	164.466667
422	Adatsor men hasznlata	20	Adatbevitel, javts		138	\N	225
423	Adatbevitel, javts	21	Generlt adatsorok		27	\N	239.2
424	Adatbevitel, javts	22	Adatsor men hasznlata		28	\N	225
425	Tovbbi mveletek sorokkal, oszlopokkal	23	Adatbevitel, javts		139	\N	284.633333
426	Igazts, cellaegyests	24	Adatbevitel, javts		140	\N	242.733333
427	Adatbevitel, javts	25	Tovbbi mveletek sorokkal, oszlopokkal		29	\N	284.633333
428	Adatbevitel, javts	26	Igazts, cellaegyests		30	\N	242.733333
429	Cellk tartalmnak forgatsa, szeglyek	27	Adatbevitel, javts		141	\N	104.233333
430	Adatbevitel, javts	28	Cellk tartalmnak forgatsa, szeglyek		31	\N	104.233333
431	Egyszer szmtsok	30	Matematikai alapmveletek		32	\N	345.833333
433	Egyszer szmtsok	32	Szmtsok a cellk rtkeivel		34	\N	290.066667
434	Egyszer szmtsok	33	Fix hivatkozs		35	\N	464.066667
435	Gyakorl feladatok	34	Szmols dtummal, idpontokkal		36	\N	317.466667
436	Gyakorl feladatok	35	Kamatszmts		37	\N	102.833333
437	Gyakorl feladatok	36	ves hozam kiszmtsa		58	\N	151.433333
438	Gyakorl feladatok	37	Egyedi kalkultor ksztse		59	\N	205.566667
439	Gyakorl feladatok	38	Kerlet, Terlet, Felszn, Trfogat		60	\N	166.5
440	Formtummsols	39	Cellk azonos megjelenssel		51	\N	138.6
441	Cellk formzsa	40	Bettpus, igazts belltsa		52	\N	260.233333
442	Feltteles formzs	41	Adatok megklnbztetse messzirl		53	\N	377.066667
443	Feltteles formzs	42	rtkklnbsgek pontos brzolsa		54	\N	511.133333
444	Cellk formzsa	43	Szmformtumok		55	\N	135.7
445	Sorok s oszlopok formzsa	44	Mretek, egyests		56	\N	283.066667
446	Sorok s oszlopok formzsa	45	Szeglyek s tovbbi nyomtatsi belltsok		57	\N	266.333333
447	Szmformtumok	46	Pontossg, kerekts		61	\N	250.866667
448	Szmformtumok	47	Klnleges szmformtumok		62	\N	268
449	Szmformtumok	48	Tudomnyos szmformtum		63	\N	147.933333
450	Szmformtumok	49	Egyni szmformtumok		64	\N	255
451	Tblatervez	50	Cellatartomny tblzatt alaktsa		65	\N	345.066667
452	Cellastlusok	51	Elre definilt s egyedi stlusok cellnknt		66	\N	188.066667
453	Legfontosabb fggvnyek	52	tlag, Min, Max		67	\N	225.033333
454	Legfontosabb fggvnyek	53	Mdusz.egy, Darab, Darab2		68	\N	229.033333
455	Legfontosabb fggvnyek	54	Darabres, Darabteli, Ma, Most		69	\N	382.666667
456	Fggvnyek rtkk alaktsa	55	Csere a szmtott rtkkel		70	\N	124.2
457	llapotsor	56	Cellk tartalmnak gyors ellenrzse		71	\N	115.033333
458	Hibaelemzs	57	Leggyakoribb hibazenetek		72	\N	415.1
459	Panelek rgztse	58	Knnyebb tjkozds sok adat esetn		73	\N	309.933333
460	Elrejts, felfeds	59	Tblzat adott rszeinek elrejtse		74	\N	120.633333
461	Nvkezel	60	Egyedi cella s tartomny nevek		75	\N	308.266667
462	Egyni sorrend	61	Tblzat adatainak tbbszint rendezse		76	\N	239.866667
463	Helyesrs ellenrzs	62	Munka tbb nyelven		77	\N	179.3
464	Keress s csere	63	Adatok gyors megtallsa s mdostsa		78	\N	227.766667
465	Matematikai alapmveletek	1	Egyszer szmtsok		142	\N	345.833333
466	Egyenletek bevitele	2	Egyszer szmtsok		143	\N	317.3
467	Szmtsok a cellk rtkeivel	3	Egyszer szmtsok		144	\N	290.066667
469	Szmols dtummal, idpontokkal	5	Gyakorl feladatok		231	\N	317.466667
470	Kamatszmts	6	Gyakorl feladatok		232	\N	102.833333
471	ves hozam kiszmtsa	7	Gyakorl feladatok		233	\N	151.433333
472	Egyedi kalkultor ksztse	8	Gyakorl feladatok		234	\N	205.566667
473	Kerlet, Terlet, Felszn, Trfogat 	9	Gyakorl feladatok		238	\N	166.5
474	Formtummsols	1	Cellk azonos megjelenssel		146	\N	138.6
475	Bettpus, igazts belltsa	2	Cellk formzsa		147	\N	260.233333
476	Szmformtumok	3	Cellk formzsa		148	\N	135.7
477	Pontossg, kerekts	4	Szmformtumok		149	\N	250.866667
478	Klnleges szmformtumok	5	Szmformtumok		150	\N	268
479	Tudomnyos szmformtum	6	Szmformtumok		151	\N	147.933333
480	Egyni szmformtumok	7	Szmformtumok		152	\N	255
481	Cellastlusok	8	Elre definilt s egyedi stlusok cellnknt		153	\N	188.066667
482	Szeglyek	9	Hozzads, formzs, belltsok		154	\N	254.566667
483	Adatok megklnbztetse messzirl	10	Feltteles formzs		155	\N	377.066667
484	Adatsvok, ikonkszletek, sznsklk	11	Feltteles formzs		156	\N	245.066667
485	rtkgrbk, kijells kplettel	12	Feltteles formzs		157	\N	256.966667
486	Mretek, egyests	13	Sorok s oszlopok formzsa		158	\N	283.066667
487	Szeglyek s tovbbi nyomtatsi belltsok	14	Sorok s oszlopok formzsa		159	\N	266.333333
488	Cellatartomny tblzatt alaktsa	15	Tblatervez		160	\N	345.066667
489	Sznek, kpek, mintzatok vlasztsa	16	Cellk s tblzat kitltse		161	\N	175
490	tlag s szls rtkek meghatrozsa	1	TLAG(), MIN(), MAX() fggvnyek		162	\N	225.033333
491	Gyakori rtkek s szmlls	2	MDUSZ.EGY(), DARAB(), DARAB2() fggvnyek		163	\N	229.033333
492	res s teli cellk meghatrozsa, jelenlegi dtum s idpont lekrse	3	DARABRES(), DARABTELI(), MA(), MOST() fggvnyek		164	\N	382.666667
493	Csere a szmtott rtkkel	4	Fggvnyek rtkk alaktsa		165	\N	124.2
494	Felttelhez kttt mveletek	5	HA() fggvny		166	\N	209.3
495	Tbb felttel rvnyestse egyszerre	6	S() fggvny 		167	\N	224.5
496	Tbb felttelhez kttt darab s tlagszmts	7	DARABHATBB() s TLAGHATBB() fggvnyek		168	\N	268
497	Szmtsok dtumokkal	8	Dtumfggvnyek		169	\N	222
498	Fggleges keress a tblzatban	9	FKERES() fggvny		170	\N	348
499	A kerekts klnbz mdjai	10	KEREKTS(), KEREK.FEL(), KEREK.LE(), PLAFON(), PADL() fggvnyek		171	\N	309
500	Szvegek sszefzse, sszehasonltsa	11	SSZEFZ(), AZONOS() szvegfggvnyek		172	\N	144.766667
501	Karakterek kiemelse szvegbl	12	BAL(), JOBB(), KZP() szvegfggvnyek		173	\N	235.233333
502	Egy felttelhez kttt sszegzs	13	SZUMHA() fggvny		201	\N	276
503	Tbb felttelhez kttt sszegzs	14	SZUMHATBB() fggvny		174	\N	206.733333
504	Egy felttel rvnyestse tbb kzl	15	VAGY() fggvny		175	\N	216.8
505	Cellk tartalmnak gyors ellenrzse	1	llapotsor		176	\N	115.033333
507	Knnyebb tjkozds sok adat esetn	3	Panelek rgztse		178	\N	309.933333
508	Tblzat adott rszeinek elrejtse	4	Elrejts, felfeds		179	\N	120.633333
509	Egyedi cella- s tartomnynevek	5	Nvkezel		180	\N	308.266667
510	Tblzat adatainak tbbszint rendezse	6	Egyni sorrend		181	\N	239.866667
511	Munka tbb nyelven	7	Helyesrs ellenrzs		182	\N	179.3
512	Adatok gyors megtallsa s mdostsa	8	Keress s csere		183	\N	227.766667
513	Tblzaton bell s kvl egyarnt	9	Hivatkozsok ltrehozsa		184	\N	263.266667
514	Lehetsges eredmnyek kiprblsa	10	Esetvizsgl		185	\N	317.733333
515	Ismert eredmnyhez tartoz bemeneti rtkek keresse	11	Clrtkkeress		186	\N	227.866667
516	Vletlen szerkeszts megakadlyozsa	1	Tblzatok vdelme, zrolsa		187	\N	320.6
517	Hozzads, trls, figyelmeztet zenetek	2	Megjegyzsek		188	\N	199.766667
518	Tblatervez hasznlata	1	Elklntett tblzatok		189	\N	200.1
519	Hozzads, mretezs, forgats, elrendezs	2	Kpek kezelse		190	\N	227.833333
520	Egyedi htterek, keretek, rnykok	3	Kpek kezelse		191	\N	266.466667
521	lek, klnleges effektek, trbeli forgats	4	Kpek kezelse		192	\N	219.633333
522	Kpkorrekci, krlvgs	5	Kpek kezelse		193	\N	119.1
523	Httr eltvoltsa, kitltsek, egyb opcik	6	Kpformtum men		194	\N	222.766667
524	Stlus, effektek	7	Alakzatok formzsa		195	\N	207.233333
525	Kitlts, rnyk, trbeli forgats	8	Alakzatok formzsa		196	\N	193.666667
526	Kreatv szvegek ltrehozsa	9	WordArt beszrsa		197	\N	310.066667
527	Szveg a tblzat fltt	10	Szvegdobozok		198	\N	87.5
528	A Wingdings bettpus	11	Szimblumok beszrsa		199	\N	167.4
529	Szabadkzi mveletek	12	Egyenletek beszrsa		200	\N	201.6
530	Oszlopok ltrehozsa szvegbl	1	Adateszkzk		202	\N	158.066667
531	Ismtldsek eltvoltsa	2	Adateszkzk		203	\N	208.966667
532	Adatrvnyests szmtartomny megadsval	3	Adateszkzk		204	\N	407.166667
533	Adatrvnyests szmok s lista segtsgvel	4	Adateszkzk		205	\N	294.933333
534	Hibazenet megjelentse adatrvnyests esetn	5	Adateszkzk		206	\N	233.133333
535	Figyelmeztets megjelentse adatrvnyests esetn	6	Adateszkzk		207	\N	103.033333
536	Adattbla hasznlata	7	Lehetsgelemzs		208	\N	148.1
537	Webes tblzat beszrsa, a Power Query-szerkeszt hasznlata	8	Adatimportls		209	\N	206.066667
538	Tblzat ltrehozsa .txt fjlbl	9	Adatimportls		210	\N	160.966667
539	Szrs bonyolultabb szrfelttelekkel	10	Irnytott szrs		211	\N	260.2
540	Sorok gyors szrse	11	Szrs		212	\N	241.466667
541	Gyakorls, pldk	12	Szrs		213	\N	393.8
542	Adatok csoportostsa ltvnyosan	13	Rszsszeg szmts		214	\N	309.766667
543	Csoportosts sorok s oszlopok szerint	14	Tagols		215	\N	163.833333
544	Ltrehozs, alapvet formzs	15	Kimutats tblzat		216	\N	219.566667
545	rtkmez belltsok	16	Kimutats tblzat		217	\N	185.966667
546	Kimutatsok vltoztatsa idsorral, szeletelvel	17	Kimutats tblzat		218	\N	268.766667
547	Alapvet formzsi lehetsgek	1	Krdiagram s annak formzsa		235	\N	248.3
548	Diagram sszetevinek belltsa	2	Krdiagram s annak formzsa		219	\N	235.066667
549	Egyedi htterek vlasztsa	3	Krdiagram s annak formzsa		220	\N	181.9
550	Leggyakoribb hiba ltrehozs esetn	4	Hibaelhrts		221	\N	182.2
551	Vonal, terlet, halmozott terlet diagramok	5	Diagramok		222	\N	230.066667
552	Oszlop s bubork diagramok	6	Diagramok		223	\N	125.7
554	Csoportostott oszlopdiagram	8	Diagramok		225	\N	165.2
555	Tovbbi belltsok	9	Diagramok		226	\N	357.7
556	Funkcik vgtelen trhza programozs nlkl	1	Bevezets a makrkba		227	\N	321
557	Programozs az Excelben	2	Bevezets a VBA fellet hasznlatba		236	\N	187.7
558	Bvtmny teleptse	3	Solver bvtmny		237	\N	171.933333
559	Automatikus szmts tbb felttel figyelembevtelvel	4	Solver bvtmny		228	\N	365.5
560	Gombok, csszkk	5	Bevezets a vezrlkbe		229	\N	250.533333
561	Legrdl men, jellngyzet	6	Bevezets a vezrlkbe		230	\N	155.2
562	Megnyits	2	Excel dokumentumok megnyitsa klnbz mdon		46	\N	152.166667
563	Kezdkperny	26	Vlaszts a meglv tmk kzl		360	\N	106.866667
564	Formtummsols	1	Azonos megjelens tbb helyen		387	\N	130.166667
565	Szveg formzsa	2	Bettpus mdostsa		388	\N	294.166667
566	Szveg formzsa	3	A formzs trlse egy kattintssal		389	\N	64.366667
567	Szveg formzsa	4	A betmret mdostsa		391	\N	149.5
568	Szveg formzsa	5	Flkvr, dlt, alhzott szveg		392	\N	122.366667
569	Szveg formzsa	6	thzs, als s fels index		393	\N	145.933333
570	Szveg formzsa	7	Betkz belltsa		394	\N	125.966667
571	Szveg formzsa	8	Kisbet, nagybet, kiskapitlis		395	\N	168.7
572	Szveg formzsa	9	Betszn belltsa		396	\N	218.666667
573	Szveg formzsa	10	Bettpus panel		397	\N	115.3
574	Szveg formzsa	11	Bekezdsek igaztsa		398	\N	129.833333
575	A vonalz hasznlata	12	Behzsok, sorkz, trkz		399	\N	271.3
576	A szveg megjelentsi mdjai	13	Igazts, forgats, listk		400	\N	225.7
577	WordArt ltrehozsa	1	Szvegek kreatv megjelenssel		401	\N	156.866667
578	WordArt alapvet formzsa	2	Krvonal s kitlts belltsa		402	\N	278.766667
579	WordArt effektusai	3	Tkrzds, ragyogs, forgats		403	\N	192.433333
580	WordArt betinek kitltse	4	Sznek, szntmenetek, kpek hasznlata a kitltshez		404	\N	261.366667
581	Tblzat ltrehozsa	5	Norml s excel szmoltbla ltrehozsa		405	\N	325.866667
582	Tblzat szerkesztse	6	Mozgats, tmretezs, szeglyek		406	\N	227.7
583	Tblzat formzsa	7	Htterek, effektusok vlasztsa		407	\N	346.833333
584	Kpek beszrsa a szmtgprl	8	A beszrs klnbz mdjai		408	\N	200.1
585	Szvegdoboz beszrsa	9	tmretezs, mozgats, elforgats		409	\N	285.966667
586	Automatikus mretezs	10	A funkci kikapcsolsa szksg esetn		448	\N	147.766667
587	Szvegdoboz formzsa	11	Kitlts, szegly, effektusok		449	\N	285.966667
588	Kpek beszrsa az internetrl	12	Kivgott szemlyek, matrick, brk		410	\N	154.1
589	Alakzatok beszrsa	13	Elhelyezs, formtum belltsa		411	\N	216.3
590	Adatbrzols a PowerPointban	14	Tblzat s diagram beszrsa		412	\N	279
591	Grafikus elemek formzsa	15	rnyk s tkrzds belltsa		413	\N	287.766667
592	Grafikus elemek formzsa	16	Trhats, trbeli forgats s mvszi effektusok		414	\N	238.333333
593	Grafikus elemek formzsa	17	Httr eltvoltsa, keretek s kpelrendezs		415	\N	281.3
594	Grafikus elemek formzsa	18	Krlvgs s krlvgs alakzattal		416	\N	206.966667
595	Fnykpalbum ltrehozsa	19	Tervezsi tletek		417	\N	169.833333
596	Kperny felvtele	1	Felvtel beszrsa a PowerPointba		418	\N	99.1
597	Videk lejtszsa	2	Eltns s elhalvnyuls belltsa		419	\N	247.833333
598	Hangfjl beillesztse	3	Hanger belltsa s vgs		420	\N	277.433333
599	Videk beszrsa	4	Videeffektusok belltsa		421	\N	297.9
600	Vide vgsa	5	Automatikus indts belltsa		422	\N	278.5
601	Dik fejlce s llba	1	Dihoz kapcsold kiegszt informcik elhelyezse		423	\N	245.433333
602	Dia tartalmnak utlagos trendezse	2	Vlaszts beptett elrendezsek kzl		424	\N	123.366667
603	Dia mretnek belltsa	3	Vlaszts ll s fekv md kzl		425	\N	146.1
604	Dik kiegsztse jegyzetekkel	4	Jegyzetek megtekintse a prezentci sorn		426	\N	173.733333
605	lfej s llb beszrsa	5	Dik sorszmozsa		427	\N	100.133333
606	Dik elrejtse	6	jbli megjelentse		428	\N	146.966667
607	Linkek beszrsa	7	Linkek tpusai		429	\N	264.933333
608	Akcigombok ltrehozsa	8	Akcibelltsok kattintsra s rmutatsra		456	\N	226.133333
609	Diavetts	9	Lehetsgeink prezentls kzben		457	\N	316.633333
610	Idzts belltsa	10	Automatikus vlts dik kztt		430	\N	222.866667
611	Egyni diasor meghatrozsa	11	Tartalom trendezse s kihagysa a prezentci sorn		431	\N	135.466667
612	Diavetts felvtele	12	Ments PowerPoint-diavettsknt		432	\N	132.366667
613	SmartArt brk s trhats modellek beszrsa	1	Klnleges szemlltetsi mdok		433	\N	204.266667
614	Tmk hasznlata	2	Vlaszts a beptett lehetsgek kzl		434	\N	269.533333
615	Dia egyni httere	3	Kitlts szntmenettel, kppel, mintzattal		435	\N	306.5
616	Teljes prezentci egyni httere	4	Kitlts szntmenettel, kppel, mintzattal		436	\N	162.733333
617	ttnsek beszrsa	5	Vlaszts klnbz effektusok kzl		438	\N	267.5
618	Diaminta hasznlata	6	Egysges kinzet az egsz prezentci sorn		439	\N	161.266667
619	ttnsek beszrsa	7	Idtartam s hangeffekt belltsa		440	\N	278.633333
620	Animcik beszrsa	8	Megjelens animcik		441	\N	264.466667
621	Animcik testreszabsa	9	Effektus belltsa s az animcik sorrendjnek megvltoztatsa		450	\N	267.866667
622	Animcik idztse	10	Kiemels s eltns animcik		442	\N	346.966667
623	Klnleges animcik	11	Szveg s trhats modellek animcija		443	\N	343.1
624	Keress a prezentciban	2	Keressi lehetsgek		444	\N	120.333333
625	 Csere a prezentciban	3	Egy s tbb szvegrszlet cserje		445	\N	97.833333
626	Helyesrs ellenrzs	4	Ellenrzs nyelvnek belltsa		446	\N	239.133333
627	Megjegyzsek	5	Hozzads s trls		447	\N	151.1
628	Alapvet kezelsi feladatok	25	j dia hozzadsa s alapvet szerkesztse		361	\N	231.833333
629	A kperny rszei	2	Menszalagok, gyorselrsi eszkztr, sttuszsor		362	\N	115.733333
630	Tbb dokumentum egyidej kezelse	1	Vlts ablakok s prezentcik kztt		363	\N	81.266667
631	A nagyts lehetsgei	2	Nagyts, kicsinyts, igazts		364	\N	189.033333
632	A prezentci tartalma	3	Beszrsi lehetsgek		365	\N	142.433333
633	A gyorselrsi eszkztr hasznlata	4	Visszavons, ismtls		366	\N	189.966667
634	A fjl men lehetsgei	5	Ments, megnyits, nyomtats		367	\N	75.066667
635	A prezentci mentse	6	Ments lehetsgei		368	\N	121.666667
636	A prezentci videv konvertlsa	7	Animcik hozzadsa		369	\N	370.966667
637	Ments diavettsknt	8	nmkden lejtszhat bemutat ltrehozsa		370	\N	126.6
638	Prezentci megnyitsa	9	Megnyits vdett nzetben		371	\N	95.766667
639	j prezentci ksztse	10	Tma elemei s varicik kivlasztsa		372	\N	166.633333
640	Prezentci megosztsa	11	A megoszts lehetsgei		373	\N	152.433333
641	Prezentci mretezse	12	Dik mretnek belltsa		374	\N	132.233333
642	j dia hozzadsa	13	Vlaszts a tma elemei kzl		375	\N	104.433333
643	Dik trlse	14	Trls billentyzet segtsgvel		376	\N	126.066667
644	Prezentci trendezse	15	Dik mozgatsa		377	\N	104.566667
645	Szveg bevitele a dira	16	Szvegdobozok elhelyezse		378	\N	247.466667
646	Szvegrsz kijellse	17	Segt billentykombincik		379	\N	201.433333
647	Kattints s hzs	18	Szvegrsz s tartalom thelyezse		380	\N	119.933333
648	Kattints s hzs	19	Tartalom thelyezse		381	\N	168.9
649	Tartalom beillesztse	20	Elnzet, belltsok		382	\N	265.033333
650	Vgknyv	21	Mdostsok trtnete		383	\N	175.3
651	A gyorselrsi eszkztr testreszabsa	22	Tetszleges funkcik hozzadsa		384	\N	236.2
652	Kezdkperny	24	Vlaszts a meglv tmk kzl		360	\N	106.866667
653	Formtummsols	1	Azonos megjelens tbb helyen		387	\N	130.166667
654	Szveg formzsa	1	Bettpus mdostsa		388	\N	294.166667
655	Szveg formzsa	2	A formzs trlse egy kattintssal		389	\N	64.366667
656	Szveg formzsa	3	A betmret mdostsa		391	\N	149.5
657	Szveg formzsa	4	Flkvr, dlt, alhzott szveg		392	\N	122.366667
658	Szveg formzsa	5	thzs, als s fels index		393	\N	145.933333
659	Szveg formzsa	6	Betkz belltsa		394	\N	125.966667
660	Szveg formzsa	7	Kisbet, nagybet, kiskapitlis		395	\N	168.7
661	Szveg formzsa	8	Betszn belltsa		396	\N	218.666667
662	Szveg formzsa	9	Bettpus panel		397	\N	115.3
663	Szveg formzsa	10	Bekezdsek igaztsa		398	\N	129.833333
664	A vonalz hasznlata	11	Behzsok, sorkz, trkz		399	\N	271.3
665	A szveg megjelentsi mdjai	12	Igazts, forgats, listk		400	\N	225.7
666	WordArt ltrehozsa	1	Szvegek kreatv megjelenssel		401	\N	156.866667
667	WordArt alapvet formzsa	1	Krvonal s kitlts belltsa		402	\N	278.766667
668	WordArt effektusai	2	Tkrzds, ragyogs, forgats		403	\N	192.433333
669	WordArt betinek kitltse	3	Sznek, szntmenetek, kpek hasznlata a kitltshez		404	\N	261.366667
670	Tblzat ltrehozsa	4	Norml s excel szmoltbla ltrehozsa		405	\N	325.866667
671	Tblzat szerkesztse	5	Mozgats, tmretezs, szeglyek		406	\N	227.7
672	Tblzat formzsa	6	Htterek, effektusok vlasztsa		407	\N	346.833333
673	Kpek beszrsa a szmtgprl	7	A beszrs klnbz mdjai		408	\N	200.1
674	Szvegdoboz beszrsa	8	tmretezs, mozgats, elforgats		409	\N	285.966667
675	Automatikus mretezs	9	A funkci kikapcsolsa szksg esetn		448	\N	147.766667
676	Szvegdoboz formzsa	10	Kitlts, szegly, effektusok		449	\N	285.966667
677	Kpek beszrsa az internetrl	11	Kivgott szemlyek, matrick, brk		410	\N	154.1
678	Alakzatok beszrsa	12	Elhelyezs, formtum belltsa		411	\N	216.3
679	Adatbrzols a PowerPointban	13	Tblzat s diagram beszrsa		412	\N	279
680	Grafikus elemek formzsa	14	rnyk s tkrzds belltsa		413	\N	287.766667
681	Grafikus elemek formzsa	15	Trhats, trbeli forgats s mvszi effektusok		414	\N	238.333333
682	Grafikus elemek formzsa	16	Httr eltvoltsa, keretek s kpelrendezs		415	\N	281.3
683	Grafikus elemek formzsa	17	Krlvgs s krlvgs alakzattal		416	\N	206.966667
684	Fnykpalbum ltrehozsa	18	Tervezsi tletek		417	\N	169.833333
685	Kperny felvtele	1	Felvtel beszrsa a PowerPointba		418	\N	99.1
686	Videk lejtszsa	1	Eltns s elhalvnyuls belltsa		419	\N	247.833333
687	Hangfjl beillesztse	2	Hanger belltsa s vgs		420	\N	277.433333
688	Videk beszrsa	3	Videeffektusok belltsa		421	\N	297.9
689	Vide vgsa	4	Automatikus indts belltsa		422	\N	278.5
690	Dik fejlce s llba	1	Dihoz kapcsold kiegszt informcik elhelyezse		423	\N	245.433333
691	Dia tartalmnak utlagos trendezse	1	Vlaszts beptett elrendezsek kzl		424	\N	123.366667
692	Dia mretnek belltsa	2	Vlaszts ll s fekv md kzl		425	\N	146.1
693	Dik kiegsztse jegyzetekkel	3	Jegyzetek megtekintse a prezentci sorn		426	\N	173.733333
694	lfej s llb beszrsa	4	Dik sorszmozsa		427	\N	100.133333
695	Dik elrejtse	5	jbli megjelentse		428	\N	146.966667
696	Linkek beszrsa	6	Linkek tpusai		429	\N	264.933333
697	Akcigombok ltrehozsa	7	Akcibelltsok kattintsra s rmutatsra		456	\N	226.133333
698	Diavetts	8	Lehetsgeink prezentls kzben		457	\N	316.633333
699	Idzts belltsa	9	Automatikus vlts dik kztt		430	\N	222.866667
700	Egyni diasor meghatrozsa	10	Tartalom trendezse s kihagysa a prezentci sorn		431	\N	135.466667
701	Diavetts felvtele	11	Ments PowerPoint-diavettsknt		432	\N	132.366667
702	SmartArt brk s trhats modellek beszrsa	1	Klnleges szemlltetsi mdok		433	\N	204.266667
703	Tmk hasznlata	1	Vlaszts a beptett lehetsgek kzl		434	\N	269.533333
704	Dia egyni httere	2	Kitlts szntmenettel, kppel, mintzattal		435	\N	306.5
705	Teljes prezentci egyni httere	3	Kitlts szntmenettel, kppel, mintzattal		436	\N	162.733333
706	ttnsek beszrsa	4	Vlaszts klnbz effektusok kzl		438	\N	267.5
707	Diaminta hasznlata	5	Egysges kinzet az egsz prezentci sorn		439	\N	161.266667
708	ttnsek beszrsa	6	Idtartam s hangeffekt belltsa		440	\N	278.633333
709	Animcik beszrsa	7	Megjelens animcik		441	\N	264.466667
710	Animcik testreszabsa	8	Effektus belltsa s az animcik sorrendjnek megvltoztatsa		450	\N	267.866667
711	Animcik idztse	9	Kiemels s eltns animcik		442	\N	346.966667
712	Klnleges animcik	10	Szveg s trhats modellek animcija		443	\N	343.1
713	Megjegyzsek	5	Hozzads s trls		447	\N	151.1
714	A kperny rszei	2	Menszalagok, gyorselrsi eszkztr, sttuszsor		362	\N	115.733333
715	Szveg formzsa	1	Bettpus mdostsa		388	\N	294.166667
716	WordArt ltrehozsa	1	Szvegek kreatv megjelenssel		401	\N	156.866667
717	Videk lejtszsa	1	Eltns s elhalvnyuls belltsa		419	\N	247.833333
718	Dik fejlce s llba	1	Dihoz kapcsold kiegszt informcik elhelyezse		423	\N	245.433333
719	Tmk hasznlata	1	Vlaszts a beptett lehetsgek kzl		434	\N	269.533333
720	Keress a prezentciban	1	Keressi lehetsgek		444	\N	120.333333
721	 Csere a prezentciban	2	Egy s tbb szvegrszlet cserje		445	\N	97.833333
722	Helyesrs ellenrzs	3	Ellenrzs nyelvnek belltsa		446	\N	239.133333
723	Megjegyzsek	4	Hozzads s trls		447	\N	151.1
724	A nagyts lehetsgei	0	Nagyts, kicsinyts, igazts		364	\N	189.033333
725	Formtummsols	0	Azonos megjelens tbb helyen		387	\N	130.166667
726	WordArt alapvet formzsa	0	Krvonal s kitlts belltsa		402	\N	278.766667
727	Videk lejtszsa	0	Eltns s elhalvnyuls belltsa		419	\N	247.833333
728	Dia tartalmnak utlagos trendezse	0	Vlaszts beptett elrendezsek kzl		424	\N	123.366667
729	SmartArt brk s trhats modellek beszrsa	0	Klnleges szemlltetsi mdok		433	\N	204.266667
730	Megjegyzsek	0	Hozzads s trls		447	\N	151.1
731	Keress a prezentciban	2	Keressi lehetsgek		444	\N	120.333333
732	 Csere a prezentciban	3	Egy s tbb szvegrszlet cserje		445	\N	97.833333
733	Helyesrs ellenrzs	4	Ellenrzs nyelvnek belltsa		446	\N	239.133333
734	Gyorselrsi eszkztr	62	ttekints		129	\N	248.533333
735	Megnyits	0	Excel dokumentumok megnyitsa klnbz mdon		46	\N	152.166667
737	Ments	2	Excel dokumentumok mentse klnbz mdon		47	\N	136.8
738	A kezdlap alapjai	3	ttekints		130	\N	231.5
739	Munka egyszerre tbb munkafzettel	4	Ablakok vltsa egyszeren		48	\N	123.533333
740	Megnyits	5	Excel dokumentumok megnyitsa klnbz mdon		131	\N	152.166667
741	Nyomtats	6	Nyomtatsi nzet belltsai		49	\N	380
742	Ments	7	Excel dokumentumok mentse klnbz mdon		132	\N	136.8
743	Munka egyszerre tbb munkafzettel	8	Ablakok vltsa egyszeren		133	\N	123.533333
744	Vglap	9	Msols, kivgs, beilleszts mdjai		50	\N	371.3
745	Nyomtats	10	Nyomtatsi nzet belltsai		134	\N	380
746	Kezdlap menszalag	11	Cellk formzsa		24	\N	261.166667
747	Kezdlap menszalag	12	Szmformtumok		23	\N	248.766667
748	Vglap	13	Msols, kivgs, beilleszts mdjai		135	\N	371.3
749	Sorok s oszlopok	14	Cellk adatainak szerkesztse brhol		136	\N	164.466667
750	Kezdlap menszalag	15	Stlusok, cellamveletek, rendezs		25	\N	168.566667
751	Generlt adatsorok	16	Adatbevitel, javts		137	\N	239.2
752	Sorok s oszlopok	17	Cellk adatainak szerkesztse brhol		26	\N	164.466667
753	Adatsor men hasznlata	18	Adatbevitel, javts		138	\N	225
754	Adatbevitel, javts	19	Generlt adatsorok		27	\N	239.2
755	Adatbevitel, javts	20	Adatsor men hasznlata		28	\N	225
756	Tovbbi mveletek sorokkal, oszlopokkal	21	Adatbevitel, javts		139	\N	284.633333
757	Igazts, cellaegyests	22	Adatbevitel, javts		140	\N	242.733333
758	Adatbevitel, javts	23	Tovbbi mveletek sorokkal, oszlopokkal		29	\N	284.633333
759	Adatbevitel, javts	24	Igazts, cellaegyests		30	\N	242.733333
760	Cellk tartalmnak forgatsa, szeglyek	25	Adatbevitel, javts		141	\N	104.233333
761	Adatbevitel, javts	26	Cellk tartalmnak forgatsa, szeglyek		31	\N	104.233333
762	Egyszer szmtsok	28	Matematikai alapmveletek		32	\N	345.833333
763	Egyszer szmtsok	29	Egyenletek bevitele		33	\N	317.3
764	Egyszer szmtsok	30	Szmtsok a cellk rtkeivel		34	\N	290.066667
765	Egyszer szmtsok	31	Fix hivatkozs		35	\N	464.066667
766	Gyakorl feladatok	32	Szmols dtummal, idpontokkal		36	\N	317.466667
767	Gyakorl feladatok	33	Kamatszmts		37	\N	102.833333
768	Gyakorl feladatok	34	ves hozam kiszmtsa		58	\N	151.433333
769	Gyakorl feladatok	35	Egyedi kalkultor ksztse		59	\N	205.566667
770	Gyakorl feladatok	36	Kerlet, Terlet, Felszn, Trfogat		60	\N	166.5
771	Formtummsols	37	Cellk azonos megjelenssel		51	\N	138.6
772	Cellk formzsa	38	Bettpus, igazts belltsa		52	\N	260.233333
773	Feltteles formzs	39	Adatok megklnbztetse messzirl		53	\N	377.066667
774	Feltteles formzs	40	rtkklnbsgek pontos brzolsa		54	\N	511.133333
775	Cellk formzsa	41	Szmformtumok		55	\N	135.7
776	Sorok s oszlopok formzsa	42	Mretek, egyests		56	\N	283.066667
777	Sorok s oszlopok formzsa	43	Szeglyek s tovbbi nyomtatsi belltsok		57	\N	266.333333
778	Szmformtumok	44	Pontossg, kerekts		61	\N	250.866667
779	Szmformtumok	45	Klnleges szmformtumok		62	\N	268
780	Szmformtumok	46	Tudomnyos szmformtum		63	\N	147.933333
781	Szmformtumok	47	Egyni szmformtumok		64	\N	255
782	Tblatervez	48	Cellatartomny tblzatt alaktsa		65	\N	345.066667
783	Cellastlusok	49	Elre definilt s egyedi stlusok cellnknt		66	\N	188.066667
784	Legfontosabb fggvnyek	50	tlag, Min, Max		67	\N	225.033333
785	Legfontosabb fggvnyek	51	Mdusz.egy, Darab, Darab2		68	\N	229.033333
786	Legfontosabb fggvnyek	52	Darabres, Darabteli, Ma, Most		69	\N	382.666667
787	Fggvnyek rtkk alaktsa	53	Csere a szmtott rtkkel		70	\N	124.2
788	llapotsor	54	Cellk tartalmnak gyors ellenrzse		71	\N	115.033333
789	Hibaelemzs	55	Leggyakoribb hibazenetek		72	\N	415.1
790	Panelek rgztse	56	Knnyebb tjkozds sok adat esetn		73	\N	309.933333
791	Elrejts, felfeds	57	Tblzat adott rszeinek elrejtse		74	\N	120.633333
792	Nvkezel	58	Egyedi cella s tartomny nevek		75	\N	308.266667
793	Egyni sorrend	59	Tblzat adatainak tbbszint rendezse		76	\N	239.866667
794	Helyesrs ellenrzs	60	Munka tbb nyelven		77	\N	179.3
795	Keress s csere	61	Adatok gyors megtallsa s mdostsa		78	\N	227.766667
796	Matematikai alapmveletek	0	Egyszer szmtsok		142	\N	345.833333
797	Egyenletek bevitele	1	Egyszer szmtsok		143	\N	317.3
798	Szmtsok a cellk rtkeivel	2	Egyszer szmtsok		144	\N	290.066667
799	Fix hivatkozs	3	Egyszer szmtsok		145	\N	225.033333
800	Szmols dtummal, idpontokkal	4	Gyakorl feladatok		231	\N	317.466667
801	Kamatszmts	5	Gyakorl feladatok		232	\N	102.833333
802	ves hozam kiszmtsa	6	Gyakorl feladatok		233	\N	151.433333
803	Egyedi kalkultor ksztse	7	Gyakorl feladatok		234	\N	205.566667
804	Kerlet, Terlet, Felszn, Trfogat 	8	Gyakorl feladatok		238	\N	166.5
805	Formtummsols	0	Cellk azonos megjelenssel		146	\N	138.6
806	Bettpus, igazts belltsa	1	Cellk formzsa		147	\N	260.233333
807	Szmformtumok	2	Cellk formzsa		148	\N	135.7
808	Pontossg, kerekts	3	Szmformtumok		149	\N	250.866667
809	Klnleges szmformtumok	4	Szmformtumok		150	\N	268
810	Tudomnyos szmformtum	5	Szmformtumok		151	\N	147.933333
811	Egyni szmformtumok	6	Szmformtumok		152	\N	255
812	Cellastlusok	7	Elre definilt s egyedi stlusok cellnknt		153	\N	188.066667
813	Szeglyek	8	Hozzads, formzs, belltsok		154	\N	254.566667
814	Adatok megklnbztetse messzirl	9	Feltteles formzs		155	\N	377.066667
815	Adatsvok, ikonkszletek, sznsklk	10	Feltteles formzs		156	\N	245.066667
816	rtkgrbk, kijells kplettel	11	Feltteles formzs		157	\N	256.966667
817	Mretek, egyests	12	Sorok s oszlopok formzsa		158	\N	283.066667
818	Szeglyek s tovbbi nyomtatsi belltsok	13	Sorok s oszlopok formzsa		159	\N	266.333333
819	Cellatartomny tblzatt alaktsa	14	Tblatervez		160	\N	345.066667
820	Sznek, kpek, mintzatok vlasztsa	15	Cellk s tblzat kitltse		161	\N	175
821	tlag s szls rtkek meghatrozsa	0	TLAG(), MIN(), MAX() fggvnyek		162	\N	225.033333
822	Gyakori rtkek s szmlls	1	MDUSZ.EGY(), DARAB(), DARAB2() fggvnyek		163	\N	229.033333
823	res s teli cellk meghatrozsa, jelenlegi dtum s idpont lekrse	2	DARABRES(), DARABTELI(), MA(), MOST() fggvnyek		164	\N	382.666667
824	Csere a szmtott rtkkel	3	Fggvnyek rtkk alaktsa		165	\N	124.2
825	Felttelhez kttt mveletek	4	HA() fggvny		166	\N	209.3
826	Tbb felttel rvnyestse egyszerre	5	S() fggvny 		167	\N	224.5
827	Tbb felttelhez kttt darab s tlagszmts	6	DARABHATBB() s TLAGHATBB() fggvnyek		168	\N	268
828	Szmtsok dtumokkal	7	Dtumfggvnyek		169	\N	222
829	Fggleges keress a tblzatban	8	FKERES() fggvny		170	\N	348
830	A kerekts klnbz mdjai	9	KEREKTS(), KEREK.FEL(), KEREK.LE(), PLAFON(), PADL() fggvnyek		171	\N	309
831	Szvegek sszefzse, sszehasonltsa	10	SSZEFZ(), AZONOS() szvegfggvnyek		172	\N	144.766667
832	Karakterek kiemelse szvegbl	11	BAL(), JOBB(), KZP() szvegfggvnyek		173	\N	235.233333
833	Egy felttelhez kttt sszegzs	12	SZUMHA() fggvny		201	\N	276
834	Tbb felttelhez kttt sszegzs	13	SZUMHATBB() fggvny		174	\N	206.733333
835	Egy felttel rvnyestse tbb kzl	14	VAGY() fggvny		175	\N	216.8
836	Cellk tartalmnak gyors ellenrzse	0	llapotsor		176	\N	115.033333
837	Leggyakoribb hibazenetek	1	Hibaelemzs		177	\N	415.1
838	Knnyebb tjkozds sok adat esetn	2	Panelek rgztse		178	\N	309.933333
839	Tblzat adott rszeinek elrejtse	3	Elrejts, felfeds		179	\N	120.633333
840	Egyedi cella- s tartomnynevek	4	Nvkezel		180	\N	308.266667
841	Tblzat adatainak tbbszint rendezse	5	Egyni sorrend		181	\N	239.866667
842	Munka tbb nyelven	6	Helyesrs ellenrzs		182	\N	179.3
843	Adatok gyors megtallsa s mdostsa	7	Keress s csere		183	\N	227.766667
844	Tblzaton bell s kvl egyarnt	8	Hivatkozsok ltrehozsa		184	\N	263.266667
845	Lehetsges eredmnyek kiprblsa	9	Esetvizsgl		185	\N	317.733333
846	Ismert eredmnyhez tartoz bemeneti rtkek keresse	10	Clrtkkeress		186	\N	227.866667
847	Vletlen szerkeszts megakadlyozsa	0	Tblzatok vdelme, zrolsa		187	\N	320.6
848	Hozzads, trls, figyelmeztet zenetek	1	Megjegyzsek		188	\N	199.766667
849	Tblatervez hasznlata	0	Elklntett tblzatok		189	\N	200.1
850	Hozzads, mretezs, forgats, elrendezs	1	Kpek kezelse		190	\N	227.833333
851	Egyedi htterek, keretek, rnykok	2	Kpek kezelse		191	\N	266.466667
852	lek, klnleges effektek, trbeli forgats	3	Kpek kezelse		192	\N	219.633333
853	Kpkorrekci, krlvgs	4	Kpek kezelse		193	\N	119.1
854	Httr eltvoltsa, kitltsek, egyb opcik	5	Kpformtum men		194	\N	222.766667
855	Stlus, effektek	6	Alakzatok formzsa		195	\N	207.233333
856	Kitlts, rnyk, trbeli forgats	7	Alakzatok formzsa		196	\N	193.666667
857	Kreatv szvegek ltrehozsa	8	WordArt beszrsa		197	\N	310.066667
858	Szveg a tblzat fltt	9	Szvegdobozok		198	\N	87.5
859	A Wingdings bettpus	10	Szimblumok beszrsa		199	\N	167.4
860	Szabadkzi mveletek	11	Egyenletek beszrsa		200	\N	201.6
861	Oszlopok ltrehozsa szvegbl	0	Adateszkzk		202	\N	158.066667
862	Ismtldsek eltvoltsa	1	Adateszkzk		203	\N	208.966667
863	Adatrvnyests szmtartomny megadsval	2	Adateszkzk		204	\N	407.166667
864	Adatrvnyests szmok s lista segtsgvel	3	Adateszkzk		205	\N	294.933333
865	Hibazenet megjelentse adatrvnyests esetn	4	Adateszkzk		206	\N	233.133333
866	Figyelmeztets megjelentse adatrvnyests esetn	5	Adateszkzk		207	\N	103.033333
867	Adattbla hasznlata	6	Lehetsgelemzs		208	\N	148.1
868	Webes tblzat beszrsa, a Power Query-szerkeszt hasznlata	7	Adatimportls		209	\N	206.066667
869	Tblzat ltrehozsa .txt fjlbl	8	Adatimportls		210	\N	160.966667
870	Szrs bonyolultabb szrfelttelekkel	9	Irnytott szrs		211	\N	260.2
871	Sorok gyors szrse	10	Szrs		212	\N	241.466667
872	Gyakorls, pldk	11	Szrs		213	\N	393.8
873	Adatok csoportostsa ltvnyosan	12	Rszsszeg szmts		214	\N	309.766667
874	Csoportosts sorok s oszlopok szerint	13	Tagols		215	\N	163.833333
875	Ltrehozs, alapvet formzs	14	Kimutats tblzat		216	\N	219.566667
876	rtkmez belltsok	15	Kimutats tblzat		217	\N	185.966667
877	Kimutatsok vltoztatsa idsorral, szeletelvel	16	Kimutats tblzat		218	\N	268.766667
878	Alapvet formzsi lehetsgek	0	Krdiagram s annak formzsa		235	\N	248.3
879	Diagram sszetevinek belltsa	1	Krdiagram s annak formzsa		219	\N	235.066667
880	Egyedi htterek vlasztsa	2	Krdiagram s annak formzsa		220	\N	181.9
881	Leggyakoribb hiba ltrehozs esetn	3	Hibaelhrts		221	\N	182.2
882	Vonal, terlet, halmozott terlet diagramok	4	Diagramok		222	\N	230.066667
883	Oszlop s bubork diagramok	5	Diagramok		223	\N	125.7
884	Sugr diagram	6	Diagramok		224	\N	207.133333
885	Csoportostott oszlopdiagram	7	Diagramok		225	\N	165.2
886	Tovbbi belltsok	8	Diagramok		226	\N	357.7
887	Legrdl men, jellngyzet	4	Bevezets a vezrlkbe		230	\N	155.2
888	Funkcik vgtelen trhza programozs nlkl	6	Bevezets a makrkba		227	\N	321
889	Programozs az Excelben	0	Bevezets a VBA fellet hasznlatba		236	\N	187.7
890	Bvtmny teleptse	1	Solver bvtmny		237	\N	171.933333
891	Automatikus szmts tbb felttel figyelembevtelvel	2	Solver bvtmny		228	\N	365.5
892	Gombok, csszkk	3	Bevezets a vezrlkbe		229	\N	250.533333
893		2			487	\N	8.7638
894	TestVideo	7	TestVideo		488	\N	52.318933
895	TestVideo2	7	TestVideo		488	\N	52.318933
\.


--
-- Data for Name: video_playback_sample; Type: TABLE DATA; Schema: public; Owner: dev_service_user
--

COPY public.video_playback_sample (id, creation_date, from_seconds, to_seconds, video_version_id, user_id, video_playback_session_id) FROM stdin;
1	2022-10-04 10:45:57.945+00	0	1.375759	89	1	1
5	2022-10-04 13:30:57.807+00	0	1.18161	405	1	5
12	2022-10-04 15:12:13.188+00	0	10.692917	49	8	11
13	2022-10-04 15:13:21.591+00	0	2.279757	192	8	13
14	2022-10-04 15:53:20.253+00	0	5.799963	49	12	20
15	2022-10-04 17:05:02.445+00	0	5.699095	924	8	22
16	2022-10-04 17:07:21.409+00	0	5.64072	924	13	24
17	2022-10-04 17:13:21.878+00	0	5.064011	1183	13	27
18	2022-10-04 18:36:28.35+00	0	5.617621	1202	14	30
19	2022-10-04 18:38:36.938+00	0	5.139379	924	15	32
25	2022-10-04 18:40:42.536+00	0	30.447113	1175	15	35
27	2022-10-04 18:42:05.755+00	0	10.787942	1202	15	36
28	2022-10-04 18:48:53.482+00	0	1.317578	1175	16	37
29	2022-10-05 08:08:55.186+00	0	1.217829	1175	17	38
31	2022-10-05 10:22:34.668+00	0	10.629223	1176	8	42
54	2022-10-05 10:51:44.506+00	0.893212	132.931523	1177	8	43
85	2022-10-05 11:55:16.828+00	0	120.496598	1178	8	45
86	2022-10-05 15:26:18.813+00	0	1.424037	1175	18	52
87	2022-10-05 15:51:33.263+00	0	1.595889	1175	20	53
92	2022-10-05 17:46:33.708+00	0	18.504208	1175	1	54
93	2022-10-05 17:46:49.798+00	0	1.984522	1176	1	55
96	2022-10-05 20:13:27.808+00	0	13.125405	1178	1	60
98	2022-10-05 20:13:43.293+00	0	8.010688	1179	1	61
99	2022-10-05 20:15:34.644+00	0	1.386525	1182	15	63
107	2022-10-06 09:15:33.282+00	135	140.450458	1175	21	64
108	2022-10-06 09:15:33.282+00	0	39.221812	1175	21	64
114	2022-10-06 09:16:29.515+00	116	148.47527	1187	21	66
135	2022-10-06 09:30:06.63+00	0	104.389467	1270	21	67
147	2022-10-09 10:37:34.529+00	0	30.341305	1671	1	84
152	2022-10-10 09:16:00.172+00	0	5.507483	190	1	89
161	2022-10-10 10:19:12.68+00	0	25.668392	1664	1	93
237	2022-10-10 21:20:00.396+00	0.911451	131.978688	1673	1	96
306	2022-10-10 21:27:55.685+00	110.00423	120.699374	1675	1	98
307	2022-10-10 21:27:55.685+00	0.716383	108.97988	1675	1	98
313	2022-10-10 21:28:41.645+00	136	151.070725	1676	1	99
314	2022-10-10 21:28:41.645+00	101	106.121911	1676	1	99
211	2022-10-10 20:59:55.44+00	0	250.274181	1672	1	95
282	2022-10-10 21:24:12.861+00	0.406292	229.696617	1674	1	97
318	2022-10-11 13:32:01.146+00	0	10.088502	1741	1	104
319	2022-10-11 13:42:23.527+00	0	2.635917	1674	8	105
334	2022-10-11 13:44:45.437+00	0	75.168927	234	8	107
355	2022-10-11 13:46:48.744+00	0.70003	105.618348	237	8	108
365	2022-10-11 13:47:57.132+00	0	35.934814	202	8	109
384	2022-10-12 11:59:46.252+00	0	5.50426	1678	1	113
385	2022-10-12 11:59:56.322+00	0.007054	5.039912	1677	1	114
389	2022-10-12 12:00:24.488+00	5.039912	25.267762	1679	1	115
396	2022-10-13 12:29:10.037+00	0	20.899304	1671	36	118
496	2022-10-13 19:20:06.755+00	0	204.617796	1672	38	128
497	2022-10-13 19:25:45.466+00	0	5.496238	1671	39	130
499	2022-10-13 20:12:00+00	0	10.561869	1680	1	131
500	2022-10-17 09:46:04.848+00	0	5.700542	1336	1	134
501	2022-10-17 13:40:13.287+00	0	1.0869415000197478	924	1	135
502	2022-10-17 14:52:11.84+00	0	1.7778745830037515	192	1	137
\.


--
-- Data for Name: video_playback_session; Type: TABLE DATA; Schema: public; Owner: dev_service_user
--

COPY public.video_playback_session (id, creation_date, last_usage_date, video_version_id, user_id) FROM stdin;
1	2022-10-04 10:45:54.506+00	2022-10-04 10:45:54.506+00	89	1
2	2022-10-04 11:24:32.008+00	2022-10-04 11:24:32.008+00	405	1
3	2022-10-04 11:46:26.933+00	2022-10-04 11:46:26.933+00	405	1
4	2022-10-04 12:04:31.3+00	2022-10-04 12:04:31.3+00	405	1
5	2022-10-04 13:25:45.483+00	2022-10-04 13:25:45.483+00	405	1
6	2022-10-04 14:15:47.551+00	2022-10-04 14:15:47.551+00	924	1
7	2022-10-04 14:17:21.851+00	2022-10-04 14:17:21.851+00	192	1
8	2022-10-04 14:18:25.706+00	2022-10-04 14:18:25.706+00	924	8
9	2022-10-04 14:23:43.514+00	2022-10-04 14:23:43.514+00	924	8
10	2022-10-04 15:06:58.798+00	2022-10-04 15:06:58.798+00	924	8
11	2022-10-04 15:08:53.644+00	2022-10-04 15:08:53.644+00	49	1
12	2022-10-04 15:12:55.052+00	2022-10-04 15:12:55.052+00	924	8
13	2022-10-04 15:13:17.69+00	2022-10-04 15:13:17.69+00	192	8
14	2022-10-04 15:39:19.902+00	2022-10-04 15:39:19.902+00	924	10
15	2022-10-04 15:39:42.991+00	2022-10-04 15:39:42.991+00	192	10
16	2022-10-04 15:40:06.219+00	2022-10-04 15:40:06.219+00	49	10
17	2022-10-04 15:43:23.443+00	2022-10-04 15:43:23.443+00	924	11
18	2022-10-04 15:52:23.034+00	2022-10-04 15:52:23.034+00	924	12
19	2022-10-04 15:52:48.688+00	2022-10-04 15:52:48.688+00	192	12
20	2022-10-04 15:53:13.793+00	2022-10-04 15:53:13.793+00	49	12
21	2022-10-04 17:04:32.306+00	2022-10-04 17:04:32.306+00	192	1
22	2022-10-04 17:04:55.772+00	2022-10-04 17:04:55.772+00	924	8
23	2022-10-04 17:06:19.173+00	2022-10-04 17:06:19.173+00	938	12
24	2022-10-04 17:07:14.85+00	2022-10-04 17:07:14.85+00	924	13
25	2022-10-04 17:09:22.761+00	2022-10-04 17:09:22.761+00	192	13
26	2022-10-04 17:10:41.245+00	2022-10-04 17:10:41.245+00	1175	13
27	2022-10-04 17:13:15.918+00	2022-10-04 17:13:15.918+00	1183	13
28	2022-10-04 18:30:06.081+00	2022-10-04 18:30:06.081+00	1183	13
29	2022-10-04 18:33:39.884+00	2022-10-04 18:33:39.884+00	1175	14
30	2022-10-04 18:36:21.785+00	2022-10-04 18:36:21.785+00	1202	14
31	2022-10-04 18:37:43.712+00	2022-10-04 18:37:43.712+00	924	14
32	2022-10-04 18:38:30.198+00	2022-10-04 18:38:30.198+00	924	15
33	2022-10-04 18:39:17.715+00	2022-10-04 18:39:17.715+00	1203	14
34	2022-10-04 18:39:38.25+00	2022-10-04 18:39:38.25+00	1175	14
35	2022-10-04 18:40:10.596+00	2022-10-04 18:40:10.596+00	1175	15
36	2022-10-04 18:41:10.813+00	2022-10-04 18:41:10.813+00	1202	15
37	2022-10-04 18:48:50.31+00	2022-10-04 18:48:50.31+00	1175	16
38	2022-10-05 08:08:51.627+00	2022-10-05 08:08:51.627+00	1175	17
39	2022-10-05 08:15:03.175+00	2022-10-05 08:15:03.175+00	1176	8
40	2022-10-05 08:15:07.637+00	2022-10-05 08:15:07.637+00	924	8
41	2022-10-05 08:15:11.281+00	2022-10-05 08:15:11.281+00	192	8
42	2022-10-05 10:22:23.096+00	2022-10-05 10:22:23.096+00	1176	8
43	2022-10-05 10:22:37.106+00	2022-10-05 10:22:37.106+00	1177	8
44	2022-10-05 10:51:53.943+00	2022-10-05 10:51:53.943+00	1178	8
45	2022-10-05 11:53:15.173+00	2022-10-05 11:53:15.173+00	1178	8
46	2022-10-05 12:56:30.534+00	2022-10-05 12:56:30.534+00	1178	8
47	2022-10-05 13:11:58.174+00	2022-10-05 13:11:58.174+00	49	1
48	2022-10-05 13:12:08.443+00	2022-10-05 13:12:08.443+00	192	1
49	2022-10-05 13:22:26.334+00	2022-10-05 13:22:26.334+00	1178	8
50	2022-10-05 13:25:26.668+00	2022-10-05 13:25:26.668+00	49	8
51	2022-10-05 14:14:22.878+00	2022-10-05 14:14:22.878+00	192	8
52	2022-10-05 15:26:15.687+00	2022-10-05 15:26:15.687+00	1175	18
53	2022-10-05 15:51:29.755+00	2022-10-05 15:51:29.755+00	1175	20
54	2022-10-05 17:46:01.496+00	2022-10-05 17:46:01.496+00	1175	1
55	2022-10-05 17:46:37.935+00	2022-10-05 17:46:37.935+00	1176	1
56	2022-10-05 17:47:23.704+00	2022-10-05 17:47:23.704+00	1177	1
57	2022-10-05 17:48:06.31+00	2022-10-05 17:48:06.31+00	1178	1
58	2022-10-05 18:39:03.256+00	2022-10-05 18:39:03.256+00	192	8
59	2022-10-05 18:39:06.644+00	2022-10-05 18:39:06.644+00	1178	8
60	2022-10-05 20:13:07.913+00	2022-10-05 20:13:07.913+00	1178	1
61	2022-10-05 20:13:31.555+00	2022-10-05 20:13:31.555+00	1179	1
62	2022-10-05 20:15:27.682+00	2022-10-05 20:15:27.682+00	1175	15
63	2022-10-05 20:15:32.199+00	2022-10-05 20:15:32.199+00	1182	15
64	2022-10-06 09:14:44.547+00	2022-10-06 09:14:44.547+00	1175	21
65	2022-10-06 09:15:33.81+00	2022-10-06 09:15:33.81+00	1184	21
66	2022-10-06 09:15:38.119+00	2022-10-06 09:15:38.119+00	1187	21
67	2022-10-06 09:27:55.471+00	2022-10-06 09:27:55.471+00	1270	21
68	2022-10-06 12:06:03.372+00	2022-10-06 12:06:03.372+00	1178	8
69	2022-10-07 08:43:24.47+00	2022-10-07 08:43:24.47+00	1175	15
70	2022-10-07 18:04:27.906+00	2022-10-07 18:04:27.906+00	1193	1
71	2022-10-07 18:05:05.981+00	2022-10-07 18:05:05.981+00	1189	1
72	2022-10-07 18:05:42.326+00	2022-10-07 18:05:42.326+00	1179	1
73	2022-10-07 19:39:15.686+00	2022-10-07 19:39:15.686+00	1191	1
74	2022-10-07 19:43:42.774+00	2022-10-07 19:43:42.774+00	1194	1
75	2022-10-07 19:43:54.282+00	2022-10-07 19:43:54.282+00	1186	1
76	2022-10-08 06:24:21.032+00	2022-10-08 06:24:21.032+00	1186	1
77	2022-10-08 06:25:11.943+00	2022-10-08 06:25:11.943+00	1202	1
78	2022-10-08 06:28:20.493+00	2022-10-08 06:28:20.493+00	1698	1
79	2022-10-08 06:28:25.469+00	2022-10-08 06:28:25.469+00	1663	1
80	2022-10-08 06:29:47.884+00	2022-10-08 06:29:47.884+00	1665	1
81	2022-10-08 06:50:54.586+00	2022-10-08 06:50:54.586+00	1664	1
82	2022-10-08 17:43:50.895+00	2022-10-08 17:43:50.895+00	1663	1
83	2022-10-09 10:34:06.354+00	2022-10-09 10:34:06.354+00	1674	1
84	2022-10-09 10:36:56.094+00	2022-10-09 10:36:56.094+00	1671	1
85	2022-10-09 10:37:35.432+00	2022-10-09 10:37:35.432+00	1672	1
86	2022-10-09 10:45:51.819+00	2022-10-09 10:45:51.819+00	1672	1
87	2022-10-09 19:37:24.627+00	2022-10-09 19:37:24.627+00	192	1
88	2022-10-10 09:15:23.905+00	2022-10-10 09:15:23.905+00	192	1
89	2022-10-10 09:15:53.52+00	2022-10-10 09:15:53.52+00	190	1
90	2022-10-10 10:10:33.364+00	2022-10-10 10:10:33.364+00	1336	1
91	2022-10-10 10:10:54.511+00	2022-10-10 10:10:54.511+00	1337	1
92	2022-10-10 10:12:37.301+00	2022-10-10 10:12:37.301+00	1672	1
93	2022-10-10 10:18:45.972+00	2022-10-10 10:18:45.972+00	1664	1
94	2022-10-10 10:19:27.95+00	2022-10-10 10:19:27.95+00	1669	1
95	2022-10-10 20:55:43.958+00	2022-10-10 20:55:43.958+00	1672	1
96	2022-10-10 21:17:39.013+00	2022-10-10 21:17:39.013+00	1673	1
97	2022-10-10 21:20:09.743+00	2022-10-10 21:20:09.743+00	1674	1
98	2022-10-10 21:24:19.02+00	2022-10-10 21:24:19.02+00	1675	1
99	2022-10-10 21:28:03.476+00	2022-10-10 21:28:03.476+00	1676	1
100	2022-10-10 21:28:47.55+00	2022-10-10 21:28:47.55+00	1677	1
101	2022-10-11 07:57:55.999+00	2022-10-11 07:57:55.999+00	1677	1
102	2022-10-11 10:38:39.883+00	2022-10-11 10:38:39.883+00	1677	1
103	2022-10-11 12:59:49.924+00	2022-10-11 12:59:49.924+00	1741	1
104	2022-10-11 13:31:49.325+00	2022-10-11 13:31:49.325+00	1741	1
105	2022-10-11 13:42:19.306+00	2022-10-11 13:42:19.306+00	1674	8
106	2022-10-11 13:43:11.466+00	2022-10-11 13:43:11.466+00	192	8
107	2022-10-11 13:43:13.686+00	2022-10-11 13:43:13.686+00	234	8
108	2022-10-11 13:44:52.616+00	2022-10-11 13:44:52.616+00	237	8
109	2022-10-11 13:46:57.943+00	2022-10-11 13:46:57.943+00	202	8
110	2022-10-12 09:47:46.729+00	2022-10-12 09:47:46.729+00	1676	1
111	2022-10-12 11:48:01.389+00	2022-10-12 11:48:01.389+00	1678	1
112	2022-10-12 11:58:49.096+00	2022-10-12 11:58:49.096+00	924	1
113	2022-10-12 11:59:39.53+00	2022-10-12 11:59:39.53+00	1678	1
114	2022-10-12 11:59:50.088+00	2022-10-12 11:59:50.088+00	1677	1
115	2022-10-12 11:59:58.148+00	2022-10-12 11:59:58.148+00	1679	1
116	2022-10-12 12:00:24.41+00	2022-10-12 12:00:24.41+00	1680	1
117	2022-10-12 14:33:18.974+00	2022-10-12 14:33:18.974+00	202	8
118	2022-10-13 12:10:14.696+00	2022-10-13 12:10:14.696+00	1671	36
119	2022-10-13 12:29:11.128+00	2022-10-13 12:29:11.128+00	1672	36
120	2022-10-13 12:29:13.119+00	2022-10-13 12:29:13.119+00	1676	36
121	2022-10-13 12:29:15.128+00	2022-10-13 12:29:15.128+00	1671	36
122	2022-10-13 13:21:48.513+00	2022-10-13 13:21:48.513+00	1680	1
123	2022-10-13 13:34:09.321+00	2022-10-13 13:34:09.321+00	1680	1
124	2022-10-13 13:39:23.494+00	2022-10-13 13:39:23.494+00	1680	1
125	2022-10-13 19:04:47.901+00	2022-10-13 19:04:47.901+00	1671	38
126	2022-10-13 19:05:02.202+00	2022-10-13 19:05:02.202+00	1672	38
127	2022-10-13 19:10:53.73+00	2022-10-13 19:10:53.73+00	1672	38
128	2022-10-13 19:16:40.599+00	2022-10-13 19:16:40.599+00	1672	38
129	2022-10-13 19:20:38.27+00	2022-10-13 19:20:38.27+00	1673	38
130	2022-10-13 19:25:38.57+00	2022-10-13 19:25:38.57+00	1671	39
131	2022-10-13 20:11:48.307+00	2022-10-13 20:11:48.307+00	1680	1
132	2022-10-14 09:39:19.364+00	2022-10-14 09:39:19.364+00	1336	46
133	2022-10-17 09:45:29.62+00	2022-10-17 09:45:29.62+00	192	1
134	2022-10-17 09:45:57.944+00	2022-10-17 09:45:57.944+00	1336	1
135	2022-10-17 13:40:07.172+00	2022-10-17 13:40:07.172+00	924	1
136	2022-10-17 13:45:02.897+00	2022-10-17 13:45:02.897+00	957	1
137	2022-10-17 14:52:00.763+00	2022-10-17 14:52:00.763+00	192	1
138	2022-10-20 15:07:15.636+00	2022-10-20 15:07:15.636+00	1978	1
139	2022-10-24 11:35:16.439+00	2022-10-24 11:35:16.439+00	924	41
140	2022-10-24 11:43:42.067+00	2022-10-24 11:43:42.067+00	924	41
141	2022-10-24 11:44:17.405+00	2022-10-24 11:44:17.405+00	1336	41
142	2022-10-24 11:46:07.6+00	2022-10-24 11:46:07.6+00	1978	1
143	2022-10-24 11:56:49.843+00	2022-10-24 11:56:49.843+00	1336	41
144	2022-10-24 13:02:28.953+00	2022-10-24 13:02:28.953+00	924	41
145	2022-10-24 13:02:34.256+00	2022-10-24 13:02:34.256+00	1336	41
146	2022-10-24 13:09:26.011+00	2022-10-24 13:09:26.011+00	1336	41
147	2022-10-24 13:09:38.555+00	2022-10-24 13:09:38.555+00	924	41
\.


--
-- Data for Name: video_rating; Type: TABLE DATA; Schema: public; Owner: dev_service_user
--

COPY public.video_rating (id, experience, difficulty, video_version_id, user_id) FROM stdin;
1	4	3	924	13
2	2	2	924	1
\.


--
-- Data for Name: video_seek_event; Type: TABLE DATA; Schema: public; Owner: dev_service_user
--

COPY public.video_seek_event (id, creation_date, from_seconds, to_seconds, is_forward, video_version_id, user_id, video_playback_session_id) FROM stdin;
1	2022-10-04 11:24:39.927+00	1.824261	121	t	405	1	2
2	2022-10-04 11:24:41.09+00	121.102279	166	t	405	1	2
3	2022-10-04 17:07:25.263+00	8.645515	188	t	924	13	24
4	2022-10-06 09:15:26.805+00	39.221812	99	t	1175	21	64
5	2022-10-06 09:15:27.517+00	99.946479	135	t	1175	21	64
6	2022-10-06 09:15:43.579+00	0.293937	116	t	1187	21	66
7	2022-10-10 21:28:08.018+00	2.898737	101	t	1676	1	99
8	2022-10-10 21:28:14.991+00	107.102848	136	t	1676	1	99
9	2022-10-12 09:47:52.174+00	2.053491	150	t	1676	1	110
10	2022-10-12 09:47:52.181+00	150	150	t	1676	1	110
11	2022-10-12 11:58:57.12+00	6.450574	181	t	924	1	112
12	2022-10-13 19:20:26.89+00	207.707877	250	t	1672	38	128
13	2022-10-17 13:40:16.603+00	2.824245503370738	179	t	924	1	135
\.


--
-- Data for Name: video_version; Type: TABLE DATA; Schema: public; Owner: dev_service_user
--

COPY public.video_version (id, module_version_id, video_id, video_data_id) FROM stdin;
1	14	1	1
2	14	2	2
3	14	3	3
4	14	4	4
5	14	5	5
6	14	6	6
7	14	8	7
8	14	9	8
9	14	10	9
10	14	11	10
11	14	12	11
12	14	13	12
13	14	14	13
14	14	15	14
15	14	16	15
16	14	17	16
17	14	18	17
18	14	19	18
19	14	20	19
20	14	21	20
21	14	22	21
22	14	23	22
23	14	24	23
24	14	25	24
25	14	26	25
26	14	27	26
27	14	28	27
28	14	29	28
29	14	30	29
30	14	31	30
31	14	32	31
32	14	33	32
33	14	34	33
34	14	35	34
35	14	36	35
36	14	37	36
37	14	38	37
38	14	39	38
39	14	40	39
40	14	41	40
41	14	42	41
42	14	43	42
43	14	44	43
44	14	45	44
45	14	46	45
46	14	47	46
47	14	48	47
48	14	49	48
49	10	50	49
50	10	51	50
51	10	52	51
52	10	53	52
53	10	54	53
54	10	55	54
55	11	87	55
56	12	86	56
57	7	56	57
58	7	57	58
59	7	58	59
60	7	59	60
61	7	60	61
62	7	61	62
63	7	62	63
64	7	63	64
65	7	64	65
66	7	65	66
67	7	66	67
68	7	67	68
69	7	68	69
70	7	69	70
71	7	70	71
72	7	71	72
73	7	72	73
74	7	73	74
75	7	74	75
76	7	75	76
77	7	76	77
78	7	77	78
79	7	78	79
80	7	79	80
81	7	80	81
82	7	81	82
83	7	82	83
84	7	83	84
85	7	84	85
86	7	85	86
87	15	88	87
88	14	89	88
89	14	90	89
90	14	91	90
91	14	92	91
92	16	93	92
93	14	94	93
94	14	95	94
95	16	96	95
96	16	97	96
97	14	98	97
98	14	99	98
99	16	100	99
100	14	101	100
101	16	102	101
102	14	103	102
103	15	104	103
104	14	105	104
105	15	106	105
106	14	107	106
107	16	108	107
108	16	109	108
109	14	110	109
110	15	111	110
111	14	112	111
112	16	113	112
113	16	114	113
114	16	115	114
115	16	116	115
116	16	117	116
117	16	118	117
118	16	119	118
119	16	120	119
120	16	121	120
121	17	122	121
122	17	123	122
123	17	124	123
124	35	125	124
125	17	126	125
126	20	127	126
127	18	128	127
128	17	129	128
129	21	130	129
130	17	131	130
131	20	132	131
132	18	133	132
133	17	134	133
134	21	135	134
135	17	136	135
136	18	137	136
137	20	138	137
138	17	139	138
139	20	140	139
140	18	141	140
141	17	142	141
142	21	143	142
143	17	144	143
144	18	145	144
145	17	146	145
146	20	147	146
147	21	148	147
148	18	149	148
149	20	150	149
150	20	151	150
151	18	152	151
152	18	153	152
153	21	154	153
154	18	155	154
155	19	156	155
156	21	157	156
157	18	158	157
158	20	159	158
159	19	160	159
160	18	161	160
161	21	162	161
162	20	163	162
163	20	164	163
164	21	165	164
165	17	166	165
166	20	167	166
167	21	168	167
168	20	169	168
169	17	170	169
170	17	171	170
171	21	172	171
172	21	173	172
173	21	174	173
174	21	175	174
175	21	176	175
176	21	177	176
177	21	178	177
178	21	179	178
179	35	180	179
180	22	181	180
181	35	182	181
182	35	183	182
183	25	184	183
184	26	185	184
185	23	186	185
186	23	187	186
187	23	188	187
188	23	189	188
189	23	190	189
190	26	191	190
191	25	192	191
192	25	193	192
193	23	194	193
194	26	195	194
195	26	196	195
196	25	197	196
197	26	198	197
198	26	199	198
199	26	200	199
200	25	201	200
201	15	202	201
202	25	203	202
203	15	204	203
204	25	205	204
205	15	206	205
206	26	207	206
207	15	208	207
208	26	209	208
209	22	210	209
210	22	211	210
211	22	212	211
212	22	213	212
213	22	214	213
214	22	215	214
215	22	216	215
216	22	217	216
217	26	218	217
218	35	219	218
219	26	220	219
220	26	221	220
221	35	222	221
222	26	223	222
223	26	224	223
224	26	225	224
225	26	226	225
226	26	227	226
227	26	228	227
228	26	229	228
229	26	230	229
230	26	231	230
231	26	232	231
232	15	233	232
233	26	234	233
234	25	235	234
235	27	236	235
236	29	237	236
237	25	238	237
238	25	239	238
239	25	240	239
240	25	241	240
241	25	242	241
242	25	243	242
243	25	244	243
244	25	245	244
245	25	246	245
246	27	247	246
247	26	248	247
248	27	249	248
249	29	250	249
250	26	251	250
251	27	252	251
252	26	253	252
253	29	254	253
254	27	255	254
255	27	256	255
256	26	257	256
257	26	258	257
258	27	259	258
259	26	260	259
260	29	261	260
261	27	262	261
262	27	263	262
263	27	264	263
264	27	265	264
265	29	266	265
266	27	267	266
267	27	268	267
268	28	269	268
269	29	270	269
270	27	271	270
271	29	272	271
272	28	273	272
273	27	274	273
274	29	275	274
275	29	276	275
276	27	277	276
277	28	278	277
278	27	279	278
279	29	280	279
280	28	281	280
281	29	282	281
282	29	283	282
283	29	284	283
284	29	285	284
285	29	286	285
286	29	287	286
287	29	288	287
288	29	289	288
289	30	290	289
290	30	291	290
291	30	292	291
292	30	293	292
293	30	294	293
294	35	295	294
295	30	296	295
296	32	297	296
297	31	298	297
298	30	299	298
299	30	300	299
300	31	301	300
301	30	302	301
302	34	303	302
303	32	304	303
304	30	305	304
305	31	306	305
306	30	307	306
307	34	308	307
308	31	309	308
309	25	310	309
310	34	311	310
311	31	312	311
312	34	313	312
313	31	314	313
314	34	315	314
315	34	316	315
316	32	317	316
317	34	318	317
318	32	319	318
319	30	320	319
320	30	321	320
321	30	322	321
322	30	323	322
323	30	324	323
324	30	325	324
325	34	326	325
326	30	327	326
327	34	328	327
328	32	329	328
329	31	330	329
330	34	331	330
331	34	332	331
332	34	333	332
333	32	334	333
334	34	335	334
335	32	336	335
336	34	337	336
337	34	338	337
338	34	339	338
339	34	340	339
340	34	341	340
341	34	342	341
342	34	343	342
343	34	344	343
344	34	345	344
345	34	346	345
346	34	347	346
347	34	348	347
348	35	349	348
349	35	350	349
350	35	351	350
351	35	352	351
352	35	353	352
353	35	354	353
354	36	355	354
355	37	356	355
356	36	357	356
357	36	358	357
358	38	359	358
359	37	360	359
360	36	361	360
361	36	362	361
362	36	363	362
363	39	364	363
364	36	365	364
365	36	366	365
366	39	367	366
367	36	368	367
368	36	369	368
369	36	370	369
370	36	371	370
371	36	372	371
372	38	373	372
373	36	374	373
374	36	375	374
375	36	376	375
376	37	377	376
377	39	378	377
378	38	379	378
379	39	380	379
380	38	381	380
381	38	382	381
382	38	383	382
383	39	384	383
384	37	385	384
385	38	386	385
386	39	387	386
387	37	388	387
388	38	389	388
389	39	390	389
390	39	391	390
391	38	392	391
392	36	393	392
393	40	394	393
394	39	395	394
395	39	396	395
396	39	397	396
397	40	398	397
398	40	399	398
399	40	400	399
400	38	401	400
401	36	402	401
402	36	403	402
403	38	404	403
404	38	405	404
405	42	90	405
406	42	9	406
407	42	94	407
408	42	2	408
409	42	95	409
410	42	26	410
411	42	98	411
412	42	99	412
413	42	13	413
414	42	101	414
415	42	14	415
416	42	15	416
417	42	103	417
418	42	105	418
419	42	17	419
420	42	107	420
421	42	18	421
422	42	110	422
423	42	19	423
424	42	20	424
425	42	112	425
426	42	89	426
427	42	21	427
428	42	22	428
429	42	91	429
430	42	23	430
431	42	24	431
432	42	25	432
433	42	28	433
434	42	29	434
435	42	33	435
436	42	3	436
437	42	16	437
438	42	36	438
439	42	37	439
440	42	38	440
441	42	39	441
442	42	40	442
443	42	1	443
444	42	4	444
445	42	5	445
446	42	6	446
447	42	12	447
448	42	34	448
449	42	41	449
450	42	11	450
451	42	30	451
452	42	32	452
453	42	35	453
454	42	43	454
455	42	45	455
456	42	10	456
457	42	31	457
458	42	42	458
459	42	47	459
460	42	27	460
461	42	44	461
462	42	48	462
463	42	46	463
464	42	49	464
465	43	104	465
466	43	106	466
467	43	111	467
468	43	88	468
469	43	202	469
470	43	204	470
471	43	206	471
472	43	208	472
473	43	233	473
474	44	97	474
475	44	102	475
476	44	113	476
477	44	116	477
478	44	96	478
479	44	109	479
480	44	115	480
481	44	93	481
482	44	114	482
483	44	100	483
484	44	118	484
485	44	117	485
486	44	108	486
487	44	119	487
488	44	120	488
489	44	121	489
490	45	122	490
491	45	123	491
492	45	124	492
493	45	126	493
494	45	129	494
495	45	131	495
496	45	134	496
497	45	136	497
498	45	139	498
499	45	142	499
500	45	144	500
501	45	146	501
502	45	166	502
503	45	170	503
504	45	171	504
505	46	153	505
506	46	155	506
507	46	158	507
508	46	161	508
509	46	128	509
510	46	133	510
511	46	137	511
512	46	141	512
513	46	145	513
514	46	149	514
515	46	152	515
516	47	156	516
517	47	160	517
518	48	164	518
519	48	167	519
520	48	132	520
521	48	140	521
522	48	147	522
523	48	151	523
524	48	159	524
525	48	163	525
526	48	169	526
527	48	127	527
528	48	138	528
529	48	150	529
530	49	168	530
531	49	173	531
532	49	135	532
533	49	154	533
534	49	172	534
535	49	143	535
536	49	157	536
537	49	175	537
538	49	148	538
539	49	174	539
540	49	130	540
541	49	176	541
542	49	165	542
543	49	162	543
544	49	177	544
545	49	178	545
546	49	179	546
547	50	210	547
548	50	181	548
549	50	211	549
550	50	212	550
551	50	213	551
552	50	214	552
553	50	215	553
554	50	216	554
555	50	217	555
556	51	194	556
557	51	186	557
558	51	187	558
559	51	188	559
560	51	189	560
561	51	190	561
562	42	8	562
563	42	92	91
564	53	313	563
565	54	349	564
566	54	350	565
567	54	351	566
568	54	352	567
569	54	353	568
570	54	295	569
571	54	354	570
572	54	125	571
573	54	180	572
574	54	219	573
575	54	182	574
576	54	183	575
577	54	222	576
578	55	355	577
579	55	357	578
580	55	358	579
581	55	361	580
582	55	362	581
583	55	363	582
584	55	366	583
585	55	369	584
586	55	372	585
587	55	393	586
588	55	402	587
589	55	365	588
590	55	368	589
591	55	370	590
592	55	371	591
593	55	374	592
594	55	375	593
595	55	376	594
596	55	403	595
597	56	377	596
598	56	385	597
599	56	388	598
600	56	356	599
601	56	360	600
602	57	379	601
603	57	381	602
604	57	383	603
605	57	386	604
606	57	389	605
607	57	392	606
608	57	359	607
609	57	404	608
610	57	405	609
611	57	401	610
612	57	373	611
613	57	382	612
614	58	378	613
615	58	380	614
616	58	384	615
617	58	387	616
618	58	396	617
619	58	367	618
620	58	391	619
621	58	395	620
622	58	364	621
623	58	390	622
624	58	397	623
625	59	399	624
626	59	394	625
627	59	400	626
628	59	398	627
629	53	303	302
630	53	308	307
631	53	311	310
632	53	315	314
633	53	316	315
634	53	318	317
635	53	326	325
636	53	328	327
637	53	331	330
638	53	332	331
639	53	333	332
640	53	335	334
641	53	337	336
642	53	338	337
643	53	339	338
644	53	340	339
645	53	341	340
646	53	342	341
647	53	343	342
648	53	344	343
649	53	345	344
650	53	346	345
651	53	347	346
652	53	348	347
653	61	316	628
654	61	326	629
655	61	332	630
656	61	335	631
657	61	338	632
658	61	339	633
659	61	303	634
660	61	311	635
661	61	318	636
662	61	333	637
663	61	337	638
664	61	341	639
665	61	343	640
666	61	308	641
667	61	331	642
668	61	340	643
669	61	345	644
670	61	328	645
671	61	344	646
672	61	346	647
673	61	342	648
674	61	315	649
675	61	348	650
676	61	347	651
677	61	313	652
678	62	349	653
679	62	350	654
680	62	351	655
681	62	352	656
682	62	353	657
683	62	295	658
684	62	354	659
685	62	125	660
686	62	180	661
687	62	219	662
688	62	182	663
689	62	183	664
690	62	222	665
691	63	355	666
692	63	357	667
693	63	358	668
694	63	361	669
695	63	362	670
696	63	363	671
697	63	366	672
698	63	369	673
699	63	372	674
700	63	393	675
701	63	402	676
702	63	365	677
703	63	368	678
704	63	370	679
705	63	371	680
706	63	374	681
707	63	375	682
708	63	376	683
709	63	403	684
710	64	377	685
711	64	385	686
712	64	388	687
713	64	356	688
714	64	360	689
715	65	379	690
716	65	381	691
717	65	383	692
718	65	386	693
719	65	389	694
720	65	392	695
721	65	359	696
722	65	404	697
723	65	405	698
724	65	401	699
725	65	373	700
726	65	382	701
727	66	378	702
728	66	380	703
729	66	384	704
730	66	387	705
731	66	396	706
732	66	367	707
733	66	391	708
734	66	395	709
735	66	364	710
736	66	390	711
737	66	397	712
738	67	398	713
739	67	399	624
740	67	394	625
741	67	400	626
742	69	326	714
743	70	350	715
744	71	355	716
745	72	385	717
746	73	379	718
747	74	380	719
748	75	399	720
749	75	394	721
750	75	400	722
751	75	398	723
752	69	316	628
753	69	332	630
754	69	335	631
755	69	338	632
756	69	339	633
757	69	303	634
758	69	311	635
759	69	318	636
760	69	333	637
761	69	337	638
762	69	341	639
763	69	343	640
764	69	308	641
765	69	331	642
766	69	340	643
767	69	345	644
768	69	328	645
769	69	344	646
770	69	346	647
771	69	342	648
772	69	315	649
773	69	348	650
774	69	347	651
775	69	313	652
776	70	349	653
777	70	351	655
778	70	352	656
779	70	353	657
780	70	295	658
781	70	354	659
782	70	125	660
783	70	180	661
784	70	219	662
785	70	182	663
786	70	183	664
787	70	222	665
788	71	357	667
789	71	358	668
790	71	361	669
791	71	362	670
792	71	363	671
793	71	366	672
794	71	369	673
795	71	372	674
796	71	393	675
797	71	402	676
798	71	365	677
799	71	368	678
800	71	370	679
801	71	371	680
802	71	374	681
803	71	375	682
804	71	376	683
805	71	403	684
806	72	377	685
807	72	388	687
808	72	356	688
809	72	360	689
810	73	381	691
811	73	383	692
812	73	386	693
813	73	389	694
814	73	392	695
815	73	359	696
816	73	404	697
817	73	405	698
818	73	401	699
819	73	373	700
820	73	382	701
821	74	378	702
822	74	384	704
823	74	387	705
824	74	396	706
825	74	367	707
826	74	391	708
827	74	395	709
828	74	364	710
829	74	390	711
830	74	397	712
831	77	335	724
832	78	349	725
833	79	357	726
834	80	385	727
835	81	381	728
836	82	378	729
837	77	326	714
838	78	350	715
839	79	355	716
840	81	379	718
841	82	380	719
842	83	399	720
843	83	394	721
844	83	400	722
845	83	398	723
846	77	316	628
847	77	332	630
848	77	338	632
849	77	339	633
850	77	303	634
851	77	311	635
852	77	318	636
853	77	333	637
854	77	337	638
855	77	341	639
856	77	343	640
857	77	308	641
858	77	331	642
859	77	340	643
860	77	345	644
861	77	328	645
862	77	344	646
863	77	346	647
864	77	342	648
865	77	315	649
866	77	348	650
867	77	347	651
868	77	313	652
869	78	351	655
870	78	352	656
871	78	353	657
872	78	295	658
873	78	354	659
874	78	125	660
875	78	180	661
876	78	219	662
877	78	182	663
878	78	183	664
879	78	222	665
880	79	358	668
881	79	361	669
882	79	362	670
883	79	363	671
884	79	366	672
885	79	369	673
886	79	372	674
887	79	393	675
888	79	402	676
889	79	365	677
890	79	368	678
891	79	370	679
892	79	371	680
893	79	374	681
894	79	375	682
895	79	376	683
896	79	403	684
897	80	377	685
898	80	388	687
899	80	356	688
900	80	360	689
901	81	383	692
902	81	386	693
903	81	389	694
904	81	392	695
905	81	359	696
906	81	404	697
907	81	405	698
908	81	401	699
909	81	373	700
910	81	382	701
911	82	384	704
912	82	387	705
913	82	396	706
914	82	367	707
915	82	391	708
916	82	395	709
917	82	364	710
918	82	390	711
919	82	397	712
920	91	398	730
921	91	399	731
922	91	394	732
923	91	400	733
924	85	335	724
925	86	349	725
926	87	357	726
927	88	385	727
928	89	381	728
929	90	378	729
930	85	326	714
931	86	350	715
932	87	355	716
933	89	379	718
934	90	380	719
935	85	316	628
936	85	332	630
937	85	338	632
938	85	339	633
939	85	303	634
940	85	311	635
941	85	318	636
942	85	333	637
943	85	337	638
944	85	341	639
945	85	343	640
946	85	308	641
947	85	331	642
948	85	340	643
949	85	345	644
950	85	328	645
951	85	344	646
952	85	346	647
953	85	342	648
954	85	315	649
955	85	348	650
956	85	347	651
957	85	313	652
958	86	351	655
959	86	352	656
960	86	353	657
961	86	295	658
962	86	354	659
963	86	125	660
964	86	180	661
965	86	219	662
966	86	182	663
967	86	183	664
968	86	222	665
969	87	358	668
970	87	361	669
971	87	362	670
972	87	363	671
973	87	366	672
974	87	369	673
975	87	372	674
976	87	393	675
977	87	402	676
978	87	365	677
979	87	368	678
980	87	370	679
981	87	371	680
982	87	374	681
983	87	375	682
984	87	376	683
985	87	403	684
986	88	377	685
987	88	388	687
988	88	356	688
989	88	360	689
990	89	383	692
991	89	386	693
992	89	389	694
993	89	392	695
994	89	359	696
995	89	404	697
996	89	405	698
997	89	401	699
998	89	373	700
999	89	382	701
1000	90	384	704
1001	90	387	705
1002	90	396	706
1003	90	367	707
1004	90	391	708
1005	90	395	709
1006	90	364	710
1007	90	390	711
1008	90	397	712
1009	93	92	734
1010	93	8	735
1011	93	90	736
1012	93	9	737
1013	93	94	738
1014	93	2	739
1015	93	95	740
1016	93	26	741
1017	93	98	742
1018	93	99	743
1019	93	13	744
1020	93	101	745
1021	93	14	746
1022	93	15	747
1023	93	103	748
1024	93	105	749
1025	93	17	750
1026	93	107	751
1027	93	18	752
1028	93	110	753
1029	93	19	754
1030	93	20	755
1031	93	112	756
1032	93	89	757
1033	93	21	758
1034	93	22	759
1035	93	91	760
1036	93	23	761
1037	93	24	762
1038	93	25	763
1039	93	28	764
1040	93	29	765
1041	93	33	766
1042	93	3	767
1043	93	16	768
1044	93	36	769
1045	93	37	770
1046	93	38	771
1047	93	39	772
1048	93	40	773
1049	93	1	774
1050	93	4	775
1051	93	5	776
1052	93	6	777
1053	93	12	778
1054	93	34	779
1055	93	41	780
1056	93	11	781
1057	93	30	782
1058	93	32	783
1059	93	35	784
1060	93	43	785
1061	93	45	786
1062	93	10	787
1063	93	31	788
1064	93	42	789
1065	93	47	790
1066	93	27	791
1067	93	44	792
1068	93	48	793
1069	93	46	794
1070	93	49	795
1071	94	104	796
1072	94	106	797
1073	94	111	798
1074	94	88	799
1075	94	202	800
1076	94	204	801
1077	94	206	802
1078	94	208	803
1079	94	233	804
1080	95	97	805
1081	95	102	806
1082	95	113	807
1083	95	116	808
1084	95	96	809
1085	95	109	810
1086	95	115	811
1087	95	93	812
1088	95	114	813
1089	95	100	814
1090	95	118	815
1091	95	117	816
1092	95	108	817
1093	95	119	818
1094	95	120	819
1095	95	121	820
1096	96	122	821
1097	96	123	822
1098	96	124	823
1099	96	126	824
1100	96	129	825
1101	96	131	826
1102	96	134	827
1103	96	136	828
1104	96	139	829
1105	96	142	830
1106	96	144	831
1107	96	146	832
1108	96	166	833
1109	96	170	834
1110	96	171	835
1111	97	153	836
1112	97	155	837
1113	97	158	838
1114	97	161	839
1115	97	128	840
1116	97	133	841
1117	97	137	842
1118	97	141	843
1119	97	145	844
1120	97	149	845
1121	97	152	846
1122	98	156	847
1123	98	160	848
1124	99	164	849
1125	99	167	850
1126	99	132	851
1127	99	140	852
1128	99	147	853
1129	99	151	854
1130	99	159	855
1131	99	163	856
1132	99	169	857
1133	99	127	858
1134	99	138	859
1135	99	150	860
1136	100	168	861
1137	100	173	862
1138	100	135	863
1139	100	154	864
1140	100	172	865
1141	100	143	866
1142	100	157	867
1143	100	175	868
1144	100	148	869
1145	100	174	870
1146	100	130	871
1147	100	176	872
1148	100	165	873
1149	100	162	874
1150	100	177	875
1151	100	178	876
1152	100	179	877
1153	101	210	878
1154	101	181	879
1155	101	211	880
1156	101	212	881
1157	101	213	882
1158	101	214	883
1159	101	215	884
1160	101	216	885
1161	101	217	886
1162	102	194	556
1163	102	186	557
1164	102	187	558
1165	102	188	559
1166	102	189	560
1167	102	190	561
1168	113	190	887
1169	113	194	888
1170	113	186	889
1171	113	187	890
1172	113	188	891
1173	113	189	892
1174	104	92	734
1175	104	8	735
1176	104	90	736
1177	104	9	737
1178	104	94	738
1179	104	2	739
1180	104	95	740
1181	104	26	741
1182	104	98	742
1183	104	99	743
1184	104	13	744
1185	104	101	745
1186	104	14	746
1187	104	15	747
1188	104	103	748
1189	104	105	749
1190	104	17	750
1191	104	107	751
1192	104	18	752
1193	104	110	753
1194	104	19	754
1195	104	20	755
1196	104	112	756
1197	104	89	757
1198	104	21	758
1199	104	22	759
1200	104	91	760
1201	104	23	761
1202	104	24	762
1203	104	25	763
1204	104	28	764
1205	104	29	765
1206	104	33	766
1207	104	3	767
1208	104	16	768
1209	104	36	769
1210	104	37	770
1211	104	38	771
1212	104	39	772
1213	104	40	773
1214	104	1	774
1215	104	4	775
1216	104	5	776
1217	104	6	777
1218	104	12	778
1219	104	34	779
1220	104	41	780
1221	104	11	781
1222	104	30	782
1223	104	32	783
1224	104	35	784
1225	104	43	785
1226	104	45	786
1227	104	10	787
1228	104	31	788
1229	104	42	789
1230	104	47	790
1231	104	27	791
1232	104	44	792
1233	104	48	793
1234	104	46	794
1235	104	49	795
1236	105	104	796
1237	105	106	797
1238	105	111	798
1239	105	88	799
1240	105	202	800
1241	105	204	801
1242	105	206	802
1243	105	208	803
1244	105	233	804
1245	106	97	805
1246	106	102	806
1247	106	113	807
1248	106	116	808
1249	106	96	809
1250	106	109	810
1251	106	115	811
1252	106	93	812
1253	106	114	813
1254	106	100	814
1255	106	118	815
1256	106	117	816
1257	106	108	817
1258	106	119	818
1259	106	120	819
1260	106	121	820
1261	107	122	821
1262	107	123	822
1263	107	124	823
1264	107	126	824
1265	107	129	825
1266	107	131	826
1267	107	134	827
1268	107	136	828
1269	107	139	829
1270	107	142	830
1271	107	144	831
1272	107	146	832
1273	107	166	833
1274	107	170	834
1275	107	171	835
1276	108	153	836
1277	108	155	837
1278	108	158	838
1279	108	161	839
1280	108	128	840
1281	108	133	841
1282	108	137	842
1283	108	141	843
1284	108	145	844
1285	108	149	845
1286	108	152	846
1287	109	156	847
1288	109	160	848
1289	110	164	849
1290	110	167	850
1291	110	132	851
1292	110	140	852
1293	110	147	853
1294	110	151	854
1295	110	159	855
1296	110	163	856
1297	110	169	857
1298	110	127	858
1299	110	138	859
1300	110	150	860
1301	111	168	861
1302	111	173	862
1303	111	135	863
1304	111	154	864
1305	111	172	865
1306	111	143	866
1307	111	157	867
1308	111	175	868
1309	111	148	869
1310	111	174	870
1311	111	130	871
1312	111	176	872
1313	111	165	873
1314	111	162	874
1315	111	177	875
1316	111	178	876
1317	111	179	877
1318	112	210	878
1319	112	181	879
1320	112	211	880
1321	112	212	881
1322	112	213	882
1323	112	214	883
1324	112	215	884
1325	112	216	885
1326	112	217	886
1327	117	406	893
1328	115	50	49
1329	115	51	50
1330	115	52	51
1331	115	53	52
1332	115	54	53
1333	115	55	54
1334	116	87	55
1335	117	86	56
1336	119	50	49
1337	119	51	50
1338	119	52	51
1339	119	53	52
1340	119	54	53
1341	119	55	54
1342	120	87	55
1343	121	86	56
1344	133	190	887
1345	133	194	888
1346	133	186	889
1347	133	187	890
1348	133	188	891
1349	133	189	892
1350	124	92	734
1351	124	8	735
1352	124	90	736
1353	124	9	737
1354	124	94	738
1355	124	2	739
1356	124	95	740
1357	124	26	741
1358	124	98	742
1359	124	99	743
1360	124	13	744
1361	124	101	745
1362	124	14	746
1363	124	15	747
1364	124	103	748
1365	124	105	749
1366	124	17	750
1367	124	107	751
1368	124	18	752
1369	124	110	753
1370	124	19	754
1371	124	20	755
1372	124	112	756
1373	124	89	757
1374	124	21	758
1375	124	22	759
1376	124	91	760
1377	124	23	761
1378	124	24	762
1379	124	25	763
1380	124	28	764
1381	124	29	765
1382	124	33	766
1383	124	3	767
1384	124	16	768
1385	124	36	769
1386	124	37	770
1387	124	38	771
1388	124	39	772
1389	124	40	773
1390	124	1	774
1391	124	4	775
1392	124	5	776
1393	124	6	777
1394	124	12	778
1395	124	34	779
1396	124	41	780
1397	124	11	781
1398	124	30	782
1399	124	32	783
1400	124	35	784
1401	124	43	785
1402	124	45	786
1403	124	10	787
1404	124	31	788
1405	124	42	789
1406	124	47	790
1407	124	27	791
1408	124	44	792
1409	124	48	793
1410	124	46	794
1411	124	49	795
1412	125	104	796
1413	125	106	797
1414	125	111	798
1415	125	88	799
1416	125	202	800
1417	125	204	801
1418	125	206	802
1419	125	208	803
1420	125	233	804
1421	126	97	805
1422	126	102	806
1423	126	113	807
1424	126	116	808
1425	126	96	809
1426	126	109	810
1427	126	115	811
1428	126	93	812
1429	126	114	813
1430	126	100	814
1431	126	118	815
1432	126	117	816
1433	126	108	817
1434	126	119	818
1435	126	120	819
1436	126	121	820
1437	127	122	821
1438	127	123	822
1439	127	124	823
1440	127	126	824
1441	127	129	825
1442	127	131	826
1443	127	134	827
1444	127	136	828
1445	127	139	829
1446	127	142	830
1447	127	144	831
1448	127	146	832
1449	127	166	833
1450	127	170	834
1451	127	171	835
1452	128	153	836
1453	128	155	837
1454	128	158	838
1455	128	161	839
1456	128	128	840
1457	128	133	841
1458	128	137	842
1459	128	141	843
1460	128	145	844
1461	128	149	845
1462	128	152	846
1463	129	156	847
1464	129	160	848
1465	130	164	849
1466	130	167	850
1467	130	132	851
1468	130	140	852
1469	130	147	853
1470	130	151	854
1471	130	159	855
1472	130	163	856
1473	130	169	857
1474	130	127	858
1475	130	138	859
1476	130	150	860
1477	131	168	861
1478	131	173	862
1479	131	135	863
1480	131	154	864
1481	131	172	865
1482	131	143	866
1483	131	157	867
1484	131	175	868
1485	131	148	869
1486	131	174	870
1487	131	130	871
1488	131	176	872
1489	131	165	873
1490	131	162	874
1491	131	177	875
1492	131	178	876
1493	131	179	877
1494	132	210	878
1495	132	181	879
1496	132	211	880
1497	132	212	881
1498	132	213	882
1499	132	214	883
1500	132	215	884
1501	132	216	885
1502	132	217	886
1503	181	407	894
1504	181	190	887
1505	181	194	888
1506	181	186	889
1507	181	187	890
1508	181	188	891
1509	181	189	892
1510	172	92	734
1511	172	8	735
1512	172	90	736
1513	172	9	737
1514	172	94	738
1515	172	2	739
1516	172	95	740
1517	172	26	741
1518	172	98	742
1519	172	99	743
1520	172	13	744
1521	172	101	745
1522	172	14	746
1523	172	15	747
1524	172	103	748
1525	172	105	749
1526	172	17	750
1527	172	107	751
1528	172	18	752
1529	172	110	753
1530	172	19	754
1531	172	20	755
1532	172	112	756
1533	172	89	757
1534	172	21	758
1535	172	22	759
1536	172	91	760
1537	172	23	761
1538	172	24	762
1539	172	25	763
1540	172	28	764
1541	172	29	765
1542	172	33	766
1543	172	3	767
1544	172	16	768
1545	172	36	769
1546	172	37	770
1547	172	38	771
1548	172	39	772
1549	172	40	773
1550	172	1	774
1551	172	4	775
1552	172	5	776
1553	172	6	777
1554	172	12	778
1555	172	34	779
1556	172	41	780
1557	172	11	781
1558	172	30	782
1559	172	32	783
1560	172	35	784
1561	172	43	785
1562	172	45	786
1563	172	10	787
1564	172	31	788
1565	172	42	789
1566	172	47	790
1567	172	27	791
1568	172	44	792
1569	172	48	793
1570	172	46	794
1571	172	49	795
1572	173	104	796
1573	173	106	797
1574	173	111	798
1575	173	88	799
1576	173	202	800
1577	173	204	801
1578	173	206	802
1579	173	208	803
1580	173	233	804
1581	174	97	805
1582	174	102	806
1583	174	113	807
1584	174	116	808
1585	174	96	809
1586	174	109	810
1587	174	115	811
1588	174	93	812
1589	174	114	813
1590	174	100	814
1591	174	118	815
1592	174	117	816
1593	174	108	817
1594	174	119	818
1595	174	120	819
1596	174	121	820
1597	175	122	821
1598	175	123	822
1599	175	124	823
1600	175	126	824
1601	175	129	825
1602	175	131	826
1603	175	134	827
1604	175	136	828
1605	175	139	829
1606	175	142	830
1607	175	144	831
1608	175	146	832
1609	175	166	833
1610	175	170	834
1611	175	171	835
1612	176	153	836
1613	176	155	837
1614	176	158	838
1615	176	161	839
1616	176	128	840
1617	176	133	841
1618	176	137	842
1619	176	141	843
1620	176	145	844
1621	176	149	845
1622	176	152	846
1623	177	156	847
1624	177	160	848
1625	178	164	849
1626	178	167	850
1627	178	132	851
1628	178	140	852
1629	178	147	853
1630	178	151	854
1631	178	159	855
1632	178	163	856
1633	178	169	857
1634	178	127	858
1635	178	138	859
1636	178	150	860
1637	179	168	861
1638	179	173	862
1639	179	135	863
1640	179	154	864
1641	179	172	865
1642	179	143	866
1643	179	157	867
1644	179	175	868
1645	179	148	869
1646	179	174	870
1647	179	130	871
1648	179	176	872
1649	179	165	873
1650	179	162	874
1651	179	177	875
1652	179	178	876
1653	179	179	877
1654	180	210	878
1655	180	181	879
1656	180	211	880
1657	180	212	881
1658	180	213	882
1659	180	214	883
1660	180	215	884
1661	180	216	885
1662	180	217	886
1663	193	407	895
1664	193	190	887
1665	193	194	888
1666	193	186	889
1667	193	187	890
1668	193	188	891
1669	193	189	892
1670	184	92	734
1671	184	8	735
1672	184	90	736
1673	184	9	737
1674	184	94	738
1675	184	2	739
1676	184	95	740
1677	184	26	741
1678	184	98	742
1679	184	99	743
1680	184	13	744
1681	184	101	745
1682	184	14	746
1683	184	15	747
1684	184	103	748
1685	184	105	749
1686	184	17	750
1687	184	107	751
1688	184	18	752
1689	184	110	753
1690	184	19	754
1691	184	20	755
1692	184	112	756
1693	184	89	757
1694	184	21	758
1695	184	22	759
1696	184	91	760
1697	184	23	761
1698	184	24	762
1699	184	25	763
1700	184	28	764
1701	184	29	765
1702	184	33	766
1703	184	3	767
1704	184	16	768
1705	184	36	769
1706	184	37	770
1707	184	38	771
1708	184	39	772
1709	184	40	773
1710	184	1	774
1711	184	4	775
1712	184	5	776
1713	184	6	777
1714	184	12	778
1715	184	34	779
1716	184	41	780
1717	184	11	781
1718	184	30	782
1719	184	32	783
1720	184	35	784
1721	184	43	785
1722	184	45	786
1723	184	10	787
1724	184	31	788
1725	184	42	789
1726	184	47	790
1727	184	27	791
1728	184	44	792
1729	184	48	793
1730	184	46	794
1731	184	49	795
1732	185	104	796
1733	185	106	797
1734	185	111	798
1735	185	88	799
1736	185	202	800
1737	185	204	801
1738	185	206	802
1739	185	208	803
1740	185	233	804
1741	186	97	805
1742	186	102	806
1743	186	113	807
1744	186	116	808
1745	186	96	809
1746	186	109	810
1747	186	115	811
1748	186	93	812
1749	186	114	813
1750	186	100	814
1751	186	118	815
1752	186	117	816
1753	186	108	817
1754	186	119	818
1755	186	120	819
1756	186	121	820
1757	187	122	821
1758	187	123	822
1759	187	124	823
1760	187	126	824
1761	187	129	825
1762	187	131	826
1763	187	134	827
1764	187	136	828
1765	187	139	829
1766	187	142	830
1767	187	144	831
1768	187	146	832
1769	187	166	833
1770	187	170	834
1771	187	171	835
1772	188	153	836
1773	188	155	837
1774	188	158	838
1775	188	161	839
1776	188	128	840
1777	188	133	841
1778	188	137	842
1779	188	141	843
1780	188	145	844
1781	188	149	845
1782	188	152	846
1783	189	156	847
1784	189	160	848
1785	190	164	849
1786	190	167	850
1787	190	132	851
1788	190	140	852
1789	190	147	853
1790	190	151	854
1791	190	159	855
1792	190	163	856
1793	190	169	857
1794	190	127	858
1795	190	138	859
1796	190	150	860
1797	191	168	861
1798	191	173	862
1799	191	135	863
1800	191	154	864
1801	191	172	865
1802	191	143	866
1803	191	157	867
1804	191	175	868
1805	191	148	869
1806	191	174	870
1807	191	130	871
1808	191	176	872
1809	191	165	873
1810	191	162	874
1811	191	177	875
1812	191	178	876
1813	191	179	877
1814	192	210	878
1815	192	181	879
1816	192	211	880
1817	192	212	881
1818	192	213	882
1819	192	214	883
1820	192	215	884
1821	192	216	885
1822	192	217	886
1823	205	190	887
1824	205	186	889
1825	205	187	890
1826	205	188	891
1827	205	189	892
1828	196	92	734
1829	196	8	735
1830	196	90	736
1831	196	9	737
1832	196	94	738
1833	196	2	739
1834	196	95	740
1835	196	26	741
1836	196	98	742
1837	196	99	743
1838	196	13	744
1839	196	101	745
1840	196	14	746
1841	196	15	747
1842	196	103	748
1843	196	105	749
1844	196	17	750
1845	196	107	751
1846	196	18	752
1847	196	110	753
1848	196	19	754
1849	196	20	755
1850	196	112	756
1851	196	89	757
1852	196	21	758
1853	196	22	759
1854	196	91	760
1855	196	23	761
1856	196	24	762
1857	196	25	763
1858	196	28	764
1859	196	29	765
1860	196	33	766
1861	196	3	767
1862	196	16	768
1863	196	36	769
1864	196	37	770
1865	196	38	771
1866	196	39	772
1867	196	40	773
1868	196	1	774
1869	196	4	775
1870	196	5	776
1871	196	6	777
1872	196	12	778
1873	196	34	779
1874	196	41	780
1875	196	11	781
1876	196	30	782
1877	196	32	783
1878	196	35	784
1879	196	43	785
1880	196	45	786
1881	196	10	787
1882	196	31	788
1883	196	42	789
1884	196	47	790
1885	196	27	791
1886	196	44	792
1887	196	48	793
1888	196	46	794
1889	196	49	795
1890	197	104	796
1891	197	106	797
1892	197	111	798
1893	197	88	799
1894	197	202	800
1895	197	204	801
1896	197	206	802
1897	197	208	803
1898	197	233	804
1899	198	97	805
1900	198	102	806
1901	198	113	807
1902	198	116	808
1903	198	96	809
1904	198	109	810
1905	198	115	811
1906	198	93	812
1907	198	114	813
1908	198	100	814
1909	198	118	815
1910	198	117	816
1911	198	108	817
1912	198	119	818
1913	198	120	819
1914	198	121	820
1915	199	122	821
1916	199	123	822
1917	199	124	823
1918	199	126	824
1919	199	129	825
1920	199	131	826
1921	199	134	827
1922	199	136	828
1923	199	139	829
1924	199	142	830
1925	199	144	831
1926	199	146	832
1927	199	166	833
1928	199	170	834
1929	199	171	835
1930	200	153	836
1931	200	155	837
1932	200	158	838
1933	200	161	839
1934	200	128	840
1935	200	133	841
1936	200	137	842
1937	200	141	843
1938	200	145	844
1939	200	149	845
1940	200	152	846
1941	201	156	847
1942	201	160	848
1943	202	164	849
1944	202	167	850
1945	202	132	851
1946	202	140	852
1947	202	147	853
1948	202	151	854
1949	202	159	855
1950	202	163	856
1951	202	169	857
1952	202	127	858
1953	202	138	859
1954	202	150	860
1955	203	168	861
1956	203	173	862
1957	203	135	863
1958	203	154	864
1959	203	172	865
1960	203	143	866
1961	203	157	867
1962	203	175	868
1963	203	148	869
1964	203	174	870
1965	203	130	871
1966	203	176	872
1967	203	165	873
1968	203	162	874
1969	203	177	875
1970	203	178	876
1971	203	179	877
1972	204	210	878
1973	204	181	879
1974	204	211	880
1975	204	212	881
1976	204	213	882
1977	204	214	883
1978	204	215	884
1979	204	216	885
1980	204	217	886
1981	208	184	183
1982	209	185	184
1983	209	191	190
1984	208	192	191
1985	208	193	192
1986	209	195	194
1987	209	196	195
1988	208	197	196
1989	209	198	197
1990	209	199	198
1991	209	200	199
1992	208	201	200
1993	208	203	202
1994	208	205	204
1995	209	207	206
1996	209	209	208
1997	209	218	217
1998	209	220	219
1999	209	221	220
2000	209	223	222
2001	209	224	223
2002	209	225	224
2003	209	226	225
2004	209	227	226
2005	209	228	227
2006	209	229	228
2007	209	230	229
2008	209	231	230
2009	209	232	231
2010	209	234	233
2011	208	235	234
2012	210	236	235
2013	212	237	236
2014	208	238	237
2015	208	239	238
2016	208	240	239
2017	208	241	240
2018	208	242	241
2019	208	243	242
2020	208	244	243
2021	208	245	244
2022	208	246	245
2023	210	247	246
2024	209	248	247
2025	210	249	248
2026	212	250	249
2027	209	251	250
2028	210	252	251
2029	209	253	252
2030	212	254	253
2031	210	255	254
2032	210	256	255
2033	209	257	256
2034	209	258	257
2035	210	259	258
2036	209	260	259
2037	212	261	260
2038	210	262	261
2039	210	263	262
2040	210	264	263
2041	210	265	264
2042	212	266	265
2043	210	267	266
2044	210	268	267
2045	211	269	268
2046	212	270	269
2047	210	271	270
2048	212	272	271
2049	211	273	272
2050	210	274	273
2051	212	275	274
2052	212	276	275
2053	210	277	276
2054	211	278	277
2055	210	279	278
2056	212	280	279
2057	211	281	280
2058	212	282	281
2059	212	283	282
2060	212	284	283
2061	212	285	284
2062	212	286	285
2063	212	287	286
2064	212	288	287
2065	212	289	288
2066	213	290	289
2067	213	291	290
2068	213	292	291
2069	213	293	292
2070	213	294	293
2071	213	296	295
2072	215	297	296
2073	214	298	297
2074	213	299	298
2075	213	300	299
2076	214	301	300
2077	213	302	301
2078	215	304	303
2079	213	305	304
2080	214	306	305
2081	213	307	306
2082	214	309	308
2083	208	310	309
2084	214	312	311
2085	214	314	313
2086	215	317	316
2087	215	319	318
2088	213	320	319
2089	213	321	320
2090	213	322	321
2091	213	323	322
2092	213	324	323
2093	213	325	324
2094	213	327	326
2095	215	329	328
2096	214	330	329
2097	215	334	333
2098	215	336	335
2099	217	184	183
2100	218	185	184
2101	218	191	190
2102	217	192	191
2103	217	193	192
2104	218	195	194
2105	218	196	195
2106	217	197	196
2107	218	198	197
2108	218	199	198
2109	218	200	199
2110	217	201	200
2111	217	203	202
2112	217	205	204
2113	218	207	206
2114	218	209	208
2115	218	218	217
2116	218	220	219
2117	218	221	220
2118	218	223	222
2119	218	224	223
2120	218	225	224
2121	218	226	225
2122	218	227	226
2123	218	228	227
2124	218	229	228
2125	218	230	229
2126	218	231	230
2127	218	232	231
2128	218	234	233
2129	217	235	234
2130	219	236	235
2131	221	237	236
2132	217	238	237
2133	217	239	238
2134	217	240	239
2135	217	241	240
2136	217	242	241
2137	217	243	242
2138	217	244	243
2139	217	245	244
2140	217	246	245
2141	219	247	246
2142	218	248	247
2143	219	249	248
2144	221	250	249
2145	218	251	250
2146	219	252	251
2147	218	253	252
2148	221	254	253
2149	219	255	254
2150	219	256	255
2151	218	257	256
2152	218	258	257
2153	219	259	258
2154	218	260	259
2155	221	261	260
2156	219	262	261
2157	219	263	262
2158	219	264	263
2159	219	265	264
2160	221	266	265
2161	219	267	266
2162	219	268	267
2163	220	269	268
2164	221	270	269
2165	219	271	270
2166	221	272	271
2167	220	273	272
2168	219	274	273
2169	221	275	274
2170	221	276	275
2171	219	277	276
2172	220	278	277
2173	219	279	278
2174	221	280	279
2175	220	281	280
2176	221	282	281
2177	221	283	282
2178	221	284	283
2179	221	285	284
2180	221	286	285
2181	221	287	286
2182	221	288	287
2183	221	289	288
2184	222	290	289
2185	222	291	290
2186	222	292	291
2187	222	293	292
2188	222	294	293
2189	222	296	295
2190	224	297	296
2191	223	298	297
2192	222	299	298
2193	222	300	299
2194	223	301	300
2195	222	302	301
2196	224	304	303
2197	222	305	304
2198	223	306	305
2199	222	307	306
2200	223	309	308
2201	217	310	309
2202	223	312	311
2203	223	314	313
2204	224	317	316
2205	224	319	318
2206	222	320	319
2207	222	321	320
2208	222	322	321
2209	222	323	322
2210	222	324	323
2211	222	325	324
2212	222	327	326
2213	224	329	328
2214	223	330	329
2215	224	334	333
2216	224	336	335
\.


--
-- Name: activation_code_id_seq; Type: SEQUENCE SET; Schema: public; Owner: dev_service_user
--

SELECT pg_catalog.setval('public.activation_code_id_seq', 140, true);


--
-- Name: activity_id_seq; Type: SEQUENCE SET; Schema: public; Owner: dev_service_user
--

SELECT pg_catalog.setval('public.activity_id_seq', 6, true);


--
-- Name: activity_session_id_seq; Type: SEQUENCE SET; Schema: public; Owner: dev_service_user
--

SELECT pg_catalog.setval('public.activity_session_id_seq', 712, true);


--
-- Name: activity_streak_id_seq; Type: SEQUENCE SET; Schema: public; Owner: dev_service_user
--

SELECT pg_catalog.setval('public.activity_streak_id_seq', 45, true);


--
-- Name: answer_data_id_seq; Type: SEQUENCE SET; Schema: public; Owner: dev_service_user
--

SELECT pg_catalog.setval('public.answer_data_id_seq', 2123, true);


--
-- Name: answer_given_answer_bridge_id_seq; Type: SEQUENCE SET; Schema: public; Owner: dev_service_user
--

SELECT pg_catalog.setval('public.answer_given_answer_bridge_id_seq', 1504, true);


--
-- Name: answer_id_seq; Type: SEQUENCE SET; Schema: public; Owner: dev_service_user
--

SELECT pg_catalog.setval('public.answer_id_seq', 2123, true);


--
-- Name: answer_session_id_seq; Type: SEQUENCE SET; Schema: public; Owner: dev_service_user
--

SELECT pg_catalog.setval('public.answer_session_id_seq', 423, true);


--
-- Name: answer_version_id_seq; Type: SEQUENCE SET; Schema: public; Owner: dev_service_user
--

SELECT pg_catalog.setval('public.answer_version_id_seq', 11717, true);


--
-- Name: coin_transaction_id_seq; Type: SEQUENCE SET; Schema: public; Owner: dev_service_user
--

SELECT pg_catalog.setval('public.coin_transaction_id_seq', 213, true);


--
-- Name: comment_id_seq; Type: SEQUENCE SET; Schema: public; Owner: dev_service_user
--

SELECT pg_catalog.setval('public.comment_id_seq', 5, true);


--
-- Name: company_id_seq; Type: SEQUENCE SET; Schema: public; Owner: dev_service_user
--

SELECT pg_catalog.setval('public.company_id_seq', 4, true);


--
-- Name: company_owner_bridge_id_seq; Type: SEQUENCE SET; Schema: public; Owner: dev_service_user
--

SELECT pg_catalog.setval('public.company_owner_bridge_id_seq', 2, true);


--
-- Name: constant_value_id_seq; Type: SEQUENCE SET; Schema: public; Owner: dev_service_user
--

SELECT pg_catalog.setval('public.constant_value_id_seq', 1, true);


--
-- Name: course_access_bridge_id_seq; Type: SEQUENCE SET; Schema: public; Owner: dev_service_user
--

SELECT pg_catalog.setval('public.course_access_bridge_id_seq', 15, true);


--
-- Name: course_category_id_seq; Type: SEQUENCE SET; Schema: public; Owner: dev_service_user
--

SELECT pg_catalog.setval('public.course_category_id_seq', 64, true);


--
-- Name: course_completion_id_seq; Type: SEQUENCE SET; Schema: public; Owner: dev_service_user
--

SELECT pg_catalog.setval('public.course_completion_id_seq', 1, false);


--
-- Name: course_data_id_seq; Type: SEQUENCE SET; Schema: public; Owner: dev_service_user
--

SELECT pg_catalog.setval('public.course_data_id_seq', 11, true);


--
-- Name: course_id_seq; Type: SEQUENCE SET; Schema: public; Owner: dev_service_user
--

SELECT pg_catalog.setval('public.course_id_seq', 11, true);


--
-- Name: course_item_completion_id_seq; Type: SEQUENCE SET; Schema: public; Owner: dev_service_user
--

SELECT pg_catalog.setval('public.course_item_completion_id_seq', 68, true);


--
-- Name: course_rating_group_id_seq; Type: SEQUENCE SET; Schema: public; Owner: dev_service_user
--

SELECT pg_catalog.setval('public.course_rating_group_id_seq', 4, true);


--
-- Name: course_rating_question_id_seq; Type: SEQUENCE SET; Schema: public; Owner: dev_service_user
--

SELECT pg_catalog.setval('public.course_rating_question_id_seq', 9, true);


--
-- Name: course_rating_question_user_answer_id_seq; Type: SEQUENCE SET; Schema: public; Owner: dev_service_user
--

SELECT pg_catalog.setval('public.course_rating_question_user_answer_id_seq', 1, false);


--
-- Name: course_version_id_seq; Type: SEQUENCE SET; Schema: public; Owner: dev_service_user
--

SELECT pg_catalog.setval('public.course_version_id_seq', 30, true);


--
-- Name: daily_tip_id_seq; Type: SEQUENCE SET; Schema: public; Owner: dev_service_user
--

SELECT pg_catalog.setval('public.daily_tip_id_seq', 1, true);


--
-- Name: daily_tip_occurrence_id_seq; Type: SEQUENCE SET; Schema: public; Owner: dev_service_user
--

SELECT pg_catalog.setval('public.daily_tip_occurrence_id_seq', 10, true);


--
-- Name: discount_code_id_seq; Type: SEQUENCE SET; Schema: public; Owner: dev_service_user
--

SELECT pg_catalog.setval('public.discount_code_id_seq', 4, true);


--
-- Name: event_id_seq; Type: SEQUENCE SET; Schema: public; Owner: dev_service_user
--

SELECT pg_catalog.setval('public.event_id_seq', 1, false);


--
-- Name: exam_completion_id_seq; Type: SEQUENCE SET; Schema: public; Owner: dev_service_user
--

SELECT pg_catalog.setval('public.exam_completion_id_seq', 118, true);


--
-- Name: exam_data_id_seq; Type: SEQUENCE SET; Schema: public; Owner: dev_service_user
--

SELECT pg_catalog.setval('public.exam_data_id_seq', 67, true);


--
-- Name: exam_id_seq; Type: SEQUENCE SET; Schema: public; Owner: dev_service_user
--

SELECT pg_catalog.setval('public.exam_id_seq', 36, true);


--
-- Name: exam_version_id_seq; Type: SEQUENCE SET; Schema: public; Owner: dev_service_user
--

SELECT pg_catalog.setval('public.exam_version_id_seq', 152, true);


--
-- Name: given_answer_id_seq; Type: SEQUENCE SET; Schema: public; Owner: dev_service_user
--

SELECT pg_catalog.setval('public.given_answer_id_seq', 1492, true);


--
-- Name: given_answer_streak_id_seq; Type: SEQUENCE SET; Schema: public; Owner: dev_service_user
--

SELECT pg_catalog.setval('public.given_answer_streak_id_seq', 8, true);


--
-- Name: group_id_seq; Type: SEQUENCE SET; Schema: public; Owner: dev_service_user
--

SELECT pg_catalog.setval('public.group_id_seq', 1, false);


--
-- Name: job_title_id_seq; Type: SEQUENCE SET; Schema: public; Owner: dev_service_user
--

SELECT pg_catalog.setval('public.job_title_id_seq', 26, true);


--
-- Name: like_id_seq; Type: SEQUENCE SET; Schema: public; Owner: dev_service_user
--

SELECT pg_catalog.setval('public.like_id_seq', 1, false);


--
-- Name: module_data_id_seq; Type: SEQUENCE SET; Schema: public; Owner: dev_service_user
--

SELECT pg_catalog.setval('public.module_data_id_seq', 42, true);


--
-- Name: module_id_seq; Type: SEQUENCE SET; Schema: public; Owner: dev_service_user
--

SELECT pg_catalog.setval('public.module_id_seq', 43, true);


--
-- Name: module_version_id_seq; Type: SEQUENCE SET; Schema: public; Owner: dev_service_user
--

SELECT pg_catalog.setval('public.module_version_id_seq', 224, true);


--
-- Name: organization_id_seq; Type: SEQUENCE SET; Schema: public; Owner: dev_service_user
--

SELECT pg_catalog.setval('public.organization_id_seq', 2, true);


--
-- Name: permission_assignment_bridge_id_seq; Type: SEQUENCE SET; Schema: public; Owner: dev_service_user
--

SELECT pg_catalog.setval('public.permission_assignment_bridge_id_seq', 52, true);


--
-- Name: permission_id_seq; Type: SEQUENCE SET; Schema: public; Owner: dev_service_user
--

SELECT pg_catalog.setval('public.permission_id_seq', 49, true);


--
-- Name: personality_trait_category_id_seq; Type: SEQUENCE SET; Schema: public; Owner: dev_service_user
--

SELECT pg_catalog.setval('public.personality_trait_category_id_seq', 5, true);


--
-- Name: prequiz_answer_id_seq; Type: SEQUENCE SET; Schema: public; Owner: dev_service_user
--

SELECT pg_catalog.setval('public.prequiz_answer_id_seq', 4, true);


--
-- Name: prequiz_completion_id_seq; Type: SEQUENCE SET; Schema: public; Owner: dev_service_user
--

SELECT pg_catalog.setval('public.prequiz_completion_id_seq', 131, true);


--
-- Name: prequiz_question_id_seq; Type: SEQUENCE SET; Schema: public; Owner: dev_service_user
--

SELECT pg_catalog.setval('public.prequiz_question_id_seq', 3, true);


--
-- Name: prequiz_user_answer_id_seq; Type: SEQUENCE SET; Schema: public; Owner: dev_service_user
--

SELECT pg_catalog.setval('public.prequiz_user_answer_id_seq', 121, true);


--
-- Name: question_data_id_seq; Type: SEQUENCE SET; Schema: public; Owner: dev_service_user
--

SELECT pg_catalog.setval('public.question_data_id_seq', 555, true);


--
-- Name: question_id_seq; Type: SEQUENCE SET; Schema: public; Owner: dev_service_user
--

SELECT pg_catalog.setval('public.question_id_seq', 553, true);


--
-- Name: question_type_id_seq; Type: SEQUENCE SET; Schema: public; Owner: dev_service_user
--

SELECT pg_catalog.setval('public.question_type_id_seq', 2, true);


--
-- Name: question_version_id_seq; Type: SEQUENCE SET; Schema: public; Owner: dev_service_user
--

SELECT pg_catalog.setval('public.question_version_id_seq', 2971, true);


--
-- Name: role_activity_bridge_id_seq; Type: SEQUENCE SET; Schema: public; Owner: dev_service_user
--

SELECT pg_catalog.setval('public.role_activity_bridge_id_seq', 1, true);


--
-- Name: role_assignment_bridge_id_seq; Type: SEQUENCE SET; Schema: public; Owner: dev_service_user
--

SELECT pg_catalog.setval('public.role_assignment_bridge_id_seq', 36, true);


--
-- Name: role_id_seq; Type: SEQUENCE SET; Schema: public; Owner: dev_service_user
--

SELECT pg_catalog.setval('public.role_id_seq', 5, true);


--
-- Name: role_permission_bridge_id_seq; Type: SEQUENCE SET; Schema: public; Owner: dev_service_user
--

SELECT pg_catalog.setval('public.role_permission_bridge_id_seq', 14, true);


--
-- Name: shop_item_category_id_seq; Type: SEQUENCE SET; Schema: public; Owner: dev_service_user
--

SELECT pg_catalog.setval('public.shop_item_category_id_seq', 6, true);


--
-- Name: shop_item_id_seq; Type: SEQUENCE SET; Schema: public; Owner: dev_service_user
--

SELECT pg_catalog.setval('public.shop_item_id_seq', 7, true);


--
-- Name: storage_file_id_seq; Type: SEQUENCE SET; Schema: public; Owner: dev_service_user
--

SELECT pg_catalog.setval('public.storage_file_id_seq', 507, true);


--
-- Name: task_id_seq; Type: SEQUENCE SET; Schema: public; Owner: dev_service_user
--

SELECT pg_catalog.setval('public.task_id_seq', 1, false);


--
-- Name: teacher_info_id_seq; Type: SEQUENCE SET; Schema: public; Owner: dev_service_user
--

SELECT pg_catalog.setval('public.teacher_info_id_seq', 1, true);


--
-- Name: tempomat_adjustment_value_id_seq; Type: SEQUENCE SET; Schema: public; Owner: dev_service_user
--

SELECT pg_catalog.setval('public.tempomat_adjustment_value_id_seq', 8, true);


--
-- Name: user_comment_bridge_id_seq; Type: SEQUENCE SET; Schema: public; Owner: dev_service_user
--

SELECT pg_catalog.setval('public.user_comment_bridge_id_seq', 36, true);


--
-- Name: user_course_access_bridge_id_seq; Type: SEQUENCE SET; Schema: public; Owner: dev_service_user
--

SELECT pg_catalog.setval('public.user_course_access_bridge_id_seq', 1, false);


--
-- Name: user_course_bridge_id_seq; Type: SEQUENCE SET; Schema: public; Owner: dev_service_user
--

SELECT pg_catalog.setval('public.user_course_bridge_id_seq', 40, true);


--
-- Name: user_exam_progress_bridge_id_seq; Type: SEQUENCE SET; Schema: public; Owner: dev_service_user
--

SELECT pg_catalog.setval('public.user_exam_progress_bridge_id_seq', 1, false);


--
-- Name: user_id_seq; Type: SEQUENCE SET; Schema: public; Owner: dev_service_user
--

SELECT pg_catalog.setval('public.user_id_seq', 48, true);


--
-- Name: user_session_activity_id_seq; Type: SEQUENCE SET; Schema: public; Owner: dev_service_user
--

SELECT pg_catalog.setval('public.user_session_activity_id_seq', 2098, true);


--
-- Name: user_video_progress_bridge_id_seq; Type: SEQUENCE SET; Schema: public; Owner: dev_service_user
--

SELECT pg_catalog.setval('public.user_video_progress_bridge_id_seq', 50, true);


--
-- Name: video_completion_id_seq; Type: SEQUENCE SET; Schema: public; Owner: dev_service_user
--

SELECT pg_catalog.setval('public.video_completion_id_seq', 29, true);


--
-- Name: video_data_id_seq; Type: SEQUENCE SET; Schema: public; Owner: dev_service_user
--

SELECT pg_catalog.setval('public.video_data_id_seq', 895, true);


--
-- Name: video_id_seq; Type: SEQUENCE SET; Schema: public; Owner: dev_service_user
--

SELECT pg_catalog.setval('public.video_id_seq', 407, true);


--
-- Name: video_playback_sample_id_seq; Type: SEQUENCE SET; Schema: public; Owner: dev_service_user
--

SELECT pg_catalog.setval('public.video_playback_sample_id_seq', 502, true);


--
-- Name: video_playback_session_id_seq; Type: SEQUENCE SET; Schema: public; Owner: dev_service_user
--

SELECT pg_catalog.setval('public.video_playback_session_id_seq', 147, true);


--
-- Name: video_rating_id_seq; Type: SEQUENCE SET; Schema: public; Owner: dev_service_user
--

SELECT pg_catalog.setval('public.video_rating_id_seq', 2, true);


--
-- Name: video_seek_event_id_seq; Type: SEQUENCE SET; Schema: public; Owner: dev_service_user
--

SELECT pg_catalog.setval('public.video_seek_event_id_seq', 13, true);


--
-- Name: video_version_id_seq; Type: SEQUENCE SET; Schema: public; Owner: dev_service_user
--

SELECT pg_catalog.setval('public.video_version_id_seq', 2216, true);


--
-- Name: coin_transaction PK_038fe0990ab9f6c09993c7761ea; Type: CONSTRAINT; Schema: public; Owner: dev_service_user
--

ALTER TABLE ONLY public.coin_transaction
    ADD CONSTRAINT "PK_038fe0990ab9f6c09993c7761ea" PRIMARY KEY (id);


--
-- Name: company PK_056f7854a7afdba7cbd6d45fc20; Type: CONSTRAINT; Schema: public; Owner: dev_service_user
--

ALTER TABLE ONLY public.company
    ADD CONSTRAINT "PK_056f7854a7afdba7cbd6d45fc20" PRIMARY KEY (id);


--
-- Name: comment PK_0b0e4bbc8415ec426f87f3a88e2; Type: CONSTRAINT; Schema: public; Owner: dev_service_user
--

ALTER TABLE ONLY public.comment
    ADD CONSTRAINT "PK_0b0e4bbc8415ec426f87f3a88e2" PRIMARY KEY (id);


--
-- Name: user_exam_progress_bridge PK_0c20581a9391df7a846e274ffa7; Type: CONSTRAINT; Schema: public; Owner: dev_service_user
--

ALTER TABLE ONLY public.user_exam_progress_bridge
    ADD CONSTRAINT "PK_0c20581a9391df7a846e274ffa7" PRIMARY KEY (id);


--
-- Name: module PK_0e20d657f968b051e674fbe3117; Type: CONSTRAINT; Schema: public; Owner: dev_service_user
--

ALTER TABLE ONLY public.module
    ADD CONSTRAINT "PK_0e20d657f968b051e674fbe3117" PRIMARY KEY (id);


--
-- Name: video PK_1a2f3856250765d72e7e1636c8e; Type: CONSTRAINT; Schema: public; Owner: dev_service_user
--

ALTER TABLE ONLY public.video
    ADD CONSTRAINT "PK_1a2f3856250765d72e7e1636c8e" PRIMARY KEY (id);


--
-- Name: question PK_21e5786aa0ea704ae185a79b2d5; Type: CONSTRAINT; Schema: public; Owner: dev_service_user
--

ALTER TABLE ONLY public.question
    ADD CONSTRAINT "PK_21e5786aa0ea704ae185a79b2d5" PRIMARY KEY (id);


--
-- Name: answer_version PK_238bd364764c20ade583024eee2; Type: CONSTRAINT; Schema: public; Owner: dev_service_user
--

ALTER TABLE ONLY public.answer_version
    ADD CONSTRAINT "PK_238bd364764c20ade583024eee2" PRIMARY KEY (id);


--
-- Name: activity PK_24625a1d6b1b089c8ae206fe467; Type: CONSTRAINT; Schema: public; Owner: dev_service_user
--

ALTER TABLE ONLY public.activity
    ADD CONSTRAINT "PK_24625a1d6b1b089c8ae206fe467" PRIMARY KEY (id);


--
-- Name: group PK_256aa0fda9b1de1a73ee0b7106b; Type: CONSTRAINT; Schema: public; Owner: dev_service_user
--

ALTER TABLE ONLY public."group"
    ADD CONSTRAINT "PK_256aa0fda9b1de1a73ee0b7106b" PRIMARY KEY (id);


--
-- Name: course_category PK_2f133fd8aa7a4d85ff7cd6f7c98; Type: CONSTRAINT; Schema: public; Owner: dev_service_user
--

ALTER TABLE ONLY public.course_category
    ADD CONSTRAINT "PK_2f133fd8aa7a4d85ff7cd6f7c98" PRIMARY KEY (id);


--
-- Name: event PK_30c2f3bbaf6d34a55f8ae6e4614; Type: CONSTRAINT; Schema: public; Owner: dev_service_user
--

ALTER TABLE ONLY public.event
    ADD CONSTRAINT "PK_30c2f3bbaf6d34a55f8ae6e4614" PRIMARY KEY (id);


--
-- Name: video_seek_event PK_30e9a941bf9c1664bf982eaaba7; Type: CONSTRAINT; Schema: public; Owner: dev_service_user
--

ALTER TABLE ONLY public.video_seek_event
    ADD CONSTRAINT "PK_30e9a941bf9c1664bf982eaaba7" PRIMARY KEY (id);


--
-- Name: daily_tip_occurrence PK_34b67b656a8e5715ed8b21dd105; Type: CONSTRAINT; Schema: public; Owner: dev_service_user
--

ALTER TABLE ONLY public.daily_tip_occurrence
    ADD CONSTRAINT "PK_34b67b656a8e5715ed8b21dd105" PRIMARY KEY (id);


--
-- Name: exam_completion PK_35dd65f4e91ccfa804d1fe47715; Type: CONSTRAINT; Schema: public; Owner: dev_service_user
--

ALTER TABLE ONLY public.exam_completion
    ADD CONSTRAINT "PK_35dd65f4e91ccfa804d1fe47715" PRIMARY KEY (id);


--
-- Name: video_data PK_38ad8cfd2dcc44b6e25ac799436; Type: CONSTRAINT; Schema: public; Owner: dev_service_user
--

ALTER TABLE ONLY public.video_data
    ADD CONSTRAINT "PK_38ad8cfd2dcc44b6e25ac799436" PRIMARY KEY (id);


--
-- Name: video_playback_sample PK_3a66bedec0a94f4052ba335adc7; Type: CONSTRAINT; Schema: public; Owner: dev_service_user
--

ALTER TABLE ONLY public.video_playback_sample
    ADD CONSTRAINT "PK_3a66bedec0a94f4052ba335adc7" PRIMARY KEY (id);


--
-- Name: prequiz_question PK_3b240041e1379fc1b8d67246788; Type: CONSTRAINT; Schema: public; Owner: dev_service_user
--

ALTER TABLE ONLY public.prequiz_question
    ADD CONSTRAINT "PK_3b240041e1379fc1b8d67246788" PRIMARY KEY (id);


--
-- Name: permission PK_3b8b97af9d9d8807e41e6f48362; Type: CONSTRAINT; Schema: public; Owner: dev_service_user
--

ALTER TABLE ONLY public.permission
    ADD CONSTRAINT "PK_3b8b97af9d9d8807e41e6f48362" PRIMARY KEY (id);


--
-- Name: shop_item PK_45ef796043f3b27975c32d94d20; Type: CONSTRAINT; Schema: public; Owner: dev_service_user
--

ALTER TABLE ONLY public.shop_item
    ADD CONSTRAINT "PK_45ef796043f3b27975c32d94d20" PRIMARY KEY (id);


--
-- Name: organization PK_472c1f99a32def1b0abb219cd67; Type: CONSTRAINT; Schema: public; Owner: dev_service_user
--

ALTER TABLE ONLY public.organization
    ADD CONSTRAINT "PK_472c1f99a32def1b0abb219cd67" PRIMARY KEY (id);


--
-- Name: prequiz_answer PK_4829330aad1b16d27f8b9997e00; Type: CONSTRAINT; Schema: public; Owner: dev_service_user
--

ALTER TABLE ONLY public.prequiz_answer
    ADD CONSTRAINT "PK_4829330aad1b16d27f8b9997e00" PRIMARY KEY (id);


--
-- Name: course_rating_question_user_answer PK_49a8d43872a01bca448fa41b0a4; Type: CONSTRAINT; Schema: public; Owner: dev_service_user
--

ALTER TABLE ONLY public.course_rating_question_user_answer
    ADD CONSTRAINT "PK_49a8d43872a01bca448fa41b0a4" PRIMARY KEY (id);


--
-- Name: video_version PK_4ef500245c6c67c160a88c9bda6; Type: CONSTRAINT; Schema: public; Owner: dev_service_user
--

ALTER TABLE ONLY public.video_version
    ADD CONSTRAINT "PK_4ef500245c6c67c160a88c9bda6" PRIMARY KEY (id);


--
-- Name: discount_code PK_5119d6f26e6b4c536fd3c67a37d; Type: CONSTRAINT; Schema: public; Owner: dev_service_user
--

ALTER TABLE ONLY public.discount_code
    ADD CONSTRAINT "PK_5119d6f26e6b4c536fd3c67a37d" PRIMARY KEY (id);


--
-- Name: question_version PK_536fa313bdfc73a7694128dcf6e; Type: CONSTRAINT; Schema: public; Owner: dev_service_user
--

ALTER TABLE ONLY public.question_version
    ADD CONSTRAINT "PK_536fa313bdfc73a7694128dcf6e" PRIMARY KEY (id);


--
-- Name: exam PK_56071ab3a94aeac01f1b5ab74aa; Type: CONSTRAINT; Schema: public; Owner: dev_service_user
--

ALTER TABLE ONLY public.exam
    ADD CONSTRAINT "PK_56071ab3a94aeac01f1b5ab74aa" PRIMARY KEY (id);


--
-- Name: course_completion PK_5ade1b56cc27f706a23f9ea9b9b; Type: CONSTRAINT; Schema: public; Owner: dev_service_user
--

ALTER TABLE ONLY public.course_completion
    ADD CONSTRAINT "PK_5ade1b56cc27f706a23f9ea9b9b" PRIMARY KEY (id);


--
-- Name: answer_session PK_5af1cd1e18b4f118aa3a4b88eb2; Type: CONSTRAINT; Schema: public; Owner: dev_service_user
--

ALTER TABLE ONLY public.answer_session
    ADD CONSTRAINT "PK_5af1cd1e18b4f118aa3a4b88eb2" PRIMARY KEY (id);


--
-- Name: user_course_bridge PK_5f81a6443cb0c93ce412e60e1f6; Type: CONSTRAINT; Schema: public; Owner: dev_service_user
--

ALTER TABLE ONLY public.user_course_bridge
    ADD CONSTRAINT "PK_5f81a6443cb0c93ce412e60e1f6" PRIMARY KEY (id);


--
-- Name: course_item_completion PK_61afc1dcf63311c7d973da04bb0; Type: CONSTRAINT; Schema: public; Owner: dev_service_user
--

ALTER TABLE ONLY public.course_item_completion
    ADD CONSTRAINT "PK_61afc1dcf63311c7d973da04bb0" PRIMARY KEY (id);


--
-- Name: role_permission_bridge PK_64510f11e459e0c9a6af4697def; Type: CONSTRAINT; Schema: public; Owner: dev_service_user
--

ALTER TABLE ONLY public.role_permission_bridge
    ADD CONSTRAINT "PK_64510f11e459e0c9a6af4697def" PRIMARY KEY (id);


--
-- Name: course_data PK_68cb1e7ca04db2c90478a9e1035; Type: CONSTRAINT; Schema: public; Owner: dev_service_user
--

ALTER TABLE ONLY public.course_data
    ADD CONSTRAINT "PK_68cb1e7ca04db2c90478a9e1035" PRIMARY KEY (id);


--
-- Name: answer_given_answer_bridge PK_695ad47b4441b863a6cd4c24a63; Type: CONSTRAINT; Schema: public; Owner: dev_service_user
--

ALTER TABLE ONLY public.answer_given_answer_bridge
    ADD CONSTRAINT "PK_695ad47b4441b863a6cd4c24a63" PRIMARY KEY (id);


--
-- Name: company_owner_bridge PK_6a3e34c630e14bb83843b10dafe; Type: CONSTRAINT; Schema: public; Owner: dev_service_user
--

ALTER TABLE ONLY public.company_owner_bridge
    ADD CONSTRAINT "PK_6a3e34c630e14bb83843b10dafe" PRIMARY KEY (id);


--
-- Name: exam_version PK_740c0199e275eb3e1ea36a09455; Type: CONSTRAINT; Schema: public; Owner: dev_service_user
--

ALTER TABLE ONLY public.exam_version
    ADD CONSTRAINT "PK_740c0199e275eb3e1ea36a09455" PRIMARY KEY (id);


--
-- Name: personality_trait_category PK_7c63db6ffab844012558ac42e93; Type: CONSTRAINT; Schema: public; Owner: dev_service_user
--

ALTER TABLE ONLY public.personality_trait_category
    ADD CONSTRAINT "PK_7c63db6ffab844012558ac42e93" PRIMARY KEY (id);


--
-- Name: course_access_bridge PK_7e6f19608acfee5e1c3226d723e; Type: CONSTRAINT; Schema: public; Owner: dev_service_user
--

ALTER TABLE ONLY public.course_access_bridge
    ADD CONSTRAINT "PK_7e6f19608acfee5e1c3226d723e" PRIMARY KEY (id);


--
-- Name: module_data PK_887dc731d316d95362bf0e46abf; Type: CONSTRAINT; Schema: public; Owner: dev_service_user
--

ALTER TABLE ONLY public.module_data
    ADD CONSTRAINT "PK_887dc731d316d95362bf0e46abf" PRIMARY KEY (id);


--
-- Name: activation_code PK_88ca3a5670491a970e48567065b; Type: CONSTRAINT; Schema: public; Owner: dev_service_user
--

ALTER TABLE ONLY public.activation_code
    ADD CONSTRAINT "PK_88ca3a5670491a970e48567065b" PRIMARY KEY (id);


--
-- Name: question_type PK_8ee0ca6ea5ac1770d54b7ff5ca4; Type: CONSTRAINT; Schema: public; Owner: dev_service_user
--

ALTER TABLE ONLY public.question_type
    ADD CONSTRAINT "PK_8ee0ca6ea5ac1770d54b7ff5ca4" PRIMARY KEY (id);


--
-- Name: answer PK_9232db17b63fb1e94f97e5c224f; Type: CONSTRAINT; Schema: public; Owner: dev_service_user
--

ALTER TABLE ONLY public.answer
    ADD CONSTRAINT "PK_9232db17b63fb1e94f97e5c224f" PRIMARY KEY (id);


--
-- Name: teacher_info PK_9737bae5294883e305acd78c4cc; Type: CONSTRAINT; Schema: public; Owner: dev_service_user
--

ALTER TABLE ONLY public.teacher_info
    ADD CONSTRAINT "PK_9737bae5294883e305acd78c4cc" PRIMARY KEY (id);


--
-- Name: module_version PK_980f26dd3aaba44386ab0cef6d2; Type: CONSTRAINT; Schema: public; Owner: dev_service_user
--

ALTER TABLE ONLY public.module_version
    ADD CONSTRAINT "PK_980f26dd3aaba44386ab0cef6d2" PRIMARY KEY (id);


--
-- Name: user_course_access_bridge PK_9db569a3c583f6caa0fce6ac976; Type: CONSTRAINT; Schema: public; Owner: dev_service_user
--

ALTER TABLE ONLY public.user_course_access_bridge
    ADD CONSTRAINT "PK_9db569a3c583f6caa0fce6ac976" PRIMARY KEY (id);


--
-- Name: video_completion PK_a9294c1ccbcfc7a86951ebf7b83; Type: CONSTRAINT; Schema: public; Owner: dev_service_user
--

ALTER TABLE ONLY public.video_completion
    ADD CONSTRAINT "PK_a9294c1ccbcfc7a86951ebf7b83" PRIMARY KEY (id);


--
-- Name: prequiz_completion PK_b1e5cae001d34aceca8952c34e5; Type: CONSTRAINT; Schema: public; Owner: dev_service_user
--

ALTER TABLE ONLY public.prequiz_completion
    ADD CONSTRAINT "PK_b1e5cae001d34aceca8952c34e5" PRIMARY KEY (id);


--
-- Name: activity_session PK_b1eec88abee31d02a6790463abb; Type: CONSTRAINT; Schema: public; Owner: dev_service_user
--

ALTER TABLE ONLY public.activity_session
    ADD CONSTRAINT "PK_b1eec88abee31d02a6790463abb" PRIMARY KEY (id);


--
-- Name: storage_file PK_b227a0824aac2dd9136c5052d8a; Type: CONSTRAINT; Schema: public; Owner: dev_service_user
--

ALTER TABLE ONLY public.storage_file
    ADD CONSTRAINT "PK_b227a0824aac2dd9136c5052d8a" PRIMARY KEY (id);


--
-- Name: role PK_b36bcfe02fc8de3c57a8b2391c2; Type: CONSTRAINT; Schema: public; Owner: dev_service_user
--

ALTER TABLE ONLY public.role
    ADD CONSTRAINT "PK_b36bcfe02fc8de3c57a8b2391c2" PRIMARY KEY (id);


--
-- Name: role_assignment_bridge PK_b73d776ce919f56ff468f1cfd5b; Type: CONSTRAINT; Schema: public; Owner: dev_service_user
--

ALTER TABLE ONLY public.role_assignment_bridge
    ADD CONSTRAINT "PK_b73d776ce919f56ff468f1cfd5b" PRIMARY KEY (id);


--
-- Name: given_answer_streak PK_b8d2a06fdd21707d9979de5ff0b; Type: CONSTRAINT; Schema: public; Owner: dev_service_user
--

ALTER TABLE ONLY public.given_answer_streak
    ADD CONSTRAINT "PK_b8d2a06fdd21707d9979de5ff0b" PRIMARY KEY (id);


--
-- Name: course_version PK_be2c44542ff683636ad90e1b179; Type: CONSTRAINT; Schema: public; Owner: dev_service_user
--

ALTER TABLE ONLY public.course_version
    ADD CONSTRAINT "PK_be2c44542ff683636ad90e1b179" PRIMARY KEY (id);


--
-- Name: permission_assignment_bridge PK_be4f3258354ea4b4926769c3437; Type: CONSTRAINT; Schema: public; Owner: dev_service_user
--

ALTER TABLE ONLY public.permission_assignment_bridge
    ADD CONSTRAINT "PK_be4f3258354ea4b4926769c3437" PRIMARY KEY (id);


--
-- Name: course PK_bf95180dd756fd204fb01ce4916; Type: CONSTRAINT; Schema: public; Owner: dev_service_user
--

ALTER TABLE ONLY public.course
    ADD CONSTRAINT "PK_bf95180dd756fd204fb01ce4916" PRIMARY KEY (id);


--
-- Name: answer_data PK_c42cef10dc645adb37af40c8976; Type: CONSTRAINT; Schema: public; Owner: dev_service_user
--

ALTER TABLE ONLY public.answer_data
    ADD CONSTRAINT "PK_c42cef10dc645adb37af40c8976" PRIMARY KEY (id);


--
-- Name: tempomat_adjustment_value PK_c469ff12bfccd58e8d36d549cc9; Type: CONSTRAINT; Schema: public; Owner: dev_service_user
--

ALTER TABLE ONLY public.tempomat_adjustment_value
    ADD CONSTRAINT "PK_c469ff12bfccd58e8d36d549cc9" PRIMARY KEY (id);


--
-- Name: user PK_cace4a159ff9f2512dd42373760; Type: CONSTRAINT; Schema: public; Owner: dev_service_user
--

ALTER TABLE ONLY public."user"
    ADD CONSTRAINT "PK_cace4a159ff9f2512dd42373760" PRIMARY KEY (id);


--
-- Name: exam_data PK_cd8aa562a802db98af95b988f8b; Type: CONSTRAINT; Schema: public; Owner: dev_service_user
--

ALTER TABLE ONLY public.exam_data
    ADD CONSTRAINT "PK_cd8aa562a802db98af95b988f8b" PRIMARY KEY (id);


--
-- Name: role_activity_bridge PK_ce4070017e86c534a207cfd1d51; Type: CONSTRAINT; Schema: public; Owner: dev_service_user
--

ALTER TABLE ONLY public.role_activity_bridge
    ADD CONSTRAINT "PK_ce4070017e86c534a207cfd1d51" PRIMARY KEY (id);


--
-- Name: shop_item_category PK_d0f2a32e6a14288280764413a8a; Type: CONSTRAINT; Schema: public; Owner: dev_service_user
--

ALTER TABLE ONLY public.shop_item_category
    ADD CONSTRAINT "PK_d0f2a32e6a14288280764413a8a" PRIMARY KEY (id);


--
-- Name: course_rating_group PK_d203e29b5a78100cac046333faf; Type: CONSTRAINT; Schema: public; Owner: dev_service_user
--

ALTER TABLE ONLY public.course_rating_group
    ADD CONSTRAINT "PK_d203e29b5a78100cac046333faf" PRIMARY KEY (id);


--
-- Name: video_playback_session PK_d284ace608268b4f2877abf20e1; Type: CONSTRAINT; Schema: public; Owner: dev_service_user
--

ALTER TABLE ONLY public.video_playback_session
    ADD CONSTRAINT "PK_d284ace608268b4f2877abf20e1" PRIMARY KEY (id);


--
-- Name: prequiz_user_answer PK_d360fcd220e09a26aff4e11c883; Type: CONSTRAINT; Schema: public; Owner: dev_service_user
--

ALTER TABLE ONLY public.prequiz_user_answer
    ADD CONSTRAINT "PK_d360fcd220e09a26aff4e11c883" PRIMARY KEY (id);


--
-- Name: course_rating_question PK_d3c1fcd0d8617dcec0848cf02bc; Type: CONSTRAINT; Schema: public; Owner: dev_service_user
--

ALTER TABLE ONLY public.course_rating_question
    ADD CONSTRAINT "PK_d3c1fcd0d8617dcec0848cf02bc" PRIMARY KEY (id);


--
-- Name: video_rating PK_db23a9c19031a8a08ac6ae298e3; Type: CONSTRAINT; Schema: public; Owner: dev_service_user
--

ALTER TABLE ONLY public.video_rating
    ADD CONSTRAINT "PK_db23a9c19031a8a08ac6ae298e3" PRIMARY KEY (id);


--
-- Name: given_answer PK_dc933f45723b14e8cf0e1c03a42; Type: CONSTRAINT; Schema: public; Owner: dev_service_user
--

ALTER TABLE ONLY public.given_answer
    ADD CONSTRAINT "PK_dc933f45723b14e8cf0e1c03a42" PRIMARY KEY (id);


--
-- Name: activity_streak PK_ddbfbbdbd2983f7fce0d13c4ef6; Type: CONSTRAINT; Schema: public; Owner: dev_service_user
--

ALTER TABLE ONLY public.activity_streak
    ADD CONSTRAINT "PK_ddbfbbdbd2983f7fce0d13c4ef6" PRIMARY KEY (id);


--
-- Name: user_comment_bridge PK_e4ff38ab1d444d071ea3ed7e405; Type: CONSTRAINT; Schema: public; Owner: dev_service_user
--

ALTER TABLE ONLY public.user_comment_bridge
    ADD CONSTRAINT "PK_e4ff38ab1d444d071ea3ed7e405" PRIMARY KEY (id);


--
-- Name: constant_value PK_e8fe2b168aa1aca00369e5cfec8; Type: CONSTRAINT; Schema: public; Owner: dev_service_user
--

ALTER TABLE ONLY public.constant_value
    ADD CONSTRAINT "PK_e8fe2b168aa1aca00369e5cfec8" PRIMARY KEY (id);


--
-- Name: like PK_eff3e46d24d416b52a7e0ae4159; Type: CONSTRAINT; Schema: public; Owner: dev_service_user
--

ALTER TABLE ONLY public."like"
    ADD CONSTRAINT "PK_eff3e46d24d416b52a7e0ae4159" PRIMARY KEY (id);


--
-- Name: daily_tip PK_f32d8de8f7bc269d0c5bfb3d23d; Type: CONSTRAINT; Schema: public; Owner: dev_service_user
--

ALTER TABLE ONLY public.daily_tip
    ADD CONSTRAINT "PK_f32d8de8f7bc269d0c5bfb3d23d" PRIMARY KEY (id);


--
-- Name: question_data PK_f3aa6b5945253dc95f306177747; Type: CONSTRAINT; Schema: public; Owner: dev_service_user
--

ALTER TABLE ONLY public.question_data
    ADD CONSTRAINT "PK_f3aa6b5945253dc95f306177747" PRIMARY KEY (id);


--
-- Name: department PK_f4a25e61046136fe5ee0e92827d; Type: CONSTRAINT; Schema: public; Owner: dev_service_user
--

ALTER TABLE ONLY public.department
    ADD CONSTRAINT "PK_f4a25e61046136fe5ee0e92827d" PRIMARY KEY (id);


--
-- Name: user_video_progress_bridge PK_fa869f5a1127bb58a2e6e11b791; Type: CONSTRAINT; Schema: public; Owner: dev_service_user
--

ALTER TABLE ONLY public.user_video_progress_bridge
    ADD CONSTRAINT "PK_fa869f5a1127bb58a2e6e11b791" PRIMARY KEY (id);


--
-- Name: task PK_fb213f79ee45060ba925ecd576e; Type: CONSTRAINT; Schema: public; Owner: dev_service_user
--

ALTER TABLE ONLY public.task
    ADD CONSTRAINT "PK_fb213f79ee45060ba925ecd576e" PRIMARY KEY (id);


--
-- Name: daily_tip REL_2fcf9d2b9e624443252aef1b8f; Type: CONSTRAINT; Schema: public; Owner: dev_service_user
--

ALTER TABLE ONLY public.daily_tip
    ADD CONSTRAINT "REL_2fcf9d2b9e624443252aef1b8f" UNIQUE (video_file_id);


--
-- Name: teacher_info REL_43ff576d65a8db77b660dfe71b; Type: CONSTRAINT; Schema: public; Owner: dev_service_user
--

ALTER TABLE ONLY public.teacher_info
    ADD CONSTRAINT "REL_43ff576d65a8db77b660dfe71b" UNIQUE (user_id);


--
-- Name: module_data REL_4696c8e2f42c184695a05ca5a7; Type: CONSTRAINT; Schema: public; Owner: dev_service_user
--

ALTER TABLE ONLY public.module_data
    ADD CONSTRAINT "REL_4696c8e2f42c184695a05ca5a7" UNIQUE (image_file_id);


--
-- Name: activation_code activation_code_uniqe_constraint; Type: CONSTRAINT; Schema: public; Owner: dev_service_user
--

ALTER TABLE ONLY public.activation_code
    ADD CONSTRAINT activation_code_uniqe_constraint UNIQUE (code);


--
-- Name: course_access_bridge course_access_bridge_unique_by_company; Type: CONSTRAINT; Schema: public; Owner: dev_service_user
--

ALTER TABLE ONLY public.course_access_bridge
    ADD CONSTRAINT course_access_bridge_unique_by_company UNIQUE (course_id, company_id);


--
-- Name: course_access_bridge course_access_bridge_unique_by_user; Type: CONSTRAINT; Schema: public; Owner: dev_service_user
--

ALTER TABLE ONLY public.course_access_bridge
    ADD CONSTRAINT course_access_bridge_unique_by_user UNIQUE (course_id, user_id);


--
-- Name: course_completion course_completion_unique; Type: CONSTRAINT; Schema: public; Owner: dev_service_user
--

ALTER TABLE ONLY public.course_completion
    ADD CONSTRAINT course_completion_unique UNIQUE (course_version_id, user_id);


--
-- Name: course_item_completion course_item_completion_exam_unique; Type: CONSTRAINT; Schema: public; Owner: dev_service_user
--

ALTER TABLE ONLY public.course_item_completion
    ADD CONSTRAINT course_item_completion_exam_unique UNIQUE (exam_version_id, user_id, answer_session_id);


--
-- Name: course_item_completion course_item_completion_video_unique; Type: CONSTRAINT; Schema: public; Owner: dev_service_user
--

ALTER TABLE ONLY public.course_item_completion
    ADD CONSTRAINT course_item_completion_video_unique UNIQUE (video_version_id, user_id, answer_session_id);


--
-- Name: exam_completion exam_completion_unique; Type: CONSTRAINT; Schema: public; Owner: dev_service_user
--

ALTER TABLE ONLY public.exam_completion
    ADD CONSTRAINT exam_completion_unique UNIQUE (answer_session_id);


--
-- Name: prequiz_completion prequiz_completion_unique; Type: CONSTRAINT; Schema: public; Owner: dev_service_user
--

ALTER TABLE ONLY public.prequiz_completion
    ADD CONSTRAINT prequiz_completion_unique UNIQUE (user_id, course_id);


--
-- Name: prequiz_user_answer prequiz_user_answer_unique; Type: CONSTRAINT; Schema: public; Owner: dev_service_user
--

ALTER TABLE ONLY public.prequiz_user_answer
    ADD CONSTRAINT prequiz_user_answer_unique UNIQUE (user_id, course_id, question_id);


--
-- Name: role_permission_bridge role_permission_bridge_constraint; Type: CONSTRAINT; Schema: public; Owner: dev_service_user
--

ALTER TABLE ONLY public.role_permission_bridge
    ADD CONSTRAINT role_permission_bridge_constraint UNIQUE (role_id, permission_id);


--
-- Name: migration_version unique_mig_ver; Type: CONSTRAINT; Schema: public; Owner: dev_service_user
--

ALTER TABLE ONLY public.migration_version
    ADD CONSTRAINT unique_mig_ver UNIQUE (version_name);


--
-- Name: video_completion video_completion_unique; Type: CONSTRAINT; Schema: public; Owner: dev_service_user
--

ALTER TABLE ONLY public.video_completion
    ADD CONSTRAINT video_completion_unique UNIQUE (video_version_id, user_id);


--
-- Name: single_current_course_bridge_unique_index; Type: INDEX; Schema: public; Owner: dev_service_user
--

CREATE UNIQUE INDEX single_current_course_bridge_unique_index ON public.user_course_bridge USING btree (user_id) WHERE (is_current = true);


--
-- Name: user_email_unique_index; Type: INDEX; Schema: public; Owner: dev_service_user
--

CREATE UNIQUE INDEX user_email_unique_index ON public."user" USING btree (email) WHERE (deletion_date IS NULL);


--
-- Name: personality_trait_view _RETURN; Type: RULE; Schema: public; Owner: dev_service_user
--

CREATE OR REPLACE VIEW public.personality_trait_view AS
 WITH latest_question_versions AS (
         SELECT qv.id AS version_id,
            qv.personality_trait_category_id
           FROM public.question_version qv
          WHERE (qv.personality_trait_category_id IS NOT NULL)
        ), latest_given_answer AS (
         SELECT max(ga.id) AS ga_id,
            ga.question_version_id,
            ase.user_id
           FROM (public.given_answer ga
             LEFT JOIN public.answer_session ase ON ((ase.id = ga.answer_session_id)))
          GROUP BY ga.question_version_id, ase.user_id
        ), calc_scores AS (
         SELECT u_1.id AS user_id,
            u_1.email,
            ptc_1.id AS personality_trait_category_id,
            count(ga.id) AS given_answer_count,
            (COALESCE(sum((((ga.state)::text = 'CORRECT'::text))::integer), (0)::bigint))::integer AS max_score,
            (COALESCE(sum((((ga.state)::text <> 'CORRECT'::text))::integer), (0)::bigint))::integer AS min_score
           FROM (((((public.personality_trait_category ptc_1
             CROSS JOIN public."user" u_1)
             LEFT JOIN latest_question_versions lqv ON ((lqv.personality_trait_category_id = ptc_1.id)))
             LEFT JOIN public.question_version qv ON ((qv.id = lqv.version_id)))
             LEFT JOIN latest_given_answer lga ON (((lga.question_version_id = qv.id) AND (lga.user_id = u_1.id))))
             LEFT JOIN public.given_answer ga ON ((ga.id = lga.ga_id)))
          GROUP BY u_1.id, ptc_1.id
          ORDER BY u_1.id, ptc_1.id
        )
 SELECT u.id AS user_id,
    ptc.id AS trait_category_id,
    ptc.title AS trait_category_title,
    cs.max_score,
    cs.min_score,
        CASE
            WHEN (cs.max_score > cs.min_score) THEN ptc.max_label
            ELSE ptc.min_label
        END AS active_label,
        CASE
            WHEN (cs.max_score > cs.min_score) THEN ptc.max_description
            ELSE ptc.min_description
        END AS active_description,
    ptc.min_label,
    ptc.max_label,
    ptc.min_description,
    ptc.max_description
   FROM ((public.personality_trait_category ptc
     CROSS JOIN public."user" u)
     LEFT JOIN calc_scores cs ON (((cs.personality_trait_category_id = ptc.id) AND (cs.user_id = u.id))))
  ORDER BY u.id;


--
-- Name: user_video_playback_seconds_view _RETURN; Type: RULE; Schema: public; Owner: dev_service_user
--

CREATE OR REPLACE VIEW public.user_video_playback_seconds_view AS
 SELECT vpsv.user_id,
    vv.video_id,
    sum(vpsv.total_playback_duration) AS total_playback_seconds
   FROM (public.video_playback_sample_view vpsv
     LEFT JOIN public.video_version vv ON ((vv.id = vpsv.video_version_id)))
  GROUP BY vpsv.user_id, vv.id;


--
-- Name: exam_version exam_pretest_module_integrity_trigger; Type: TRIGGER; Schema: public; Owner: dev_service_user
--

CREATE TRIGGER exam_pretest_module_integrity_trigger BEFORE INSERT OR UPDATE ON public.exam_version FOR EACH ROW EXECUTE FUNCTION public.exam_pretest_module_integrity_trigger_function();


--
-- Name: permission_assignment_bridge permission_assignment_bridge_trigger; Type: TRIGGER; Schema: public; Owner: dev_service_user
--

CREATE TRIGGER permission_assignment_bridge_trigger BEFORE INSERT OR UPDATE ON public.permission_assignment_bridge FOR EACH ROW EXECUTE FUNCTION public.permission_assignment_bridge_trigger_function();


--
-- Name: permission_assignment_bridge permission_assignment_validity_check_trigger; Type: TRIGGER; Schema: public; Owner: dev_service_user
--

CREATE TRIGGER permission_assignment_validity_check_trigger BEFORE INSERT OR UPDATE ON public.permission_assignment_bridge FOR EACH ROW EXECUTE FUNCTION public.permission_assignment_validity_check_trigger_function();


--
-- Name: prequiz_completion prequiz_completion_trigger; Type: TRIGGER; Schema: public; Owner: dev_service_user
--

CREATE TRIGGER prequiz_completion_trigger BEFORE INSERT OR UPDATE ON public.prequiz_completion FOR EACH ROW EXECUTE FUNCTION public.prequiz_completion_trigger_function();


--
-- Name: role_assignment_bridge role_assignment_validity_check_trigger; Type: TRIGGER; Schema: public; Owner: dev_service_user
--

CREATE TRIGGER role_assignment_validity_check_trigger BEFORE INSERT OR UPDATE ON public.role_assignment_bridge FOR EACH ROW EXECUTE FUNCTION public.role_assignment_validity_check_trigger_function();


--
-- Name: role_permission_bridge role_permission_bridge_validity_trigger; Type: TRIGGER; Schema: public; Owner: dev_service_user
--

CREATE TRIGGER role_permission_bridge_validity_trigger BEFORE INSERT OR UPDATE ON public.role_permission_bridge FOR EACH ROW EXECUTE FUNCTION public.role_permission_bridge_validity_trigger_function();


--
-- Name: user_course_bridge ucb_stage_trigger; Type: TRIGGER; Schema: public; Owner: dev_service_user
--

CREATE TRIGGER ucb_stage_trigger BEFORE INSERT OR UPDATE ON public.user_course_bridge FOR EACH ROW EXECUTE FUNCTION public.ucb_stage_trigger_function();


--
-- Name: course_access_bridge FK_001acd39ce3f4b89cee936d17c6; Type: FK CONSTRAINT; Schema: public; Owner: dev_service_user
--

ALTER TABLE ONLY public.course_access_bridge
    ADD CONSTRAINT "FK_001acd39ce3f4b89cee936d17c6" FOREIGN KEY (course_id) REFERENCES public.course(id);


--
-- Name: course_version FK_0066962861e162340c248a0c200; Type: FK CONSTRAINT; Schema: public; Owner: dev_service_user
--

ALTER TABLE ONLY public.course_version
    ADD CONSTRAINT "FK_0066962861e162340c248a0c200" FOREIGN KEY (course_id) REFERENCES public.course(id);


--
-- Name: role_permission_bridge FK_00727baaad3e368b4fa20619f05; Type: FK CONSTRAINT; Schema: public; Owner: dev_service_user
--

ALTER TABLE ONLY public.role_permission_bridge
    ADD CONSTRAINT "FK_00727baaad3e368b4fa20619f05" FOREIGN KEY (permission_id) REFERENCES public.permission(id);


--
-- Name: prequiz_completion FK_0859be794db029cb4b319d9e185; Type: FK CONSTRAINT; Schema: public; Owner: dev_service_user
--

ALTER TABLE ONLY public.prequiz_completion
    ADD CONSTRAINT "FK_0859be794db029cb4b319d9e185" FOREIGN KEY (course_id) REFERENCES public.course(id);


--
-- Name: course_access_bridge FK_0a88db4175153bcc745fbe6a893; Type: FK CONSTRAINT; Schema: public; Owner: dev_service_user
--

ALTER TABLE ONLY public.course_access_bridge
    ADD CONSTRAINT "FK_0a88db4175153bcc745fbe6a893" FOREIGN KEY (company_id) REFERENCES public.company(id);


--
-- Name: answer_version FK_1115b70371eff527b659851535d; Type: FK CONSTRAINT; Schema: public; Owner: dev_service_user
--

ALTER TABLE ONLY public.answer_version
    ADD CONSTRAINT "FK_1115b70371eff527b659851535d" FOREIGN KEY (question_version_id) REFERENCES public.question_version(id);


--
-- Name: given_answer FK_1147169c2366c74e2aaf26fa4ec; Type: FK CONSTRAINT; Schema: public; Owner: dev_service_user
--

ALTER TABLE ONLY public.given_answer
    ADD CONSTRAINT "FK_1147169c2366c74e2aaf26fa4ec" FOREIGN KEY (given_answer_streak_id) REFERENCES public.given_answer_streak(id);


--
-- Name: video_completion FK_119b3a1aabcedead9c52a8774ba; Type: FK CONSTRAINT; Schema: public; Owner: dev_service_user
--

ALTER TABLE ONLY public.video_completion
    ADD CONSTRAINT "FK_119b3a1aabcedead9c52a8774ba" FOREIGN KEY (video_version_id) REFERENCES public.video_version(id);


--
-- Name: company FK_11ac554a695f0757752208e2fef; Type: FK CONSTRAINT; Schema: public; Owner: dev_service_user
--

ALTER TABLE ONLY public.company
    ADD CONSTRAINT "FK_11ac554a695f0757752208e2fef" FOREIGN KEY (logo_file_id) REFERENCES public.storage_file(id);


--
-- Name: user_video_progress_bridge FK_18f9d18473fdbd2c3ab3ab2d80b; Type: FK CONSTRAINT; Schema: public; Owner: dev_service_user
--

ALTER TABLE ONLY public.user_video_progress_bridge
    ADD CONSTRAINT "FK_18f9d18473fdbd2c3ab3ab2d80b" FOREIGN KEY (user_id) REFERENCES public."user"(id);


--
-- Name: discount_code FK_1f4d2696f17a859d68299f73522; Type: FK CONSTRAINT; Schema: public; Owner: dev_service_user
--

ALTER TABLE ONLY public.discount_code
    ADD CONSTRAINT "FK_1f4d2696f17a859d68299f73522" FOREIGN KEY (user_id) REFERENCES public."user"(id);


--
-- Name: comment FK_1ff03403fd31dfeaba0623a89cf; Type: FK CONSTRAINT; Schema: public; Owner: dev_service_user
--

ALTER TABLE ONLY public.comment
    ADD CONSTRAINT "FK_1ff03403fd31dfeaba0623a89cf" FOREIGN KEY (video_id) REFERENCES public.video_version(id);


--
-- Name: role_assignment_bridge FK_210a9d2d890adda8bfc5068b276; Type: FK CONSTRAINT; Schema: public; Owner: dev_service_user
--

ALTER TABLE ONLY public.role_assignment_bridge
    ADD CONSTRAINT "FK_210a9d2d890adda8bfc5068b276" FOREIGN KEY (assignee_user_id) REFERENCES public."user"(id);


--
-- Name: coin_transaction FK_243b30f5679f3d874dab28fec48; Type: FK CONSTRAINT; Schema: public; Owner: dev_service_user
--

ALTER TABLE ONLY public.coin_transaction
    ADD CONSTRAINT "FK_243b30f5679f3d874dab28fec48" FOREIGN KEY (video_id) REFERENCES public.video(id);


--
-- Name: answer_given_answer_bridge FK_25908343a391fc3069967cb1690; Type: FK CONSTRAINT; Schema: public; Owner: dev_service_user
--

ALTER TABLE ONLY public.answer_given_answer_bridge
    ADD CONSTRAINT "FK_25908343a391fc3069967cb1690" FOREIGN KEY (answer_version_id) REFERENCES public.answer_version(id);


--
-- Name: course_item_completion FK_299868dbb39086f7b8183d64539; Type: FK CONSTRAINT; Schema: public; Owner: dev_service_user
--

ALTER TABLE ONLY public.course_item_completion
    ADD CONSTRAINT "FK_299868dbb39086f7b8183d64539" FOREIGN KEY (video_version_id) REFERENCES public.video_version(id);


--
-- Name: course_rating_question_user_answer FK_29aac8a528eff49cd6a16bb81ec; Type: FK CONSTRAINT; Schema: public; Owner: dev_service_user
--

ALTER TABLE ONLY public.course_rating_question_user_answer
    ADD CONSTRAINT "FK_29aac8a528eff49cd6a16bb81ec" FOREIGN KEY (user_id) REFERENCES public."user"(id);


--
-- Name: prequiz_answer FK_2ae0a527a60e72704e74956f021; Type: FK CONSTRAINT; Schema: public; Owner: dev_service_user
--

ALTER TABLE ONLY public.prequiz_answer
    ADD CONSTRAINT "FK_2ae0a527a60e72704e74956f021" FOREIGN KEY (question_id) REFERENCES public.prequiz_question(id);


--
-- Name: activation_code FK_2dd127acf6d7153e60cb644efad; Type: FK CONSTRAINT; Schema: public; Owner: dev_service_user
--

ALTER TABLE ONLY public.activation_code
    ADD CONSTRAINT "FK_2dd127acf6d7153e60cb644efad" FOREIGN KEY (company_id) REFERENCES public.company(id);


--
-- Name: daily_tip_occurrence FK_2f4109b45c65d06e4bee2610557; Type: FK CONSTRAINT; Schema: public; Owner: dev_service_user
--

ALTER TABLE ONLY public.daily_tip_occurrence
    ADD CONSTRAINT "FK_2f4109b45c65d06e4bee2610557" FOREIGN KEY (user_id) REFERENCES public."user"(id);


--
-- Name: daily_tip FK_2fcf9d2b9e624443252aef1b8fd; Type: FK CONSTRAINT; Schema: public; Owner: dev_service_user
--

ALTER TABLE ONLY public.daily_tip
    ADD CONSTRAINT "FK_2fcf9d2b9e624443252aef1b8fd" FOREIGN KEY (video_file_id) REFERENCES public.storage_file(id);


--
-- Name: like FK_307553e232b4620fde327c59eb5; Type: FK CONSTRAINT; Schema: public; Owner: dev_service_user
--

ALTER TABLE ONLY public."like"
    ADD CONSTRAINT "FK_307553e232b4620fde327c59eb5" FOREIGN KEY (comment_id) REFERENCES public.comment(id);


--
-- Name: video_version FK_30f475f9fcf8591274e4ddb1415; Type: FK CONSTRAINT; Schema: public; Owner: dev_service_user
--

ALTER TABLE ONLY public.video_version
    ADD CONSTRAINT "FK_30f475f9fcf8591274e4ddb1415" FOREIGN KEY (module_version_id) REFERENCES public.module_version(id);


--
-- Name: video_playback_sample FK_32601b96e8ca70e36884e9cc9d5; Type: FK CONSTRAINT; Schema: public; Owner: dev_service_user
--

ALTER TABLE ONLY public.video_playback_sample
    ADD CONSTRAINT "FK_32601b96e8ca70e36884e9cc9d5" FOREIGN KEY (video_version_id) REFERENCES public.video_version(id);


--
-- Name: permission_assignment_bridge FK_3296b79e1068ba64a583b3aeefb; Type: FK CONSTRAINT; Schema: public; Owner: dev_service_user
--

ALTER TABLE ONLY public.permission_assignment_bridge
    ADD CONSTRAINT "FK_3296b79e1068ba64a583b3aeefb" FOREIGN KEY (context_course_id) REFERENCES public.course(id);


--
-- Name: user FK_341bf4490188b8f664c112557a7; Type: FK CONSTRAINT; Schema: public; Owner: dev_service_user
--

ALTER TABLE ONLY public."user"
    ADD CONSTRAINT "FK_341bf4490188b8f664c112557a7" FOREIGN KEY (department_id) REFERENCES public.department(id);


--
-- Name: question_data FK_34cfa3e4f18571904e95a47178f; Type: FK CONSTRAINT; Schema: public; Owner: dev_service_user
--

ALTER TABLE ONLY public.question_data
    ADD CONSTRAINT "FK_34cfa3e4f18571904e95a47178f" FOREIGN KEY (type_id) REFERENCES public.question_type(id);


--
-- Name: permission_assignment_bridge FK_34f4af32816140a1d6ac0bfc89a; Type: FK CONSTRAINT; Schema: public; Owner: dev_service_user
--

ALTER TABLE ONLY public.permission_assignment_bridge
    ADD CONSTRAINT "FK_34f4af32816140a1d6ac0bfc89a" FOREIGN KEY (assignee_user_id) REFERENCES public."user"(id);


--
-- Name: video_seek_event FK_3685f8a0f3978bb3a4a38d50726; Type: FK CONSTRAINT; Schema: public; Owner: dev_service_user
--

ALTER TABLE ONLY public.video_seek_event
    ADD CONSTRAINT "FK_3685f8a0f3978bb3a4a38d50726" FOREIGN KEY (video_version_id) REFERENCES public.video_version(id);


--
-- Name: coin_transaction FK_3740bbbe95e160b5309ebefa292; Type: FK CONSTRAINT; Schema: public; Owner: dev_service_user
--

ALTER TABLE ONLY public.coin_transaction
    ADD CONSTRAINT "FK_3740bbbe95e160b5309ebefa292" FOREIGN KEY (shop_item_id) REFERENCES public.shop_item(id);


--
-- Name: shop_item FK_374f42717910148fc62cf5d4d22; Type: FK CONSTRAINT; Schema: public; Owner: dev_service_user
--

ALTER TABLE ONLY public.shop_item
    ADD CONSTRAINT "FK_374f42717910148fc62cf5d4d22" FOREIGN KEY (cover_file_id) REFERENCES public.storage_file(id);


--
-- Name: user_course_bridge FK_3abff22f8c2c60562286f6f17aa; Type: FK CONSTRAINT; Schema: public; Owner: dev_service_user
--

ALTER TABLE ONLY public.user_course_bridge
    ADD CONSTRAINT "FK_3abff22f8c2c60562286f6f17aa" FOREIGN KEY (course_id) REFERENCES public.course(id);


--
-- Name: user_session_activity FK_3c702fa9bd0449769b86a7d07ba; Type: FK CONSTRAINT; Schema: public; Owner: dev_service_user
--

ALTER TABLE ONLY public.user_session_activity
    ADD CONSTRAINT "FK_3c702fa9bd0449769b86a7d07ba" FOREIGN KEY (activity_session_id) REFERENCES public.activity_session(id);


--
-- Name: video_seek_event FK_3e36c653469ecc0424eec0b8897; Type: FK CONSTRAINT; Schema: public; Owner: dev_service_user
--

ALTER TABLE ONLY public.video_seek_event
    ADD CONSTRAINT "FK_3e36c653469ecc0424eec0b8897" FOREIGN KEY (video_playback_session_id) REFERENCES public.video_playback_session(id);


--
-- Name: course_data FK_3e721c83907fd92acc48bae4b13; Type: FK CONSTRAINT; Schema: public; Owner: dev_service_user
--

ALTER TABLE ONLY public.course_data
    ADD CONSTRAINT "FK_3e721c83907fd92acc48bae4b13" FOREIGN KEY (category_id) REFERENCES public.course_category(id);


--
-- Name: exam_completion FK_40ba606ec4cd6ff4bb25a57db0e; Type: FK CONSTRAINT; Schema: public; Owner: dev_service_user
--

ALTER TABLE ONLY public.exam_completion
    ADD CONSTRAINT "FK_40ba606ec4cd6ff4bb25a57db0e" FOREIGN KEY (answer_session_id) REFERENCES public.answer_session(id);


--
-- Name: activity_session FK_417afd585c21129fcacf08567d6; Type: FK CONSTRAINT; Schema: public; Owner: dev_service_user
--

ALTER TABLE ONLY public.activity_session
    ADD CONSTRAINT "FK_417afd585c21129fcacf08567d6" FOREIGN KEY (user_id) REFERENCES public."user"(id);


--
-- Name: like FK_4356ac2f9519c7404a2869f1691; Type: FK CONSTRAINT; Schema: public; Owner: dev_service_user
--

ALTER TABLE ONLY public."like"
    ADD CONSTRAINT "FK_4356ac2f9519c7404a2869f1691" FOREIGN KEY (user_id) REFERENCES public."user"(id);


--
-- Name: course_item_completion FK_4370e430df161871a9fcaf332bb; Type: FK CONSTRAINT; Schema: public; Owner: dev_service_user
--

ALTER TABLE ONLY public.course_item_completion
    ADD CONSTRAINT "FK_4370e430df161871a9fcaf332bb" FOREIGN KEY (answer_session_id) REFERENCES public.answer_session(id);


--
-- Name: teacher_info FK_43ff576d65a8db77b660dfe71b9; Type: FK CONSTRAINT; Schema: public; Owner: dev_service_user
--

ALTER TABLE ONLY public.teacher_info
    ADD CONSTRAINT "FK_43ff576d65a8db77b660dfe71b9" FOREIGN KEY (user_id) REFERENCES public."user"(id);


--
-- Name: prequiz_completion FK_44b83bbda2c59525ef9902f3ee3; Type: FK CONSTRAINT; Schema: public; Owner: dev_service_user
--

ALTER TABLE ONLY public.prequiz_completion
    ADD CONSTRAINT "FK_44b83bbda2c59525ef9902f3ee3" FOREIGN KEY (user_id) REFERENCES public."user"(id);


--
-- Name: given_answer FK_4683ef86b60227fa28b3becd5d5; Type: FK CONSTRAINT; Schema: public; Owner: dev_service_user
--

ALTER TABLE ONLY public.given_answer
    ADD CONSTRAINT "FK_4683ef86b60227fa28b3becd5d5" FOREIGN KEY (question_version_id) REFERENCES public.question_version(id);


--
-- Name: module_data FK_4696c8e2f42c184695a05ca5a7e; Type: FK CONSTRAINT; Schema: public; Owner: dev_service_user
--

ALTER TABLE ONLY public.module_data
    ADD CONSTRAINT "FK_4696c8e2f42c184695a05ca5a7e" FOREIGN KEY (image_file_id) REFERENCES public.storage_file(id);


--
-- Name: tempomat_adjustment_value FK_484813b8e6a8302fffffda4d44f; Type: FK CONSTRAINT; Schema: public; Owner: dev_service_user
--

ALTER TABLE ONLY public.tempomat_adjustment_value
    ADD CONSTRAINT "FK_484813b8e6a8302fffffda4d44f" FOREIGN KEY (prequiz_answer_id) REFERENCES public.prequiz_answer(id);


--
-- Name: course_completion FK_494dcb318d3983217703e159dbe; Type: FK CONSTRAINT; Schema: public; Owner: dev_service_user
--

ALTER TABLE ONLY public.course_completion
    ADD CONSTRAINT "FK_494dcb318d3983217703e159dbe" FOREIGN KEY (course_version_id) REFERENCES public.course_version(id);


--
-- Name: course_version FK_4a56c8cea216c05f9bf3b36780c; Type: FK CONSTRAINT; Schema: public; Owner: dev_service_user
--

ALTER TABLE ONLY public.course_version
    ADD CONSTRAINT "FK_4a56c8cea216c05f9bf3b36780c" FOREIGN KEY (course_data_id) REFERENCES public.course_data(id);


--
-- Name: course_item_completion FK_4aa6c561f3c1976f9e1aaec9457; Type: FK CONSTRAINT; Schema: public; Owner: dev_service_user
--

ALTER TABLE ONLY public.course_item_completion
    ADD CONSTRAINT "FK_4aa6c561f3c1976f9e1aaec9457" FOREIGN KEY (exam_version_id) REFERENCES public.exam_version(id);


--
-- Name: given_answer_streak FK_4c11fdbfbefcdf12d7a61c580a1; Type: FK CONSTRAINT; Schema: public; Owner: dev_service_user
--

ALTER TABLE ONLY public.given_answer_streak
    ADD CONSTRAINT "FK_4c11fdbfbefcdf12d7a61c580a1" FOREIGN KEY (user_id) REFERENCES public."user"(id);


--
-- Name: company_owner_bridge FK_4d4c048528b42982dbd2456e891; Type: FK CONSTRAINT; Schema: public; Owner: dev_service_user
--

ALTER TABLE ONLY public.company_owner_bridge
    ADD CONSTRAINT "FK_4d4c048528b42982dbd2456e891" FOREIGN KEY (user_id) REFERENCES public."user"(id);


--
-- Name: course_data FK_4d4c263c253ce3b00a630c3eabf; Type: FK CONSTRAINT; Schema: public; Owner: dev_service_user
--

ALTER TABLE ONLY public.course_data
    ADD CONSTRAINT "FK_4d4c263c253ce3b00a630c3eabf" FOREIGN KEY (cover_file_id) REFERENCES public.storage_file(id);


--
-- Name: question_version FK_52195709bb83807f7bf7b537a36; Type: FK CONSTRAINT; Schema: public; Owner: dev_service_user
--

ALTER TABLE ONLY public.question_version
    ADD CONSTRAINT "FK_52195709bb83807f7bf7b537a36" FOREIGN KEY (question_id) REFERENCES public.question(id);


--
-- Name: coin_transaction FK_529edc9e75bc98b4b5f7bdabd5e; Type: FK CONSTRAINT; Schema: public; Owner: dev_service_user
--

ALTER TABLE ONLY public.coin_transaction
    ADD CONSTRAINT "FK_529edc9e75bc98b4b5f7bdabd5e" FOREIGN KEY (activity_session_id) REFERENCES public.activity_session(id);


--
-- Name: given_answer FK_54011cf8a82829fa364c1d5af69; Type: FK CONSTRAINT; Schema: public; Owner: dev_service_user
--

ALTER TABLE ONLY public.given_answer
    ADD CONSTRAINT "FK_54011cf8a82829fa364c1d5af69" FOREIGN KEY (answer_session_id) REFERENCES public.answer_session(id);


--
-- Name: role_assignment_bridge FK_561369a6f7cf1bc2070c1cdc532; Type: FK CONSTRAINT; Schema: public; Owner: dev_service_user
--

ALTER TABLE ONLY public.role_assignment_bridge
    ADD CONSTRAINT "FK_561369a6f7cf1bc2070c1cdc532" FOREIGN KEY (context_company_id) REFERENCES public.company(id);


--
-- Name: video_version FK_579b1f4ec850946f73df9ee9d85; Type: FK CONSTRAINT; Schema: public; Owner: dev_service_user
--

ALTER TABLE ONLY public.video_version
    ADD CONSTRAINT "FK_579b1f4ec850946f73df9ee9d85" FOREIGN KEY (video_id) REFERENCES public.video(id);


--
-- Name: shop_item FK_5a6871c78b54489224eda2eea45; Type: FK CONSTRAINT; Schema: public; Owner: dev_service_user
--

ALTER TABLE ONLY public.shop_item
    ADD CONSTRAINT "FK_5a6871c78b54489224eda2eea45" FOREIGN KEY (course_id) REFERENCES public.course(id);


--
-- Name: module_version FK_5b0363f3945e99e6abe6cdc6ee4; Type: FK CONSTRAINT; Schema: public; Owner: dev_service_user
--

ALTER TABLE ONLY public.module_version
    ADD CONSTRAINT "FK_5b0363f3945e99e6abe6cdc6ee4" FOREIGN KEY (module_data_id) REFERENCES public.module_data(id);


--
-- Name: daily_tip_occurrence FK_5cfeb4b71a572636eb4b6a5c35d; Type: FK CONSTRAINT; Schema: public; Owner: dev_service_user
--

ALTER TABLE ONLY public.daily_tip_occurrence
    ADD CONSTRAINT "FK_5cfeb4b71a572636eb4b6a5c35d" FOREIGN KEY (daily_tip_id) REFERENCES public.daily_tip(id);


--
-- Name: user_session_activity FK_5dc6ae6c13ee64bdc4cc34c0068; Type: FK CONSTRAINT; Schema: public; Owner: dev_service_user
--

ALTER TABLE ONLY public.user_session_activity
    ADD CONSTRAINT "FK_5dc6ae6c13ee64bdc4cc34c0068" FOREIGN KEY (exam_version_id) REFERENCES public.exam_version(id);


--
-- Name: role_permission_bridge FK_61bcde3f7f04efa3d982d45c0e2; Type: FK CONSTRAINT; Schema: public; Owner: dev_service_user
--

ALTER TABLE ONLY public.role_permission_bridge
    ADD CONSTRAINT "FK_61bcde3f7f04efa3d982d45c0e2" FOREIGN KEY (role_id) REFERENCES public.role(id);


--
-- Name: answer_session FK_64c34095adc84aa3989c6cad116; Type: FK CONSTRAINT; Schema: public; Owner: dev_service_user
--

ALTER TABLE ONLY public.answer_session
    ADD CONSTRAINT "FK_64c34095adc84aa3989c6cad116" FOREIGN KEY (exam_version_id) REFERENCES public.exam_version(id);


--
-- Name: shop_item_category FK_6747ff1101ed111f9560238e239; Type: FK CONSTRAINT; Schema: public; Owner: dev_service_user
--

ALTER TABLE ONLY public.shop_item_category
    ADD CONSTRAINT "FK_6747ff1101ed111f9560238e239" FOREIGN KEY (shop_items_id) REFERENCES public.shop_item(id);


--
-- Name: video_data FK_6a9810af009210e1358fe50b1fe; Type: FK CONSTRAINT; Schema: public; Owner: dev_service_user
--

ALTER TABLE ONLY public.video_data
    ADD CONSTRAINT "FK_6a9810af009210e1358fe50b1fe" FOREIGN KEY (thumbnail_file_id) REFERENCES public.storage_file(id);


--
-- Name: exam_version FK_6bf19297048162b6e7bb0bdcaef; Type: FK CONSTRAINT; Schema: public; Owner: dev_service_user
--

ALTER TABLE ONLY public.exam_version
    ADD CONSTRAINT "FK_6bf19297048162b6e7bb0bdcaef" FOREIGN KEY (exam_id) REFERENCES public.exam(id);


--
-- Name: role FK_6c1faaaceb897cf61c5c91dcebf; Type: FK CONSTRAINT; Schema: public; Owner: dev_service_user
--

ALTER TABLE ONLY public.role
    ADD CONSTRAINT "FK_6c1faaaceb897cf61c5c91dcebf" FOREIGN KEY (company_id) REFERENCES public.company(id);


--
-- Name: answer_given_answer_bridge FK_6d81633d102d37181dbdc8da59c; Type: FK CONSTRAINT; Schema: public; Owner: dev_service_user
--

ALTER TABLE ONLY public.answer_given_answer_bridge
    ADD CONSTRAINT "FK_6d81633d102d37181dbdc8da59c" FOREIGN KEY (given_answer_id) REFERENCES public.given_answer(id);


--
-- Name: video_completion FK_6dc0e98980e3e3df868f61d45e8; Type: FK CONSTRAINT; Schema: public; Owner: dev_service_user
--

ALTER TABLE ONLY public.video_completion
    ADD CONSTRAINT "FK_6dc0e98980e3e3df868f61d45e8" FOREIGN KEY (user_id) REFERENCES public."user"(id);


--
-- Name: video_rating FK_6e06409dffe1ca583e75059ae08; Type: FK CONSTRAINT; Schema: public; Owner: dev_service_user
--

ALTER TABLE ONLY public.video_rating
    ADD CONSTRAINT "FK_6e06409dffe1ca583e75059ae08" FOREIGN KEY (user_id) REFERENCES public."user"(id);


--
-- Name: task FK_6ea2c1c13f01b7a383ebbeaebb0; Type: FK CONSTRAINT; Schema: public; Owner: dev_service_user
--

ALTER TABLE ONLY public.task
    ADD CONSTRAINT "FK_6ea2c1c13f01b7a383ebbeaebb0" FOREIGN KEY (user_id) REFERENCES public."user"(id);


--
-- Name: permission_assignment_bridge FK_6ee8a4bbde1288c909cd4721f17; Type: FK CONSTRAINT; Schema: public; Owner: dev_service_user
--

ALTER TABLE ONLY public.permission_assignment_bridge
    ADD CONSTRAINT "FK_6ee8a4bbde1288c909cd4721f17" FOREIGN KEY (assignee_company_id) REFERENCES public.company(id);


--
-- Name: video_playback_session FK_6f6568b138bc432e15ab2549bab; Type: FK CONSTRAINT; Schema: public; Owner: dev_service_user
--

ALTER TABLE ONLY public.video_playback_session
    ADD CONSTRAINT "FK_6f6568b138bc432e15ab2549bab" FOREIGN KEY (video_version_id) REFERENCES public.video_version(id);


--
-- Name: video_seek_event FK_7196e340258ff8d021698ee4cd2; Type: FK CONSTRAINT; Schema: public; Owner: dev_service_user
--

ALTER TABLE ONLY public.video_seek_event
    ADD CONSTRAINT "FK_7196e340258ff8d021698ee4cd2" FOREIGN KEY (user_id) REFERENCES public."user"(id);


--
-- Name: course_category FK_7593efd36a706e966de4a0dcb3a; Type: FK CONSTRAINT; Schema: public; Owner: dev_service_user
--

ALTER TABLE ONLY public.course_category
    ADD CONSTRAINT "FK_7593efd36a706e966de4a0dcb3a" FOREIGN KEY (parent_category_id) REFERENCES public.course_category(id);


--
-- Name: user_session_activity FK_7949bf9f81a742569e0f93a9b71; Type: FK CONSTRAINT; Schema: public; Owner: dev_service_user
--

ALTER TABLE ONLY public.user_session_activity
    ADD CONSTRAINT "FK_7949bf9f81a742569e0f93a9b71" FOREIGN KEY (video_version_id) REFERENCES public.video_version(id);


--
-- Name: permission_assignment_bridge FK_7a5523edea99c88071d9fe5b0e4; Type: FK CONSTRAINT; Schema: public; Owner: dev_service_user
--

ALTER TABLE ONLY public.permission_assignment_bridge
    ADD CONSTRAINT "FK_7a5523edea99c88071d9fe5b0e4" FOREIGN KEY (assignee_group_id) REFERENCES public."group"(id);


--
-- Name: video_version FK_7a9793a0ee57b0611cb780fe72d; Type: FK CONSTRAINT; Schema: public; Owner: dev_service_user
--

ALTER TABLE ONLY public.video_version
    ADD CONSTRAINT "FK_7a9793a0ee57b0611cb780fe72d" FOREIGN KEY (video_data_id) REFERENCES public.video_data(id);


--
-- Name: course_item_completion FK_7deb709945e043ab8a1f23c403f; Type: FK CONSTRAINT; Schema: public; Owner: dev_service_user
--

ALTER TABLE ONLY public.course_item_completion
    ADD CONSTRAINT "FK_7deb709945e043ab8a1f23c403f" FOREIGN KEY (user_id) REFERENCES public."user"(id);


--
-- Name: coin_transaction FK_80142aa6959f19d6c605e32e71c; Type: FK CONSTRAINT; Schema: public; Owner: dev_service_user
--

ALTER TABLE ONLY public.coin_transaction
    ADD CONSTRAINT "FK_80142aa6959f19d6c605e32e71c" FOREIGN KEY (given_answer_id) REFERENCES public.given_answer(id);


--
-- Name: module_version FK_83ca4b0826d89227b36f6e67bf3; Type: FK CONSTRAINT; Schema: public; Owner: dev_service_user
--

ALTER TABLE ONLY public.module_version
    ADD CONSTRAINT "FK_83ca4b0826d89227b36f6e67bf3" FOREIGN KEY (course_version_id) REFERENCES public.course_version(id);


--
-- Name: course_rating_question_user_answer FK_85a39384b2a057fc5464f9dfd9d; Type: FK CONSTRAINT; Schema: public; Owner: dev_service_user
--

ALTER TABLE ONLY public.course_rating_question_user_answer
    ADD CONSTRAINT "FK_85a39384b2a057fc5464f9dfd9d" FOREIGN KEY (course_rating_question_id) REFERENCES public.course_rating_question(id);


--
-- Name: question_version FK_86603941f9690ee15b57de6f7d9; Type: FK CONSTRAINT; Schema: public; Owner: dev_service_user
--

ALTER TABLE ONLY public.question_version
    ADD CONSTRAINT "FK_86603941f9690ee15b57de6f7d9" FOREIGN KEY (exam_version_id) REFERENCES public.exam_version(id);


--
-- Name: course_rating_question FK_875a1ceef6cae873a25c9e64a58; Type: FK CONSTRAINT; Schema: public; Owner: dev_service_user
--

ALTER TABLE ONLY public.course_rating_question
    ADD CONSTRAINT "FK_875a1ceef6cae873a25c9e64a58" FOREIGN KEY (course_rating_group_id) REFERENCES public.course_rating_group(id);


--
-- Name: module_version FK_8916874e0452ec7b14f698b5f23; Type: FK CONSTRAINT; Schema: public; Owner: dev_service_user
--

ALTER TABLE ONLY public.module_version
    ADD CONSTRAINT "FK_8916874e0452ec7b14f698b5f23" FOREIGN KEY (module_id) REFERENCES public.module(id);


--
-- Name: company FK_8b2d28534bce197147a651347e9; Type: FK CONSTRAINT; Schema: public; Owner: dev_service_user
--

ALTER TABLE ONLY public.company
    ADD CONSTRAINT "FK_8b2d28534bce197147a651347e9" FOREIGN KEY (cover_file_id) REFERENCES public.storage_file(id);


--
-- Name: exam_version FK_8c01ac0a2d38341d6831280ddf8; Type: FK CONSTRAINT; Schema: public; Owner: dev_service_user
--

ALTER TABLE ONLY public.exam_version
    ADD CONSTRAINT "FK_8c01ac0a2d38341d6831280ddf8" FOREIGN KEY (module_version_id) REFERENCES public.module_version(id);


--
-- Name: user_video_progress_bridge FK_8e697a80d52cac3265f06bd7a77; Type: FK CONSTRAINT; Schema: public; Owner: dev_service_user
--

ALTER TABLE ONLY public.user_video_progress_bridge
    ADD CONSTRAINT "FK_8e697a80d52cac3265f06bd7a77" FOREIGN KEY (video_version_id) REFERENCES public.video_version(id);


--
-- Name: video_playback_session FK_8f258907e44cabb48860df55f52; Type: FK CONSTRAINT; Schema: public; Owner: dev_service_user
--

ALTER TABLE ONLY public.video_playback_session
    ADD CONSTRAINT "FK_8f258907e44cabb48860df55f52" FOREIGN KEY (user_id) REFERENCES public."user"(id);


--
-- Name: user_course_bridge FK_91497b228e154569949fa3632a4; Type: FK CONSTRAINT; Schema: public; Owner: dev_service_user
--

ALTER TABLE ONLY public.user_course_bridge
    ADD CONSTRAINT "FK_91497b228e154569949fa3632a4" FOREIGN KEY (user_id) REFERENCES public."user"(id);


--
-- Name: course_access_bridge FK_97bfc81c8020bd712ff1038fb52; Type: FK CONSTRAINT; Schema: public; Owner: dev_service_user
--

ALTER TABLE ONLY public.course_access_bridge
    ADD CONSTRAINT "FK_97bfc81c8020bd712ff1038fb52" FOREIGN KEY (user_id) REFERENCES public."user"(id);


--
-- Name: shop_item FK_97cf8738034a561853693817a88; Type: FK CONSTRAINT; Schema: public; Owner: dev_service_user
--

ALTER TABLE ONLY public.shop_item
    ADD CONSTRAINT "FK_97cf8738034a561853693817a88" FOREIGN KEY (shop_item_category_id) REFERENCES public.shop_item_category(id);


--
-- Name: role_assignment_bridge FK_9af54231cada631d9b3618a5cbf; Type: FK CONSTRAINT; Schema: public; Owner: dev_service_user
--

ALTER TABLE ONLY public.role_assignment_bridge
    ADD CONSTRAINT "FK_9af54231cada631d9b3618a5cbf" FOREIGN KEY (role_id) REFERENCES public.role(id);


--
-- Name: user FK_9e70b5f9d7095018e86970c7874; Type: FK CONSTRAINT; Schema: public; Owner: dev_service_user
--

ALTER TABLE ONLY public."user"
    ADD CONSTRAINT "FK_9e70b5f9d7095018e86970c7874" FOREIGN KEY (company_id) REFERENCES public.company(id);


--
-- Name: prequiz_user_answer FK_a1b880073353f5ca19e6fb7e02d; Type: FK CONSTRAINT; Schema: public; Owner: dev_service_user
--

ALTER TABLE ONLY public.prequiz_user_answer
    ADD CONSTRAINT "FK_a1b880073353f5ca19e6fb7e02d" FOREIGN KEY (user_id) REFERENCES public."user"(id);


--
-- Name: question_version FK_a2ada9c2d7effbf00efb430e55d; Type: FK CONSTRAINT; Schema: public; Owner: dev_service_user
--

ALTER TABLE ONLY public.question_version
    ADD CONSTRAINT "FK_a2ada9c2d7effbf00efb430e55d" FOREIGN KEY (personality_trait_category_id) REFERENCES public.personality_trait_category(id);


--
-- Name: activity_streak FK_a549e7d362b16ba595480732c85; Type: FK CONSTRAINT; Schema: public; Owner: dev_service_user
--

ALTER TABLE ONLY public.activity_streak
    ADD CONSTRAINT "FK_a549e7d362b16ba595480732c85" FOREIGN KEY (user_id) REFERENCES public."user"(id);


--
-- Name: coin_transaction FK_a5a47357d7ac7e079e766dce10f; Type: FK CONSTRAINT; Schema: public; Owner: dev_service_user
--

ALTER TABLE ONLY public.coin_transaction
    ADD CONSTRAINT "FK_a5a47357d7ac7e079e766dce10f" FOREIGN KEY (given_answer_streak_id) REFERENCES public.given_answer_streak(id);


--
-- Name: activity_session FK_a62160c2569216b52c10eebfe21; Type: FK CONSTRAINT; Schema: public; Owner: dev_service_user
--

ALTER TABLE ONLY public.activity_session
    ADD CONSTRAINT "FK_a62160c2569216b52c10eebfe21" FOREIGN KEY (activity_streak_id) REFERENCES public.activity_streak(id);


--
-- Name: video_playback_sample FK_a8ec73fe0d45e071ab2fc7d2860; Type: FK CONSTRAINT; Schema: public; Owner: dev_service_user
--

ALTER TABLE ONLY public.video_playback_sample
    ADD CONSTRAINT "FK_a8ec73fe0d45e071ab2fc7d2860" FOREIGN KEY (video_playback_session_id) REFERENCES public.video_playback_session(id);


--
-- Name: course_completion FK_b0cfacaa91f270964671da2e90b; Type: FK CONSTRAINT; Schema: public; Owner: dev_service_user
--

ALTER TABLE ONLY public.course_completion
    ADD CONSTRAINT "FK_b0cfacaa91f270964671da2e90b" FOREIGN KEY (user_id) REFERENCES public."user"(id);


--
-- Name: answer_session FK_b7726be733a509d127fca79747a; Type: FK CONSTRAINT; Schema: public; Owner: dev_service_user
--

ALTER TABLE ONLY public.answer_session
    ADD CONSTRAINT "FK_b7726be733a509d127fca79747a" FOREIGN KEY (user_id) REFERENCES public."user"(id);


--
-- Name: user FK_b990102e90c2aa81774f4393002; Type: FK CONSTRAINT; Schema: public; Owner: dev_service_user
--

ALTER TABLE ONLY public."user"
    ADD CONSTRAINT "FK_b990102e90c2aa81774f4393002" FOREIGN KEY (avatar_file_id) REFERENCES public.storage_file(id);


--
-- Name: comment FK_bbfe153fa60aa06483ed35ff4a7; Type: FK CONSTRAINT; Schema: public; Owner: dev_service_user
--

ALTER TABLE ONLY public.comment
    ADD CONSTRAINT "FK_bbfe153fa60aa06483ed35ff4a7" FOREIGN KEY (user_id) REFERENCES public."user"(id);


--
-- Name: permission_assignment_bridge FK_bdc10fb9408669c98460ea2d062; Type: FK CONSTRAINT; Schema: public; Owner: dev_service_user
--

ALTER TABLE ONLY public.permission_assignment_bridge
    ADD CONSTRAINT "FK_bdc10fb9408669c98460ea2d062" FOREIGN KEY (context_company_id) REFERENCES public.company(id);


--
-- Name: course_data FK_bee9c350ba90d89a7e72ae6eac6; Type: FK CONSTRAINT; Schema: public; Owner: dev_service_user
--

ALTER TABLE ONLY public.course_data
    ADD CONSTRAINT "FK_bee9c350ba90d89a7e72ae6eac6" FOREIGN KEY (teacher_id) REFERENCES public."user"(id);


--
-- Name: company_owner_bridge FK_bfed6816a901b796a2ec2d8eab5; Type: FK CONSTRAINT; Schema: public; Owner: dev_service_user
--

ALTER TABLE ONLY public.company_owner_bridge
    ADD CONSTRAINT "FK_bfed6816a901b796a2ec2d8eab5" FOREIGN KEY (company_id) REFERENCES public.company(id);


--
-- Name: prequiz_user_answer FK_c6101055bf0f42f83432d9ad301; Type: FK CONSTRAINT; Schema: public; Owner: dev_service_user
--

ALTER TABLE ONLY public.prequiz_user_answer
    ADD CONSTRAINT "FK_c6101055bf0f42f83432d9ad301" FOREIGN KEY (answer_id) REFERENCES public.prequiz_answer(id);


--
-- Name: course_rating_question_user_answer FK_c8ecc5567f2d578d05958b8d566; Type: FK CONSTRAINT; Schema: public; Owner: dev_service_user
--

ALTER TABLE ONLY public.course_rating_question_user_answer
    ADD CONSTRAINT "FK_c8ecc5567f2d578d05958b8d566" FOREIGN KEY (course_id) REFERENCES public.course(id);


--
-- Name: video_playback_sample FK_cefb2ffed6918b1b0a0af1fdc77; Type: FK CONSTRAINT; Schema: public; Owner: dev_service_user
--

ALTER TABLE ONLY public.video_playback_sample
    ADD CONSTRAINT "FK_cefb2ffed6918b1b0a0af1fdc77" FOREIGN KEY (user_id) REFERENCES public."user"(id);


--
-- Name: role_assignment_bridge FK_d55eec4d257b82702435d3eba99; Type: FK CONSTRAINT; Schema: public; Owner: dev_service_user
--

ALTER TABLE ONLY public.role_assignment_bridge
    ADD CONSTRAINT "FK_d55eec4d257b82702435d3eba99" FOREIGN KEY (assignee_company_id) REFERENCES public.company(id);


--
-- Name: answer_version FK_d67dc589d9f7ed3ef2a69596749; Type: FK CONSTRAINT; Schema: public; Owner: dev_service_user
--

ALTER TABLE ONLY public.answer_version
    ADD CONSTRAINT "FK_d67dc589d9f7ed3ef2a69596749" FOREIGN KEY (answer_id) REFERENCES public.answer(id);


--
-- Name: answer_session FK_d7ef8c411475e871b469d42d384; Type: FK CONSTRAINT; Schema: public; Owner: dev_service_user
--

ALTER TABLE ONLY public.answer_session
    ADD CONSTRAINT "FK_d7ef8c411475e871b469d42d384" FOREIGN KEY (video_version_id) REFERENCES public.video_version(id);


--
-- Name: role_activity_bridge FK_dcff89339b571a2f4a46284234e; Type: FK CONSTRAINT; Schema: public; Owner: dev_service_user
--

ALTER TABLE ONLY public.role_activity_bridge
    ADD CONSTRAINT "FK_dcff89339b571a2f4a46284234e" FOREIGN KEY (activity_id) REFERENCES public.activity(id);


--
-- Name: course_data FK_dd79d0116211f5fa048e9d3c8fe; Type: FK CONSTRAINT; Schema: public; Owner: dev_service_user
--

ALTER TABLE ONLY public.course_data
    ADD CONSTRAINT "FK_dd79d0116211f5fa048e9d3c8fe" FOREIGN KEY (sub_category_id) REFERENCES public.course_category(id);


--
-- Name: question_version FK_dd7d7f6dcbff36de794301159c8; Type: FK CONSTRAINT; Schema: public; Owner: dev_service_user
--

ALTER TABLE ONLY public.question_version
    ADD CONSTRAINT "FK_dd7d7f6dcbff36de794301159c8" FOREIGN KEY (question_data_id) REFERENCES public.question_data(id);


--
-- Name: answer_version FK_df772a1b17de45eb7e18b279623; Type: FK CONSTRAINT; Schema: public; Owner: dev_service_user
--

ALTER TABLE ONLY public.answer_version
    ADD CONSTRAINT "FK_df772a1b17de45eb7e18b279623" FOREIGN KEY (answer_data_id) REFERENCES public.answer_data(id);


--
-- Name: event FK_e6358bd3df1b2874637dca92bcf; Type: FK CONSTRAINT; Schema: public; Owner: dev_service_user
--

ALTER TABLE ONLY public.event
    ADD CONSTRAINT "FK_e6358bd3df1b2874637dca92bcf" FOREIGN KEY (user_id) REFERENCES public."user"(id);


--
-- Name: shop_item FK_e75c855c6281c3e4e1827b71300; Type: FK CONSTRAINT; Schema: public; Owner: dev_service_user
--

ALTER TABLE ONLY public.shop_item
    ADD CONSTRAINT "FK_e75c855c6281c3e4e1827b71300" FOREIGN KEY (discount_codes_id) REFERENCES public.discount_code(id);


--
-- Name: prequiz_user_answer FK_e87e302e0d19528499ca0007800; Type: FK CONSTRAINT; Schema: public; Owner: dev_service_user
--

ALTER TABLE ONLY public.prequiz_user_answer
    ADD CONSTRAINT "FK_e87e302e0d19528499ca0007800" FOREIGN KEY (course_id) REFERENCES public.course(id);


--
-- Name: prequiz_user_answer FK_e9f9a00081e1fd111979ac9f9e5; Type: FK CONSTRAINT; Schema: public; Owner: dev_service_user
--

ALTER TABLE ONLY public.prequiz_user_answer
    ADD CONSTRAINT "FK_e9f9a00081e1fd111979ac9f9e5" FOREIGN KEY (question_id) REFERENCES public.prequiz_question(id);


--
-- Name: question_version FK_eda7f857e036a8757174c3b2687; Type: FK CONSTRAINT; Schema: public; Owner: dev_service_user
--

ALTER TABLE ONLY public.question_version
    ADD CONSTRAINT "FK_eda7f857e036a8757174c3b2687" FOREIGN KEY (video_version_id) REFERENCES public.video_version(id);


--
-- Name: exam_version FK_eeee50732da8a69287339643189; Type: FK CONSTRAINT; Schema: public; Owner: dev_service_user
--

ALTER TABLE ONLY public.exam_version
    ADD CONSTRAINT "FK_eeee50732da8a69287339643189" FOREIGN KEY (exam_data_id) REFERENCES public.exam_data(id);


--
-- Name: coin_transaction FK_f7c7187a3e7c8b4d814e49778d1; Type: FK CONSTRAINT; Schema: public; Owner: dev_service_user
--

ALTER TABLE ONLY public.coin_transaction
    ADD CONSTRAINT "FK_f7c7187a3e7c8b4d814e49778d1" FOREIGN KEY (activity_streak_id) REFERENCES public.activity_streak(id);


--
-- Name: coin_transaction FK_f87df2508136995c1fdc47d3cc6; Type: FK CONSTRAINT; Schema: public; Owner: dev_service_user
--

ALTER TABLE ONLY public.coin_transaction
    ADD CONSTRAINT "FK_f87df2508136995c1fdc47d3cc6" FOREIGN KEY (user_id) REFERENCES public."user"(id);


--
-- Name: video_rating FK_f8d49ed9083a1927ff38f6f88fa; Type: FK CONSTRAINT; Schema: public; Owner: dev_service_user
--

ALTER TABLE ONLY public.video_rating
    ADD CONSTRAINT "FK_f8d49ed9083a1927ff38f6f88fa" FOREIGN KEY (video_version_id) REFERENCES public.video_version(id);


--
-- Name: question_data fk_module_version; Type: FK CONSTRAINT; Schema: public; Owner: dev_service_user
--

ALTER TABLE ONLY public.question_data
    ADD CONSTRAINT fk_module_version FOREIGN KEY (module_id) REFERENCES public.module(id);


--
-- Name: video_data video_data_video_file_id_fkey; Type: FK CONSTRAINT; Schema: public; Owner: dev_service_user
--

ALTER TABLE ONLY public.video_data
    ADD CONSTRAINT video_data_video_file_id_fkey FOREIGN KEY (video_file_id) REFERENCES public.storage_file(id);


--
-- Name: FUNCTION pg_replication_origin_advance(text, pg_lsn); Type: ACL; Schema: pg_catalog; Owner: cloudsqladmin
--

GRANT ALL ON FUNCTION pg_catalog.pg_replication_origin_advance(text, pg_lsn) TO cloudsqlsuperuser;


--
-- Name: FUNCTION pg_replication_origin_create(text); Type: ACL; Schema: pg_catalog; Owner: cloudsqladmin
--

GRANT ALL ON FUNCTION pg_catalog.pg_replication_origin_create(text) TO cloudsqlsuperuser;


--
-- Name: FUNCTION pg_replication_origin_drop(text); Type: ACL; Schema: pg_catalog; Owner: cloudsqladmin
--

GRANT ALL ON FUNCTION pg_catalog.pg_replication_origin_drop(text) TO cloudsqlsuperuser;


--
-- Name: FUNCTION pg_replication_origin_oid(text); Type: ACL; Schema: pg_catalog; Owner: cloudsqladmin
--

GRANT ALL ON FUNCTION pg_catalog.pg_replication_origin_oid(text) TO cloudsqlsuperuser;


--
-- Name: FUNCTION pg_replication_origin_progress(text, boolean); Type: ACL; Schema: pg_catalog; Owner: cloudsqladmin
--

GRANT ALL ON FUNCTION pg_catalog.pg_replication_origin_progress(text, boolean) TO cloudsqlsuperuser;


--
-- Name: FUNCTION pg_replication_origin_session_is_setup(); Type: ACL; Schema: pg_catalog; Owner: cloudsqladmin
--

GRANT ALL ON FUNCTION pg_catalog.pg_replication_origin_session_is_setup() TO cloudsqlsuperuser;


--
-- Name: FUNCTION pg_replication_origin_session_progress(boolean); Type: ACL; Schema: pg_catalog; Owner: cloudsqladmin
--

GRANT ALL ON FUNCTION pg_catalog.pg_replication_origin_session_progress(boolean) TO cloudsqlsuperuser;


--
-- Name: FUNCTION pg_replication_origin_session_reset(); Type: ACL; Schema: pg_catalog; Owner: cloudsqladmin
--

GRANT ALL ON FUNCTION pg_catalog.pg_replication_origin_session_reset() TO cloudsqlsuperuser;


--
-- Name: FUNCTION pg_replication_origin_session_setup(text); Type: ACL; Schema: pg_catalog; Owner: cloudsqladmin
--

GRANT ALL ON FUNCTION pg_catalog.pg_replication_origin_session_setup(text) TO cloudsqlsuperuser;


--
-- Name: FUNCTION pg_replication_origin_xact_reset(); Type: ACL; Schema: pg_catalog; Owner: cloudsqladmin
--

GRANT ALL ON FUNCTION pg_catalog.pg_replication_origin_xact_reset() TO cloudsqlsuperuser;


--
-- Name: FUNCTION pg_replication_origin_xact_setup(pg_lsn, timestamp with time zone); Type: ACL; Schema: pg_catalog; Owner: cloudsqladmin
--

GRANT ALL ON FUNCTION pg_catalog.pg_replication_origin_xact_setup(pg_lsn, timestamp with time zone) TO cloudsqlsuperuser;


--
-- Name: FUNCTION pg_show_replication_origin_status(OUT local_id oid, OUT external_id text, OUT remote_lsn pg_lsn, OUT local_lsn pg_lsn); Type: ACL; Schema: pg_catalog; Owner: cloudsqladmin
--

GRANT ALL ON FUNCTION pg_catalog.pg_show_replication_origin_status(OUT local_id oid, OUT external_id text, OUT remote_lsn pg_lsn, OUT local_lsn pg_lsn) TO cloudsqlsuperuser;


--
-- PostgreSQL database dump complete
--

